rebalance_date,fund,asset,weight
2021-01-04,equity_equal_weight,ABBV,0.02
2021-02-01,equity_equal_weight,ABBV,0.02
2021-03-01,equity_equal_weight,ABBV,0.02
2021-04-01,equity_equal_weight,ABBV,0.02
2021-05-03,equity_equal_weight,ABBV,0.02
2021-06-01,equity_equal_weight,ABBV,0.02
2021-07-01,equity_equal_weight,ABBV,0.02
2021-08-02,equity_equal_weight,ABBV,0.02
2021-09-01,equity_equal_weight,ABBV,0.02
2021-10-01,equity_equal_weight,ABBV,0.02
2021-11-01,equity_equal_weight,ABBV,0.02
2021-12-01,equity_equal_weight,ABBV,0.02
2022-01-03,equity_equal_weight,ABBV,0.02
2022-02-01,equity_equal_weight,ABBV,0.02
2022-03-01,equity_equal_weight,ABBV,0.02
2022-04-01,equity_equal_weight,ABBV,0.02
2022-05-02,equity_equal_weight,ABBV,0.02
2022-06-01,equity_equal_weight,ABBV,0.02
2022-07-01,equity_equal_weight,ABBV,0.02
2022-08-01,equity_equal_weight,ABBV,0.02
2022-09-01,equity_equal_weight,ABBV,0.02
2022-10-03,equity_equal_weight,ABBV,0.02
2022-11-01,equity_equal_weight,ABBV,0.02
2022-12-01,equity_equal_weight,ABBV,0.02
2023-01-03,equity_equal_weight,ABBV,0.02
2023-02-01,equity_equal_weight,ABBV,0.02
2023-03-01,equity_equal_weight,ABBV,0.02
2023-04-03,equity_equal_weight,ABBV,0.02
2023-05-01,equity_equal_weight,ABBV,0.02
2023-06-01,equity_equal_weight,ABBV,0.02
2023-07-03,equity_equal_weight,ABBV,0.02
2023-08-01,equity_equal_weight,ABBV,0.02
2023-09-01,equity_equal_weight,ABBV,0.02
2023-10-02,equity_equal_weight,ABBV,0.02
2023-11-01,equity_equal_weight,ABBV,0.02
2023-12-01,equity_equal_weight,ABBV,0.02
2021-01-04,equity_equal_weight,ABT,0.02
2021-02-01,equity_equal_weight,ABT,0.02
2021-03-01,equity_equal_weight,ABT,0.02
2021-04-01,equity_equal_weight,ABT,0.02
2021-05-03,equity_equal_weight,ABT,0.02
2021-06-01,equity_equal_weight,ABT,0.02
2021-07-01,equity_equal_weight,ABT,0.02
2021-08-02,equity_equal_weight,ABT,0.02
2021-09-01,equity_equal_weight,ABT,0.02
2021-10-01,equity_equal_weight,ABT,0.02
2021-11-01,equity_equal_weight,ABT,0.02
2021-12-01,equity_equal_weight,ABT,0.02
2022-01-03,equity_equal_weight,ABT,0.02
2022-02-01,equity_equal_weight,ABT,0.02
2022-03-01,equity_equal_weight,ABT,0.02
2022-04-01,equity_equal_weight,ABT,0.02
2022-05-02,equity_equal_weight,ABT,0.02
2022-06-01,equity_equal_weight,ABT,0.02
2022-07-01,equity_equal_weight,ABT,0.02
2022-08-01,equity_equal_weight,ABT,0.02
2022-09-01,equity_equal_weight,ABT,0.02
2022-10-03,equity_equal_weight,ABT,0.02
2022-11-01,equity_equal_weight,ABT,0.02
2022-12-01,equity_equal_weight,ABT,0.02
2023-01-03,equity_equal_weight,ABT,0.02
2023-02-01,equity_equal_weight,ABT,0.02
2023-03-01,equity_equal_weight,ABT,0.02
2023-04-03,equity_equal_weight,ABT,0.02
2023-05-01,equity_equal_weight,ABT,0.02
2023-06-01,equity_equal_weight,ABT,0.02
2023-07-03,equity_equal_weight,ABT,0.02
2023-08-01,equity_equal_weight,ABT,0.02
2023-09-01,equity_equal_weight,ABT,0.02
2023-10-02,equity_equal_weight,ABT,0.02
2023-11-01,equity_equal_weight,ABT,0.02
2023-12-01,equity_equal_weight,ABT,0.02
2021-01-04,equity_equal_weight,ADBE,0.02
2021-02-01,equity_equal_weight,ADBE,0.02
2021-03-01,equity_equal_weight,ADBE,0.02
2021-04-01,equity_equal_weight,ADBE,0.02
2021-05-03,equity_equal_weight,ADBE,0.02
2021-06-01,equity_equal_weight,ADBE,0.02
2021-07-01,equity_equal_weight,ADBE,0.02
2021-08-02,equity_equal_weight,ADBE,0.02
2021-09-01,equity_equal_weight,ADBE,0.02
2021-10-01,equity_equal_weight,ADBE,0.02
2021-11-01,equity_equal_weight,ADBE,0.02
2021-12-01,equity_equal_weight,ADBE,0.02
2022-01-03,equity_equal_weight,ADBE,0.02
2022-02-01,equity_equal_weight,ADBE,0.02
2022-03-01,equity_equal_weight,ADBE,0.02
2022-04-01,equity_equal_weight,ADBE,0.02
2022-05-02,equity_equal_weight,ADBE,0.02
2022-06-01,equity_equal_weight,ADBE,0.02
2022-07-01,equity_equal_weight,ADBE,0.02
2022-08-01,equity_equal_weight,ADBE,0.02
2022-09-01,equity_equal_weight,ADBE,0.02
2022-10-03,equity_equal_weight,ADBE,0.02
2022-11-01,equity_equal_weight,ADBE,0.02
2022-12-01,equity_equal_weight,ADBE,0.02
2023-01-03,equity_equal_weight,ADBE,0.02
2023-02-01,equity_equal_weight,ADBE,0.02
2023-03-01,equity_equal_weight,ADBE,0.02
2023-04-03,equity_equal_weight,ADBE,0.02
2023-05-01,equity_equal_weight,ADBE,0.02
2023-06-01,equity_equal_weight,ADBE,0.02
2023-07-03,equity_equal_weight,ADBE,0.02
2023-08-01,equity_equal_weight,ADBE,0.02
2023-09-01,equity_equal_weight,ADBE,0.02
2023-10-02,equity_equal_weight,ADBE,0.02
2023-11-01,equity_equal_weight,ADBE,0.02
2023-12-01,equity_equal_weight,ADBE,0.02
2021-01-04,equity_equal_weight,AEP,0.02
2021-02-01,equity_equal_weight,AEP,0.02
2021-03-01,equity_equal_weight,AEP,0.02
2021-04-01,equity_equal_weight,AEP,0.02
2021-05-03,equity_equal_weight,AEP,0.02
2021-06-01,equity_equal_weight,AEP,0.02
2021-07-01,equity_equal_weight,AEP,0.02
2021-08-02,equity_equal_weight,AEP,0.02
2021-09-01,equity_equal_weight,AEP,0.02
2021-10-01,equity_equal_weight,AEP,0.02
2021-11-01,equity_equal_weight,AEP,0.02
2021-12-01,equity_equal_weight,AEP,0.02
2022-01-03,equity_equal_weight,AEP,0.02
2022-02-01,equity_equal_weight,AEP,0.02
2022-03-01,equity_equal_weight,AEP,0.02
2022-04-01,equity_equal_weight,AEP,0.02
2022-05-02,equity_equal_weight,AEP,0.02
2022-06-01,equity_equal_weight,AEP,0.02
2022-07-01,equity_equal_weight,AEP,0.02
2022-08-01,equity_equal_weight,AEP,0.02
2022-09-01,equity_equal_weight,AEP,0.02
2022-10-03,equity_equal_weight,AEP,0.02
2022-11-01,equity_equal_weight,AEP,0.02
2022-12-01,equity_equal_weight,AEP,0.02
2023-01-03,equity_equal_weight,AEP,0.02
2023-02-01,equity_equal_weight,AEP,0.02
2023-03-01,equity_equal_weight,AEP,0.02
2023-04-03,equity_equal_weight,AEP,0.02
2023-05-01,equity_equal_weight,AEP,0.02
2023-06-01,equity_equal_weight,AEP,0.02
2023-07-03,equity_equal_weight,AEP,0.02
2023-08-01,equity_equal_weight,AEP,0.02
2023-09-01,equity_equal_weight,AEP,0.02
2023-10-02,equity_equal_weight,AEP,0.02
2023-11-01,equity_equal_weight,AEP,0.02
2023-12-01,equity_equal_weight,AEP,0.02
2021-01-04,equity_equal_weight,AMD,0.02
2021-02-01,equity_equal_weight,AMD,0.02
2021-03-01,equity_equal_weight,AMD,0.02
2021-04-01,equity_equal_weight,AMD,0.02
2021-05-03,equity_equal_weight,AMD,0.02
2021-06-01,equity_equal_weight,AMD,0.02
2021-07-01,equity_equal_weight,AMD,0.02
2021-08-02,equity_equal_weight,AMD,0.02
2021-09-01,equity_equal_weight,AMD,0.02
2021-10-01,equity_equal_weight,AMD,0.02
2021-11-01,equity_equal_weight,AMD,0.02
2021-12-01,equity_equal_weight,AMD,0.02
2022-01-03,equity_equal_weight,AMD,0.02
2022-02-01,equity_equal_weight,AMD,0.02
2022-03-01,equity_equal_weight,AMD,0.02
2022-04-01,equity_equal_weight,AMD,0.02
2022-05-02,equity_equal_weight,AMD,0.02
2022-06-01,equity_equal_weight,AMD,0.02
2022-07-01,equity_equal_weight,AMD,0.02
2022-08-01,equity_equal_weight,AMD,0.02
2022-09-01,equity_equal_weight,AMD,0.02
2022-10-03,equity_equal_weight,AMD,0.02
2022-11-01,equity_equal_weight,AMD,0.02
2022-12-01,equity_equal_weight,AMD,0.02
2023-01-03,equity_equal_weight,AMD,0.02
2023-02-01,equity_equal_weight,AMD,0.02
2023-03-01,equity_equal_weight,AMD,0.02
2023-04-03,equity_equal_weight,AMD,0.02
2023-05-01,equity_equal_weight,AMD,0.02
2023-06-01,equity_equal_weight,AMD,0.02
2023-07-03,equity_equal_weight,AMD,0.02
2023-08-01,equity_equal_weight,AMD,0.02
2023-09-01,equity_equal_weight,AMD,0.02
2023-10-02,equity_equal_weight,AMD,0.02
2023-11-01,equity_equal_weight,AMD,0.02
2023-12-01,equity_equal_weight,AMD,0.02
2021-01-04,equity_equal_weight,AMGN,0.02
2021-02-01,equity_equal_weight,AMGN,0.02
2021-03-01,equity_equal_weight,AMGN,0.02
2021-04-01,equity_equal_weight,AMGN,0.02
2021-05-03,equity_equal_weight,AMGN,0.02
2021-06-01,equity_equal_weight,AMGN,0.02
2021-07-01,equity_equal_weight,AMGN,0.02
2021-08-02,equity_equal_weight,AMGN,0.02
2021-09-01,equity_equal_weight,AMGN,0.02
2021-10-01,equity_equal_weight,AMGN,0.02
2021-11-01,equity_equal_weight,AMGN,0.02
2021-12-01,equity_equal_weight,AMGN,0.02
2022-01-03,equity_equal_weight,AMGN,0.02
2022-02-01,equity_equal_weight,AMGN,0.02
2022-03-01,equity_equal_weight,AMGN,0.02
2022-04-01,equity_equal_weight,AMGN,0.02
2022-05-02,equity_equal_weight,AMGN,0.02
2022-06-01,equity_equal_weight,AMGN,0.02
2022-07-01,equity_equal_weight,AMGN,0.02
2022-08-01,equity_equal_weight,AMGN,0.02
2022-09-01,equity_equal_weight,AMGN,0.02
2022-10-03,equity_equal_weight,AMGN,0.02
2022-11-01,equity_equal_weight,AMGN,0.02
2022-12-01,equity_equal_weight,AMGN,0.02
2023-01-03,equity_equal_weight,AMGN,0.02
2023-02-01,equity_equal_weight,AMGN,0.02
2023-03-01,equity_equal_weight,AMGN,0.02
2023-04-03,equity_equal_weight,AMGN,0.02
2023-05-01,equity_equal_weight,AMGN,0.02
2023-06-01,equity_equal_weight,AMGN,0.02
2023-07-03,equity_equal_weight,AMGN,0.02
2023-08-01,equity_equal_weight,AMGN,0.02
2023-09-01,equity_equal_weight,AMGN,0.02
2023-10-02,equity_equal_weight,AMGN,0.02
2023-11-01,equity_equal_weight,AMGN,0.02
2023-12-01,equity_equal_weight,AMGN,0.02
2021-01-04,equity_equal_weight,AMT,0.02
2021-02-01,equity_equal_weight,AMT,0.02
2021-03-01,equity_equal_weight,AMT,0.02
2021-04-01,equity_equal_weight,AMT,0.02
2021-05-03,equity_equal_weight,AMT,0.02
2021-06-01,equity_equal_weight,AMT,0.02
2021-07-01,equity_equal_weight,AMT,0.02
2021-08-02,equity_equal_weight,AMT,0.02
2021-09-01,equity_equal_weight,AMT,0.02
2021-10-01,equity_equal_weight,AMT,0.02
2021-11-01,equity_equal_weight,AMT,0.02
2021-12-01,equity_equal_weight,AMT,0.02
2022-01-03,equity_equal_weight,AMT,0.02
2022-02-01,equity_equal_weight,AMT,0.02
2022-03-01,equity_equal_weight,AMT,0.02
2022-04-01,equity_equal_weight,AMT,0.02
2022-05-02,equity_equal_weight,AMT,0.02
2022-06-01,equity_equal_weight,AMT,0.02
2022-07-01,equity_equal_weight,AMT,0.02
2022-08-01,equity_equal_weight,AMT,0.02
2022-09-01,equity_equal_weight,AMT,0.02
2022-10-03,equity_equal_weight,AMT,0.02
2022-11-01,equity_equal_weight,AMT,0.02
2022-12-01,equity_equal_weight,AMT,0.02
2023-01-03,equity_equal_weight,AMT,0.02
2023-02-01,equity_equal_weight,AMT,0.02
2023-03-01,equity_equal_weight,AMT,0.02
2023-04-03,equity_equal_weight,AMT,0.02
2023-05-01,equity_equal_weight,AMT,0.02
2023-06-01,equity_equal_weight,AMT,0.02
2023-07-03,equity_equal_weight,AMT,0.02
2023-08-01,equity_equal_weight,AMT,0.02
2023-09-01,equity_equal_weight,AMT,0.02
2023-10-02,equity_equal_weight,AMT,0.02
2023-11-01,equity_equal_weight,AMT,0.02
2023-12-01,equity_equal_weight,AMT,0.02
2021-01-04,equity_equal_weight,BA,0.02
2021-02-01,equity_equal_weight,BA,0.02
2021-03-01,equity_equal_weight,BA,0.02
2021-04-01,equity_equal_weight,BA,0.02
2021-05-03,equity_equal_weight,BA,0.02
2021-06-01,equity_equal_weight,BA,0.02
2021-07-01,equity_equal_weight,BA,0.02
2021-08-02,equity_equal_weight,BA,0.02
2021-09-01,equity_equal_weight,BA,0.02
2021-10-01,equity_equal_weight,BA,0.02
2021-11-01,equity_equal_weight,BA,0.02
2021-12-01,equity_equal_weight,BA,0.02
2022-01-03,equity_equal_weight,BA,0.02
2022-02-01,equity_equal_weight,BA,0.02
2022-03-01,equity_equal_weight,BA,0.02
2022-04-01,equity_equal_weight,BA,0.02
2022-05-02,equity_equal_weight,BA,0.02
2022-06-01,equity_equal_weight,BA,0.02
2022-07-01,equity_equal_weight,BA,0.02
2022-08-01,equity_equal_weight,BA,0.02
2022-09-01,equity_equal_weight,BA,0.02
2022-10-03,equity_equal_weight,BA,0.02
2022-11-01,equity_equal_weight,BA,0.02
2022-12-01,equity_equal_weight,BA,0.02
2023-01-03,equity_equal_weight,BA,0.02
2023-02-01,equity_equal_weight,BA,0.02
2023-03-01,equity_equal_weight,BA,0.02
2023-04-03,equity_equal_weight,BA,0.02
2023-05-01,equity_equal_weight,BA,0.02
2023-06-01,equity_equal_weight,BA,0.02
2023-07-03,equity_equal_weight,BA,0.02
2023-08-01,equity_equal_weight,BA,0.02
2023-09-01,equity_equal_weight,BA,0.02
2023-10-02,equity_equal_weight,BA,0.02
2023-11-01,equity_equal_weight,BA,0.02
2023-12-01,equity_equal_weight,BA,0.02
2021-01-04,equity_equal_weight,CAT,0.02
2021-02-01,equity_equal_weight,CAT,0.02
2021-03-01,equity_equal_weight,CAT,0.02
2021-04-01,equity_equal_weight,CAT,0.02
2021-05-03,equity_equal_weight,CAT,0.02
2021-06-01,equity_equal_weight,CAT,0.02
2021-07-01,equity_equal_weight,CAT,0.02
2021-08-02,equity_equal_weight,CAT,0.02
2021-09-01,equity_equal_weight,CAT,0.02
2021-10-01,equity_equal_weight,CAT,0.02
2021-11-01,equity_equal_weight,CAT,0.02
2021-12-01,equity_equal_weight,CAT,0.02
2022-01-03,equity_equal_weight,CAT,0.02
2022-02-01,equity_equal_weight,CAT,0.02
2022-03-01,equity_equal_weight,CAT,0.02
2022-04-01,equity_equal_weight,CAT,0.02
2022-05-02,equity_equal_weight,CAT,0.02
2022-06-01,equity_equal_weight,CAT,0.02
2022-07-01,equity_equal_weight,CAT,0.02
2022-08-01,equity_equal_weight,CAT,0.02
2022-09-01,equity_equal_weight,CAT,0.02
2022-10-03,equity_equal_weight,CAT,0.02
2022-11-01,equity_equal_weight,CAT,0.02
2022-12-01,equity_equal_weight,CAT,0.02
2023-01-03,equity_equal_weight,CAT,0.02
2023-02-01,equity_equal_weight,CAT,0.02
2023-03-01,equity_equal_weight,CAT,0.02
2023-04-03,equity_equal_weight,CAT,0.02
2023-05-01,equity_equal_weight,CAT,0.02
2023-06-01,equity_equal_weight,CAT,0.02
2023-07-03,equity_equal_weight,CAT,0.02
2023-08-01,equity_equal_weight,CAT,0.02
2023-09-01,equity_equal_weight,CAT,0.02
2023-10-02,equity_equal_weight,CAT,0.02
2023-11-01,equity_equal_weight,CAT,0.02
2023-12-01,equity_equal_weight,CAT,0.02
2021-01-04,equity_equal_weight,CCI,0.02
2021-02-01,equity_equal_weight,CCI,0.02
2021-03-01,equity_equal_weight,CCI,0.02
2021-04-01,equity_equal_weight,CCI,0.02
2021-05-03,equity_equal_weight,CCI,0.02
2021-06-01,equity_equal_weight,CCI,0.02
2021-07-01,equity_equal_weight,CCI,0.02
2021-08-02,equity_equal_weight,CCI,0.02
2021-09-01,equity_equal_weight,CCI,0.02
2021-10-01,equity_equal_weight,CCI,0.02
2021-11-01,equity_equal_weight,CCI,0.02
2021-12-01,equity_equal_weight,CCI,0.02
2022-01-03,equity_equal_weight,CCI,0.02
2022-02-01,equity_equal_weight,CCI,0.02
2022-03-01,equity_equal_weight,CCI,0.02
2022-04-01,equity_equal_weight,CCI,0.02
2022-05-02,equity_equal_weight,CCI,0.02
2022-06-01,equity_equal_weight,CCI,0.02
2022-07-01,equity_equal_weight,CCI,0.02
2022-08-01,equity_equal_weight,CCI,0.02
2022-09-01,equity_equal_weight,CCI,0.02
2022-10-03,equity_equal_weight,CCI,0.02
2022-11-01,equity_equal_weight,CCI,0.02
2022-12-01,equity_equal_weight,CCI,0.02
2023-01-03,equity_equal_weight,CCI,0.02
2023-02-01,equity_equal_weight,CCI,0.02
2023-03-01,equity_equal_weight,CCI,0.02
2023-04-03,equity_equal_weight,CCI,0.02
2023-05-01,equity_equal_weight,CCI,0.02
2023-06-01,equity_equal_weight,CCI,0.02
2023-07-03,equity_equal_weight,CCI,0.02
2023-08-01,equity_equal_weight,CCI,0.02
2023-09-01,equity_equal_weight,CCI,0.02
2023-10-02,equity_equal_weight,CCI,0.02
2023-11-01,equity_equal_weight,CCI,0.02
2023-12-01,equity_equal_weight,CCI,0.02
2021-01-04,equity_equal_weight,CMCSA,0.02
2021-02-01,equity_equal_weight,CMCSA,0.02
2021-03-01,equity_equal_weight,CMCSA,0.02
2021-04-01,equity_equal_weight,CMCSA,0.02
2021-05-03,equity_equal_weight,CMCSA,0.02
2021-06-01,equity_equal_weight,CMCSA,0.02
2021-07-01,equity_equal_weight,CMCSA,0.02
2021-08-02,equity_equal_weight,CMCSA,0.02
2021-09-01,equity_equal_weight,CMCSA,0.02
2021-10-01,equity_equal_weight,CMCSA,0.02
2021-11-01,equity_equal_weight,CMCSA,0.02
2021-12-01,equity_equal_weight,CMCSA,0.02
2022-01-03,equity_equal_weight,CMCSA,0.02
2022-02-01,equity_equal_weight,CMCSA,0.02
2022-03-01,equity_equal_weight,CMCSA,0.02
2022-04-01,equity_equal_weight,CMCSA,0.02
2022-05-02,equity_equal_weight,CMCSA,0.02
2022-06-01,equity_equal_weight,CMCSA,0.02
2022-07-01,equity_equal_weight,CMCSA,0.02
2022-08-01,equity_equal_weight,CMCSA,0.02
2022-09-01,equity_equal_weight,CMCSA,0.02
2022-10-03,equity_equal_weight,CMCSA,0.02
2022-11-01,equity_equal_weight,CMCSA,0.02
2022-12-01,equity_equal_weight,CMCSA,0.02
2023-01-03,equity_equal_weight,CMCSA,0.02
2023-02-01,equity_equal_weight,CMCSA,0.02
2023-03-01,equity_equal_weight,CMCSA,0.02
2023-04-03,equity_equal_weight,CMCSA,0.02
2023-05-01,equity_equal_weight,CMCSA,0.02
2023-06-01,equity_equal_weight,CMCSA,0.02
2023-07-03,equity_equal_weight,CMCSA,0.02
2023-08-01,equity_equal_weight,CMCSA,0.02
2023-09-01,equity_equal_weight,CMCSA,0.02
2023-10-02,equity_equal_weight,CMCSA,0.02
2023-11-01,equity_equal_weight,CMCSA,0.02
2023-12-01,equity_equal_weight,CMCSA,0.02
2021-01-04,equity_equal_weight,COP,0.02
2021-02-01,equity_equal_weight,COP,0.02
2021-03-01,equity_equal_weight,COP,0.02
2021-04-01,equity_equal_weight,COP,0.02
2021-05-03,equity_equal_weight,COP,0.02
2021-06-01,equity_equal_weight,COP,0.02
2021-07-01,equity_equal_weight,COP,0.02
2021-08-02,equity_equal_weight,COP,0.02
2021-09-01,equity_equal_weight,COP,0.02
2021-10-01,equity_equal_weight,COP,0.02
2021-11-01,equity_equal_weight,COP,0.02
2021-12-01,equity_equal_weight,COP,0.02
2022-01-03,equity_equal_weight,COP,0.02
2022-02-01,equity_equal_weight,COP,0.02
2022-03-01,equity_equal_weight,COP,0.02
2022-04-01,equity_equal_weight,COP,0.02
2022-05-02,equity_equal_weight,COP,0.02
2022-06-01,equity_equal_weight,COP,0.02
2022-07-01,equity_equal_weight,COP,0.02
2022-08-01,equity_equal_weight,COP,0.02
2022-09-01,equity_equal_weight,COP,0.02
2022-10-03,equity_equal_weight,COP,0.02
2022-11-01,equity_equal_weight,COP,0.02
2022-12-01,equity_equal_weight,COP,0.02
2023-01-03,equity_equal_weight,COP,0.02
2023-02-01,equity_equal_weight,COP,0.02
2023-03-01,equity_equal_weight,COP,0.02
2023-04-03,equity_equal_weight,COP,0.02
2023-05-01,equity_equal_weight,COP,0.02
2023-06-01,equity_equal_weight,COP,0.02
2023-07-03,equity_equal_weight,COP,0.02
2023-08-01,equity_equal_weight,COP,0.02
2023-09-01,equity_equal_weight,COP,0.02
2023-10-02,equity_equal_weight,COP,0.02
2023-11-01,equity_equal_weight,COP,0.02
2023-12-01,equity_equal_weight,COP,0.02
2021-01-04,equity_equal_weight,CVX,0.02
2021-02-01,equity_equal_weight,CVX,0.02
2021-03-01,equity_equal_weight,CVX,0.02
2021-04-01,equity_equal_weight,CVX,0.02
2021-05-03,equity_equal_weight,CVX,0.02
2021-06-01,equity_equal_weight,CVX,0.02
2021-07-01,equity_equal_weight,CVX,0.02
2021-08-02,equity_equal_weight,CVX,0.02
2021-09-01,equity_equal_weight,CVX,0.02
2021-10-01,equity_equal_weight,CVX,0.02
2021-11-01,equity_equal_weight,CVX,0.02
2021-12-01,equity_equal_weight,CVX,0.02
2022-01-03,equity_equal_weight,CVX,0.02
2022-02-01,equity_equal_weight,CVX,0.02
2022-03-01,equity_equal_weight,CVX,0.02
2022-04-01,equity_equal_weight,CVX,0.02
2022-05-02,equity_equal_weight,CVX,0.02
2022-06-01,equity_equal_weight,CVX,0.02
2022-07-01,equity_equal_weight,CVX,0.02
2022-08-01,equity_equal_weight,CVX,0.02
2022-09-01,equity_equal_weight,CVX,0.02
2022-10-03,equity_equal_weight,CVX,0.02
2022-11-01,equity_equal_weight,CVX,0.02
2022-12-01,equity_equal_weight,CVX,0.02
2023-01-03,equity_equal_weight,CVX,0.02
2023-02-01,equity_equal_weight,CVX,0.02
2023-03-01,equity_equal_weight,CVX,0.02
2023-04-03,equity_equal_weight,CVX,0.02
2023-05-01,equity_equal_weight,CVX,0.02
2023-06-01,equity_equal_weight,CVX,0.02
2023-07-03,equity_equal_weight,CVX,0.02
2023-08-01,equity_equal_weight,CVX,0.02
2023-09-01,equity_equal_weight,CVX,0.02
2023-10-02,equity_equal_weight,CVX,0.02
2023-11-01,equity_equal_weight,CVX,0.02
2023-12-01,equity_equal_weight,CVX,0.02
2021-01-04,equity_equal_weight,D,0.02
2021-02-01,equity_equal_weight,D,0.02
2021-03-01,equity_equal_weight,D,0.02
2021-04-01,equity_equal_weight,D,0.02
2021-05-03,equity_equal_weight,D,0.02
2021-06-01,equity_equal_weight,D,0.02
2021-07-01,equity_equal_weight,D,0.02
2021-08-02,equity_equal_weight,D,0.02
2021-09-01,equity_equal_weight,D,0.02
2021-10-01,equity_equal_weight,D,0.02
2021-11-01,equity_equal_weight,D,0.02
2021-12-01,equity_equal_weight,D,0.02
2022-01-03,equity_equal_weight,D,0.02
2022-02-01,equity_equal_weight,D,0.02
2022-03-01,equity_equal_weight,D,0.02
2022-04-01,equity_equal_weight,D,0.02
2022-05-02,equity_equal_weight,D,0.02
2022-06-01,equity_equal_weight,D,0.02
2022-07-01,equity_equal_weight,D,0.02
2022-08-01,equity_equal_weight,D,0.02
2022-09-01,equity_equal_weight,D,0.02
2022-10-03,equity_equal_weight,D,0.02
2022-11-01,equity_equal_weight,D,0.02
2022-12-01,equity_equal_weight,D,0.02
2023-01-03,equity_equal_weight,D,0.02
2023-02-01,equity_equal_weight,D,0.02
2023-03-01,equity_equal_weight,D,0.02
2023-04-03,equity_equal_weight,D,0.02
2023-05-01,equity_equal_weight,D,0.02
2023-06-01,equity_equal_weight,D,0.02
2023-07-03,equity_equal_weight,D,0.02
2023-08-01,equity_equal_weight,D,0.02
2023-09-01,equity_equal_weight,D,0.02
2023-10-02,equity_equal_weight,D,0.02
2023-11-01,equity_equal_weight,D,0.02
2023-12-01,equity_equal_weight,D,0.02
2021-01-04,equity_equal_weight,DD,0.02
2021-02-01,equity_equal_weight,DD,0.02
2021-03-01,equity_equal_weight,DD,0.02
2021-04-01,equity_equal_weight,DD,0.02
2021-05-03,equity_equal_weight,DD,0.02
2021-06-01,equity_equal_weight,DD,0.02
2021-07-01,equity_equal_weight,DD,0.02
2021-08-02,equity_equal_weight,DD,0.02
2021-09-01,equity_equal_weight,DD,0.02
2021-10-01,equity_equal_weight,DD,0.02
2021-11-01,equity_equal_weight,DD,0.02
2021-12-01,equity_equal_weight,DD,0.02
2022-01-03,equity_equal_weight,DD,0.02
2022-02-01,equity_equal_weight,DD,0.02
2022-03-01,equity_equal_weight,DD,0.02
2022-04-01,equity_equal_weight,DD,0.02
2022-05-02,equity_equal_weight,DD,0.02
2022-06-01,equity_equal_weight,DD,0.02
2022-07-01,equity_equal_weight,DD,0.02
2022-08-01,equity_equal_weight,DD,0.02
2022-09-01,equity_equal_weight,DD,0.02
2022-10-03,equity_equal_weight,DD,0.02
2022-11-01,equity_equal_weight,DD,0.02
2022-12-01,equity_equal_weight,DD,0.02
2023-01-03,equity_equal_weight,DD,0.02
2023-02-01,equity_equal_weight,DD,0.02
2023-03-01,equity_equal_weight,DD,0.02
2023-04-03,equity_equal_weight,DD,0.02
2023-05-01,equity_equal_weight,DD,0.02
2023-06-01,equity_equal_weight,DD,0.02
2023-07-03,equity_equal_weight,DD,0.02
2023-08-01,equity_equal_weight,DD,0.02
2023-09-01,equity_equal_weight,DD,0.02
2023-10-02,equity_equal_weight,DD,0.02
2023-11-01,equity_equal_weight,DD,0.02
2023-12-01,equity_equal_weight,DD,0.02
2021-01-04,equity_equal_weight,DIS,0.02
2021-02-01,equity_equal_weight,DIS,0.02
2021-03-01,equity_equal_weight,DIS,0.02
2021-04-01,equity_equal_weight,DIS,0.02
2021-05-03,equity_equal_weight,DIS,0.02
2021-06-01,equity_equal_weight,DIS,0.02
2021-07-01,equity_equal_weight,DIS,0.02
2021-08-02,equity_equal_weight,DIS,0.02
2021-09-01,equity_equal_weight,DIS,0.02
2021-10-01,equity_equal_weight,DIS,0.02
2021-11-01,equity_equal_weight,DIS,0.02
2021-12-01,equity_equal_weight,DIS,0.02
2022-01-03,equity_equal_weight,DIS,0.02
2022-02-01,equity_equal_weight,DIS,0.02
2022-03-01,equity_equal_weight,DIS,0.02
2022-04-01,equity_equal_weight,DIS,0.02
2022-05-02,equity_equal_weight,DIS,0.02
2022-06-01,equity_equal_weight,DIS,0.02
2022-07-01,equity_equal_weight,DIS,0.02
2022-08-01,equity_equal_weight,DIS,0.02
2022-09-01,equity_equal_weight,DIS,0.02
2022-10-03,equity_equal_weight,DIS,0.02
2022-11-01,equity_equal_weight,DIS,0.02
2022-12-01,equity_equal_weight,DIS,0.02
2023-01-03,equity_equal_weight,DIS,0.02
2023-02-01,equity_equal_weight,DIS,0.02
2023-03-01,equity_equal_weight,DIS,0.02
2023-04-03,equity_equal_weight,DIS,0.02
2023-05-01,equity_equal_weight,DIS,0.02
2023-06-01,equity_equal_weight,DIS,0.02
2023-07-03,equity_equal_weight,DIS,0.02
2023-08-01,equity_equal_weight,DIS,0.02
2023-09-01,equity_equal_weight,DIS,0.02
2023-10-02,equity_equal_weight,DIS,0.02
2023-11-01,equity_equal_weight,DIS,0.02
2023-12-01,equity_equal_weight,DIS,0.02
2021-01-04,equity_equal_weight,DOW,0.02
2021-02-01,equity_equal_weight,DOW,0.02
2021-03-01,equity_equal_weight,DOW,0.02
2021-04-01,equity_equal_weight,DOW,0.02
2021-05-03,equity_equal_weight,DOW,0.02
2021-06-01,equity_equal_weight,DOW,0.02
2021-07-01,equity_equal_weight,DOW,0.02
2021-08-02,equity_equal_weight,DOW,0.02
2021-09-01,equity_equal_weight,DOW,0.02
2021-10-01,equity_equal_weight,DOW,0.02
2021-11-01,equity_equal_weight,DOW,0.02
2021-12-01,equity_equal_weight,DOW,0.02
2022-01-03,equity_equal_weight,DOW,0.02
2022-02-01,equity_equal_weight,DOW,0.02
2022-03-01,equity_equal_weight,DOW,0.02
2022-04-01,equity_equal_weight,DOW,0.02
2022-05-02,equity_equal_weight,DOW,0.02
2022-06-01,equity_equal_weight,DOW,0.02
2022-07-01,equity_equal_weight,DOW,0.02
2022-08-01,equity_equal_weight,DOW,0.02
2022-09-01,equity_equal_weight,DOW,0.02
2022-10-03,equity_equal_weight,DOW,0.02
2022-11-01,equity_equal_weight,DOW,0.02
2022-12-01,equity_equal_weight,DOW,0.02
2023-01-03,equity_equal_weight,DOW,0.02
2023-02-01,equity_equal_weight,DOW,0.02
2023-03-01,equity_equal_weight,DOW,0.02
2023-04-03,equity_equal_weight,DOW,0.02
2023-05-01,equity_equal_weight,DOW,0.02
2023-06-01,equity_equal_weight,DOW,0.02
2023-07-03,equity_equal_weight,DOW,0.02
2023-08-01,equity_equal_weight,DOW,0.02
2023-09-01,equity_equal_weight,DOW,0.02
2023-10-02,equity_equal_weight,DOW,0.02
2023-11-01,equity_equal_weight,DOW,0.02
2023-12-01,equity_equal_weight,DOW,0.02
2021-01-04,equity_equal_weight,DUK,0.02
2021-02-01,equity_equal_weight,DUK,0.02
2021-03-01,equity_equal_weight,DUK,0.02
2021-04-01,equity_equal_weight,DUK,0.02
2021-05-03,equity_equal_weight,DUK,0.02
2021-06-01,equity_equal_weight,DUK,0.02
2021-07-01,equity_equal_weight,DUK,0.02
2021-08-02,equity_equal_weight,DUK,0.02
2021-09-01,equity_equal_weight,DUK,0.02
2021-10-01,equity_equal_weight,DUK,0.02
2021-11-01,equity_equal_weight,DUK,0.02
2021-12-01,equity_equal_weight,DUK,0.02
2022-01-03,equity_equal_weight,DUK,0.02
2022-02-01,equity_equal_weight,DUK,0.02
2022-03-01,equity_equal_weight,DUK,0.02
2022-04-01,equity_equal_weight,DUK,0.02
2022-05-02,equity_equal_weight,DUK,0.02
2022-06-01,equity_equal_weight,DUK,0.02
2022-07-01,equity_equal_weight,DUK,0.02
2022-08-01,equity_equal_weight,DUK,0.02
2022-09-01,equity_equal_weight,DUK,0.02
2022-10-03,equity_equal_weight,DUK,0.02
2022-11-01,equity_equal_weight,DUK,0.02
2022-12-01,equity_equal_weight,DUK,0.02
2023-01-03,equity_equal_weight,DUK,0.02
2023-02-01,equity_equal_weight,DUK,0.02
2023-03-01,equity_equal_weight,DUK,0.02
2023-04-03,equity_equal_weight,DUK,0.02
2023-05-01,equity_equal_weight,DUK,0.02
2023-06-01,equity_equal_weight,DUK,0.02
2023-07-03,equity_equal_weight,DUK,0.02
2023-08-01,equity_equal_weight,DUK,0.02
2023-09-01,equity_equal_weight,DUK,0.02
2023-10-02,equity_equal_weight,DUK,0.02
2023-11-01,equity_equal_weight,DUK,0.02
2023-12-01,equity_equal_weight,DUK,0.02
2021-01-04,equity_equal_weight,EA,0.02
2021-02-01,equity_equal_weight,EA,0.02
2021-03-01,equity_equal_weight,EA,0.02
2021-04-01,equity_equal_weight,EA,0.02
2021-05-03,equity_equal_weight,EA,0.02
2021-06-01,equity_equal_weight,EA,0.02
2021-07-01,equity_equal_weight,EA,0.02
2021-08-02,equity_equal_weight,EA,0.02
2021-09-01,equity_equal_weight,EA,0.02
2021-10-01,equity_equal_weight,EA,0.02
2021-11-01,equity_equal_weight,EA,0.02
2021-12-01,equity_equal_weight,EA,0.02
2022-01-03,equity_equal_weight,EA,0.02
2022-02-01,equity_equal_weight,EA,0.02
2022-03-01,equity_equal_weight,EA,0.02
2022-04-01,equity_equal_weight,EA,0.02
2022-05-02,equity_equal_weight,EA,0.02
2022-06-01,equity_equal_weight,EA,0.02
2022-07-01,equity_equal_weight,EA,0.02
2022-08-01,equity_equal_weight,EA,0.02
2022-09-01,equity_equal_weight,EA,0.02
2022-10-03,equity_equal_weight,EA,0.02
2022-11-01,equity_equal_weight,EA,0.02
2022-12-01,equity_equal_weight,EA,0.02
2023-01-03,equity_equal_weight,EA,0.02
2023-02-01,equity_equal_weight,EA,0.02
2023-03-01,equity_equal_weight,EA,0.02
2023-04-03,equity_equal_weight,EA,0.02
2023-05-01,equity_equal_weight,EA,0.02
2023-06-01,equity_equal_weight,EA,0.02
2023-07-03,equity_equal_weight,EA,0.02
2023-08-01,equity_equal_weight,EA,0.02
2023-09-01,equity_equal_weight,EA,0.02
2023-10-02,equity_equal_weight,EA,0.02
2023-11-01,equity_equal_weight,EA,0.02
2023-12-01,equity_equal_weight,EA,0.02
2021-01-04,equity_equal_weight,GE,0.02
2021-02-01,equity_equal_weight,GE,0.02
2021-03-01,equity_equal_weight,GE,0.02
2021-04-01,equity_equal_weight,GE,0.02
2021-05-03,equity_equal_weight,GE,0.02
2021-06-01,equity_equal_weight,GE,0.02
2021-07-01,equity_equal_weight,GE,0.02
2021-08-02,equity_equal_weight,GE,0.02
2021-09-01,equity_equal_weight,GE,0.02
2021-10-01,equity_equal_weight,GE,0.02
2021-11-01,equity_equal_weight,GE,0.02
2021-12-01,equity_equal_weight,GE,0.02
2022-01-03,equity_equal_weight,GE,0.02
2022-02-01,equity_equal_weight,GE,0.02
2022-03-01,equity_equal_weight,GE,0.02
2022-04-01,equity_equal_weight,GE,0.02
2022-05-02,equity_equal_weight,GE,0.02
2022-06-01,equity_equal_weight,GE,0.02
2022-07-01,equity_equal_weight,GE,0.02
2022-08-01,equity_equal_weight,GE,0.02
2022-09-01,equity_equal_weight,GE,0.02
2022-10-03,equity_equal_weight,GE,0.02
2022-11-01,equity_equal_weight,GE,0.02
2022-12-01,equity_equal_weight,GE,0.02
2023-01-03,equity_equal_weight,GE,0.02
2023-02-01,equity_equal_weight,GE,0.02
2023-03-01,equity_equal_weight,GE,0.02
2023-04-03,equity_equal_weight,GE,0.02
2023-05-01,equity_equal_weight,GE,0.02
2023-06-01,equity_equal_weight,GE,0.02
2023-07-03,equity_equal_weight,GE,0.02
2023-08-01,equity_equal_weight,GE,0.02
2023-09-01,equity_equal_weight,GE,0.02
2023-10-02,equity_equal_weight,GE,0.02
2023-11-01,equity_equal_weight,GE,0.02
2023-12-01,equity_equal_weight,GE,0.02
2021-01-04,equity_equal_weight,GILD,0.02
2021-02-01,equity_equal_weight,GILD,0.02
2021-03-01,equity_equal_weight,GILD,0.02
2021-04-01,equity_equal_weight,GILD,0.02
2021-05-03,equity_equal_weight,GILD,0.02
2021-06-01,equity_equal_weight,GILD,0.02
2021-07-01,equity_equal_weight,GILD,0.02
2021-08-02,equity_equal_weight,GILD,0.02
2021-09-01,equity_equal_weight,GILD,0.02
2021-10-01,equity_equal_weight,GILD,0.02
2021-11-01,equity_equal_weight,GILD,0.02
2021-12-01,equity_equal_weight,GILD,0.02
2022-01-03,equity_equal_weight,GILD,0.02
2022-02-01,equity_equal_weight,GILD,0.02
2022-03-01,equity_equal_weight,GILD,0.02
2022-04-01,equity_equal_weight,GILD,0.02
2022-05-02,equity_equal_weight,GILD,0.02
2022-06-01,equity_equal_weight,GILD,0.02
2022-07-01,equity_equal_weight,GILD,0.02
2022-08-01,equity_equal_weight,GILD,0.02
2022-09-01,equity_equal_weight,GILD,0.02
2022-10-03,equity_equal_weight,GILD,0.02
2022-11-01,equity_equal_weight,GILD,0.02
2022-12-01,equity_equal_weight,GILD,0.02
2023-01-03,equity_equal_weight,GILD,0.02
2023-02-01,equity_equal_weight,GILD,0.02
2023-03-01,equity_equal_weight,GILD,0.02
2023-04-03,equity_equal_weight,GILD,0.02
2023-05-01,equity_equal_weight,GILD,0.02
2023-06-01,equity_equal_weight,GILD,0.02
2023-07-03,equity_equal_weight,GILD,0.02
2023-08-01,equity_equal_weight,GILD,0.02
2023-09-01,equity_equal_weight,GILD,0.02
2023-10-02,equity_equal_weight,GILD,0.02
2023-11-01,equity_equal_weight,GILD,0.02
2023-12-01,equity_equal_weight,GILD,0.02
2021-01-04,equity_equal_weight,GS,0.02
2021-02-01,equity_equal_weight,GS,0.02
2021-03-01,equity_equal_weight,GS,0.02
2021-04-01,equity_equal_weight,GS,0.02
2021-05-03,equity_equal_weight,GS,0.02
2021-06-01,equity_equal_weight,GS,0.02
2021-07-01,equity_equal_weight,GS,0.02
2021-08-02,equity_equal_weight,GS,0.02
2021-09-01,equity_equal_weight,GS,0.02
2021-10-01,equity_equal_weight,GS,0.02
2021-11-01,equity_equal_weight,GS,0.02
2021-12-01,equity_equal_weight,GS,0.02
2022-01-03,equity_equal_weight,GS,0.02
2022-02-01,equity_equal_weight,GS,0.02
2022-03-01,equity_equal_weight,GS,0.02
2022-04-01,equity_equal_weight,GS,0.02
2022-05-02,equity_equal_weight,GS,0.02
2022-06-01,equity_equal_weight,GS,0.02
2022-07-01,equity_equal_weight,GS,0.02
2022-08-01,equity_equal_weight,GS,0.02
2022-09-01,equity_equal_weight,GS,0.02
2022-10-03,equity_equal_weight,GS,0.02
2022-11-01,equity_equal_weight,GS,0.02
2022-12-01,equity_equal_weight,GS,0.02
2023-01-03,equity_equal_weight,GS,0.02
2023-02-01,equity_equal_weight,GS,0.02
2023-03-01,equity_equal_weight,GS,0.02
2023-04-03,equity_equal_weight,GS,0.02
2023-05-01,equity_equal_weight,GS,0.02
2023-06-01,equity_equal_weight,GS,0.02
2023-07-03,equity_equal_weight,GS,0.02
2023-08-01,equity_equal_weight,GS,0.02
2023-09-01,equity_equal_weight,GS,0.02
2023-10-02,equity_equal_weight,GS,0.02
2023-11-01,equity_equal_weight,GS,0.02
2023-12-01,equity_equal_weight,GS,0.02
2021-01-04,equity_equal_weight,INTC,0.02
2021-02-01,equity_equal_weight,INTC,0.02
2021-03-01,equity_equal_weight,INTC,0.02
2021-04-01,equity_equal_weight,INTC,0.02
2021-05-03,equity_equal_weight,INTC,0.02
2021-06-01,equity_equal_weight,INTC,0.02
2021-07-01,equity_equal_weight,INTC,0.02
2021-08-02,equity_equal_weight,INTC,0.02
2021-09-01,equity_equal_weight,INTC,0.02
2021-10-01,equity_equal_weight,INTC,0.02
2021-11-01,equity_equal_weight,INTC,0.02
2021-12-01,equity_equal_weight,INTC,0.02
2022-01-03,equity_equal_weight,INTC,0.02
2022-02-01,equity_equal_weight,INTC,0.02
2022-03-01,equity_equal_weight,INTC,0.02
2022-04-01,equity_equal_weight,INTC,0.02
2022-05-02,equity_equal_weight,INTC,0.02
2022-06-01,equity_equal_weight,INTC,0.02
2022-07-01,equity_equal_weight,INTC,0.02
2022-08-01,equity_equal_weight,INTC,0.02
2022-09-01,equity_equal_weight,INTC,0.02
2022-10-03,equity_equal_weight,INTC,0.02
2022-11-01,equity_equal_weight,INTC,0.02
2022-12-01,equity_equal_weight,INTC,0.02
2023-01-03,equity_equal_weight,INTC,0.02
2023-02-01,equity_equal_weight,INTC,0.02
2023-03-01,equity_equal_weight,INTC,0.02
2023-04-03,equity_equal_weight,INTC,0.02
2023-05-01,equity_equal_weight,INTC,0.02
2023-06-01,equity_equal_weight,INTC,0.02
2023-07-03,equity_equal_weight,INTC,0.02
2023-08-01,equity_equal_weight,INTC,0.02
2023-09-01,equity_equal_weight,INTC,0.02
2023-10-02,equity_equal_weight,INTC,0.02
2023-11-01,equity_equal_weight,INTC,0.02
2023-12-01,equity_equal_weight,INTC,0.02
2021-01-04,equity_equal_weight,KO,0.02
2021-02-01,equity_equal_weight,KO,0.02
2021-03-01,equity_equal_weight,KO,0.02
2021-04-01,equity_equal_weight,KO,0.02
2021-05-03,equity_equal_weight,KO,0.02
2021-06-01,equity_equal_weight,KO,0.02
2021-07-01,equity_equal_weight,KO,0.02
2021-08-02,equity_equal_weight,KO,0.02
2021-09-01,equity_equal_weight,KO,0.02
2021-10-01,equity_equal_weight,KO,0.02
2021-11-01,equity_equal_weight,KO,0.02
2021-12-01,equity_equal_weight,KO,0.02
2022-01-03,equity_equal_weight,KO,0.02
2022-02-01,equity_equal_weight,KO,0.02
2022-03-01,equity_equal_weight,KO,0.02
2022-04-01,equity_equal_weight,KO,0.02
2022-05-02,equity_equal_weight,KO,0.02
2022-06-01,equity_equal_weight,KO,0.02
2022-07-01,equity_equal_weight,KO,0.02
2022-08-01,equity_equal_weight,KO,0.02
2022-09-01,equity_equal_weight,KO,0.02
2022-10-03,equity_equal_weight,KO,0.02
2022-11-01,equity_equal_weight,KO,0.02
2022-12-01,equity_equal_weight,KO,0.02
2023-01-03,equity_equal_weight,KO,0.02
2023-02-01,equity_equal_weight,KO,0.02
2023-03-01,equity_equal_weight,KO,0.02
2023-04-03,equity_equal_weight,KO,0.02
2023-05-01,equity_equal_weight,KO,0.02
2023-06-01,equity_equal_weight,KO,0.02
2023-07-03,equity_equal_weight,KO,0.02
2023-08-01,equity_equal_weight,KO,0.02
2023-09-01,equity_equal_weight,KO,0.02
2023-10-02,equity_equal_weight,KO,0.02
2023-11-01,equity_equal_weight,KO,0.02
2023-12-01,equity_equal_weight,KO,0.02
2021-01-04,equity_equal_weight,MMM,0.02
2021-02-01,equity_equal_weight,MMM,0.02
2021-03-01,equity_equal_weight,MMM,0.02
2021-04-01,equity_equal_weight,MMM,0.02
2021-05-03,equity_equal_weight,MMM,0.02
2021-06-01,equity_equal_weight,MMM,0.02
2021-07-01,equity_equal_weight,MMM,0.02
2021-08-02,equity_equal_weight,MMM,0.02
2021-09-01,equity_equal_weight,MMM,0.02
2021-10-01,equity_equal_weight,MMM,0.02
2021-11-01,equity_equal_weight,MMM,0.02
2021-12-01,equity_equal_weight,MMM,0.02
2022-01-03,equity_equal_weight,MMM,0.02
2022-02-01,equity_equal_weight,MMM,0.02
2022-03-01,equity_equal_weight,MMM,0.02
2022-04-01,equity_equal_weight,MMM,0.02
2022-05-02,equity_equal_weight,MMM,0.02
2022-06-01,equity_equal_weight,MMM,0.02
2022-07-01,equity_equal_weight,MMM,0.02
2022-08-01,equity_equal_weight,MMM,0.02
2022-09-01,equity_equal_weight,MMM,0.02
2022-10-03,equity_equal_weight,MMM,0.02
2022-11-01,equity_equal_weight,MMM,0.02
2022-12-01,equity_equal_weight,MMM,0.02
2023-01-03,equity_equal_weight,MMM,0.02
2023-02-01,equity_equal_weight,MMM,0.02
2023-03-01,equity_equal_weight,MMM,0.02
2023-04-03,equity_equal_weight,MMM,0.02
2023-05-01,equity_equal_weight,MMM,0.02
2023-06-01,equity_equal_weight,MMM,0.02
2023-07-03,equity_equal_weight,MMM,0.02
2023-08-01,equity_equal_weight,MMM,0.02
2023-09-01,equity_equal_weight,MMM,0.02
2023-10-02,equity_equal_weight,MMM,0.02
2023-11-01,equity_equal_weight,MMM,0.02
2023-12-01,equity_equal_weight,MMM,0.02
2021-01-04,equity_equal_weight,MRK,0.02
2021-02-01,equity_equal_weight,MRK,0.02
2021-03-01,equity_equal_weight,MRK,0.02
2021-04-01,equity_equal_weight,MRK,0.02
2021-05-03,equity_equal_weight,MRK,0.02
2021-06-01,equity_equal_weight,MRK,0.02
2021-07-01,equity_equal_weight,MRK,0.02
2021-08-02,equity_equal_weight,MRK,0.02
2021-09-01,equity_equal_weight,MRK,0.02
2021-10-01,equity_equal_weight,MRK,0.02
2021-11-01,equity_equal_weight,MRK,0.02
2021-12-01,equity_equal_weight,MRK,0.02
2022-01-03,equity_equal_weight,MRK,0.02
2022-02-01,equity_equal_weight,MRK,0.02
2022-03-01,equity_equal_weight,MRK,0.02
2022-04-01,equity_equal_weight,MRK,0.02
2022-05-02,equity_equal_weight,MRK,0.02
2022-06-01,equity_equal_weight,MRK,0.02
2022-07-01,equity_equal_weight,MRK,0.02
2022-08-01,equity_equal_weight,MRK,0.02
2022-09-01,equity_equal_weight,MRK,0.02
2022-10-03,equity_equal_weight,MRK,0.02
2022-11-01,equity_equal_weight,MRK,0.02
2022-12-01,equity_equal_weight,MRK,0.02
2023-01-03,equity_equal_weight,MRK,0.02
2023-02-01,equity_equal_weight,MRK,0.02
2023-03-01,equity_equal_weight,MRK,0.02
2023-04-03,equity_equal_weight,MRK,0.02
2023-05-01,equity_equal_weight,MRK,0.02
2023-06-01,equity_equal_weight,MRK,0.02
2023-07-03,equity_equal_weight,MRK,0.02
2023-08-01,equity_equal_weight,MRK,0.02
2023-09-01,equity_equal_weight,MRK,0.02
2023-10-02,equity_equal_weight,MRK,0.02
2023-11-01,equity_equal_weight,MRK,0.02
2023-12-01,equity_equal_weight,MRK,0.02
2021-01-04,equity_equal_weight,MS,0.02
2021-02-01,equity_equal_weight,MS,0.02
2021-03-01,equity_equal_weight,MS,0.02
2021-04-01,equity_equal_weight,MS,0.02
2021-05-03,equity_equal_weight,MS,0.02
2021-06-01,equity_equal_weight,MS,0.02
2021-07-01,equity_equal_weight,MS,0.02
2021-08-02,equity_equal_weight,MS,0.02
2021-09-01,equity_equal_weight,MS,0.02
2021-10-01,equity_equal_weight,MS,0.02
2021-11-01,equity_equal_weight,MS,0.02
2021-12-01,equity_equal_weight,MS,0.02
2022-01-03,equity_equal_weight,MS,0.02
2022-02-01,equity_equal_weight,MS,0.02
2022-03-01,equity_equal_weight,MS,0.02
2022-04-01,equity_equal_weight,MS,0.02
2022-05-02,equity_equal_weight,MS,0.02
2022-06-01,equity_equal_weight,MS,0.02
2022-07-01,equity_equal_weight,MS,0.02
2022-08-01,equity_equal_weight,MS,0.02
2022-09-01,equity_equal_weight,MS,0.02
2022-10-03,equity_equal_weight,MS,0.02
2022-11-01,equity_equal_weight,MS,0.02
2022-12-01,equity_equal_weight,MS,0.02
2023-01-03,equity_equal_weight,MS,0.02
2023-02-01,equity_equal_weight,MS,0.02
2023-03-01,equity_equal_weight,MS,0.02
2023-04-03,equity_equal_weight,MS,0.02
2023-05-01,equity_equal_weight,MS,0.02
2023-06-01,equity_equal_weight,MS,0.02
2023-07-03,equity_equal_weight,MS,0.02
2023-08-01,equity_equal_weight,MS,0.02
2023-09-01,equity_equal_weight,MS,0.02
2023-10-02,equity_equal_weight,MS,0.02
2023-11-01,equity_equal_weight,MS,0.02
2023-12-01,equity_equal_weight,MS,0.02
2021-01-04,equity_equal_weight,NEE,0.02
2021-02-01,equity_equal_weight,NEE,0.02
2021-03-01,equity_equal_weight,NEE,0.02
2021-04-01,equity_equal_weight,NEE,0.02
2021-05-03,equity_equal_weight,NEE,0.02
2021-06-01,equity_equal_weight,NEE,0.02
2021-07-01,equity_equal_weight,NEE,0.02
2021-08-02,equity_equal_weight,NEE,0.02
2021-09-01,equity_equal_weight,NEE,0.02
2021-10-01,equity_equal_weight,NEE,0.02
2021-11-01,equity_equal_weight,NEE,0.02
2021-12-01,equity_equal_weight,NEE,0.02
2022-01-03,equity_equal_weight,NEE,0.02
2022-02-01,equity_equal_weight,NEE,0.02
2022-03-01,equity_equal_weight,NEE,0.02
2022-04-01,equity_equal_weight,NEE,0.02
2022-05-02,equity_equal_weight,NEE,0.02
2022-06-01,equity_equal_weight,NEE,0.02
2022-07-01,equity_equal_weight,NEE,0.02
2022-08-01,equity_equal_weight,NEE,0.02
2022-09-01,equity_equal_weight,NEE,0.02
2022-10-03,equity_equal_weight,NEE,0.02
2022-11-01,equity_equal_weight,NEE,0.02
2022-12-01,equity_equal_weight,NEE,0.02
2023-01-03,equity_equal_weight,NEE,0.02
2023-02-01,equity_equal_weight,NEE,0.02
2023-03-01,equity_equal_weight,NEE,0.02
2023-04-03,equity_equal_weight,NEE,0.02
2023-05-01,equity_equal_weight,NEE,0.02
2023-06-01,equity_equal_weight,NEE,0.02
2023-07-03,equity_equal_weight,NEE,0.02
2023-08-01,equity_equal_weight,NEE,0.02
2023-09-01,equity_equal_weight,NEE,0.02
2023-10-02,equity_equal_weight,NEE,0.02
2023-11-01,equity_equal_weight,NEE,0.02
2023-12-01,equity_equal_weight,NEE,0.02
2021-01-04,equity_equal_weight,NEM,0.02
2021-02-01,equity_equal_weight,NEM,0.02
2021-03-01,equity_equal_weight,NEM,0.02
2021-04-01,equity_equal_weight,NEM,0.02
2021-05-03,equity_equal_weight,NEM,0.02
2021-06-01,equity_equal_weight,NEM,0.02
2021-07-01,equity_equal_weight,NEM,0.02
2021-08-02,equity_equal_weight,NEM,0.02
2021-09-01,equity_equal_weight,NEM,0.02
2021-10-01,equity_equal_weight,NEM,0.02
2021-11-01,equity_equal_weight,NEM,0.02
2021-12-01,equity_equal_weight,NEM,0.02
2022-01-03,equity_equal_weight,NEM,0.02
2022-02-01,equity_equal_weight,NEM,0.02
2022-03-01,equity_equal_weight,NEM,0.02
2022-04-01,equity_equal_weight,NEM,0.02
2022-05-02,equity_equal_weight,NEM,0.02
2022-06-01,equity_equal_weight,NEM,0.02
2022-07-01,equity_equal_weight,NEM,0.02
2022-08-01,equity_equal_weight,NEM,0.02
2022-09-01,equity_equal_weight,NEM,0.02
2022-10-03,equity_equal_weight,NEM,0.02
2022-11-01,equity_equal_weight,NEM,0.02
2022-12-01,equity_equal_weight,NEM,0.02
2023-01-03,equity_equal_weight,NEM,0.02
2023-02-01,equity_equal_weight,NEM,0.02
2023-03-01,equity_equal_weight,NEM,0.02
2023-04-03,equity_equal_weight,NEM,0.02
2023-05-01,equity_equal_weight,NEM,0.02
2023-06-01,equity_equal_weight,NEM,0.02
2023-07-03,equity_equal_weight,NEM,0.02
2023-08-01,equity_equal_weight,NEM,0.02
2023-09-01,equity_equal_weight,NEM,0.02
2023-10-02,equity_equal_weight,NEM,0.02
2023-11-01,equity_equal_weight,NEM,0.02
2023-12-01,equity_equal_weight,NEM,0.02
2021-01-04,equity_equal_weight,NKE,0.02
2021-02-01,equity_equal_weight,NKE,0.02
2021-03-01,equity_equal_weight,NKE,0.02
2021-04-01,equity_equal_weight,NKE,0.02
2021-05-03,equity_equal_weight,NKE,0.02
2021-06-01,equity_equal_weight,NKE,0.02
2021-07-01,equity_equal_weight,NKE,0.02
2021-08-02,equity_equal_weight,NKE,0.02
2021-09-01,equity_equal_weight,NKE,0.02
2021-10-01,equity_equal_weight,NKE,0.02
2021-11-01,equity_equal_weight,NKE,0.02
2021-12-01,equity_equal_weight,NKE,0.02
2022-01-03,equity_equal_weight,NKE,0.02
2022-02-01,equity_equal_weight,NKE,0.02
2022-03-01,equity_equal_weight,NKE,0.02
2022-04-01,equity_equal_weight,NKE,0.02
2022-05-02,equity_equal_weight,NKE,0.02
2022-06-01,equity_equal_weight,NKE,0.02
2022-07-01,equity_equal_weight,NKE,0.02
2022-08-01,equity_equal_weight,NKE,0.02
2022-09-01,equity_equal_weight,NKE,0.02
2022-10-03,equity_equal_weight,NKE,0.02
2022-11-01,equity_equal_weight,NKE,0.02
2022-12-01,equity_equal_weight,NKE,0.02
2023-01-03,equity_equal_weight,NKE,0.02
2023-02-01,equity_equal_weight,NKE,0.02
2023-03-01,equity_equal_weight,NKE,0.02
2023-04-03,equity_equal_weight,NKE,0.02
2023-05-01,equity_equal_weight,NKE,0.02
2023-06-01,equity_equal_weight,NKE,0.02
2023-07-03,equity_equal_weight,NKE,0.02
2023-08-01,equity_equal_weight,NKE,0.02
2023-09-01,equity_equal_weight,NKE,0.02
2023-10-02,equity_equal_weight,NKE,0.02
2023-11-01,equity_equal_weight,NKE,0.02
2023-12-01,equity_equal_weight,NKE,0.02
2021-01-04,equity_equal_weight,NUE,0.02
2021-02-01,equity_equal_weight,NUE,0.02
2021-03-01,equity_equal_weight,NUE,0.02
2021-04-01,equity_equal_weight,NUE,0.02
2021-05-03,equity_equal_weight,NUE,0.02
2021-06-01,equity_equal_weight,NUE,0.02
2021-07-01,equity_equal_weight,NUE,0.02
2021-08-02,equity_equal_weight,NUE,0.02
2021-09-01,equity_equal_weight,NUE,0.02
2021-10-01,equity_equal_weight,NUE,0.02
2021-11-01,equity_equal_weight,NUE,0.02
2021-12-01,equity_equal_weight,NUE,0.02
2022-01-03,equity_equal_weight,NUE,0.02
2022-02-01,equity_equal_weight,NUE,0.02
2022-03-01,equity_equal_weight,NUE,0.02
2022-04-01,equity_equal_weight,NUE,0.02
2022-05-02,equity_equal_weight,NUE,0.02
2022-06-01,equity_equal_weight,NUE,0.02
2022-07-01,equity_equal_weight,NUE,0.02
2022-08-01,equity_equal_weight,NUE,0.02
2022-09-01,equity_equal_weight,NUE,0.02
2022-10-03,equity_equal_weight,NUE,0.02
2022-11-01,equity_equal_weight,NUE,0.02
2022-12-01,equity_equal_weight,NUE,0.02
2023-01-03,equity_equal_weight,NUE,0.02
2023-02-01,equity_equal_weight,NUE,0.02
2023-03-01,equity_equal_weight,NUE,0.02
2023-04-03,equity_equal_weight,NUE,0.02
2023-05-01,equity_equal_weight,NUE,0.02
2023-06-01,equity_equal_weight,NUE,0.02
2023-07-03,equity_equal_weight,NUE,0.02
2023-08-01,equity_equal_weight,NUE,0.02
2023-09-01,equity_equal_weight,NUE,0.02
2023-10-02,equity_equal_weight,NUE,0.02
2023-11-01,equity_equal_weight,NUE,0.02
2023-12-01,equity_equal_weight,NUE,0.02
2021-01-04,equity_equal_weight,NVDA,0.02
2021-02-01,equity_equal_weight,NVDA,0.02
2021-03-01,equity_equal_weight,NVDA,0.02
2021-04-01,equity_equal_weight,NVDA,0.02
2021-05-03,equity_equal_weight,NVDA,0.02
2021-06-01,equity_equal_weight,NVDA,0.02
2021-07-01,equity_equal_weight,NVDA,0.02
2021-08-02,equity_equal_weight,NVDA,0.02
2021-09-01,equity_equal_weight,NVDA,0.02
2021-10-01,equity_equal_weight,NVDA,0.02
2021-11-01,equity_equal_weight,NVDA,0.02
2021-12-01,equity_equal_weight,NVDA,0.02
2022-01-03,equity_equal_weight,NVDA,0.02
2022-02-01,equity_equal_weight,NVDA,0.02
2022-03-01,equity_equal_weight,NVDA,0.02
2022-04-01,equity_equal_weight,NVDA,0.02
2022-05-02,equity_equal_weight,NVDA,0.02
2022-06-01,equity_equal_weight,NVDA,0.02
2022-07-01,equity_equal_weight,NVDA,0.02
2022-08-01,equity_equal_weight,NVDA,0.02
2022-09-01,equity_equal_weight,NVDA,0.02
2022-10-03,equity_equal_weight,NVDA,0.02
2022-11-01,equity_equal_weight,NVDA,0.02
2022-12-01,equity_equal_weight,NVDA,0.02
2023-01-03,equity_equal_weight,NVDA,0.02
2023-02-01,equity_equal_weight,NVDA,0.02
2023-03-01,equity_equal_weight,NVDA,0.02
2023-04-03,equity_equal_weight,NVDA,0.02
2023-05-01,equity_equal_weight,NVDA,0.02
2023-06-01,equity_equal_weight,NVDA,0.02
2023-07-03,equity_equal_weight,NVDA,0.02
2023-08-01,equity_equal_weight,NVDA,0.02
2023-09-01,equity_equal_weight,NVDA,0.02
2023-10-02,equity_equal_weight,NVDA,0.02
2023-11-01,equity_equal_weight,NVDA,0.02
2023-12-01,equity_equal_weight,NVDA,0.02
2021-01-04,equity_equal_weight,O,0.02
2021-02-01,equity_equal_weight,O,0.02
2021-03-01,equity_equal_weight,O,0.02
2021-04-01,equity_equal_weight,O,0.02
2021-05-03,equity_equal_weight,O,0.02
2021-06-01,equity_equal_weight,O,0.02
2021-07-01,equity_equal_weight,O,0.02
2021-08-02,equity_equal_weight,O,0.02
2021-09-01,equity_equal_weight,O,0.02
2021-10-01,equity_equal_weight,O,0.02
2021-11-01,equity_equal_weight,O,0.02
2021-12-01,equity_equal_weight,O,0.02
2022-01-03,equity_equal_weight,O,0.02
2022-02-01,equity_equal_weight,O,0.02
2022-03-01,equity_equal_weight,O,0.02
2022-04-01,equity_equal_weight,O,0.02
2022-05-02,equity_equal_weight,O,0.02
2022-06-01,equity_equal_weight,O,0.02
2022-07-01,equity_equal_weight,O,0.02
2022-08-01,equity_equal_weight,O,0.02
2022-09-01,equity_equal_weight,O,0.02
2022-10-03,equity_equal_weight,O,0.02
2022-11-01,equity_equal_weight,O,0.02
2022-12-01,equity_equal_weight,O,0.02
2023-01-03,equity_equal_weight,O,0.02
2023-02-01,equity_equal_weight,O,0.02
2023-03-01,equity_equal_weight,O,0.02
2023-04-03,equity_equal_weight,O,0.02
2023-05-01,equity_equal_weight,O,0.02
2023-06-01,equity_equal_weight,O,0.02
2023-07-03,equity_equal_weight,O,0.02
2023-08-01,equity_equal_weight,O,0.02
2023-09-01,equity_equal_weight,O,0.02
2023-10-02,equity_equal_weight,O,0.02
2023-11-01,equity_equal_weight,O,0.02
2023-12-01,equity_equal_weight,O,0.02
2021-01-04,equity_equal_weight,OXY,0.02
2021-02-01,equity_equal_weight,OXY,0.02
2021-03-01,equity_equal_weight,OXY,0.02
2021-04-01,equity_equal_weight,OXY,0.02
2021-05-03,equity_equal_weight,OXY,0.02
2021-06-01,equity_equal_weight,OXY,0.02
2021-07-01,equity_equal_weight,OXY,0.02
2021-08-02,equity_equal_weight,OXY,0.02
2021-09-01,equity_equal_weight,OXY,0.02
2021-10-01,equity_equal_weight,OXY,0.02
2021-11-01,equity_equal_weight,OXY,0.02
2021-12-01,equity_equal_weight,OXY,0.02
2022-01-03,equity_equal_weight,OXY,0.02
2022-02-01,equity_equal_weight,OXY,0.02
2022-03-01,equity_equal_weight,OXY,0.02
2022-04-01,equity_equal_weight,OXY,0.02
2022-05-02,equity_equal_weight,OXY,0.02
2022-06-01,equity_equal_weight,OXY,0.02
2022-07-01,equity_equal_weight,OXY,0.02
2022-08-01,equity_equal_weight,OXY,0.02
2022-09-01,equity_equal_weight,OXY,0.02
2022-10-03,equity_equal_weight,OXY,0.02
2022-11-01,equity_equal_weight,OXY,0.02
2022-12-01,equity_equal_weight,OXY,0.02
2023-01-03,equity_equal_weight,OXY,0.02
2023-02-01,equity_equal_weight,OXY,0.02
2023-03-01,equity_equal_weight,OXY,0.02
2023-04-03,equity_equal_weight,OXY,0.02
2023-05-01,equity_equal_weight,OXY,0.02
2023-06-01,equity_equal_weight,OXY,0.02
2023-07-03,equity_equal_weight,OXY,0.02
2023-08-01,equity_equal_weight,OXY,0.02
2023-09-01,equity_equal_weight,OXY,0.02
2023-10-02,equity_equal_weight,OXY,0.02
2023-11-01,equity_equal_weight,OXY,0.02
2023-12-01,equity_equal_weight,OXY,0.02
2021-01-04,equity_equal_weight,PLD,0.02
2021-02-01,equity_equal_weight,PLD,0.02
2021-03-01,equity_equal_weight,PLD,0.02
2021-04-01,equity_equal_weight,PLD,0.02
2021-05-03,equity_equal_weight,PLD,0.02
2021-06-01,equity_equal_weight,PLD,0.02
2021-07-01,equity_equal_weight,PLD,0.02
2021-08-02,equity_equal_weight,PLD,0.02
2021-09-01,equity_equal_weight,PLD,0.02
2021-10-01,equity_equal_weight,PLD,0.02
2021-11-01,equity_equal_weight,PLD,0.02
2021-12-01,equity_equal_weight,PLD,0.02
2022-01-03,equity_equal_weight,PLD,0.02
2022-02-01,equity_equal_weight,PLD,0.02
2022-03-01,equity_equal_weight,PLD,0.02
2022-04-01,equity_equal_weight,PLD,0.02
2022-05-02,equity_equal_weight,PLD,0.02
2022-06-01,equity_equal_weight,PLD,0.02
2022-07-01,equity_equal_weight,PLD,0.02
2022-08-01,equity_equal_weight,PLD,0.02
2022-09-01,equity_equal_weight,PLD,0.02
2022-10-03,equity_equal_weight,PLD,0.02
2022-11-01,equity_equal_weight,PLD,0.02
2022-12-01,equity_equal_weight,PLD,0.02
2023-01-03,equity_equal_weight,PLD,0.02
2023-02-01,equity_equal_weight,PLD,0.02
2023-03-01,equity_equal_weight,PLD,0.02
2023-04-03,equity_equal_weight,PLD,0.02
2023-05-01,equity_equal_weight,PLD,0.02
2023-06-01,equity_equal_weight,PLD,0.02
2023-07-03,equity_equal_weight,PLD,0.02
2023-08-01,equity_equal_weight,PLD,0.02
2023-09-01,equity_equal_weight,PLD,0.02
2023-10-02,equity_equal_weight,PLD,0.02
2023-11-01,equity_equal_weight,PLD,0.02
2023-12-01,equity_equal_weight,PLD,0.02
2021-01-04,equity_equal_weight,PSA,0.02
2021-02-01,equity_equal_weight,PSA,0.02
2021-03-01,equity_equal_weight,PSA,0.02
2021-04-01,equity_equal_weight,PSA,0.02
2021-05-03,equity_equal_weight,PSA,0.02
2021-06-01,equity_equal_weight,PSA,0.02
2021-07-01,equity_equal_weight,PSA,0.02
2021-08-02,equity_equal_weight,PSA,0.02
2021-09-01,equity_equal_weight,PSA,0.02
2021-10-01,equity_equal_weight,PSA,0.02
2021-11-01,equity_equal_weight,PSA,0.02
2021-12-01,equity_equal_weight,PSA,0.02
2022-01-03,equity_equal_weight,PSA,0.02
2022-02-01,equity_equal_weight,PSA,0.02
2022-03-01,equity_equal_weight,PSA,0.02
2022-04-01,equity_equal_weight,PSA,0.02
2022-05-02,equity_equal_weight,PSA,0.02
2022-06-01,equity_equal_weight,PSA,0.02
2022-07-01,equity_equal_weight,PSA,0.02
2022-08-01,equity_equal_weight,PSA,0.02
2022-09-01,equity_equal_weight,PSA,0.02
2022-10-03,equity_equal_weight,PSA,0.02
2022-11-01,equity_equal_weight,PSA,0.02
2022-12-01,equity_equal_weight,PSA,0.02
2023-01-03,equity_equal_weight,PSA,0.02
2023-02-01,equity_equal_weight,PSA,0.02
2023-03-01,equity_equal_weight,PSA,0.02
2023-04-03,equity_equal_weight,PSA,0.02
2023-05-01,equity_equal_weight,PSA,0.02
2023-06-01,equity_equal_weight,PSA,0.02
2023-07-03,equity_equal_weight,PSA,0.02
2023-08-01,equity_equal_weight,PSA,0.02
2023-09-01,equity_equal_weight,PSA,0.02
2023-10-02,equity_equal_weight,PSA,0.02
2023-11-01,equity_equal_weight,PSA,0.02
2023-12-01,equity_equal_weight,PSA,0.02
2021-01-04,equity_equal_weight,QCOM,0.02
2021-02-01,equity_equal_weight,QCOM,0.02
2021-03-01,equity_equal_weight,QCOM,0.02
2021-04-01,equity_equal_weight,QCOM,0.02
2021-05-03,equity_equal_weight,QCOM,0.02
2021-06-01,equity_equal_weight,QCOM,0.02
2021-07-01,equity_equal_weight,QCOM,0.02
2021-08-02,equity_equal_weight,QCOM,0.02
2021-09-01,equity_equal_weight,QCOM,0.02
2021-10-01,equity_equal_weight,QCOM,0.02
2021-11-01,equity_equal_weight,QCOM,0.02
2021-12-01,equity_equal_weight,QCOM,0.02
2022-01-03,equity_equal_weight,QCOM,0.02
2022-02-01,equity_equal_weight,QCOM,0.02
2022-03-01,equity_equal_weight,QCOM,0.02
2022-04-01,equity_equal_weight,QCOM,0.02
2022-05-02,equity_equal_weight,QCOM,0.02
2022-06-01,equity_equal_weight,QCOM,0.02
2022-07-01,equity_equal_weight,QCOM,0.02
2022-08-01,equity_equal_weight,QCOM,0.02
2022-09-01,equity_equal_weight,QCOM,0.02
2022-10-03,equity_equal_weight,QCOM,0.02
2022-11-01,equity_equal_weight,QCOM,0.02
2022-12-01,equity_equal_weight,QCOM,0.02
2023-01-03,equity_equal_weight,QCOM,0.02
2023-02-01,equity_equal_weight,QCOM,0.02
2023-03-01,equity_equal_weight,QCOM,0.02
2023-04-03,equity_equal_weight,QCOM,0.02
2023-05-01,equity_equal_weight,QCOM,0.02
2023-06-01,equity_equal_weight,QCOM,0.02
2023-07-03,equity_equal_weight,QCOM,0.02
2023-08-01,equity_equal_weight,QCOM,0.02
2023-09-01,equity_equal_weight,QCOM,0.02
2023-10-02,equity_equal_weight,QCOM,0.02
2023-11-01,equity_equal_weight,QCOM,0.02
2023-12-01,equity_equal_weight,QCOM,0.02
2021-01-04,equity_equal_weight,SBUX,0.02
2021-02-01,equity_equal_weight,SBUX,0.02
2021-03-01,equity_equal_weight,SBUX,0.02
2021-04-01,equity_equal_weight,SBUX,0.02
2021-05-03,equity_equal_weight,SBUX,0.02
2021-06-01,equity_equal_weight,SBUX,0.02
2021-07-01,equity_equal_weight,SBUX,0.02
2021-08-02,equity_equal_weight,SBUX,0.02
2021-09-01,equity_equal_weight,SBUX,0.02
2021-10-01,equity_equal_weight,SBUX,0.02
2021-11-01,equity_equal_weight,SBUX,0.02
2021-12-01,equity_equal_weight,SBUX,0.02
2022-01-03,equity_equal_weight,SBUX,0.02
2022-02-01,equity_equal_weight,SBUX,0.02
2022-03-01,equity_equal_weight,SBUX,0.02
2022-04-01,equity_equal_weight,SBUX,0.02
2022-05-02,equity_equal_weight,SBUX,0.02
2022-06-01,equity_equal_weight,SBUX,0.02
2022-07-01,equity_equal_weight,SBUX,0.02
2022-08-01,equity_equal_weight,SBUX,0.02
2022-09-01,equity_equal_weight,SBUX,0.02
2022-10-03,equity_equal_weight,SBUX,0.02
2022-11-01,equity_equal_weight,SBUX,0.02
2022-12-01,equity_equal_weight,SBUX,0.02
2023-01-03,equity_equal_weight,SBUX,0.02
2023-02-01,equity_equal_weight,SBUX,0.02
2023-03-01,equity_equal_weight,SBUX,0.02
2023-04-03,equity_equal_weight,SBUX,0.02
2023-05-01,equity_equal_weight,SBUX,0.02
2023-06-01,equity_equal_weight,SBUX,0.02
2023-07-03,equity_equal_weight,SBUX,0.02
2023-08-01,equity_equal_weight,SBUX,0.02
2023-09-01,equity_equal_weight,SBUX,0.02
2023-10-02,equity_equal_weight,SBUX,0.02
2023-11-01,equity_equal_weight,SBUX,0.02
2023-12-01,equity_equal_weight,SBUX,0.02
2021-01-04,equity_equal_weight,SHW,0.02
2021-02-01,equity_equal_weight,SHW,0.02
2021-03-01,equity_equal_weight,SHW,0.02
2021-04-01,equity_equal_weight,SHW,0.02
2021-05-03,equity_equal_weight,SHW,0.02
2021-06-01,equity_equal_weight,SHW,0.02
2021-07-01,equity_equal_weight,SHW,0.02
2021-08-02,equity_equal_weight,SHW,0.02
2021-09-01,equity_equal_weight,SHW,0.02
2021-10-01,equity_equal_weight,SHW,0.02
2021-11-01,equity_equal_weight,SHW,0.02
2021-12-01,equity_equal_weight,SHW,0.02
2022-01-03,equity_equal_weight,SHW,0.02
2022-02-01,equity_equal_weight,SHW,0.02
2022-03-01,equity_equal_weight,SHW,0.02
2022-04-01,equity_equal_weight,SHW,0.02
2022-05-02,equity_equal_weight,SHW,0.02
2022-06-01,equity_equal_weight,SHW,0.02
2022-07-01,equity_equal_weight,SHW,0.02
2022-08-01,equity_equal_weight,SHW,0.02
2022-09-01,equity_equal_weight,SHW,0.02
2022-10-03,equity_equal_weight,SHW,0.02
2022-11-01,equity_equal_weight,SHW,0.02
2022-12-01,equity_equal_weight,SHW,0.02
2023-01-03,equity_equal_weight,SHW,0.02
2023-02-01,equity_equal_weight,SHW,0.02
2023-03-01,equity_equal_weight,SHW,0.02
2023-04-03,equity_equal_weight,SHW,0.02
2023-05-01,equity_equal_weight,SHW,0.02
2023-06-01,equity_equal_weight,SHW,0.02
2023-07-03,equity_equal_weight,SHW,0.02
2023-08-01,equity_equal_weight,SHW,0.02
2023-09-01,equity_equal_weight,SHW,0.02
2023-10-02,equity_equal_weight,SHW,0.02
2023-11-01,equity_equal_weight,SHW,0.02
2023-12-01,equity_equal_weight,SHW,0.02
2021-01-04,equity_equal_weight,SLB,0.02
2021-02-01,equity_equal_weight,SLB,0.02
2021-03-01,equity_equal_weight,SLB,0.02
2021-04-01,equity_equal_weight,SLB,0.02
2021-05-03,equity_equal_weight,SLB,0.02
2021-06-01,equity_equal_weight,SLB,0.02
2021-07-01,equity_equal_weight,SLB,0.02
2021-08-02,equity_equal_weight,SLB,0.02
2021-09-01,equity_equal_weight,SLB,0.02
2021-10-01,equity_equal_weight,SLB,0.02
2021-11-01,equity_equal_weight,SLB,0.02
2021-12-01,equity_equal_weight,SLB,0.02
2022-01-03,equity_equal_weight,SLB,0.02
2022-02-01,equity_equal_weight,SLB,0.02
2022-03-01,equity_equal_weight,SLB,0.02
2022-04-01,equity_equal_weight,SLB,0.02
2022-05-02,equity_equal_weight,SLB,0.02
2022-06-01,equity_equal_weight,SLB,0.02
2022-07-01,equity_equal_weight,SLB,0.02
2022-08-01,equity_equal_weight,SLB,0.02
2022-09-01,equity_equal_weight,SLB,0.02
2022-10-03,equity_equal_weight,SLB,0.02
2022-11-01,equity_equal_weight,SLB,0.02
2022-12-01,equity_equal_weight,SLB,0.02
2023-01-03,equity_equal_weight,SLB,0.02
2023-02-01,equity_equal_weight,SLB,0.02
2023-03-01,equity_equal_weight,SLB,0.02
2023-04-03,equity_equal_weight,SLB,0.02
2023-05-01,equity_equal_weight,SLB,0.02
2023-06-01,equity_equal_weight,SLB,0.02
2023-07-03,equity_equal_weight,SLB,0.02
2023-08-01,equity_equal_weight,SLB,0.02
2023-09-01,equity_equal_weight,SLB,0.02
2023-10-02,equity_equal_weight,SLB,0.02
2023-11-01,equity_equal_weight,SLB,0.02
2023-12-01,equity_equal_weight,SLB,0.02
2021-01-04,equity_equal_weight,SO,0.02
2021-02-01,equity_equal_weight,SO,0.02
2021-03-01,equity_equal_weight,SO,0.02
2021-04-01,equity_equal_weight,SO,0.02
2021-05-03,equity_equal_weight,SO,0.02
2021-06-01,equity_equal_weight,SO,0.02
2021-07-01,equity_equal_weight,SO,0.02
2021-08-02,equity_equal_weight,SO,0.02
2021-09-01,equity_equal_weight,SO,0.02
2021-10-01,equity_equal_weight,SO,0.02
2021-11-01,equity_equal_weight,SO,0.02
2021-12-01,equity_equal_weight,SO,0.02
2022-01-03,equity_equal_weight,SO,0.02
2022-02-01,equity_equal_weight,SO,0.02
2022-03-01,equity_equal_weight,SO,0.02
2022-04-01,equity_equal_weight,SO,0.02
2022-05-02,equity_equal_weight,SO,0.02
2022-06-01,equity_equal_weight,SO,0.02
2022-07-01,equity_equal_weight,SO,0.02
2022-08-01,equity_equal_weight,SO,0.02
2022-09-01,equity_equal_weight,SO,0.02
2022-10-03,equity_equal_weight,SO,0.02
2022-11-01,equity_equal_weight,SO,0.02
2022-12-01,equity_equal_weight,SO,0.02
2023-01-03,equity_equal_weight,SO,0.02
2023-02-01,equity_equal_weight,SO,0.02
2023-03-01,equity_equal_weight,SO,0.02
2023-04-03,equity_equal_weight,SO,0.02
2023-05-01,equity_equal_weight,SO,0.02
2023-06-01,equity_equal_weight,SO,0.02
2023-07-03,equity_equal_weight,SO,0.02
2023-08-01,equity_equal_weight,SO,0.02
2023-09-01,equity_equal_weight,SO,0.02
2023-10-02,equity_equal_weight,SO,0.02
2023-11-01,equity_equal_weight,SO,0.02
2023-12-01,equity_equal_weight,SO,0.02
2021-01-04,equity_equal_weight,T,0.02
2021-02-01,equity_equal_weight,T,0.02
2021-03-01,equity_equal_weight,T,0.02
2021-04-01,equity_equal_weight,T,0.02
2021-05-03,equity_equal_weight,T,0.02
2021-06-01,equity_equal_weight,T,0.02
2021-07-01,equity_equal_weight,T,0.02
2021-08-02,equity_equal_weight,T,0.02
2021-09-01,equity_equal_weight,T,0.02
2021-10-01,equity_equal_weight,T,0.02
2021-11-01,equity_equal_weight,T,0.02
2021-12-01,equity_equal_weight,T,0.02
2022-01-03,equity_equal_weight,T,0.02
2022-02-01,equity_equal_weight,T,0.02
2022-03-01,equity_equal_weight,T,0.02
2022-04-01,equity_equal_weight,T,0.02
2022-05-02,equity_equal_weight,T,0.02
2022-06-01,equity_equal_weight,T,0.02
2022-07-01,equity_equal_weight,T,0.02
2022-08-01,equity_equal_weight,T,0.02
2022-09-01,equity_equal_weight,T,0.02
2022-10-03,equity_equal_weight,T,0.02
2022-11-01,equity_equal_weight,T,0.02
2022-12-01,equity_equal_weight,T,0.02
2023-01-03,equity_equal_weight,T,0.02
2023-02-01,equity_equal_weight,T,0.02
2023-03-01,equity_equal_weight,T,0.02
2023-04-03,equity_equal_weight,T,0.02
2023-05-01,equity_equal_weight,T,0.02
2023-06-01,equity_equal_weight,T,0.02
2023-07-03,equity_equal_weight,T,0.02
2023-08-01,equity_equal_weight,T,0.02
2023-09-01,equity_equal_weight,T,0.02
2023-10-02,equity_equal_weight,T,0.02
2023-11-01,equity_equal_weight,T,0.02
2023-12-01,equity_equal_weight,T,0.02
2021-01-04,equity_equal_weight,TMUS,0.02
2021-02-01,equity_equal_weight,TMUS,0.02
2021-03-01,equity_equal_weight,TMUS,0.02
2021-04-01,equity_equal_weight,TMUS,0.02
2021-05-03,equity_equal_weight,TMUS,0.02
2021-06-01,equity_equal_weight,TMUS,0.02
2021-07-01,equity_equal_weight,TMUS,0.02
2021-08-02,equity_equal_weight,TMUS,0.02
2021-09-01,equity_equal_weight,TMUS,0.02
2021-10-01,equity_equal_weight,TMUS,0.02
2021-11-01,equity_equal_weight,TMUS,0.02
2021-12-01,equity_equal_weight,TMUS,0.02
2022-01-03,equity_equal_weight,TMUS,0.02
2022-02-01,equity_equal_weight,TMUS,0.02
2022-03-01,equity_equal_weight,TMUS,0.02
2022-04-01,equity_equal_weight,TMUS,0.02
2022-05-02,equity_equal_weight,TMUS,0.02
2022-06-01,equity_equal_weight,TMUS,0.02
2022-07-01,equity_equal_weight,TMUS,0.02
2022-08-01,equity_equal_weight,TMUS,0.02
2022-09-01,equity_equal_weight,TMUS,0.02
2022-10-03,equity_equal_weight,TMUS,0.02
2022-11-01,equity_equal_weight,TMUS,0.02
2022-12-01,equity_equal_weight,TMUS,0.02
2023-01-03,equity_equal_weight,TMUS,0.02
2023-02-01,equity_equal_weight,TMUS,0.02
2023-03-01,equity_equal_weight,TMUS,0.02
2023-04-03,equity_equal_weight,TMUS,0.02
2023-05-01,equity_equal_weight,TMUS,0.02
2023-06-01,equity_equal_weight,TMUS,0.02
2023-07-03,equity_equal_weight,TMUS,0.02
2023-08-01,equity_equal_weight,TMUS,0.02
2023-09-01,equity_equal_weight,TMUS,0.02
2023-10-02,equity_equal_weight,TMUS,0.02
2023-11-01,equity_equal_weight,TMUS,0.02
2023-12-01,equity_equal_weight,TMUS,0.02
2021-01-04,equity_equal_weight,TTWO,0.02
2021-02-01,equity_equal_weight,TTWO,0.02
2021-03-01,equity_equal_weight,TTWO,0.02
2021-04-01,equity_equal_weight,TTWO,0.02
2021-05-03,equity_equal_weight,TTWO,0.02
2021-06-01,equity_equal_weight,TTWO,0.02
2021-07-01,equity_equal_weight,TTWO,0.02
2021-08-02,equity_equal_weight,TTWO,0.02
2021-09-01,equity_equal_weight,TTWO,0.02
2021-10-01,equity_equal_weight,TTWO,0.02
2021-11-01,equity_equal_weight,TTWO,0.02
2021-12-01,equity_equal_weight,TTWO,0.02
2022-01-03,equity_equal_weight,TTWO,0.02
2022-02-01,equity_equal_weight,TTWO,0.02
2022-03-01,equity_equal_weight,TTWO,0.02
2022-04-01,equity_equal_weight,TTWO,0.02
2022-05-02,equity_equal_weight,TTWO,0.02
2022-06-01,equity_equal_weight,TTWO,0.02
2022-07-01,equity_equal_weight,TTWO,0.02
2022-08-01,equity_equal_weight,TTWO,0.02
2022-09-01,equity_equal_weight,TTWO,0.02
2022-10-03,equity_equal_weight,TTWO,0.02
2022-11-01,equity_equal_weight,TTWO,0.02
2022-12-01,equity_equal_weight,TTWO,0.02
2023-01-03,equity_equal_weight,TTWO,0.02
2023-02-01,equity_equal_weight,TTWO,0.02
2023-03-01,equity_equal_weight,TTWO,0.02
2023-04-03,equity_equal_weight,TTWO,0.02
2023-05-01,equity_equal_weight,TTWO,0.02
2023-06-01,equity_equal_weight,TTWO,0.02
2023-07-03,equity_equal_weight,TTWO,0.02
2023-08-01,equity_equal_weight,TTWO,0.02
2023-09-01,equity_equal_weight,TTWO,0.02
2023-10-02,equity_equal_weight,TTWO,0.02
2023-11-01,equity_equal_weight,TTWO,0.02
2023-12-01,equity_equal_weight,TTWO,0.02
2021-01-04,equity_equal_weight,UPS,0.02
2021-02-01,equity_equal_weight,UPS,0.02
2021-03-01,equity_equal_weight,UPS,0.02
2021-04-01,equity_equal_weight,UPS,0.02
2021-05-03,equity_equal_weight,UPS,0.02
2021-06-01,equity_equal_weight,UPS,0.02
2021-07-01,equity_equal_weight,UPS,0.02
2021-08-02,equity_equal_weight,UPS,0.02
2021-09-01,equity_equal_weight,UPS,0.02
2021-10-01,equity_equal_weight,UPS,0.02
2021-11-01,equity_equal_weight,UPS,0.02
2021-12-01,equity_equal_weight,UPS,0.02
2022-01-03,equity_equal_weight,UPS,0.02
2022-02-01,equity_equal_weight,UPS,0.02
2022-03-01,equity_equal_weight,UPS,0.02
2022-04-01,equity_equal_weight,UPS,0.02
2022-05-02,equity_equal_weight,UPS,0.02
2022-06-01,equity_equal_weight,UPS,0.02
2022-07-01,equity_equal_weight,UPS,0.02
2022-08-01,equity_equal_weight,UPS,0.02
2022-09-01,equity_equal_weight,UPS,0.02
2022-10-03,equity_equal_weight,UPS,0.02
2022-11-01,equity_equal_weight,UPS,0.02
2022-12-01,equity_equal_weight,UPS,0.02
2023-01-03,equity_equal_weight,UPS,0.02
2023-02-01,equity_equal_weight,UPS,0.02
2023-03-01,equity_equal_weight,UPS,0.02
2023-04-03,equity_equal_weight,UPS,0.02
2023-05-01,equity_equal_weight,UPS,0.02
2023-06-01,equity_equal_weight,UPS,0.02
2023-07-03,equity_equal_weight,UPS,0.02
2023-08-01,equity_equal_weight,UPS,0.02
2023-09-01,equity_equal_weight,UPS,0.02
2023-10-02,equity_equal_weight,UPS,0.02
2023-11-01,equity_equal_weight,UPS,0.02
2023-12-01,equity_equal_weight,UPS,0.02
2021-01-04,equity_equal_weight,USB,0.02
2021-02-01,equity_equal_weight,USB,0.02
2021-03-01,equity_equal_weight,USB,0.02
2021-04-01,equity_equal_weight,USB,0.02
2021-05-03,equity_equal_weight,USB,0.02
2021-06-01,equity_equal_weight,USB,0.02
2021-07-01,equity_equal_weight,USB,0.02
2021-08-02,equity_equal_weight,USB,0.02
2021-09-01,equity_equal_weight,USB,0.02
2021-10-01,equity_equal_weight,USB,0.02
2021-11-01,equity_equal_weight,USB,0.02
2021-12-01,equity_equal_weight,USB,0.02
2022-01-03,equity_equal_weight,USB,0.02
2022-02-01,equity_equal_weight,USB,0.02
2022-03-01,equity_equal_weight,USB,0.02
2022-04-01,equity_equal_weight,USB,0.02
2022-05-02,equity_equal_weight,USB,0.02
2022-06-01,equity_equal_weight,USB,0.02
2022-07-01,equity_equal_weight,USB,0.02
2022-08-01,equity_equal_weight,USB,0.02
2022-09-01,equity_equal_weight,USB,0.02
2022-10-03,equity_equal_weight,USB,0.02
2022-11-01,equity_equal_weight,USB,0.02
2022-12-01,equity_equal_weight,USB,0.02
2023-01-03,equity_equal_weight,USB,0.02
2023-02-01,equity_equal_weight,USB,0.02
2023-03-01,equity_equal_weight,USB,0.02
2023-04-03,equity_equal_weight,USB,0.02
2023-05-01,equity_equal_weight,USB,0.02
2023-06-01,equity_equal_weight,USB,0.02
2023-07-03,equity_equal_weight,USB,0.02
2023-08-01,equity_equal_weight,USB,0.02
2023-09-01,equity_equal_weight,USB,0.02
2023-10-02,equity_equal_weight,USB,0.02
2023-11-01,equity_equal_weight,USB,0.02
2023-12-01,equity_equal_weight,USB,0.02
2021-01-04,equity_equal_weight,V,0.02
2021-02-01,equity_equal_weight,V,0.02
2021-03-01,equity_equal_weight,V,0.02
2021-04-01,equity_equal_weight,V,0.02
2021-05-03,equity_equal_weight,V,0.02
2021-06-01,equity_equal_weight,V,0.02
2021-07-01,equity_equal_weight,V,0.02
2021-08-02,equity_equal_weight,V,0.02
2021-09-01,equity_equal_weight,V,0.02
2021-10-01,equity_equal_weight,V,0.02
2021-11-01,equity_equal_weight,V,0.02
2021-12-01,equity_equal_weight,V,0.02
2022-01-03,equity_equal_weight,V,0.02
2022-02-01,equity_equal_weight,V,0.02
2022-03-01,equity_equal_weight,V,0.02
2022-04-01,equity_equal_weight,V,0.02
2022-05-02,equity_equal_weight,V,0.02
2022-06-01,equity_equal_weight,V,0.02
2022-07-01,equity_equal_weight,V,0.02
2022-08-01,equity_equal_weight,V,0.02
2022-09-01,equity_equal_weight,V,0.02
2022-10-03,equity_equal_weight,V,0.02
2022-11-01,equity_equal_weight,V,0.02
2022-12-01,equity_equal_weight,V,0.02
2023-01-03,equity_equal_weight,V,0.02
2023-02-01,equity_equal_weight,V,0.02
2023-03-01,equity_equal_weight,V,0.02
2023-04-03,equity_equal_weight,V,0.02
2023-05-01,equity_equal_weight,V,0.02
2023-06-01,equity_equal_weight,V,0.02
2023-07-03,equity_equal_weight,V,0.02
2023-08-01,equity_equal_weight,V,0.02
2023-09-01,equity_equal_weight,V,0.02
2023-10-02,equity_equal_weight,V,0.02
2023-11-01,equity_equal_weight,V,0.02
2023-12-01,equity_equal_weight,V,0.02
2021-01-04,equity_equal_weight,WFC,0.02
2021-02-01,equity_equal_weight,WFC,0.02
2021-03-01,equity_equal_weight,WFC,0.02
2021-04-01,equity_equal_weight,WFC,0.02
2021-05-03,equity_equal_weight,WFC,0.02
2021-06-01,equity_equal_weight,WFC,0.02
2021-07-01,equity_equal_weight,WFC,0.02
2021-08-02,equity_equal_weight,WFC,0.02
2021-09-01,equity_equal_weight,WFC,0.02
2021-10-01,equity_equal_weight,WFC,0.02
2021-11-01,equity_equal_weight,WFC,0.02
2021-12-01,equity_equal_weight,WFC,0.02
2022-01-03,equity_equal_weight,WFC,0.02
2022-02-01,equity_equal_weight,WFC,0.02
2022-03-01,equity_equal_weight,WFC,0.02
2022-04-01,equity_equal_weight,WFC,0.02
2022-05-02,equity_equal_weight,WFC,0.02
2022-06-01,equity_equal_weight,WFC,0.02
2022-07-01,equity_equal_weight,WFC,0.02
2022-08-01,equity_equal_weight,WFC,0.02
2022-09-01,equity_equal_weight,WFC,0.02
2022-10-03,equity_equal_weight,WFC,0.02
2022-11-01,equity_equal_weight,WFC,0.02
2022-12-01,equity_equal_weight,WFC,0.02
2023-01-03,equity_equal_weight,WFC,0.02
2023-02-01,equity_equal_weight,WFC,0.02
2023-03-01,equity_equal_weight,WFC,0.02
2023-04-03,equity_equal_weight,WFC,0.02
2023-05-01,equity_equal_weight,WFC,0.02
2023-06-01,equity_equal_weight,WFC,0.02
2023-07-03,equity_equal_weight,WFC,0.02
2023-08-01,equity_equal_weight,WFC,0.02
2023-09-01,equity_equal_weight,WFC,0.02
2023-10-02,equity_equal_weight,WFC,0.02
2023-11-01,equity_equal_weight,WFC,0.02
2023-12-01,equity_equal_weight,WFC,0.02
2021-01-04,equity_equal_weight,WMT,0.02
2021-02-01,equity_equal_weight,WMT,0.02
2021-03-01,equity_equal_weight,WMT,0.02
2021-04-01,equity_equal_weight,WMT,0.02
2021-05-03,equity_equal_weight,WMT,0.02
2021-06-01,equity_equal_weight,WMT,0.02
2021-07-01,equity_equal_weight,WMT,0.02
2021-08-02,equity_equal_weight,WMT,0.02
2021-09-01,equity_equal_weight,WMT,0.02
2021-10-01,equity_equal_weight,WMT,0.02
2021-11-01,equity_equal_weight,WMT,0.02
2021-12-01,equity_equal_weight,WMT,0.02
2022-01-03,equity_equal_weight,WMT,0.02
2022-02-01,equity_equal_weight,WMT,0.02
2022-03-01,equity_equal_weight,WMT,0.02
2022-04-01,equity_equal_weight,WMT,0.02
2022-05-02,equity_equal_weight,WMT,0.02
2022-06-01,equity_equal_weight,WMT,0.02
2022-07-01,equity_equal_weight,WMT,0.02
2022-08-01,equity_equal_weight,WMT,0.02
2022-09-01,equity_equal_weight,WMT,0.02
2022-10-03,equity_equal_weight,WMT,0.02
2022-11-01,equity_equal_weight,WMT,0.02
2022-12-01,equity_equal_weight,WMT,0.02
2023-01-03,equity_equal_weight,WMT,0.02
2023-02-01,equity_equal_weight,WMT,0.02
2023-03-01,equity_equal_weight,WMT,0.02
2023-04-03,equity_equal_weight,WMT,0.02
2023-05-01,equity_equal_weight,WMT,0.02
2023-06-01,equity_equal_weight,WMT,0.02
2023-07-03,equity_equal_weight,WMT,0.02
2023-08-01,equity_equal_weight,WMT,0.02
2023-09-01,equity_equal_weight,WMT,0.02
2023-10-02,equity_equal_weight,WMT,0.02
2023-11-01,equity_equal_weight,WMT,0.02
2023-12-01,equity_equal_weight,WMT,0.02
2021-01-04,equity_equal_weight,XOM,0.02
2021-02-01,equity_equal_weight,XOM,0.02
2021-03-01,equity_equal_weight,XOM,0.02
2021-04-01,equity_equal_weight,XOM,0.02
2021-05-03,equity_equal_weight,XOM,0.02
2021-06-01,equity_equal_weight,XOM,0.02
2021-07-01,equity_equal_weight,XOM,0.02
2021-08-02,equity_equal_weight,XOM,0.02
2021-09-01,equity_equal_weight,XOM,0.02
2021-10-01,equity_equal_weight,XOM,0.02
2021-11-01,equity_equal_weight,XOM,0.02
2021-12-01,equity_equal_weight,XOM,0.02
2022-01-03,equity_equal_weight,XOM,0.02
2022-02-01,equity_equal_weight,XOM,0.02
2022-03-01,equity_equal_weight,XOM,0.02
2022-04-01,equity_equal_weight,XOM,0.02
2022-05-02,equity_equal_weight,XOM,0.02
2022-06-01,equity_equal_weight,XOM,0.02
2022-07-01,equity_equal_weight,XOM,0.02
2022-08-01,equity_equal_weight,XOM,0.02
2022-09-01,equity_equal_weight,XOM,0.02
2022-10-03,equity_equal_weight,XOM,0.02
2022-11-01,equity_equal_weight,XOM,0.02
2022-12-01,equity_equal_weight,XOM,0.02
2023-01-03,equity_equal_weight,XOM,0.02
2023-02-01,equity_equal_weight,XOM,0.02
2023-03-01,equity_equal_weight,XOM,0.02
2023-04-03,equity_equal_weight,XOM,0.02
2023-05-01,equity_equal_weight,XOM,0.02
2023-06-01,equity_equal_weight,XOM,0.02
2023-07-03,equity_equal_weight,XOM,0.02
2023-08-01,equity_equal_weight,XOM,0.02
2023-09-01,equity_equal_weight,XOM,0.02
2023-10-02,equity_equal_weight,XOM,0.02
2023-11-01,equity_equal_weight,XOM,0.02
2023-12-01,equity_equal_weight,XOM,0.02
2021-01-04,equity_min_variance,ABBV,0.16326093212571266
2021-02-01,equity_min_variance,ABBV,0.14914794404353138
2021-03-01,equity_min_variance,ABBV,0.1803620991868996
2021-04-01,equity_min_variance,ABBV,0.110711042091132
2021-05-03,equity_min_variance,ABBV,0.08729923004618599
2021-06-01,equity_min_variance,ABBV,0.04895802814217286
2021-07-01,equity_min_variance,ABBV,0.037697218685158074
2021-08-02,equity_min_variance,ABBV,0.030289657953076168
2021-09-01,equity_min_variance,ABBV,0.01999928887837413
2021-10-01,equity_min_variance,ABBV,8.655209088997165e-13
2021-11-01,equity_min_variance,ABBV,0.01593777255479611
2021-12-01,equity_min_variance,ABBV,0.03119239335275327
2022-01-03,equity_min_variance,ABBV,0.021793681505383806
2022-02-01,equity_min_variance,ABBV,0.047504941045591505
2022-03-01,equity_min_variance,ABBV,0.03450270927002508
2022-04-01,equity_min_variance,ABBV,0.04551219157409785
2022-05-02,equity_min_variance,ABBV,0.018807090242002663
2022-06-01,equity_min_variance,ABBV,0.06721161110347477
2022-07-01,equity_min_variance,ABBV,0.043418357260670386
2022-08-01,equity_min_variance,ABBV,0.05450856164641894
2022-09-01,equity_min_variance,ABBV,0.05364394394649027
2022-10-03,equity_min_variance,ABBV,0.0732529066706637
2022-11-01,equity_min_variance,ABBV,0.08843884334097288
2022-12-01,equity_min_variance,ABBV,0.07441670203403632
2023-01-03,equity_min_variance,ABBV,0.08408384593312464
2023-02-01,equity_min_variance,ABBV,0.06644201475361168
2023-03-01,equity_min_variance,ABBV,0.05072691956263103
2023-04-03,equity_min_variance,ABBV,0.055409574929630515
2023-05-01,equity_min_variance,ABBV,0.07679898060647031
2023-06-01,equity_min_variance,ABBV,0.05955970401829157
2023-07-03,equity_min_variance,ABBV,0.0909906422734646
2023-08-01,equity_min_variance,ABBV,0.0904765066461063
2023-09-01,equity_min_variance,ABBV,0.08089195498706526
2023-10-02,equity_min_variance,ABBV,0.07251666808563906
2023-11-01,equity_min_variance,ABBV,0.07644404739583882
2023-12-01,equity_min_variance,ABBV,0.08783010804035195
2021-01-04,equity_min_variance,ABT,1.2859043699418828e-09
2021-02-01,equity_min_variance,ABT,1.0454585234075985e-09
2021-03-01,equity_min_variance,ABT,4.833353993381149e-10
2021-04-01,equity_min_variance,ABT,1.5431521634732042e-10
2021-05-03,equity_min_variance,ABT,2.579320519689491e-11
2021-06-01,equity_min_variance,ABT,0.0
2021-07-01,equity_min_variance,ABT,0.0016300393883260614
2021-08-02,equity_min_variance,ABT,0.009861420647937687
2021-09-01,equity_min_variance,ABT,0.011690850393124369
2021-10-01,equity_min_variance,ABT,0.033425287435532504
2021-11-01,equity_min_variance,ABT,0.055758657739654015
2021-12-01,equity_min_variance,ABT,0.07819666186450806
2022-01-03,equity_min_variance,ABT,0.0692217890916026
2022-02-01,equity_min_variance,ABT,0.035837846316146525
2022-03-01,equity_min_variance,ABT,0.012886623476149826
2022-04-01,equity_min_variance,ABT,4.538663545431387e-16
2022-05-02,equity_min_variance,ABT,4.906809171240429e-13
2022-06-01,equity_min_variance,ABT,0.0
2022-07-01,equity_min_variance,ABT,0.0
2022-08-01,equity_min_variance,ABT,3.5194292903085828e-12
2022-09-01,equity_min_variance,ABT,4.567984750000637e-14
2022-10-03,equity_min_variance,ABT,4.7387656164727505e-12
2022-11-01,equity_min_variance,ABT,2.6692361799049235e-14
2022-12-01,equity_min_variance,ABT,1.5070375155514523e-11
2023-01-03,equity_min_variance,ABT,2.722542668272676e-11
2023-02-01,equity_min_variance,ABT,2.701857606502431e-11
2023-03-01,equity_min_variance,ABT,7.401862717648127e-12
2023-04-03,equity_min_variance,ABT,4.4247037821590564e-12
2023-05-01,equity_min_variance,ABT,6.554456349257636e-13
2023-06-01,equity_min_variance,ABT,3.2720792342408844e-13
2023-07-03,equity_min_variance,ABT,1.5205760703527088e-12
2023-08-01,equity_min_variance,ABT,1.7651493340135534e-14
2023-09-01,equity_min_variance,ABT,2.699998943017223e-13
2023-10-02,equity_min_variance,ABT,0.0
2023-11-01,equity_min_variance,ABT,1.1173614855250496e-12
2023-12-01,equity_min_variance,ABT,0.01979176229256917
2021-01-04,equity_min_variance,ADBE,2.3664021577376603e-09
2021-02-01,equity_min_variance,ADBE,2.5390436476833813e-09
2021-03-01,equity_min_variance,ADBE,9.985865423955447e-10
2021-04-01,equity_min_variance,ADBE,6.973169356217148e-10
2021-05-03,equity_min_variance,ADBE,1.5176404263966835e-11
2021-06-01,equity_min_variance,ADBE,3.133106326390026e-12
2021-07-01,equity_min_variance,ADBE,1.596939044539136e-14
2021-08-02,equity_min_variance,ADBE,3.607766759348663e-15
2021-09-01,equity_min_variance,ADBE,1.051171662340085e-12
2021-10-01,equity_min_variance,ADBE,1.7982753974681729e-12
2021-11-01,equity_min_variance,ADBE,7.299821847980114e-16
2021-12-01,equity_min_variance,ADBE,0.0
2022-01-03,equity_min_variance,ADBE,0.011227581985712588
2022-02-01,equity_min_variance,ADBE,0.006710090439315032
2022-03-01,equity_min_variance,ADBE,0.010172465300987334
2022-04-01,equity_min_variance,ADBE,0.010619895983275647
2022-05-02,equity_min_variance,ADBE,0.01633751619338776
2022-06-01,equity_min_variance,ADBE,0.004688668937217269
2022-07-01,equity_min_variance,ADBE,3.5875168276789376e-13
2022-08-01,equity_min_variance,ADBE,1.3630020336150006e-16
2022-09-01,equity_min_variance,ADBE,2.7649654978210956e-13
2022-10-03,equity_min_variance,ADBE,3.658867577789797e-12
2022-11-01,equity_min_variance,ADBE,1.1078378555907757e-13
2022-12-01,equity_min_variance,ADBE,2.3848510543365907e-11
2023-01-03,equity_min_variance,ADBE,4.62602324892047e-11
2023-02-01,equity_min_variance,ADBE,5.0911001613182194e-11
2023-03-01,equity_min_variance,ADBE,2.201157377225043e-11
2023-04-03,equity_min_variance,ADBE,1.6185490359756234e-11
2023-05-01,equity_min_variance,ADBE,2.0894328172971934e-11
2023-06-01,equity_min_variance,ADBE,1.2717167070203932e-12
2023-07-03,equity_min_variance,ADBE,5.554641406195212e-12
2023-08-01,equity_min_variance,ADBE,7.80152071513163e-13
2023-09-01,equity_min_variance,ADBE,7.858304944579882e-13
2023-10-02,equity_min_variance,ADBE,0.0
2023-11-01,equity_min_variance,ADBE,4.4307444393032644e-14
2023-12-01,equity_min_variance,ADBE,2.5124545604414848e-12
2021-01-04,equity_min_variance,AEP,5.118085400296233e-12
2021-02-01,equity_min_variance,AEP,1.6904969760418845e-12
2021-03-01,equity_min_variance,AEP,0.0
2021-04-01,equity_min_variance,AEP,1.2104420157143008e-11
2021-05-03,equity_min_variance,AEP,0.05799351375118368
2021-06-01,equity_min_variance,AEP,0.0924102537013317
2021-07-01,equity_min_variance,AEP,0.07315258210851125
2021-08-02,equity_min_variance,AEP,0.08521559871645515
2021-09-01,equity_min_variance,AEP,0.0959060236774359
2021-10-01,equity_min_variance,AEP,0.05421104865673717
2021-11-01,equity_min_variance,AEP,0.0479895460032282
2021-12-01,equity_min_variance,AEP,0.05644852171155027
2022-01-03,equity_min_variance,AEP,0.05578753373378607
2022-02-01,equity_min_variance,AEP,0.035221798765893056
2022-03-01,equity_min_variance,AEP,0.04156723570292934
2022-04-01,equity_min_variance,AEP,0.011939181005185253
2022-05-02,equity_min_variance,AEP,1.8885628559336219e-13
2022-06-01,equity_min_variance,AEP,0.0
2022-07-01,equity_min_variance,AEP,0.0
2022-08-01,equity_min_variance,AEP,9.385884579219862e-14
2022-09-01,equity_min_variance,AEP,1.4369694524506838e-13
2022-10-03,equity_min_variance,AEP,0.0
2022-11-01,equity_min_variance,AEP,2.993042734215902e-12
2022-12-01,equity_min_variance,AEP,1.6164530920615877e-12
2023-01-03,equity_min_variance,AEP,1.3435895631550435e-12
2023-02-01,equity_min_variance,AEP,0.0
2023-03-01,equity_min_variance,AEP,6.626589478617877e-12
2023-04-03,equity_min_variance,AEP,6.186777676406877e-12
2023-05-01,equity_min_variance,AEP,8.71311381536951e-12
2023-06-01,equity_min_variance,AEP,1.6615614582534683e-12
2023-07-03,equity_min_variance,AEP,9.400995369535506e-12
2023-08-01,equity_min_variance,AEP,6.756809329645452e-13
2023-09-01,equity_min_variance,AEP,6.759101843410777e-13
2023-10-02,equity_min_variance,AEP,0.0
2023-11-01,equity_min_variance,AEP,4.5698450495272775e-14
2023-12-01,equity_min_variance,AEP,5.68852741625667e-12
2021-01-04,equity_min_variance,AMD,4.054389026362518e-09
2021-02-01,equity_min_variance,AMD,4.34835412324423e-09
2021-03-01,equity_min_variance,AMD,1.654705391110149e-09
2021-04-01,equity_min_variance,AMD,1.2933185395303225e-09
2021-05-03,equity_min_variance,AMD,9.302065723156782e-11
2021-06-01,equity_min_variance,AMD,0.0
2021-07-01,equity_min_variance,AMD,0.007271193911840856
2021-08-02,equity_min_variance,AMD,0.00200402889170459
2021-09-01,equity_min_variance,AMD,0.011082015434137615
2021-10-01,equity_min_variance,AMD,0.019671823981635056
2021-11-01,equity_min_variance,AMD,0.03525156475927581
2021-12-01,equity_min_variance,AMD,0.02559131961587853
2022-01-03,equity_min_variance,AMD,0.022537491688022666
2022-02-01,equity_min_variance,AMD,0.00868403908598624
2022-03-01,equity_min_variance,AMD,1.5761669957435104e-14
2022-04-01,equity_min_variance,AMD,0.0028172878228295336
2022-05-02,equity_min_variance,AMD,0.0
2022-06-01,equity_min_variance,AMD,3.8948665114976593e-13
2022-07-01,equity_min_variance,AMD,0.0
2022-08-01,equity_min_variance,AMD,4.612351420896804e-12
2022-09-01,equity_min_variance,AMD,2.650247580118608e-13
2022-10-03,equity_min_variance,AMD,1.5386503851980365e-11
2022-11-01,equity_min_variance,AMD,4.342156490453936e-13
2022-12-01,equity_min_variance,AMD,6.51931958150801e-11
2023-01-03,equity_min_variance,AMD,1.048617041228894e-10
2023-02-01,equity_min_variance,AMD,1.2623680399865726e-10
2023-03-01,equity_min_variance,AMD,2.5832208225615468e-11
2023-04-03,equity_min_variance,AMD,1.7641133808538354e-11
2023-05-01,equity_min_variance,AMD,1.1410901503141942e-11
2023-06-01,equity_min_variance,AMD,0.0
2023-07-03,equity_min_variance,AMD,0.0
2023-08-01,equity_min_variance,AMD,1.7077598762738018e-11
2023-09-01,equity_min_variance,AMD,2.509470925657641e-13
2023-10-02,equity_min_variance,AMD,8.145711677234793e-12
2023-11-01,equity_min_variance,AMD,0.0
2023-12-01,equity_min_variance,AMD,0.008883068647796123
2021-01-04,equity_min_variance,AMGN,1.397159164347921e-09
2021-02-01,equity_min_variance,AMGN,1.3851969808414957e-09
2021-03-01,equity_min_variance,AMGN,4.596068138466707e-10
2021-04-01,equity_min_variance,AMGN,4.7299031700987486e-11
2021-05-03,equity_min_variance,AMGN,4.303881772709081e-11
2021-06-01,equity_min_variance,AMGN,3.992585430880535e-12
2021-07-01,equity_min_variance,AMGN,4.507679797141496e-12
2021-08-02,equity_min_variance,AMGN,5.657493093384987e-14
2021-09-01,equity_min_variance,AMGN,2.271524256446705e-12
2021-10-01,equity_min_variance,AMGN,3.637360486220117e-12
2021-11-01,equity_min_variance,AMGN,7.383081558781621e-15
2021-12-01,equity_min_variance,AMGN,1.5415277838578488e-12
2022-01-03,equity_min_variance,AMGN,8.082172657128295e-13
2022-02-01,equity_min_variance,AMGN,9.157645528220748e-13
2022-03-01,equity_min_variance,AMGN,6.1265204842316865e-12
2022-04-01,equity_min_variance,AMGN,4.662699320003348e-12
2022-05-02,equity_min_variance,AMGN,0.008945962114466443
2022-06-01,equity_min_variance,AMGN,0.034579378197345766
2022-07-01,equity_min_variance,AMGN,0.06977949944062772
2022-08-01,equity_min_variance,AMGN,0.07513832408403626
2022-09-01,equity_min_variance,AMGN,0.13376855075415317
2022-10-03,equity_min_variance,AMGN,0.16483831016834136
2022-11-01,equity_min_variance,AMGN,0.17620346549560578
2022-12-01,equity_min_variance,AMGN,0.1761589814362238
2023-01-03,equity_min_variance,AMGN,0.17904935467720373
2023-02-01,equity_min_variance,AMGN,0.1822107079700901
2023-03-01,equity_min_variance,AMGN,0.19999999995301082
2023-04-03,equity_min_variance,AMGN,0.19057540062153241
2023-05-01,equity_min_variance,AMGN,0.17919052985658546
2023-06-01,equity_min_variance,AMGN,0.08808990523301025
2023-07-03,equity_min_variance,AMGN,0.01541058090129623
2023-08-01,equity_min_variance,AMGN,0.016849924261583365
2023-09-01,equity_min_variance,AMGN,0.04055688192381182
2023-10-02,equity_min_variance,AMGN,0.0460760051684615
2023-11-01,equity_min_variance,AMGN,0.03262536203660681
2023-12-01,equity_min_variance,AMGN,0.00996073303251963
2021-01-04,equity_min_variance,AMT,1.98877695041096e-09
2021-02-01,equity_min_variance,AMT,1.9777320692934983e-09
2021-03-01,equity_min_variance,AMT,9.293989281987975e-10
2021-04-01,equity_min_variance,AMT,5.097953896495642e-10
2021-05-03,equity_min_variance,AMT,4.364758765931829e-11
2021-06-01,equity_min_variance,AMT,4.14770982561413e-12
2021-07-01,equity_min_variance,AMT,2.358119019892989e-12
2021-08-02,equity_min_variance,AMT,1.1933268468124476e-15
2021-09-01,equity_min_variance,AMT,8.592333377509571e-14
2021-10-01,equity_min_variance,AMT,2.579624745059982e-12
2021-11-01,equity_min_variance,AMT,4.202021713041543e-13
2021-12-01,equity_min_variance,AMT,6.516972383588219e-13
2022-01-03,equity_min_variance,AMT,3.2411732500476145e-13
2022-02-01,equity_min_variance,AMT,1.0093491757480008e-12
2022-03-01,equity_min_variance,AMT,1.7607026919351937e-12
2022-04-01,equity_min_variance,AMT,4.335441297927875e-16
2022-05-02,equity_min_variance,AMT,0.0
2022-06-01,equity_min_variance,AMT,0.0
2022-07-01,equity_min_variance,AMT,0.0
2022-08-01,equity_min_variance,AMT,7.142758640831299e-12
2022-09-01,equity_min_variance,AMT,1.346737083327206e-13
2022-10-03,equity_min_variance,AMT,2.261190026459121e-11
2022-11-01,equity_min_variance,AMT,8.79730238642912e-14
2022-12-01,equity_min_variance,AMT,1.7383937230496104e-11
2023-01-03,equity_min_variance,AMT,2.572796688421935e-11
2023-02-01,equity_min_variance,AMT,4.9399088586314254e-11
2023-03-01,equity_min_variance,AMT,2.3596481066827905e-11
2023-04-03,equity_min_variance,AMT,1.9706899272881813e-11
2023-05-01,equity_min_variance,AMT,1.7036216787290025e-11
2023-06-01,equity_min_variance,AMT,1.3682732046203811e-12
2023-07-03,equity_min_variance,AMT,5.062937566368833e-12
2023-08-01,equity_min_variance,AMT,2.993505859143411e-13
2023-09-01,equity_min_variance,AMT,2.919397532753589e-13
2023-10-02,equity_min_variance,AMT,0.0
2023-11-01,equity_min_variance,AMT,4.728471513383006e-14
2023-12-01,equity_min_variance,AMT,1.4867339729437039e-12
2021-01-04,equity_min_variance,BA,2.1245085798433609e-10
2021-02-01,equity_min_variance,BA,4.1386303199648035e-10
2021-03-01,equity_min_variance,BA,1.5207557503585227e-10
2021-04-01,equity_min_variance,BA,4.5362139715392366e-10
2021-05-03,equity_min_variance,BA,1.394674125813786e-10
2021-06-01,equity_min_variance,BA,3.1359434987809367e-11
2021-07-01,equity_min_variance,BA,6.283241081509091e-12
2021-08-02,equity_min_variance,BA,4.5101063048269095e-13
2021-09-01,equity_min_variance,BA,3.203767098160243e-12
2021-10-01,equity_min_variance,BA,6.0175967836097186e-12
2021-11-01,equity_min_variance,BA,1.9989467742188003e-14
2021-12-01,equity_min_variance,BA,0.0
2022-01-03,equity_min_variance,BA,8.87470605120629e-17
2022-02-01,equity_min_variance,BA,2.1504065874601828e-14
2022-03-01,equity_min_variance,BA,6.042442878502733e-15
2022-04-01,equity_min_variance,BA,3.384491342319537e-16
2022-05-02,equity_min_variance,BA,0.0
2022-06-01,equity_min_variance,BA,2.1906901831596944e-12
2022-07-01,equity_min_variance,BA,4.388083387761145e-13
2022-08-01,equity_min_variance,BA,1.632295582687383e-16
2022-09-01,equity_min_variance,BA,8.042017684861273e-13
2022-10-03,equity_min_variance,BA,0.0
2022-11-01,equity_min_variance,BA,5.671312008023146e-12
2022-12-01,equity_min_variance,BA,7.535124319810545e-14
2023-01-03,equity_min_variance,BA,0.0
2023-02-01,equity_min_variance,BA,0.0
2023-03-01,equity_min_variance,BA,1.1426498550210362e-13
2023-04-03,equity_min_variance,BA,1.0200891288485706e-14
2023-05-01,equity_min_variance,BA,0.0
2023-06-01,equity_min_variance,BA,5.38166936127193e-13
2023-07-03,equity_min_variance,BA,3.0476455766792454e-12
2023-08-01,equity_min_variance,BA,6.367767552166881e-13
2023-09-01,equity_min_variance,BA,6.317500819988659e-13
2023-10-02,equity_min_variance,BA,0.0
2023-11-01,equity_min_variance,BA,2.3931008436399513e-14
2023-12-01,equity_min_variance,BA,5.5913287093353534e-12
2021-01-04,equity_min_variance,CAT,3.422416905422061e-12
2021-02-01,equity_min_variance,CAT,1.0159729985296445e-12
2021-03-01,equity_min_variance,CAT,0.0
2021-04-01,equity_min_variance,CAT,5.518355457710749e-12
2021-05-03,equity_min_variance,CAT,6.66388493435981e-14
2021-06-01,equity_min_variance,CAT,0.0
2021-07-01,equity_min_variance,CAT,2.1667278167505114e-14
2021-08-02,equity_min_variance,CAT,0.006226813832719377
2021-09-01,equity_min_variance,CAT,0.003995884071383085
2021-10-01,equity_min_variance,CAT,0.0
2021-11-01,equity_min_variance,CAT,2.653907780905756e-14
2021-12-01,equity_min_variance,CAT,1.1610510204432586e-13
2022-01-03,equity_min_variance,CAT,1.0509440299753341e-13
2022-02-01,equity_min_variance,CAT,0.01643338612037381
2022-03-01,equity_min_variance,CAT,0.013199046259071858
2022-04-01,equity_min_variance,CAT,0.02803901618279115
2022-05-02,equity_min_variance,CAT,0.04310853531976801
2022-06-01,equity_min_variance,CAT,0.0180921570300118
2022-07-01,equity_min_variance,CAT,0.008211024525838365
2022-08-01,equity_min_variance,CAT,8.563062060777097e-14
2022-09-01,equity_min_variance,CAT,4.792453991447438e-13
2022-10-03,equity_min_variance,CAT,0.0
2022-11-01,equity_min_variance,CAT,2.9259956110436917e-12
2022-12-01,equity_min_variance,CAT,1.057348143318889e-15
2023-01-03,equity_min_variance,CAT,0.0
2023-02-01,equity_min_variance,CAT,0.0
2023-03-01,equity_min_variance,CAT,1.210072439972353e-13
2023-04-03,equity_min_variance,CAT,0.0
2023-05-01,equity_min_variance,CAT,0.0
2023-06-01,equity_min_variance,CAT,0.0
2023-07-03,equity_min_variance,CAT,2.2174671836093897e-12
2023-08-01,equity_min_variance,CAT,1.9264180571382667e-13
2023-09-01,equity_min_variance,CAT,2.6643907625877653e-13
2023-10-02,equity_min_variance,CAT,3.913734650992421e-12
2023-11-01,equity_min_variance,CAT,2.0762719175790464e-12
2023-12-01,equity_min_variance,CAT,0.0
2021-01-04,equity_min_variance,CCI,1.470366517798683e-09
2021-02-01,equity_min_variance,CCI,1.3962556248604107e-09
2021-03-01,equity_min_variance,CCI,5.239323456836315e-10
2021-04-01,equity_min_variance,CCI,2.650396339594027e-10
2021-05-03,equity_min_variance,CCI,2.5840994431203634e-11
2021-06-01,equity_min_variance,CCI,0.0
2021-07-01,equity_min_variance,CCI,0.054076342153849516
2021-08-02,equity_min_variance,CCI,0.06421197363060067
2021-09-01,equity_min_variance,CCI,0.0686845101440427
2021-10-01,equity_min_variance,CCI,0.09101551843629807
2021-11-01,equity_min_variance,CCI,0.05539260794133796
2021-12-01,equity_min_variance,CCI,0.0004487671758639439
2022-01-03,equity_min_variance,CCI,7.181689594033691e-17
2022-02-01,equity_min_variance,CCI,8.174071172348586e-13
2022-03-01,equity_min_variance,CCI,2.1885378804546857e-12
2022-04-01,equity_min_variance,CCI,2.5808916202961947e-16
2022-05-02,equity_min_variance,CCI,0.0
2022-06-01,equity_min_variance,CCI,0.0
2022-07-01,equity_min_variance,CCI,0.0
2022-08-01,equity_min_variance,CCI,6.6111974599509425e-12
2022-09-01,equity_min_variance,CCI,1.1768542946255828e-13
2022-10-03,equity_min_variance,CCI,2.293185254848505e-11
2022-11-01,equity_min_variance,CCI,4.394132435510508e-14
2022-12-01,equity_min_variance,CCI,1.2431447913972042e-11
2023-01-03,equity_min_variance,CCI,1.2405506755206961e-11
2023-02-01,equity_min_variance,CCI,4.494595818684311e-11
2023-03-01,equity_min_variance,CCI,2.3416279967983548e-11
2023-04-03,equity_min_variance,CCI,2.0823453944411245e-11
2023-05-01,equity_min_variance,CCI,2.0413526352188354e-11
2023-06-01,equity_min_variance,CCI,1.4581531783041938e-12
2023-07-03,equity_min_variance,CCI,4.978428499602673e-12
2023-08-01,equity_min_variance,CCI,3.155231154714735e-13
2023-09-01,equity_min_variance,CCI,2.742734762149402e-13
2023-10-02,equity_min_variance,CCI,0.0
2023-11-01,equity_min_variance,CCI,5.4419389779489344e-14
2023-12-01,equity_min_variance,CCI,2.442004447856176e-12
2021-01-04,equity_min_variance,CMCSA,3.767368086989794e-12
2021-02-01,equity_min_variance,CMCSA,1.1908284569508231e-12
2021-03-01,equity_min_variance,CMCSA,0.0
2021-04-01,equity_min_variance,CMCSA,2.926867468546693e-11
2021-05-03,equity_min_variance,CMCSA,5.25174508848198e-13
2021-06-01,equity_min_variance,CMCSA,0.0
2021-07-01,equity_min_variance,CMCSA,1.900375971785336e-12
2021-08-02,equity_min_variance,CMCSA,3.9645015995847e-14
2021-09-01,equity_min_variance,CMCSA,1.1654346196031062e-12
2021-10-01,equity_min_variance,CMCSA,4.149459994626059e-12
2021-11-01,equity_min_variance,CMCSA,1.8396800399236314e-14
2021-12-01,equity_min_variance,CMCSA,3.774205239449097e-12
2022-01-03,equity_min_variance,CMCSA,1.9576726696680366e-12
2022-02-01,equity_min_variance,CMCSA,2.8437845609098737e-12
2022-03-01,equity_min_variance,CMCSA,7.528006875551772e-12
2022-04-01,equity_min_variance,CMCSA,4.441546547650857e-12
2022-05-02,equity_min_variance,CMCSA,4.000135308516416e-13
2022-06-01,equity_min_variance,CMCSA,0.0
2022-07-01,equity_min_variance,CMCSA,1.5970649700535666e-13
2022-08-01,equity_min_variance,CMCSA,6.799281040579134e-14
2022-09-01,equity_min_variance,CMCSA,2.248430148757632e-13
2022-10-03,equity_min_variance,CMCSA,6.9690767577237196e-12
2022-11-01,equity_min_variance,CMCSA,2.788615040831707e-12
2022-12-01,equity_min_variance,CMCSA,1.0338277951328628e-15
2023-01-03,equity_min_variance,CMCSA,0.0
2023-02-01,equity_min_variance,CMCSA,3.7814978491741595e-13
2023-03-01,equity_min_variance,CMCSA,2.485583594273932e-13
2023-04-03,equity_min_variance,CMCSA,1.0376191857539427e-13
2023-05-01,equity_min_variance,CMCSA,0.0
2023-06-01,equity_min_variance,CMCSA,0.0
2023-07-03,equity_min_variance,CMCSA,2.9545039520520653e-12
2023-08-01,equity_min_variance,CMCSA,1.894314487963761e-13
2023-09-01,equity_min_variance,CMCSA,1.7032798409082475e-13
2023-10-02,equity_min_variance,CMCSA,5.94090386572934e-12
2023-11-01,equity_min_variance,CMCSA,0.00023782479583158355
2023-12-01,equity_min_variance,CMCSA,0.0
2021-01-04,equity_min_variance,COP,2.321378660777104e-10
2021-02-01,equity_min_variance,COP,3.2533746329341914e-10
2021-03-01,equity_min_variance,COP,5.482949031082011e-11
2021-04-01,equity_min_variance,COP,2.375093994231762e-11
2021-05-03,equity_min_variance,COP,4.441079868363187e-12
2021-06-01,equity_min_variance,COP,1.5376615668289314e-12
2021-07-01,equity_min_variance,COP,1.655641927578293e-12
2021-08-02,equity_min_variance,COP,2.1536654690817277e-13
2021-09-01,equity_min_variance,COP,0.0
2021-10-01,equity_min_variance,COP,0.0
2021-11-01,equity_min_variance,COP,0.0004919759291382678
2021-12-01,equity_min_variance,COP,0.01193120679895526
2022-01-03,equity_min_variance,COP,4.271796023066447e-16
2022-02-01,equity_min_variance,COP,1.6834162194563e-14
2022-03-01,equity_min_variance,COP,2.9535438916179573e-12
2022-04-01,equity_min_variance,COP,8.06683666464126e-12
2022-05-02,equity_min_variance,COP,1.891729715121421e-12
2022-06-01,equity_min_variance,COP,0.0
2022-07-01,equity_min_variance,COP,0.0
2022-08-01,equity_min_variance,COP,3.876328065269371e-12
2022-09-01,equity_min_variance,COP,9.542148225894592e-14
2022-10-03,equity_min_variance,COP,8.52321745774301e-12
2022-11-01,equity_min_variance,COP,9.335807231725024e-14
2022-12-01,equity_min_variance,COP,1.591030113188023e-13
2023-01-03,equity_min_variance,COP,3.845766691620506e-11
2023-02-01,equity_min_variance,COP,2.5213828513149005e-11
2023-03-01,equity_min_variance,COP,3.2410803068287333e-12
2023-04-03,equity_min_variance,COP,5.688786850401453e-12
2023-05-01,equity_min_variance,COP,0.0
2023-06-01,equity_min_variance,COP,0.0
2023-07-03,equity_min_variance,COP,0.0
2023-08-01,equity_min_variance,COP,1.5111380976345579e-13
2023-09-01,equity_min_variance,COP,2.6402717344905526e-13
2023-10-02,equity_min_variance,COP,0.0
2023-11-01,equity_min_variance,COP,7.612177724962919e-15
2023-12-01,equity_min_variance,COP,2.4955458675899164e-12
2021-01-04,equity_min_variance,CVX,4.3967766403486894e-10
2021-02-01,equity_min_variance,CVX,5.47827428004403e-10
2021-03-01,equity_min_variance,CVX,1.7153469135396948e-10
2021-04-01,equity_min_variance,CVX,9.36402723577926e-11
2021-05-03,equity_min_variance,CVX,1.0905963817926674e-12
2021-06-01,equity_min_variance,CVX,0.0
2021-07-01,equity_min_variance,CVX,3.4566997393233345e-13
2021-08-02,equity_min_variance,CVX,8.853954916264394e-13
2021-09-01,equity_min_variance,CVX,0.0
2021-10-01,equity_min_variance,CVX,0.0
2021-11-01,equity_min_variance,CVX,2.368275913712332e-15
2021-12-01,equity_min_variance,CVX,0.014369906534807186
2022-01-03,equity_min_variance,CVX,0.01808117869877763
2022-02-01,equity_min_variance,CVX,0.07630246562774289
2022-03-01,equity_min_variance,CVX,0.05853360723318502
2022-04-01,equity_min_variance,CVX,0.08616230743460795
2022-05-02,equity_min_variance,CVX,0.06458697966848781
2022-06-01,equity_min_variance,CVX,0.03616918554976778
2022-07-01,equity_min_variance,CVX,0.04727790006855017
2022-08-01,equity_min_variance,CVX,0.04802880198912645
2022-09-01,equity_min_variance,CVX,0.0739684741791906
2022-10-03,equity_min_variance,CVX,0.07774437113941353
2022-11-01,equity_min_variance,CVX,0.07153639636310287
2022-12-01,equity_min_variance,CVX,0.06310931944100573
2023-01-03,equity_min_variance,CVX,0.054136198018603046
2023-02-01,equity_min_variance,CVX,0.05127269694999594
2023-03-01,equity_min_variance,CVX,0.06123312943067582
2023-04-03,equity_min_variance,CVX,0.03222936786092714
2023-05-01,equity_min_variance,CVX,0.04164226182123348
2023-06-01,equity_min_variance,CVX,0.04208843180208107
2023-07-03,equity_min_variance,CVX,0.01766341308722202
2023-08-01,equity_min_variance,CVX,0.014851403687691271
2023-09-01,equity_min_variance,CVX,2.218602457758747e-12
2023-10-02,equity_min_variance,CVX,0.031159425122093347
2023-11-01,equity_min_variance,CVX,0.04689593777037056
2023-12-01,equity_min_variance,CVX,0.025152706274798122
2021-01-04,equity_min_variance,D,1.8746355453140105e-09
2021-02-01,equity_min_variance,D,1.7447118852295535e-09
2021-03-01,equity_min_variance,D,7.854828564650614e-10
2021-04-01,equity_min_variance,D,0.06248514038867675
2021-05-03,equity_min_variance,D,0.08316211913135106
2021-06-01,equity_min_variance,D,0.050751992245452425
2021-07-01,equity_min_variance,D,0.02277092980689865
2021-08-02,equity_min_variance,D,5.786070330250425e-12
2021-09-01,equity_min_variance,D,0.0
2021-10-01,equity_min_variance,D,0.0
2021-11-01,equity_min_variance,D,3.229574336170573e-15
2021-12-01,equity_min_variance,D,0.0
2022-01-03,equity_min_variance,D,2.3733337864238097e-13
2022-02-01,equity_min_variance,D,4.876770895074828e-12
2022-03-01,equity_min_variance,D,6.777466752509044e-12
2022-04-01,equity_min_variance,D,7.448917065034214e-12
2022-05-02,equity_min_variance,D,1.480154025740337e-12
2022-06-01,equity_min_variance,D,0.0
2022-07-01,equity_min_variance,D,0.0
2022-08-01,equity_min_variance,D,3.369670070647621e-13
2022-09-01,equity_min_variance,D,3.398906174913779e-14
2022-10-03,equity_min_variance,D,0.0
2022-11-01,equity_min_variance,D,2.8496987464609e-12
2022-12-01,equity_min_variance,D,0.0053149493782162285
2023-01-03,equity_min_variance,D,0.016956622605909185
2023-02-01,equity_min_variance,D,0.0345425232957788
2023-03-01,equity_min_variance,D,0.004621878865021712
2023-04-03,equity_min_variance,D,0.016512675202822423
2023-05-01,equity_min_variance,D,0.007230714719476126
2023-06-01,equity_min_variance,D,1.9879415181867012e-13
2023-07-03,equity_min_variance,D,1.0785427887019247e-12
2023-08-01,equity_min_variance,D,2.70106656733999e-14
2023-09-01,equity_min_variance,D,2.5977875505080205e-14
2023-10-02,equity_min_variance,D,0.0
2023-11-01,equity_min_variance,D,0.0
2023-12-01,equity_min_variance,D,2.1818465565926784e-12
2021-01-04,equity_min_variance,DD,1.2690242633377096e-12
2021-02-01,equity_min_variance,DD,3.762498824695054e-12
2021-03-01,equity_min_variance,DD,0.0
2021-04-01,equity_min_variance,DD,1.507095543361925e-12
2021-05-03,equity_min_variance,DD,6.165466129766771e-13
2021-06-01,equity_min_variance,DD,0.0
2021-07-01,equity_min_variance,DD,9.608576411119381e-13
2021-08-02,equity_min_variance,DD,1.4654999980118766e-13
2021-09-01,equity_min_variance,DD,4.0414023672304523e-13
2021-10-01,equity_min_variance,DD,0.0008494477806715852
2021-11-01,equity_min_variance,DD,6.9489620074843625e-15
2021-12-01,equity_min_variance,DD,9.513011698680978e-13
2022-01-03,equity_min_variance,DD,5.245353026631583e-13
2022-02-01,equity_min_variance,DD,1.6257230325955989e-12
2022-03-01,equity_min_variance,DD,4.642811928939466e-12
2022-04-01,equity_min_variance,DD,1.0207998409138904e-11
2022-05-02,equity_min_variance,DD,2.516869659027337e-12
2022-06-01,equity_min_variance,DD,0.0
2022-07-01,equity_min_variance,DD,0.0
2022-08-01,equity_min_variance,DD,3.3185844830241366e-12
2022-09-01,equity_min_variance,DD,1.7612454702690158e-13
2022-10-03,equity_min_variance,DD,2.1123970920014025e-11
2022-11-01,equity_min_variance,DD,1.7256181132151043e-13
2022-12-01,equity_min_variance,DD,5.17056627349647e-12
2023-01-03,equity_min_variance,DD,3.909142643969225e-12
2023-02-01,equity_min_variance,DD,1.0308937033698162e-11
2023-03-01,equity_min_variance,DD,1.0676210561602929e-13
2023-04-03,equity_min_variance,DD,0.0
2023-05-01,equity_min_variance,DD,0.0
2023-06-01,equity_min_variance,DD,0.0
2023-07-03,equity_min_variance,DD,2.7553027699351537e-13
2023-08-01,equity_min_variance,DD,1.2805091371276801e-12
2023-09-01,equity_min_variance,DD,3.361856606405386e-13
2023-10-02,equity_min_variance,DD,6.6710732240523075e-12
2023-11-01,equity_min_variance,DD,0.019015067754593246
2023-12-01,equity_min_variance,DD,0.007761800244825502
2021-01-04,equity_min_variance,DIS,4.743920868258182e-12
2021-02-01,equity_min_variance,DIS,1.417865793010423e-12
2021-03-01,equity_min_variance,DIS,0.0
2021-04-01,equity_min_variance,DIS,0.006928769618175022
2021-05-03,equity_min_variance,DIS,1.0123359246354276e-12
2021-06-01,equity_min_variance,DIS,0.009849603810567095
2021-07-01,equity_min_variance,DIS,0.015027634834238066
2021-08-02,equity_min_variance,DIS,0.01423487948434857
2021-09-01,equity_min_variance,DIS,0.013734759336530294
2021-10-01,equity_min_variance,DIS,0.00753715569045745
2021-11-01,equity_min_variance,DIS,7.508829003431149e-14
2021-12-01,equity_min_variance,DIS,0.004958790004711302
2022-01-03,equity_min_variance,DIS,0.024784362971736792
2022-02-01,equity_min_variance,DIS,0.01468558009501037
2022-03-01,equity_min_variance,DIS,0.06781637515692142
2022-04-01,equity_min_variance,DIS,0.04941213934636718
2022-05-02,equity_min_variance,DIS,0.039374923514111086
2022-06-01,equity_min_variance,DIS,0.057953589059724614
2022-07-01,equity_min_variance,DIS,0.05260608941931905
2022-08-01,equity_min_variance,DIS,0.051882334209001985
2022-09-01,equity_min_variance,DIS,0.029859794789119532
2022-10-03,equity_min_variance,DIS,0.0
2022-11-01,equity_min_variance,DIS,1.2027583852688958e-11
2022-12-01,equity_min_variance,DIS,6.49764500845991e-14
2023-01-03,equity_min_variance,DIS,0.0
2023-02-01,equity_min_variance,DIS,0.0
2023-03-01,equity_min_variance,DIS,5.967106409783515e-14
2023-04-03,equity_min_variance,DIS,0.0
2023-05-01,equity_min_variance,DIS,0.0
2023-06-01,equity_min_variance,DIS,8.341461726051448e-13
2023-07-03,equity_min_variance,DIS,6.8096456184334615e-12
2023-08-01,equity_min_variance,DIS,8.917263359200686e-13
2023-09-01,equity_min_variance,DIS,7.838301332850431e-13
2023-10-02,equity_min_variance,DIS,0.0
2023-11-01,equity_min_variance,DIS,3.204728141295902e-14
2023-12-01,equity_min_variance,DIS,0.0
2021-01-04,equity_min_variance,DOW,1.6487309005124384e-09
2021-02-01,equity_min_variance,DOW,1.910161815585848e-09
2021-03-01,equity_min_variance,DOW,6.282416853389372e-10
2021-04-01,equity_min_variance,DOW,3.174025520082062e-10
2021-05-03,equity_min_variance,DOW,4.1692859151128356e-11
2021-06-01,equity_min_variance,DOW,2.020512016298065e-12
2021-07-01,equity_min_variance,DOW,9.938832639439442e-13
2021-08-02,equity_min_variance,DOW,1.526359473078636e-13
2021-09-01,equity_min_variance,DOW,0.0
2021-10-01,equity_min_variance,DOW,0.0
2021-11-01,equity_min_variance,DOW,9.89768955453484e-15
2021-12-01,equity_min_variance,DOW,1.9242456855521895e-12
2022-01-03,equity_min_variance,DOW,1.2496979677652843e-12
2022-02-01,equity_min_variance,DOW,2.941910493886156e-12
2022-03-01,equity_min_variance,DOW,7.576198204686038e-12
2022-04-01,equity_min_variance,DOW,1.3159565919250426e-11
2022-05-02,equity_min_variance,DOW,3.818816483321717e-13
2022-06-01,equity_min_variance,DOW,3.0112516523175305e-13
2022-07-01,equity_min_variance,DOW,2.807162848382955e-13
2022-08-01,equity_min_variance,DOW,5.522006284704213e-14
2022-09-01,equity_min_variance,DOW,1.7043839767481164e-13
2022-10-03,equity_min_variance,DOW,0.0
2022-11-01,equity_min_variance,DOW,5.256857761054534e-12
2022-12-01,equity_min_variance,DOW,1.3959701374613313e-15
2023-01-03,equity_min_variance,DOW,0.0
2023-02-01,equity_min_variance,DOW,0.0
2023-03-01,equity_min_variance,DOW,8.806803488219751e-13
2023-04-03,equity_min_variance,DOW,0.0
2023-05-01,equity_min_variance,DOW,0.0
2023-06-01,equity_min_variance,DOW,0.0
2023-07-03,equity_min_variance,DOW,0.0
2023-08-01,equity_min_variance,DOW,5.383487307860429e-12
2023-09-01,equity_min_variance,DOW,1.197697887846476e-12
2023-10-02,equity_min_variance,DOW,9.34741370942317e-12
2023-11-01,equity_min_variance,DOW,1.4572972082069904e-12
2023-12-01,equity_min_variance,DOW,0.0
2021-01-04,equity_min_variance,DUK,8.968229334714728e-10
2021-02-01,equity_min_variance,DUK,7.077187643623952e-10
2021-03-01,equity_min_variance,DUK,3.8577185876008275e-10
2021-04-01,equity_min_variance,DUK,1.0802212954990261e-11
2021-05-03,equity_min_variance,DUK,0.012681318240658851
2021-06-01,equity_min_variance,DUK,0.01110767526311895
2021-07-01,equity_min_variance,DUK,1.8075996383465013e-14
2021-08-02,equity_min_variance,DUK,0.006491410180194036
2021-09-01,equity_min_variance,DUK,0.004204213406835005
2021-10-01,equity_min_variance,DUK,0.04354436333395837
2021-11-01,equity_min_variance,DUK,0.053202707531140085
2021-12-01,equity_min_variance,DUK,0.06556309006167953
2022-01-03,equity_min_variance,DUK,0.07221539954171567
2022-02-01,equity_min_variance,DUK,0.05556382013731072
2022-03-01,equity_min_variance,DUK,0.0037816432204536995
2022-04-01,equity_min_variance,DUK,0.012381307766830218
2022-05-02,equity_min_variance,DUK,0.09004694078981947
2022-06-01,equity_min_variance,DUK,0.1696209564516186
2022-07-01,equity_min_variance,DUK,0.17847316610886074
2022-08-01,equity_min_variance,DUK,0.1642616681626143
2022-09-01,equity_min_variance,DUK,0.11685196280300178
2022-10-03,equity_min_variance,DUK,0.0578572559747727
2022-11-01,equity_min_variance,DUK,0.019413398016632805
2022-12-01,equity_min_variance,DUK,0.017230386466121524
2023-01-03,equity_min_variance,DUK,0.020424351953492716
2023-02-01,equity_min_variance,DUK,0.0077114021155712965
2023-03-01,equity_min_variance,DUK,0.04953327622184721
2023-04-03,equity_min_variance,DUK,0.008231649970505198
2023-05-01,equity_min_variance,DUK,0.0
2023-06-01,equity_min_variance,DUK,3.9623662660504503e-13
2023-07-03,equity_min_variance,DUK,2.722762119119752e-12
2023-08-01,equity_min_variance,DUK,2.194525402659847e-14
2023-09-01,equity_min_variance,DUK,1.8114330873121124e-13
2023-10-02,equity_min_variance,DUK,0.0
2023-11-01,equity_min_variance,DUK,0.0
2023-12-01,equity_min_variance,DUK,0.0
2021-01-04,equity_min_variance,EA,0.07660268889579254
2021-02-01,equity_min_variance,EA,0.08964874603180127
2021-03-01,equity_min_variance,EA,0.09409623838516394
2021-04-01,equity_min_variance,EA,0.09341841795859689
2021-05-03,equity_min_variance,EA,0.06183962132939135
2021-06-01,equity_min_variance,EA,0.06244685665717313
2021-07-01,equity_min_variance,EA,0.025567891258457796
2021-08-02,equity_min_variance,EA,0.023061690630333014
2021-09-01,equity_min_variance,EA,0.022562198072416988
2021-10-01,equity_min_variance,EA,0.04549888744943159
2021-11-01,equity_min_variance,EA,0.05266939064945392
2021-12-01,equity_min_variance,EA,0.06809887750133013
2022-01-03,equity_min_variance,EA,0.0597714139837481
2022-02-01,equity_min_variance,EA,0.06327780081705053
2022-03-01,equity_min_variance,EA,0.06825940624112263
2022-04-01,equity_min_variance,EA,0.0747749629983878
2022-05-02,equity_min_variance,EA,0.09419413371912898
2022-06-01,equity_min_variance,EA,0.09250512146982298
2022-07-01,equity_min_variance,EA,0.09116528999018889
2022-08-01,equity_min_variance,EA,0.09566760257818022
2022-09-01,equity_min_variance,EA,0.10190925857509564
2022-10-03,equity_min_variance,EA,0.09469091905973331
2022-11-01,equity_min_variance,EA,0.1053445718177475
2022-12-01,equity_min_variance,EA,0.1092330866657403
2023-01-03,equity_min_variance,EA,0.1068794421603151
2023-02-01,equity_min_variance,EA,0.1348225738810565
2023-03-01,equity_min_variance,EA,0.09495747536267476
2023-04-03,equity_min_variance,EA,0.10578965156847082
2023-05-01,equity_min_variance,EA,0.07952257311061899
2023-06-01,equity_min_variance,EA,0.1327573595844618
2023-07-03,equity_min_variance,EA,0.12883912416539467
2023-08-01,equity_min_variance,EA,0.11660150611477657
2023-09-01,equity_min_variance,EA,0.07963945564338883
2023-10-02,equity_min_variance,EA,0.0832427343104363
2023-11-01,equity_min_variance,EA,0.06702595932788238
2023-12-01,equity_min_variance,EA,0.04239262356356966
2021-01-04,equity_min_variance,GE,2.2503202930531553e-12
2021-02-01,equity_min_variance,GE,4.856636146374642e-13
2021-03-01,equity_min_variance,GE,0.0
2021-04-01,equity_min_variance,GE,3.2466522891387492e-12
2021-05-03,equity_min_variance,GE,1.2758340733514401e-12
2021-06-01,equity_min_variance,GE,0.0
2021-07-01,equity_min_variance,GE,2.570327643142015e-12
2021-08-02,equity_min_variance,GE,1.877829074728632e-13
2021-09-01,equity_min_variance,GE,8.177669110407683e-13
2021-10-01,equity_min_variance,GE,0.0
2021-11-01,equity_min_variance,GE,5.158389562054148e-15
2021-12-01,equity_min_variance,GE,0.0
2022-01-03,equity_min_variance,GE,2.2127267277258773e-17
2022-02-01,equity_min_variance,GE,6.589049699926543e-13
2022-03-01,equity_min_variance,GE,8.87243875471882e-12
2022-04-01,equity_min_variance,GE,6.107717588767145e-12
2022-05-02,equity_min_variance,GE,2.4783075994129077e-12
2022-06-01,equity_min_variance,GE,0.0
2022-07-01,equity_min_variance,GE,0.0
2022-08-01,equity_min_variance,GE,8.031896078172137e-13
2022-09-01,equity_min_variance,GE,1.2434635324970988e-13
2022-10-03,equity_min_variance,GE,9.800938360397852e-13
2022-11-01,equity_min_variance,GE,9.243575088057461e-14
2022-12-01,equity_min_variance,GE,2.1284834394627872e-13
2023-01-03,equity_min_variance,GE,0.0
2023-02-01,equity_min_variance,GE,0.0
2023-03-01,equity_min_variance,GE,7.19084713341557e-14
2023-04-03,equity_min_variance,GE,0.0
2023-05-01,equity_min_variance,GE,0.0
2023-06-01,equity_min_variance,GE,0.0
2023-07-03,equity_min_variance,GE,0.0
2023-08-01,equity_min_variance,GE,9.040171029521656e-12
2023-09-01,equity_min_variance,GE,2.2924894729503783e-12
2023-10-02,equity_min_variance,GE,0.0035690997865095446
2023-11-01,equity_min_variance,GE,0.007847052969937067
2023-12-01,equity_min_variance,GE,0.01172365702513542
2021-01-04,equity_min_variance,GILD,0.13338345802486706
2021-02-01,equity_min_variance,GILD,0.12551963493181492
2021-03-01,equity_min_variance,GILD,0.134243176787048
2021-04-01,equity_min_variance,GILD,0.057042446690116815
2021-05-03,equity_min_variance,GILD,0.044803105533627444
2021-06-01,equity_min_variance,GILD,0.05908744392565038
2021-07-01,equity_min_variance,GILD,0.03079665814096297
2021-08-02,equity_min_variance,GILD,0.024932487499717538
2021-09-01,equity_min_variance,GILD,0.01885554734350376
2021-10-01,equity_min_variance,GILD,0.0062428425742016265
2021-11-01,equity_min_variance,GILD,0.04498469593317368
2021-12-01,equity_min_variance,GILD,0.03934537648737188
2022-01-03,equity_min_variance,GILD,0.06951355545208993
2022-02-01,equity_min_variance,GILD,0.06833713602290599
2022-03-01,equity_min_variance,GILD,0.14105808511491003
2022-04-01,equity_min_variance,GILD,0.14202160098526959
2022-05-02,equity_min_variance,GILD,0.12896426663732394
2022-06-01,equity_min_variance,GILD,0.17028431685557377
2022-07-01,equity_min_variance,GILD,0.17564006737803337
2022-08-01,equity_min_variance,GILD,0.16902315563657513
2022-09-01,equity_min_variance,GILD,0.1425271416515661
2022-10-03,equity_min_variance,GILD,0.09747118074577733
2022-11-01,equity_min_variance,GILD,0.038139878777175736
2022-12-01,equity_min_variance,GILD,0.03165647989061554
2023-01-03,equity_min_variance,GILD,0.011953911775205979
2023-02-01,equity_min_variance,GILD,0.0
2023-03-01,equity_min_variance,GILD,2.372872379251737e-12
2023-04-03,equity_min_variance,GILD,3.4182206979111298e-12
2023-05-01,equity_min_variance,GILD,8.249316968610847e-13
2023-06-01,equity_min_variance,GILD,5.477790494643064e-13
2023-07-03,equity_min_variance,GILD,4.895241601221033e-12
2023-08-01,equity_min_variance,GILD,1.0397314147596833e-13
2023-09-01,equity_min_variance,GILD,1.2808260856954296e-13
2023-10-02,equity_min_variance,GILD,0.0
2023-11-01,equity_min_variance,GILD,0.0
2023-12-01,equity_min_variance,GILD,4.068012661315138e-12
2021-01-04,equity_min_variance,GS,7.97066443739125e-12
2021-02-01,equity_min_variance,GS,1.3512631440699392e-11
2021-03-01,equity_min_variance,GS,0.0
2021-04-01,equity_min_variance,GS,7.47754387698666e-12
2021-05-03,equity_min_variance,GS,5.291266206528385e-13
2021-06-01,equity_min_variance,GS,0.0
2021-07-01,equity_min_variance,GS,0.02085937656147492
2021-08-02,equity_min_variance,GS,0.022522425817644118
2021-09-01,equity_min_variance,GS,0.03121097294947256
2021-10-01,equity_min_variance,GS,0.044150263322524426
2021-11-01,equity_min_variance,GS,0.0629532405141991
2021-12-01,equity_min_variance,GS,0.05158087401259156
2022-01-03,equity_min_variance,GS,0.04465381352211233
2022-02-01,equity_min_variance,GS,0.0023730008018304394
2022-03-01,equity_min_variance,GS,0.0011945342283807172
2022-04-01,equity_min_variance,GS,3.8136742475236265e-16
2022-05-02,equity_min_variance,GS,4.4142747131438245e-13
2022-06-01,equity_min_variance,GS,1.5104769860413273e-12
2022-07-01,equity_min_variance,GS,3.4669695930213363e-13
2022-08-01,equity_min_variance,GS,2.55493883621232e-14
2022-09-01,equity_min_variance,GS,3.7940380403475343e-13
2022-10-03,equity_min_variance,GS,0.0
2022-11-01,equity_min_variance,GS,2.4349661925665223e-12
2022-12-01,equity_min_variance,GS,1.0930643649881153e-15
2023-01-03,equity_min_variance,GS,0.0
2023-02-01,equity_min_variance,GS,0.0
2023-03-01,equity_min_variance,GS,7.764747994921274e-13
2023-04-03,equity_min_variance,GS,0.0
2023-05-01,equity_min_variance,GS,0.0
2023-06-01,equity_min_variance,GS,0.0
2023-07-03,equity_min_variance,GS,0.0
2023-08-01,equity_min_variance,GS,8.553228416749674e-12
2023-09-01,equity_min_variance,GS,2.0194927536916504e-12
2023-10-02,equity_min_variance,GS,8.693736264533838e-12
2023-11-01,equity_min_variance,GS,0.005379958163539905
2023-12-01,equity_min_variance,GS,0.0
2021-01-04,equity_min_variance,INTC,3.0917125429597875e-09
2021-02-01,equity_min_variance,INTC,3.3604008757200636e-09
2021-03-01,equity_min_variance,INTC,1.2110848460576146e-09
2021-04-01,equity_min_variance,INTC,2.3398680392289273e-10
2021-05-03,equity_min_variance,INTC,2.015212379482957e-13
2021-06-01,equity_min_variance,INTC,0.0
2021-07-01,equity_min_variance,INTC,7.817875213247661e-13
2021-08-02,equity_min_variance,INTC,1.3569462212986857e-12
2021-09-01,equity_min_variance,INTC,0.0
2021-10-01,equity_min_variance,INTC,0.0020575755086620464
2021-11-01,equity_min_variance,INTC,7.197158322477242e-05
2021-12-01,equity_min_variance,INTC,0.006508220483950859
2022-01-03,equity_min_variance,INTC,0.007757426987065331
2022-02-01,equity_min_variance,INTC,0.013727737378010346
2022-03-01,equity_min_variance,INTC,8.324233979377406e-06
2022-04-01,equity_min_variance,INTC,0.001420722674332938
2022-05-02,equity_min_variance,INTC,0.0
2022-06-01,equity_min_variance,INTC,0.003099508904126014
2022-07-01,equity_min_variance,INTC,5.674814408911982e-13
2022-08-01,equity_min_variance,INTC,6.535014004629801e-14
2022-09-01,equity_min_variance,INTC,3.5857568744331037e-13
2022-10-03,equity_min_variance,INTC,0.0
2022-11-01,equity_min_variance,INTC,1.2586393824098246e-13
2022-12-01,equity_min_variance,INTC,2.5060274404705577e-11
2023-01-03,equity_min_variance,INTC,3.12740969963641e-11
2023-02-01,equity_min_variance,INTC,6.456957178978314e-11
2023-03-01,equity_min_variance,INTC,2.1507563181809136e-11
2023-04-03,equity_min_variance,INTC,1.7655264564904536e-11
2023-05-01,equity_min_variance,INTC,1.9306962405622e-11
2023-06-01,equity_min_variance,INTC,1.2555269756567043e-12
2023-07-03,equity_min_variance,INTC,7.062404730511069e-12
2023-08-01,equity_min_variance,INTC,1.01918062132936e-12
2023-09-01,equity_min_variance,INTC,1.0581494957445318e-12
2023-10-02,equity_min_variance,INTC,0.0
2023-11-01,equity_min_variance,INTC,1.1061389814067649e-12
2023-12-01,equity_min_variance,INTC,0.002993741098080776
2021-01-04,equity_min_variance,KO,6.1755880159233124e-12
2021-02-01,equity_min_variance,KO,2.010793329887598e-12
2021-03-01,equity_min_variance,KO,0.0
2021-04-01,equity_min_variance,KO,5.37004782595535e-12
2021-05-03,equity_min_variance,KO,6.936052255170289e-13
2021-06-01,equity_min_variance,KO,0.0
2021-07-01,equity_min_variance,KO,3.001712135471394e-14
2021-08-02,equity_min_variance,KO,8.537317032847171e-13
2021-09-01,equity_min_variance,KO,0.0
2021-10-01,equity_min_variance,KO,1.0230107057266176e-13
2021-11-01,equity_min_variance,KO,0.06522802555020478
2021-12-01,equity_min_variance,KO,0.03283209627014984
2022-01-03,equity_min_variance,KO,0.02434828576065515
2022-02-01,equity_min_variance,KO,0.029315264385115697
2022-03-01,equity_min_variance,KO,0.08960290937627202
2022-04-01,equity_min_variance,KO,0.08692917928463054
2022-05-02,equity_min_variance,KO,0.11073969575688161
2022-06-01,equity_min_variance,KO,1.3041021877195224e-13
2022-07-01,equity_min_variance,KO,0.029654641340031433
2022-08-01,equity_min_variance,KO,0.026063401129800916
2022-09-01,equity_min_variance,KO,0.03237065900429373
2022-10-03,equity_min_variance,KO,0.06299165841326516
2022-11-01,equity_min_variance,KO,0.08176791895733368
2022-12-01,equity_min_variance,KO,0.0987407678256761
2023-01-03,equity_min_variance,KO,0.09483656568360459
2023-02-01,equity_min_variance,KO,0.07930902233594228
2023-03-01,equity_min_variance,KO,0.08438229555681126
2023-04-03,equity_min_variance,KO,0.13575555059224007
2023-05-01,equity_min_variance,KO,0.15462992060338615
2023-06-01,equity_min_variance,KO,0.19999999999658907
2023-07-03,equity_min_variance,KO,0.19999999997627538
2023-08-01,equity_min_variance,KO,0.19999999996490314
2023-09-01,equity_min_variance,KO,0.1999999999891995
2023-10-02,equity_min_variance,KO,0.1999999999673494
2023-11-01,equity_min_variance,KO,0.17898240534506843
2023-12-01,equity_min_variance,KO,0.18796781262967838
2021-01-04,equity_min_variance,MMM,0.08162336017820218
2021-02-01,equity_min_variance,MMM,0.10309590065866138
2021-03-01,equity_min_variance,MMM,0.07830935733939591
2021-04-01,equity_min_variance,MMM,0.10733651134636936
2021-05-03,equity_min_variance,MMM,0.07094300443219968
2021-06-01,equity_min_variance,MMM,0.08498792177821267
2021-07-01,equity_min_variance,MMM,0.09462550838203944
2021-08-02,equity_min_variance,MMM,0.08188937391256432
2021-09-01,equity_min_variance,MMM,0.0744621585730425
2021-10-01,equity_min_variance,MMM,0.0828595920893092
2021-11-01,equity_min_variance,MMM,0.06318771491410412
2021-12-01,equity_min_variance,MMM,0.06330573443487698
2022-01-03,equity_min_variance,MMM,0.07630208075464594
2022-02-01,equity_min_variance,MMM,0.01734923628967184
2022-03-01,equity_min_variance,MMM,4.477062138561052e-12
2022-04-01,equity_min_variance,MMM,6.87335370067141e-12
2022-05-02,equity_min_variance,MMM,2.253527230931291e-12
2022-06-01,equity_min_variance,MMM,0.0
2022-07-01,equity_min_variance,MMM,0.0025674658364575947
2022-08-01,equity_min_variance,MMM,0.03210487674852845
2022-09-01,equity_min_variance,MMM,4.629694155785954e-13
2022-10-03,equity_min_variance,MMM,0.020458815893723132
2022-11-01,equity_min_variance,MMM,6.950160880636677e-12
2022-12-01,equity_min_variance,MMM,3.9071717138221956e-15
2023-01-03,equity_min_variance,MMM,0.0
2023-02-01,equity_min_variance,MMM,0.0
2023-03-01,equity_min_variance,MMM,9.765253066919517e-13
2023-04-03,equity_min_variance,MMM,0.0
2023-05-01,equity_min_variance,MMM,0.0
2023-06-01,equity_min_variance,MMM,0.0
2023-07-03,equity_min_variance,MMM,0.0
2023-08-01,equity_min_variance,MMM,1.985981804070414e-13
2023-09-01,equity_min_variance,MMM,1.3961726050092938e-13
2023-10-02,equity_min_variance,MMM,0.0
2023-11-01,equity_min_variance,MMM,3.520702493167196e-14
2023-12-01,equity_min_variance,MMM,3.675027168728152e-12
2021-01-04,equity_min_variance,MRK,0.06198849279812452
2021-02-01,equity_min_variance,MRK,0.07011637651578206
2021-03-01,equity_min_variance,MRK,0.023249550164951824
2021-04-01,equity_min_variance,MRK,0.04875244637834853
2021-05-03,equity_min_variance,MRK,0.10716307053064393
2021-06-01,equity_min_variance,MRK,0.11729897894790284
2021-07-01,equity_min_variance,MRK,0.13526788773809706
2021-08-02,equity_min_variance,MRK,0.14404994094646276
2021-09-01,equity_min_variance,MRK,0.1303686084713594
2021-10-01,equity_min_variance,MRK,0.14595675023599783
2021-11-01,equity_min_variance,MRK,0.07297806805281341
2021-12-01,equity_min_variance,MRK,0.03318974558659972
2022-01-03,equity_min_variance,MRK,0.048452341061547874
2022-02-01,equity_min_variance,MRK,0.06284311207562053
2022-03-01,equity_min_variance,MRK,0.0473886610721508
2022-04-01,equity_min_variance,MRK,0.051126268940861475
2022-05-02,equity_min_variance,MRK,0.05524363783490045
2022-06-01,equity_min_variance,MRK,0.0733385988554965
2022-07-01,equity_min_variance,MRK,0.061680708187680344
2022-08-01,equity_min_variance,MRK,0.061997377223820274
2022-09-01,equity_min_variance,MRK,0.06466898659355244
2022-10-03,equity_min_variance,MRK,0.0784923815732976
2022-11-01,equity_min_variance,MRK,0.1341410956814714
2022-12-01,equity_min_variance,MRK,0.19999999994643117
2023-01-03,equity_min_variance,MRK,0.19999999989863967
2023-02-01,equity_min_variance,MRK,0.19999999987204023
2023-03-01,equity_min_variance,MRK,0.19999999995282186
2023-04-03,equity_min_variance,MRK,0.18903137875360068
2023-05-01,equity_min_variance,MRK,0.17703822523953872
2023-06-01,equity_min_variance,MRK,0.1719119746337175
2023-07-03,equity_min_variance,MRK,0.18362566415185289
2023-08-01,equity_min_variance,MRK,0.16479543952944561
2023-09-01,equity_min_variance,MRK,0.15101478865136395
2023-10-02,equity_min_variance,MRK,0.13121272142612095
2023-11-01,equity_min_variance,MRK,0.12172895838712067
2023-12-01,equity_min_variance,MRK,0.10349834690929394
2021-01-04,equity_min_variance,MS,1.502239388060327e-09
2021-02-01,equity_min_variance,MS,1.7141146852930906e-09
2021-03-01,equity_min_variance,MS,7.155961335251802e-10
2021-04-01,equity_min_variance,MS,4.282975943573208e-11
2021-05-03,equity_min_variance,MS,6.554405751501775e-14
2021-06-01,equity_min_variance,MS,0.0
2021-07-01,equity_min_variance,MS,1.331263638968276e-15
2021-08-02,equity_min_variance,MS,1.5450946988307e-12
2021-09-01,equity_min_variance,MS,6.593299046230425e-15
2021-10-01,equity_min_variance,MS,0.0
2021-11-01,equity_min_variance,MS,3.7012736147269954e-14
2021-12-01,equity_min_variance,MS,0.0
2022-01-03,equity_min_variance,MS,5.51341101782969e-17
2022-02-01,equity_min_variance,MS,0.02132337696795466
2022-03-01,equity_min_variance,MS,0.011028332696633837
2022-04-01,equity_min_variance,MS,4.1292177789692004e-16
2022-05-02,equity_min_variance,MS,5.996108297087761e-13
2022-06-01,equity_min_variance,MS,1.7158311342027864e-13
2022-07-01,equity_min_variance,MS,1.6737459427337094e-13
2022-08-01,equity_min_variance,MS,1.283836105583743e-16
2022-09-01,equity_min_variance,MS,1.5031680835266922e-13
2022-10-03,equity_min_variance,MS,0.0
2022-11-01,equity_min_variance,MS,6.073978788563939e-14
2022-12-01,equity_min_variance,MS,1.172704586257902e-13
2023-01-03,equity_min_variance,MS,0.0
2023-02-01,equity_min_variance,MS,0.0
2023-03-01,equity_min_variance,MS,1.906446004043458e-13
2023-04-03,equity_min_variance,MS,0.0
2023-05-01,equity_min_variance,MS,0.0
2023-06-01,equity_min_variance,MS,0.0
2023-07-03,equity_min_variance,MS,0.0
2023-08-01,equity_min_variance,MS,1.1724332486169855e-11
2023-09-01,equity_min_variance,MS,2.22003663051115e-12
2023-10-02,equity_min_variance,MS,9.99599781495991e-12
2023-11-01,equity_min_variance,MS,2.365488122828638e-12
2023-12-01,equity_min_variance,MS,0.0
2021-01-04,equity_min_variance,NEE,1.3770817504851064e-09
2021-02-01,equity_min_variance,NEE,1.591315886760769e-09
2021-03-01,equity_min_variance,NEE,6.965982978335388e-10
2021-04-01,equity_min_variance,NEE,3.340601876523258e-10
2021-05-03,equity_min_variance,NEE,3.279587577917724e-11
2021-06-01,equity_min_variance,NEE,6.0343668829073536e-12
2021-07-01,equity_min_variance,NEE,3.449916454684366e-12
2021-08-02,equity_min_variance,NEE,4.7653075687362015e-14
2021-09-01,equity_min_variance,NEE,1.3923481534130865e-12
2021-10-01,equity_min_variance,NEE,3.4198234744234897e-12
2021-11-01,equity_min_variance,NEE,1.2196614268242016e-14
2021-12-01,equity_min_variance,NEE,3.2910507677668672e-12
2022-01-03,equity_min_variance,NEE,9.629977777411883e-13
2022-02-01,equity_min_variance,NEE,2.54290945405145e-12
2022-03-01,equity_min_variance,NEE,1.6788104885865935e-12
2022-04-01,equity_min_variance,NEE,0.01865393233647867
2022-05-02,equity_min_variance,NEE,0.0
2022-06-01,equity_min_variance,NEE,0.0
2022-07-01,equity_min_variance,NEE,0.0
2022-08-01,equity_min_variance,NEE,1.536728017205859e-12
2022-09-01,equity_min_variance,NEE,1.8161377106912286e-14
2022-10-03,equity_min_variance,NEE,0.0
2022-11-01,equity_min_variance,NEE,3.623594372472439e-12
2022-12-01,equity_min_variance,NEE,1.6282844534115703e-15
2023-01-03,equity_min_variance,NEE,0.0
2023-02-01,equity_min_variance,NEE,0.0
2023-03-01,equity_min_variance,NEE,4.233380372959862e-13
2023-04-03,equity_min_variance,NEE,0.0
2023-05-01,equity_min_variance,NEE,1.8953818196160314e-12
2023-06-01,equity_min_variance,NEE,8.362007618538406e-13
2023-07-03,equity_min_variance,NEE,2.7006217071850803e-12
2023-08-01,equity_min_variance,NEE,1.5121021904045525e-13
2023-09-01,equity_min_variance,NEE,2.611058001564831e-13
2023-10-02,equity_min_variance,NEE,0.0
2023-11-01,equity_min_variance,NEE,5.6691181201554515e-14
2023-12-01,equity_min_variance,NEE,8.360752784705701e-12
2021-01-04,equity_min_variance,NEM,0.13855423519865268
2021-02-01,equity_min_variance,NEM,0.1299464806032119
2021-03-01,equity_min_variance,NEM,0.1326098205611765
2021-04-01,equity_min_variance,NEM,0.004332636912237108
2021-05-03,equity_min_variance,NEM,0.002145743597039339
2021-06-01,equity_min_variance,NEM,3.206404354068269e-12
2021-07-01,equity_min_variance,NEM,4.301821121928112e-12
2021-08-02,equity_min_variance,NEM,1.3783288990262622e-13
2021-09-01,equity_min_variance,NEM,1.903581031474388e-12
2021-10-01,equity_min_variance,NEM,2.4054657626242906e-12
2021-11-01,equity_min_variance,NEM,0.0012076670700494048
2021-12-01,equity_min_variance,NEM,0.014433660995839478
2022-01-03,equity_min_variance,NEM,0.014042533910254318
2022-02-01,equity_min_variance,NEM,0.012808994796447457
2022-03-01,equity_min_variance,NEM,0.0215758010040349
2022-04-01,equity_min_variance,NEM,0.03480592090144497
2022-05-02,equity_min_variance,NEM,0.04800647711328662
2022-06-01,equity_min_variance,NEM,0.06282133281772061
2022-07-01,equity_min_variance,NEM,0.06176952074392946
2022-08-01,equity_min_variance,NEM,0.05946026358719106
2022-09-01,equity_min_variance,NEM,0.05949620589771907
2022-10-03,equity_min_variance,NEM,0.05562021677628149
2022-11-01,equity_min_variance,NEM,0.05531014637734386
2022-12-01,equity_min_variance,NEM,0.016170656909267816
2023-01-03,equity_min_variance,NEM,0.01553674445656994
2023-02-01,equity_min_variance,NEM,0.007567256892479672
2023-03-01,equity_min_variance,NEM,0.0012975824119494063
2023-04-03,equity_min_variance,NEM,0.005548476664908186
2023-05-01,equity_min_variance,NEM,0.004394756433693254
2023-06-01,equity_min_variance,NEM,0.0
2023-07-03,equity_min_variance,NEM,3.764880428249285e-13
2023-08-01,equity_min_variance,NEM,1.3476559721078478e-12
2023-09-01,equity_min_variance,NEM,7.244783393685445e-13
2023-10-02,equity_min_variance,NEM,0.0
2023-11-01,equity_min_variance,NEM,0.0
2023-12-01,equity_min_variance,NEM,0.011245758546109213
2021-01-04,equity_min_variance,NKE,0.002707065123211923
2021-02-01,equity_min_variance,NKE,1.932326590042845e-12
2021-03-01,equity_min_variance,NKE,0.0
2021-04-01,equity_min_variance,NKE,0.0003292844348430907
2021-05-03,equity_min_variance,NKE,0.027061668048187753
2021-06-01,equity_min_variance,NKE,0.025851199878065858
2021-07-01,equity_min_variance,NKE,0.03622692838060053
2021-08-02,equity_min_variance,NKE,0.0332387138947658
2021-09-01,equity_min_variance,NKE,0.029204753800235326
2021-10-01,equity_min_variance,NKE,2.8935563510617076e-13
2021-11-01,equity_min_variance,NKE,4.189945215794769e-14
2021-12-01,equity_min_variance,NKE,0.0007977389382438447
2022-01-03,equity_min_variance,NKE,0.009151790142129801
2022-02-01,equity_min_variance,NKE,0.01739158783736921
2022-03-01,equity_min_variance,NKE,0.022108771630565537
2022-04-01,equity_min_variance,NKE,0.013163817557337872
2022-05-02,equity_min_variance,NKE,0.0
2022-06-01,equity_min_variance,NKE,2.697601956168135e-12
2022-07-01,equity_min_variance,NKE,2.998462561323828e-13
2022-08-01,equity_min_variance,NKE,3.3090442360119023e-17
2022-09-01,equity_min_variance,NKE,3.81792156205011e-13
2022-10-03,equity_min_variance,NKE,1.757125625050173e-11
2022-11-01,equity_min_variance,NKE,1.8502850915445327e-13
2022-12-01,equity_min_variance,NKE,2.6958910664613728e-11
2023-01-03,equity_min_variance,NKE,6.97187984862975e-11
2023-02-01,equity_min_variance,NKE,1.0548285548580518e-10
2023-03-01,equity_min_variance,NKE,4.3649541713419884e-11
2023-04-03,equity_min_variance,NKE,3.569967521310921e-11
2023-05-01,equity_min_variance,NKE,3.4889189998885335e-11
2023-06-01,equity_min_variance,NKE,2.7165148675159712e-12
2023-07-03,equity_min_variance,NKE,1.2922871975920668e-11
2023-08-01,equity_min_variance,NKE,1.4187897294984286e-12
2023-09-01,equity_min_variance,NKE,1.4004213202621558e-12
2023-10-02,equity_min_variance,NKE,0.0
2023-11-01,equity_min_variance,NKE,7.375223972561732e-14
2023-12-01,equity_min_variance,NKE,5.499562408734322e-12
2021-01-04,equity_min_variance,NUE,1.114920576169779e-12
2021-02-01,equity_min_variance,NUE,4.33130091683106e-12
2021-03-01,equity_min_variance,NUE,0.0
2021-04-01,equity_min_variance,NUE,9.416696432101107e-13
2021-05-03,equity_min_variance,NUE,3.126134433725876e-11
2021-06-01,equity_min_variance,NUE,1.3638652174935363e-11
2021-07-01,equity_min_variance,NUE,4.8931138862274595e-12
2021-08-02,equity_min_variance,NUE,3.42606251027626e-13
2021-09-01,equity_min_variance,NUE,1.9265987348191702e-12
2021-10-01,equity_min_variance,NUE,4.036583556784534e-12
2021-11-01,equity_min_variance,NUE,2.485802481949042e-14
2021-12-01,equity_min_variance,NUE,5.143704244595448e-12
2022-01-03,equity_min_variance,NUE,1.453885151523359e-12
2022-02-01,equity_min_variance,NUE,6.013056673809559e-12
2022-03-01,equity_min_variance,NUE,2.59818970654777e-11
2022-04-01,equity_min_variance,NUE,2.778825224559452e-11
2022-05-02,equity_min_variance,NUE,9.61379327960591e-12
2022-06-01,equity_min_variance,NUE,0.0
2022-07-01,equity_min_variance,NUE,0.0
2022-08-01,equity_min_variance,NUE,8.496558514279766e-12
2022-09-01,equity_min_variance,NUE,2.2606521012591066e-13
2022-10-03,equity_min_variance,NUE,1.0721083240820983e-11
2022-11-01,equity_min_variance,NUE,2.2373876387275117e-13
2022-12-01,equity_min_variance,NUE,2.282437103306246e-11
2023-01-03,equity_min_variance,NUE,6.926496644939647e-11
2023-02-01,equity_min_variance,NUE,8.861461008396152e-11
2023-03-01,equity_min_variance,NUE,1.7059647455428866e-11
2023-04-03,equity_min_variance,NUE,9.15448559317708e-12
2023-05-01,equity_min_variance,NUE,6.956820857180479e-12
2023-06-01,equity_min_variance,NUE,6.281359342180055e-13
2023-07-03,equity_min_variance,NUE,3.364534935017149e-12
2023-08-01,equity_min_variance,NUE,5.435316147262738e-13
2023-09-01,equity_min_variance,NUE,4.822430091675499e-13
2023-10-02,equity_min_variance,NUE,0.0
2023-11-01,equity_min_variance,NUE,7.442031231474441e-14
2023-12-01,equity_min_variance,NUE,6.095596036076641e-12
2021-01-04,equity_min_variance,NVDA,5.4423255542003284e-09
2021-02-01,equity_min_variance,NVDA,5.887243735858096e-09
2021-03-01,equity_min_variance,NVDA,2.1284490388815586e-09
2021-04-01,equity_min_variance,NVDA,1.540175603833498e-09
2021-05-03,equity_min_variance,NVDA,1.6134252681293036e-10
2021-06-01,equity_min_variance,NVDA,1.8211641528630526e-11
2021-07-01,equity_min_variance,NVDA,3.4604170232852003e-12
2021-08-02,equity_min_variance,NVDA,1.060502186183104e-13
2021-09-01,equity_min_variance,NVDA,1.3519230356700565e-12
2021-10-01,equity_min_variance,NVDA,0.0
2021-11-01,equity_min_variance,NVDA,9.270657595324413e-14
2021-12-01,equity_min_variance,NVDA,4.145530720605808e-13
2022-01-03,equity_min_variance,NVDA,7.931527513501472e-17
2022-02-01,equity_min_variance,NVDA,2.9503793225738363e-12
2022-03-01,equity_min_variance,NVDA,4.6744245094789486e-12
2022-04-01,equity_min_variance,NVDA,6.324446194004287e-16
2022-05-02,equity_min_variance,NVDA,9.626551965720595e-14
2022-06-01,equity_min_variance,NVDA,0.0
2022-07-01,equity_min_variance,NVDA,0.0
2022-08-01,equity_min_variance,NVDA,6.163483580138043e-12
2022-09-01,equity_min_variance,NVDA,4.0023950053311753e-13
2022-10-03,equity_min_variance,NVDA,1.7658382491144282e-11
2022-11-01,equity_min_variance,NVDA,4.376497714875013e-13
2022-12-01,equity_min_variance,NVDA,6.249020144915668e-11
2023-01-03,equity_min_variance,NVDA,1.0612231603051616e-10
2023-02-01,equity_min_variance,NVDA,1.2697930180455925e-10
2023-03-01,equity_min_variance,NVDA,3.5985682530496665e-11
2023-04-03,equity_min_variance,NVDA,2.2158034937153264e-11
2023-05-01,equity_min_variance,NVDA,2.8142692175255925e-11
2023-06-01,equity_min_variance,NVDA,2.936652944104267e-13
2023-07-03,equity_min_variance,NVDA,0.0
2023-08-01,equity_min_variance,NVDA,4.7396756025375225e-12
2023-09-01,equity_min_variance,NVDA,2.970094464336692e-13
2023-10-02,equity_min_variance,NVDA,6.794314138943166e-12
2023-11-01,equity_min_variance,NVDA,0.0040882579844289
2023-12-01,equity_min_variance,NVDA,0.012061855146572013
2021-01-04,equity_min_variance,O,1.823641245039289e-12
2021-02-01,equity_min_variance,O,6.036083060399493e-13
2021-03-01,equity_min_variance,O,0.0
2021-04-01,equity_min_variance,O,2.389046132965831e-13
2021-05-03,equity_min_variance,O,2.704564033868803e-13
2021-06-01,equity_min_variance,O,4.498996559135994e-13
2021-07-01,equity_min_variance,O,2.1980978858300965e-12
2021-08-02,equity_min_variance,O,1.0292901516342445e-16
2021-09-01,equity_min_variance,O,5.846064651080082e-13
2021-10-01,equity_min_variance,O,1.883511320750862e-12
2021-11-01,equity_min_variance,O,3.366612350153156e-15
2021-12-01,equity_min_variance,O,0.004096437215399403
2022-01-03,equity_min_variance,O,0.006374752312626192
2022-02-01,equity_min_variance,O,0.008071766279829244
2022-03-01,equity_min_variance,O,0.005346171620980129
2022-04-01,equity_min_variance,O,0.00832526753399906
2022-05-02,equity_min_variance,O,0.0
2022-06-01,equity_min_variance,O,5.048588087810102e-13
2022-07-01,equity_min_variance,O,2.443647460673984e-13
2022-08-01,equity_min_variance,O,7.665601257169941e-14
2022-09-01,equity_min_variance,O,0.01906170251094635
2022-10-03,equity_min_variance,O,0.07275841573310055
2022-11-01,equity_min_variance,O,0.08277380405374764
2022-12-01,equity_min_variance,O,0.045214064180081816
2023-01-03,equity_min_variance,O,0.06204777399669809
2023-02-01,equity_min_variance,O,0.07471903877016878
2023-03-01,equity_min_variance,O,0.08686861386257477
2023-04-03,equity_min_variance,O,0.07280253969376502
2023-05-01,equity_min_variance,O,0.10253986357976899
2023-06-01,equity_min_variance,O,0.11193001317138619
2023-07-03,equity_min_variance,O,0.12902734572585917
2023-08-01,equity_min_variance,O,0.1309553318563333
2023-09-01,equity_min_variance,O,0.10988045508377428
2023-10-02,equity_min_variance,O,0.08792922004227981
2023-11-01,equity_min_variance,O,0.10051572377271664
2023-12-01,equity_min_variance,O,0.0845685291728202
2021-01-04,equity_min_variance,OXY,3.277787844251155e-10
2021-02-01,equity_min_variance,OXY,5.084514599998869e-10
2021-03-01,equity_min_variance,OXY,1.3872767458379097e-10
2021-04-01,equity_min_variance,OXY,8.368489828208184e-10
2021-05-03,equity_min_variance,OXY,1.8000952194772888e-10
2021-06-01,equity_min_variance,OXY,2.286067811642855e-11
2021-07-01,equity_min_variance,OXY,4.3428938620370654e-14
2021-08-02,equity_min_variance,OXY,5.5143513157906365e-12
2021-09-01,equity_min_variance,OXY,0.0
2021-10-01,equity_min_variance,OXY,0.002533767234695487
2021-11-01,equity_min_variance,OXY,0.004346065346823204
2021-12-01,equity_min_variance,OXY,0.0
2022-01-03,equity_min_variance,OXY,0.0038463693772907365
2022-02-01,equity_min_variance,OXY,2.2405206732954725e-14
2022-03-01,equity_min_variance,OXY,0.0041976156657047075
2022-04-01,equity_min_variance,OXY,7.134016263806858e-12
2022-05-02,equity_min_variance,OXY,2.7879786661005e-12
2022-06-01,equity_min_variance,OXY,0.0
2022-07-01,equity_min_variance,OXY,0.0
2022-08-01,equity_min_variance,OXY,1.4377624804041026e-11
2022-09-01,equity_min_variance,OXY,3.5082639450251955e-13
2022-10-03,equity_min_variance,OXY,2.5459199242814608e-11
2022-11-01,equity_min_variance,OXY,1.2113551949295775e-13
2022-12-01,equity_min_variance,OXY,2.8422756115334267e-12
2023-01-03,equity_min_variance,OXY,0.0
2023-02-01,equity_min_variance,OXY,1.9170912007017865e-11
2023-03-01,equity_min_variance,OXY,1.9369645787280073e-13
2023-04-03,equity_min_variance,OXY,0.0
2023-05-01,equity_min_variance,OXY,0.0
2023-06-01,equity_min_variance,OXY,4.853138122551247e-13
2023-07-03,equity_min_variance,OXY,0.004493404687858169
2023-08-01,equity_min_variance,OXY,0.01296325758873655
2023-09-01,equity_min_variance,OXY,0.018848959744197306
2023-10-02,equity_min_variance,OXY,0.014234814828601776
2023-11-01,equity_min_variance,OXY,7.124362649728887e-13
2023-12-01,equity_min_variance,OXY,0.0277712407297588
2021-01-04,equity_min_variance,PLD,1.5376237709845107e-09
2021-02-01,equity_min_variance,PLD,1.6292344901663439e-09
2021-03-01,equity_min_variance,PLD,6.420508288841548e-10
2021-04-01,equity_min_variance,PLD,6.751729659613029e-10
2021-05-03,equity_min_variance,PLD,7.064788376437775e-11
2021-06-01,equity_min_variance,PLD,1.189865189612963e-11
2021-07-01,equity_min_variance,PLD,5.217301236699899e-12
2021-08-02,equity_min_variance,PLD,1.8783211389603344e-13
2021-09-01,equity_min_variance,PLD,3.0823091438152828e-12
2021-10-01,equity_min_variance,PLD,4.906536252138002e-12
2021-11-01,equity_min_variance,PLD,1.3214313055895222e-14
2021-12-01,equity_min_variance,PLD,4.3386623091107455e-12
2022-01-03,equity_min_variance,PLD,1.7799984189870692e-12
2022-02-01,equity_min_variance,PLD,4.8328565696324465e-12
2022-03-01,equity_min_variance,PLD,1.0898748799852979e-11
2022-04-01,equity_min_variance,PLD,6.647158509230905e-12
2022-05-02,equity_min_variance,PLD,4.568510478124883e-12
2022-06-01,equity_min_variance,PLD,0.0
2022-07-01,equity_min_variance,PLD,0.0
2022-08-01,equity_min_variance,PLD,1.5043551527487818e-11
2022-09-01,equity_min_variance,PLD,3.223886267437524e-13
2022-10-03,equity_min_variance,PLD,3.9431563607019414e-11
2022-11-01,equity_min_variance,PLD,2.487909649320689e-13
2022-12-01,equity_min_variance,PLD,5.1181921767126526e-11
2023-01-03,equity_min_variance,PLD,9.010810832099124e-11
2023-02-01,equity_min_variance,PLD,1.2306645061263457e-10
2023-03-01,equity_min_variance,PLD,4.038997509631472e-11
2023-04-03,equity_min_variance,PLD,4.021966959077119e-11
2023-05-01,equity_min_variance,PLD,4.3697653852660804e-11
2023-06-01,equity_min_variance,PLD,2.3844484737168316e-12
2023-07-03,equity_min_variance,PLD,1.0061547026126501e-11
2023-08-01,equity_min_variance,PLD,9.331602763858529e-13
2023-09-01,equity_min_variance,PLD,8.976038289354918e-13
2023-10-02,equity_min_variance,PLD,0.0
2023-11-01,equity_min_variance,PLD,1.175828211101965e-13
2023-12-01,equity_min_variance,PLD,1.0251198874876417e-11
2021-01-04,equity_min_variance,PSA,0.0820886950767276
2021-02-01,equity_min_variance,PSA,0.08584289296318454
2021-03-01,equity_min_variance,PSA,0.11855900576379165
2021-04-01,equity_min_variance,PSA,0.12712495477886399
2021-05-03,equity_min_variance,PSA,0.06620042486092961
2021-06-01,equity_min_variance,PSA,0.08910119162520509
2021-07-01,equity_min_variance,PSA,0.10443326763235658
2021-08-02,equity_min_variance,PSA,0.10569525213991346
2021-09-01,equity_min_variance,PSA,0.11679217025462685
2021-10-01,equity_min_variance,PSA,0.09444774975751608
2021-11-01,equity_min_variance,PSA,0.1025349505702455
2021-12-01,equity_min_variance,PSA,0.12709291545638401
2022-01-03,equity_min_variance,PSA,0.11451552511942897
2022-02-01,equity_min_variance,PSA,0.10471603622965621
2022-03-01,equity_min_variance,PSA,0.0696740328166781
2022-04-01,equity_min_variance,PSA,0.048212111066502104
2022-05-02,equity_min_variance,PSA,8.157269550901015e-13
2022-06-01,equity_min_variance,PSA,0.0
2022-07-01,equity_min_variance,PSA,0.0
2022-08-01,equity_min_variance,PSA,5.69857464005714e-12
2022-09-01,equity_min_variance,PSA,1.1884051337549875e-13
2022-10-03,equity_min_variance,PSA,1.8020406416952125e-11
2022-11-01,equity_min_variance,PSA,3.79767760860028e-14
2022-12-01,equity_min_variance,PSA,1.9774213556997946e-11
2023-01-03,equity_min_variance,PSA,3.1438027518998425e-11
2023-02-01,equity_min_variance,PSA,3.5328263518766e-11
2023-03-01,equity_min_variance,PSA,6.899596741759903e-12
2023-04-03,equity_min_variance,PSA,4.060440343343003e-12
2023-05-01,equity_min_variance,PSA,1.6825931872320525e-12
2023-06-01,equity_min_variance,PSA,0.0
2023-07-03,equity_min_variance,PSA,0.0
2023-08-01,equity_min_variance,PSA,6.009859027889628e-12
2023-09-01,equity_min_variance,PSA,1.7484499880944077e-12
2023-10-02,equity_min_variance,PSA,1.4243317675299923e-13
2023-11-01,equity_min_variance,PSA,3.5693144699384834e-15
2023-12-01,equity_min_variance,PSA,0.0
2021-01-04,equity_min_variance,QCOM,1.8238447880029358e-09
2021-02-01,equity_min_variance,QCOM,2.0906713348189434e-09
2021-03-01,equity_min_variance,QCOM,8.012031132923264e-10
2021-04-01,equity_min_variance,QCOM,6.508512112344292e-10
2021-05-03,equity_min_variance,QCOM,1.0654410458590061e-10
2021-06-01,equity_min_variance,QCOM,1.2144602647339778e-11
2021-07-01,equity_min_variance,QCOM,1.3290122675375496e-12
2021-08-02,equity_min_variance,QCOM,1.9368153427496788e-13
2021-09-01,equity_min_variance,QCOM,2.2969921142765577e-12
2021-10-01,equity_min_variance,QCOM,4.871970550198405e-12
2021-11-01,equity_min_variance,QCOM,2.965259512663896e-14
2021-12-01,equity_min_variance,QCOM,1.342463011873634e-12
2022-01-03,equity_min_variance,QCOM,3.7985756553322647e-17
2022-02-01,equity_min_variance,QCOM,8.70321495078629e-13
2022-03-01,equity_min_variance,QCOM,7.1672120624730985e-12
2022-04-01,equity_min_variance,QCOM,1.03608080356672e-12
2022-05-02,equity_min_variance,QCOM,1.7181650384148913e-12
2022-06-01,equity_min_variance,QCOM,9.40661527892029e-13
2022-07-01,equity_min_variance,QCOM,4.821154781532559e-13
2022-08-01,equity_min_variance,QCOM,5.652794044954949e-14
2022-09-01,equity_min_variance,QCOM,9.80701410811839e-13
2022-10-03,equity_min_variance,QCOM,0.0
2022-11-01,equity_min_variance,QCOM,1.2842835404451596e-11
2022-12-01,equity_min_variance,QCOM,7.15804138985418e-12
2023-01-03,equity_min_variance,QCOM,1.7971609208188518e-11
2023-02-01,equity_min_variance,QCOM,3.373091033683423e-11
2023-03-01,equity_min_variance,QCOM,3.0582145703487347e-12
2023-04-03,equity_min_variance,QCOM,1.894686135730991e-12
2023-05-01,equity_min_variance,QCOM,8.787753908949645e-12
2023-06-01,equity_min_variance,QCOM,5.902341419672258e-15
2023-07-03,equity_min_variance,QCOM,3.179547222820989e-12
2023-08-01,equity_min_variance,QCOM,8.229799788845896e-13
2023-09-01,equity_min_variance,QCOM,8.808663400371718e-13
2023-10-02,equity_min_variance,QCOM,0.0
2023-11-01,equity_min_variance,QCOM,8.06279538304934e-14
2023-12-01,equity_min_variance,QCOM,4.209139462086913e-12
2021-01-04,equity_min_variance,SBUX,1.0130789612168855e-12
2021-02-01,equity_min_variance,SBUX,2.0907852285380989e-13
2021-03-01,equity_min_variance,SBUX,0.0
2021-04-01,equity_min_variance,SBUX,4.019170801289646e-12
2021-05-03,equity_min_variance,SBUX,1.00932467274382e-12
2021-06-01,equity_min_variance,SBUX,0.0
2021-07-01,equity_min_variance,SBUX,0.021878397051943204
2021-08-02,equity_min_variance,SBUX,0.014372020364309974
2021-09-01,equity_min_variance,SBUX,0.003946401415737048
2021-10-01,equity_min_variance,SBUX,0.02033401650880194
2021-11-01,equity_min_variance,SBUX,0.012960763311530845
2021-12-01,equity_min_variance,SBUX,0.011922410963416327
2022-01-03,equity_min_variance,SBUX,1.9361409658726735e-16
2022-02-01,equity_min_variance,SBUX,0.02447348301417918
2022-03-01,equity_min_variance,SBUX,9.31473609612932e-13
2022-04-01,equity_min_variance,SBUX,8.219622655358017e-13
2022-05-02,equity_min_variance,SBUX,0.0
2022-06-01,equity_min_variance,SBUX,0.0
2022-07-01,equity_min_variance,SBUX,0.0
2022-08-01,equity_min_variance,SBUX,2.3349723564723117e-12
2022-09-01,equity_min_variance,SBUX,5.924228984887749e-14
2022-10-03,equity_min_variance,SBUX,0.0
2022-11-01,equity_min_variance,SBUX,1.0397259252269382e-11
2022-12-01,equity_min_variance,SBUX,1.6149418346206084e-15
2023-01-03,equity_min_variance,SBUX,0.0
2023-02-01,equity_min_variance,SBUX,0.0
2023-03-01,equity_min_variance,SBUX,3.047330432635042e-14
2023-04-03,equity_min_variance,SBUX,0.0
2023-05-01,equity_min_variance,SBUX,0.0
2023-06-01,equity_min_variance,SBUX,1.3941470395978276e-13
2023-07-03,equity_min_variance,SBUX,8.583065137944812e-13
2023-08-01,equity_min_variance,SBUX,1.5073955057971473e-14
2023-09-01,equity_min_variance,SBUX,5.690728865311785e-13
2023-10-02,equity_min_variance,SBUX,0.0
2023-11-01,equity_min_variance,SBUX,2.6924338585510388e-14
2023-12-01,equity_min_variance,SBUX,5.249058271158372e-12
2021-01-04,equity_min_variance,SHW,4.519352758741884e-10
2021-02-01,equity_min_variance,SHW,4.345576290700992e-10
2021-03-01,equity_min_variance,SHW,2.1086294570235968e-10
2021-04-01,equity_min_variance,SHW,4.4017064054953123e-10
2021-05-03,equity_min_variance,SHW,4.5409427605368584e-11
2021-06-01,equity_min_variance,SHW,8.472211611254685e-12
2021-07-01,equity_min_variance,SHW,2.691526865833997e-12
2021-08-02,equity_min_variance,SHW,1.9764952958896053e-15
2021-09-01,equity_min_variance,SHW,1.152100642973191e-12
2021-10-01,equity_min_variance,SHW,1.2261120880526123e-12
2021-11-01,equity_min_variance,SHW,1.0481715707386615e-15
2021-12-01,equity_min_variance,SHW,0.02732573313492
2022-01-03,equity_min_variance,SHW,0.00751149093816759
2022-02-01,equity_min_variance,SHW,0.01138438938710706
2022-03-01,equity_min_variance,SHW,3.0415593192189516e-16
2022-04-01,equity_min_variance,SHW,0.008648870160235196
2022-05-02,equity_min_variance,SHW,0.06816857377934643
2022-06-01,equity_min_variance,SHW,0.05291463048434982
2022-07-01,equity_min_variance,SHW,0.027252308253498166
2022-08-01,equity_min_variance,SHW,0.02299680408769069
2022-09-01,equity_min_variance,SHW,0.02571700680990748
2022-10-03,equity_min_variance,SHW,0.013554624234289585
2022-11-01,equity_min_variance,SHW,7.29703343397275e-12
2022-12-01,equity_min_variance,SHW,8.328194489691035e-16
2023-01-03,equity_min_variance,SHW,0.0
2023-02-01,equity_min_variance,SHW,2.544546913609863e-11
2023-03-01,equity_min_variance,SHW,4.7404166521396806e-12
2023-04-03,equity_min_variance,SHW,8.449513608616367e-12
2023-05-01,equity_min_variance,SHW,1.7692655835120345e-11
2023-06-01,equity_min_variance,SHW,1.3323302565812666e-12
2023-07-03,equity_min_variance,SHW,7.319121052475463e-12
2023-08-01,equity_min_variance,SHW,7.962786619249745e-13
2023-09-01,equity_min_variance,SHW,8.58303745021274e-13
2023-10-02,equity_min_variance,SHW,0.0
2023-11-01,equity_min_variance,SHW,5.810168885374073e-14
2023-12-01,equity_min_variance,SHW,3.354443969077493e-12
2021-01-04,equity_min_variance,SLB,1.350442814379098e-11
2021-02-01,equity_min_variance,SLB,2.750813442530142e-11
2021-03-01,equity_min_variance,SLB,0.0
2021-04-01,equity_min_variance,SLB,4.8103080467988975e-11
2021-05-03,equity_min_variance,SLB,4.50555813958158e-11
2021-06-01,equity_min_variance,SLB,0.0
2021-07-01,equity_min_variance,SLB,3.72808612721879e-14
2021-08-02,equity_min_variance,SLB,1.9770205582267215e-12
2021-09-01,equity_min_variance,SLB,0.0
2021-10-01,equity_min_variance,SLB,0.001981437481385915
2021-11-01,equity_min_variance,SLB,1.5178809326807734e-13
2021-12-01,equity_min_variance,SLB,2.3958468711181762e-12
2022-01-03,equity_min_variance,SLB,1.1513647830816469e-12
2022-02-01,equity_min_variance,SLB,3.383325396470894e-12
2022-03-01,equity_min_variance,SLB,1.0477170218066213e-11
2022-04-01,equity_min_variance,SLB,7.645466961338355e-12
2022-05-02,equity_min_variance,SLB,5.525893186578306e-13
2022-06-01,equity_min_variance,SLB,0.0
2022-07-01,equity_min_variance,SLB,0.0
2022-08-01,equity_min_variance,SLB,4.638124707036923e-12
2022-09-01,equity_min_variance,SLB,1.4554593912257318e-13
2022-10-03,equity_min_variance,SLB,1.208452605787013e-11
2022-11-01,equity_min_variance,SLB,1.3436942965115685e-13
2022-12-01,equity_min_variance,SLB,1.1732962987604372e-13
2023-01-03,equity_min_variance,SLB,0.0
2023-02-01,equity_min_variance,SLB,0.0
2023-03-01,equity_min_variance,SLB,1.3837164830100389e-11
2023-04-03,equity_min_variance,SLB,0.0
2023-05-01,equity_min_variance,SLB,8.432023577008625e-12
2023-06-01,equity_min_variance,SLB,0.0
2023-07-03,equity_min_variance,SLB,4.170920458921441e-13
2023-08-01,equity_min_variance,SLB,2.1390437757564138e-12
2023-09-01,equity_min_variance,SLB,1.581311550664096e-13
2023-10-02,equity_min_variance,SLB,2.4017713615162845e-12
2023-11-01,equity_min_variance,SLB,0.0
2023-12-01,equity_min_variance,SLB,0.0
2021-01-04,equity_min_variance,SO,2.0466616841338207e-09
2021-02-01,equity_min_variance,SO,2.1137986067931445e-09
2021-03-01,equity_min_variance,SO,9.31458452119143e-10
2021-04-01,equity_min_variance,SO,1.1355903925988332e-10
2021-05-03,equity_min_variance,SO,5.812498756747961e-13
2021-06-01,equity_min_variance,SO,0.0
2021-07-01,equity_min_variance,SO,9.940008163179067e-13
2021-08-02,equity_min_variance,SO,4.1456997241641075e-15
2021-09-01,equity_min_variance,SO,3.4198597598432033e-13
2021-10-01,equity_min_variance,SO,7.317882184226658e-13
2021-11-01,equity_min_variance,SO,1.0204732068883551e-15
2021-12-01,equity_min_variance,SO,0.008569024218538652
2022-01-03,equity_min_variance,SO,0.008021160029535929
2022-02-01,equity_min_variance,SO,0.10875154426695635
2022-03-01,equity_min_variance,SO,0.09242176434222535
2022-04-01,equity_min_variance,SO,0.10027050595974242
2022-05-02,equity_min_variance,SO,0.06721762620953028
2022-06-01,equity_min_variance,SO,0.04499683036157836
2022-07-01,equity_min_variance,SO,0.0032862783080409414
2022-08-01,equity_min_variance,SO,0.0025303728190076576
2022-09-01,equity_min_variance,SO,0.03062457336549616
2022-10-03,equity_min_variance,SO,9.76888015373008e-12
2022-11-01,equity_min_variance,SO,4.950859069926764e-12
2022-12-01,equity_min_variance,SO,3.695926218839482e-15
2023-01-03,equity_min_variance,SO,0.0
2023-02-01,equity_min_variance,SO,0.0
2023-03-01,equity_min_variance,SO,1.0331102003225885e-12
2023-04-03,equity_min_variance,SO,0.0
2023-05-01,equity_min_variance,SO,0.0
2023-06-01,equity_min_variance,SO,3.4308594921481444e-13
2023-07-03,equity_min_variance,SO,1.895112957066593e-12
2023-08-01,equity_min_variance,SO,3.296064930362495e-14
2023-09-01,equity_min_variance,SO,1.4730141015362448e-14
2023-10-02,equity_min_variance,SO,0.0
2023-11-01,equity_min_variance,SO,0.0
2023-12-01,equity_min_variance,SO,2.826528149976063e-13
2021-01-04,equity_min_variance,T,5.2978155284291665e-12
2021-02-01,equity_min_variance,T,1.6715006997108122e-12
2021-03-01,equity_min_variance,T,0.0
2021-04-01,equity_min_variance,T,0.09932711219583915
2021-05-03,equity_min_variance,T,0.11525102995151042
2021-06-01,equity_min_variance,T,0.11631529840532244
2021-07-01,equity_min_variance,T,0.16338882343345276
2021-08-02,equity_min_variance,T,0.16403067247030034
2021-09-01,equity_min_variance,T,0.1632761563341562
2021-10-01,equity_min_variance,T,0.13467011764318645
2021-11-01,equity_min_variance,T,0.11052827566034357
2021-12-01,equity_min_variance,T,0.08830325792804408
2022-01-03,equity_min_variance,T,0.07343329180374554
2022-02-01,equity_min_variance,T,0.009091063071295721
2022-03-01,equity_min_variance,T,2.509684456499517e-12
2022-04-01,equity_min_variance,T,5.066005310549703e-12
2022-05-02,equity_min_variance,T,0.0
2022-06-01,equity_min_variance,T,0.0
2022-07-01,equity_min_variance,T,0.0
2022-08-01,equity_min_variance,T,1.6195029429759375e-12
2022-09-01,equity_min_variance,T,2.2770866183691063e-14
2022-10-03,equity_min_variance,T,0.0
2022-11-01,equity_min_variance,T,4.681164311755001e-12
2022-12-01,equity_min_variance,T,4.399845242124808e-15
2023-01-03,equity_min_variance,T,0.004645843498747637
2023-02-01,equity_min_variance,T,0.030326308267692795
2023-03-01,equity_min_variance,T,0.04351868506485427
2023-04-03,equity_min_variance,T,0.05101943588551467
2023-05-01,equity_min_variance,T,0.03574228106924095
2023-06-01,equity_min_variance,T,0.027982563300663753
2023-07-03,equity_min_variance,T,0.044684418680959945
2023-08-01,equity_min_variance,T,0.027087932902925545
2023-09-01,equity_min_variance,T,0.03354396217853789
2023-10-02,equity_min_variance,T,0.029431645898343555
2023-11-01,equity_min_variance,T,0.04105312290166197
2023-12-01,equity_min_variance,T,0.03628619395281598
2021-01-04,equity_min_variance,TMUS,4.542536957420939e-12
2021-02-01,equity_min_variance,TMUS,1.3510549142688714e-12
2021-03-01,equity_min_variance,TMUS,0.0
2021-04-01,equity_min_variance,TMUS,1.0599160350180055e-11
2021-05-03,equity_min_variance,TMUS,3.773027325048999e-11
2021-06-01,equity_min_variance,TMUS,1.49078769082561e-12
2021-07-01,equity_min_variance,TMUS,2.470694861741433e-12
2021-08-02,equity_min_variance,TMUS,6.968215599209806e-14
2021-09-01,equity_min_variance,TMUS,1.0631808975921017e-12
2021-10-01,equity_min_variance,TMUS,1.630590310343117e-12
2021-11-01,equity_min_variance,TMUS,0.000858057820480857
2021-12-01,equity_min_variance,TMUS,3.50403187820174e-13
2022-01-03,equity_min_variance,TMUS,5.486895353036774e-13
2022-02-01,equity_min_variance,TMUS,8.952487403847118e-15
2022-03-01,equity_min_variance,TMUS,2.347648744240629e-15
2022-04-01,equity_min_variance,TMUS,0.014943112128995186
2022-05-02,equity_min_variance,TMUS,0.0
2022-06-01,equity_min_variance,TMUS,0.0
2022-07-01,equity_min_variance,TMUS,0.0
2022-08-01,equity_min_variance,TMUS,2.1843673055277334e-12
2022-09-01,equity_min_variance,TMUS,1.8711083995452896e-14
2022-10-03,equity_min_variance,TMUS,0.0
2022-11-01,equity_min_variance,TMUS,3.678973618886957e-12
2022-12-01,equity_min_variance,TMUS,3.142942834464227e-15
2023-01-03,equity_min_variance,TMUS,0.0
2023-02-01,equity_min_variance,TMUS,0.0
2023-03-01,equity_min_variance,TMUS,2.5888847589451874e-12
2023-04-03,equity_min_variance,TMUS,1.757259182021617e-12
2023-05-01,equity_min_variance,TMUS,0.0
2023-06-01,equity_min_variance,TMUS,0.0007884970242552369
2023-07-03,equity_min_variance,TMUS,0.0327188734120017
2023-08-01,equity_min_variance,TMUS,0.05426514206698527
2023-09-01,equity_min_variance,TMUS,0.03684786577371362
2023-10-02,equity_min_variance,TMUS,0.0634284145272855
2023-11-01,equity_min_variance,TMUS,0.062182049619548804
2023-12-01,equity_min_variance,TMUS,0.06411182417087466
2021-01-04,equity_min_variance,TTWO,0.04219372430644083
2021-02-01,equity_min_variance,TTWO,0.03565702168753245
2021-03-01,equity_min_variance,TTWO,0.01624315479409234
2021-04-01,equity_min_variance,TTWO,0.082211229768449
2021-05-03,equity_min_variance,TTWO,0.06345614966870289
2021-06-01,equity_min_variance,TTWO,0.05687339106096006
2021-07-01,equity_min_variance,TTWO,0.04892039511186548
2021-08-02,equity_min_variance,TTWO,0.05646371647981418
2021-09-01,equity_min_variance,TTWO,0.05675064325033558
2021-10-01,equity_min_variance,TTWO,0.040587391014022964
2021-11-01,equity_min_variance,TTWO,0.026944970872925144
2021-12-01,equity_min_variance,TTWO,0.021573190913780706
2022-01-03,equity_min_variance,TTWO,0.019374578303739003
2022-02-01,equity_min_variance,TTWO,0.03134180796886497
2022-03-01,equity_min_variance,TTWO,0.04038596297852724
2022-04-01,equity_min_variance,TTWO,0.033442017795537085
2022-05-02,equity_min_variance,TTWO,0.038623934393095645
2022-06-01,equity_min_variance,TTWO,0.0262914347055982
2022-07-01,equity_min_variance,TTWO,0.02745446849692216
2022-08-01,equity_min_variance,TTWO,0.027288328310408092
2022-09-01,equity_min_variance,TTWO,0.012174232200057882
2022-10-03,equity_min_variance,TTWO,0.013634163130361497
2022-11-01,equity_min_variance,TTWO,0.019949205679239315
2022-12-01,equity_min_variance,TTWO,0.033989737626098845
2023-01-03,equity_min_variance,TTWO,0.033833405204279514
2023-02-01,equity_min_variance,TTWO,0.021986753309660295
2023-03-01,equity_min_variance,TTWO,0.02735703467314148
2023-04-03,equity_min_variance,TTWO,0.02316305119845292
2023-05-01,equity_min_variance,TTWO,0.022154664050608903
2023-06-01,equity_min_variance,TTWO,0.0
2023-07-03,equity_min_variance,TTWO,0.0014587900246158356
2023-08-01,equity_min_variance,TTWO,0.0018560594611712628
2023-09-01,equity_min_variance,TTWO,0.015516679071486648
2023-10-02,equity_min_variance,TTWO,0.0158860201286408
2023-11-01,equity_min_variance,TTWO,2.1003600560902257e-12
2023-12-01,equity_min_variance,TTWO,4.2257797132919953e-13
2021-01-04,equity_min_variance,UPS,0.017597318693113154
2021-02-01,equity_min_variance,UPS,0.011024970736919965
2021-03-01,equity_min_variance,UPS,0.022327584638701287
2021-04-01,equity_min_variance,UPS,2.004682591821962e-10
2021-05-03,equity_min_variance,UPS,1.5115558067643806e-11
2021-06-01,equity_min_variance,UPS,6.376234573479453e-12
2021-07-01,equity_min_variance,UPS,5.183361213391601e-13
2021-08-02,equity_min_variance,UPS,7.567369938731019e-16
2021-09-01,equity_min_variance,UPS,3.0071959690947554e-13
2021-10-01,equity_min_variance,UPS,8.042565201968941e-13
2021-11-01,equity_min_variance,UPS,0.007619966044624203
2021-12-01,equity_min_variance,UPS,0.0004044576018495211
2022-01-03,equity_min_variance,UPS,0.003402079807314163
2022-02-01,equity_min_variance,UPS,0.0023948108612788814
2022-03-01,equity_min_variance,UPS,0.011864012164636051
2022-04-01,equity_min_variance,UPS,1.6700282049308344e-15
2022-05-02,equity_min_variance,UPS,0.0
2022-06-01,equity_min_variance,UPS,1.146541134767102e-12
2022-07-01,equity_min_variance,UPS,0.008364058977300633
2022-08-01,equity_min_variance,UPS,4.770518523944175e-14
2022-09-01,equity_min_variance,UPS,0.0042257738938993395
2022-10-03,equity_min_variance,UPS,0.0009306603068062786
2022-11-01,equity_min_variance,UPS,0.016095538835801938
2022-12-01,equity_min_variance,UPS,3.8495659718226464e-15
2023-01-03,equity_min_variance,UPS,0.0
2023-02-01,equity_min_variance,UPS,0.0
2023-03-01,equity_min_variance,UPS,1.0497184810353834e-12
2023-04-03,equity_min_variance,UPS,0.0
2023-05-01,equity_min_variance,UPS,0.0
2023-06-01,equity_min_variance,UPS,0.0
2023-07-03,equity_min_variance,UPS,0.0
2023-08-01,equity_min_variance,UPS,1.1250935342557081e-11
2023-09-01,equity_min_variance,UPS,1.5147879707059775e-12
2023-10-02,equity_min_variance,UPS,5.121063454729e-12
2023-11-01,equity_min_variance,UPS,1.5109652572212252e-14
2023-12-01,equity_min_variance,UPS,2.4330312395346695e-13
2021-01-04,equity_min_variance,USB,6.733753284749704e-12
2021-02-01,equity_min_variance,USB,1.2484069194808093e-11
2021-03-01,equity_min_variance,USB,0.0
2021-04-01,equity_min_variance,USB,6.612025483119057e-12
2021-05-03,equity_min_variance,USB,4.7930248536350654e-14
2021-06-01,equity_min_variance,USB,0.0
2021-07-01,equity_min_variance,USB,2.8744888780208053e-15
2021-08-02,equity_min_variance,USB,1.1069542394459551e-13
2021-09-01,equity_min_variance,USB,8.6279196278242e-13
2021-10-01,equity_min_variance,USB,0.0
2021-11-01,equity_min_variance,USB,7.475966781072705e-14
2021-12-01,equity_min_variance,USB,0.0
2022-01-03,equity_min_variance,USB,1.5325453538602922e-13
2022-02-01,equity_min_variance,USB,3.211837273483675e-15
2022-03-01,equity_min_variance,USB,3.1325229222247685e-15
2022-04-01,equity_min_variance,USB,2.0964352705665744e-12
2022-05-02,equity_min_variance,USB,0.0
2022-06-01,equity_min_variance,USB,1.9146990023546517e-12
2022-07-01,equity_min_variance,USB,3.726859403958888e-13
2022-08-01,equity_min_variance,USB,8.09259248199053e-14
2022-09-01,equity_min_variance,USB,5.304557869152986e-13
2022-10-03,equity_min_variance,USB,0.0
2022-11-01,equity_min_variance,USB,9.134500739612484e-12
2022-12-01,equity_min_variance,USB,2.93899357888381e-15
2023-01-03,equity_min_variance,USB,0.0
2023-02-01,equity_min_variance,USB,0.0
2023-03-01,equity_min_variance,USB,8.491296087447848e-13
2023-04-03,equity_min_variance,USB,0.0
2023-05-01,equity_min_variance,USB,0.0
2023-06-01,equity_min_variance,USB,2.107254135645651e-13
2023-07-03,equity_min_variance,USB,1.9670697319955943e-12
2023-08-01,equity_min_variance,USB,4.713758580131305e-13
2023-09-01,equity_min_variance,USB,4.710677112001942e-13
2023-10-02,equity_min_variance,USB,0.0
2023-11-01,equity_min_variance,USB,1.4681632488554486e-13
2023-12-01,equity_min_variance,USB,1.6135998808773885e-11
2021-01-04,equity_min_variance,V,4.703389706229012e-11
2021-02-01,equity_min_variance,V,7.022789530910068e-11
2021-03-01,equity_min_variance,V,0.0
2021-04-01,equity_min_variance,V,2.603865157622053e-10
2021-05-03,equity_min_variance,V,3.077685672315274e-13
2021-06-01,equity_min_variance,V,0.0
2021-07-01,equity_min_variance,V,2.096883498082821e-12
2021-08-02,equity_min_variance,V,1.032420821877681e-13
2021-09-01,equity_min_variance,V,1.6798174357690284e-12
2021-10-01,equity_min_variance,V,1.7750085075494116e-12
2021-11-01,equity_min_variance,V,6.569183545049343e-15
2021-12-01,equity_min_variance,V,4.271805235857445e-13
2022-01-03,equity_min_variance,V,5.22170856202338e-13
2022-02-01,equity_min_variance,V,3.324737949585265e-12
2022-03-01,equity_min_variance,V,6.8348180372987086e-12
2022-04-01,equity_min_variance,V,7.322142060559537e-16
2022-05-02,equity_min_variance,V,0.0
2022-06-01,equity_min_variance,V,4.89142577328591e-13
2022-07-01,equity_min_variance,V,9.44415587690814e-15
2022-08-01,equity_min_variance,V,7.701816995491614e-17
2022-09-01,equity_min_variance,V,2.28616996820767e-13
2022-10-03,equity_min_variance,V,0.0
2022-11-01,equity_min_variance,V,7.563347332987702e-12
2022-12-01,equity_min_variance,V,1.1146567192910792e-13
2023-01-03,equity_min_variance,V,0.0
2023-02-01,equity_min_variance,V,0.0
2023-03-01,equity_min_variance,V,2.798386187478259e-13
2023-04-03,equity_min_variance,V,0.0
2023-05-01,equity_min_variance,V,0.0
2023-06-01,equity_min_variance,V,0.0
2023-07-03,equity_min_variance,V,0.0
2023-08-01,equity_min_variance,V,0.01892951630118627
2023-09-01,equity_min_variance,V,0.02802496683157824
2023-10-02,equity_min_variance,V,0.04389372692140949
2023-11-01,equity_min_variance,V,0.03959756096331589
2023-12-01,equity_min_variance,V,0.07756264300704742
2021-01-04,equity_min_variance,WFC,4.780965494987936e-10
2021-02-01,equity_min_variance,WFC,7.508754994680877e-10
2021-03-01,equity_min_variance,WFC,3.3490984901477365e-10
2021-04-01,equity_min_variance,WFC,7.425107326282023e-12
2021-05-03,equity_min_variance,WFC,1.0173092152980307e-12
2021-06-01,equity_min_variance,WFC,0.0
2021-07-01,equity_min_variance,WFC,9.636401459271455e-15
2021-08-02,equity_min_variance,WFC,1.223348078429231e-13
2021-09-01,equity_min_variance,WFC,4.550614494301216e-13
2021-10-01,equity_min_variance,WFC,4.4777487064079216e-13
2021-11-01,equity_min_variance,WFC,5.504918334465716e-14
2021-12-01,equity_min_variance,WFC,1.1597884523488282e-12
2022-01-03,equity_min_variance,WFC,1.045242336159895e-12
2022-02-01,equity_min_variance,WFC,2.4646115970052573e-15
2022-03-01,equity_min_variance,WFC,7.413800438752472e-15
2022-04-01,equity_min_variance,WFC,9.514240326516169e-17
2022-05-02,equity_min_variance,WFC,0.0
2022-06-01,equity_min_variance,WFC,1.2544228763762695e-12
2022-07-01,equity_min_variance,WFC,2.0981941807880768e-13
2022-08-01,equity_min_variance,WFC,2.0671491707604134e-16
2022-09-01,equity_min_variance,WFC,8.19804977746197e-14
2022-10-03,equity_min_variance,WFC,5.1108334716939985e-12
2022-11-01,equity_min_variance,WFC,7.911072094280021e-14
2022-12-01,equity_min_variance,WFC,1.3520820122786122e-13
2023-01-03,equity_min_variance,WFC,0.0
2023-02-01,equity_min_variance,WFC,0.0
2023-03-01,equity_min_variance,WFC,4.0622003177817585e-13
2023-04-03,equity_min_variance,WFC,0.0
2023-05-01,equity_min_variance,WFC,0.0
2023-06-01,equity_min_variance,WFC,0.0
2023-07-03,equity_min_variance,WFC,0.0
2023-08-01,equity_min_variance,WFC,6.226060474454818e-12
2023-09-01,equity_min_variance,WFC,1.8710535706635333e-12
2023-10-02,equity_min_variance,WFC,9.247188329274325e-12
2023-11-01,equity_min_variance,WFC,9.951875185119668e-13
2023-12-01,equity_min_variance,WFC,0.0
2021-01-04,equity_min_variance,WMT,0.19999999351320322
2021-02-01,equity_min_variance,WMT,0.1999999932589032
2021-03-01,equity_min_variance,WMT,0.19999999734033613
2021-04-01,equity_min_variance,WMT,0.1999999980992891
2021-05-03,equity_min_variance,WMT,0.19999999970964213
2021-06-01,equity_min_variance,WMT,0.17496016440788958
2021-07-01,equity_min_variance,WMT,0.1064089253637584
2021-08-02,equity_min_variance,WMT,0.11120792248384044
2021-09-01,equity_min_variance,WMT,0.12327284416585028
2021-10-01,equity_min_variance,WMT,0.12842496381739543
2021-11-01,equity_min_variance,WMT,0.10690134364599138
2021-12-01,equity_min_variance,WMT,0.11191959070800182
2022-01-03,equity_min_variance,WMT,0.11387849150433968
2022-02-01,equity_min_variance,WMT,0.09408388387487979
2022-03-01,equity_min_variance,WMT,0.13142590906938023
2022-04-01,equity_min_variance,WMT,0.1163783824396109
2022-05-02,equity_min_variance,WMT,0.10763370668118669
2022-06-01,equity_min_variance,WMT,0.08543267920226603
2022-07-01,equity_min_variance,WMT,0.11139915565990548
2022-08-01,equity_min_variance,WMT,0.10904812769458672
2022-09-01,equity_min_variance,WMT,0.09913173301700874
2022-10-03,equity_min_variance,WMT,0.1157041199174224
2022-11-01,equity_min_variance,WMT,0.11088573648651624
2022-12-01,equity_min_variance,WMT,0.11343271157135845
2023-01-03,equity_min_variance,WMT,0.10740396344522792
2023-02-01,equity_min_variance,WMT,0.10108454637146702
2023-03-01,equity_min_variance,WMT,0.09550310876856083
2023-04-03,equity_min_variance,WMT,0.10426230182960108
2023-05-01,equity_min_variance,WMT,0.11911522862987028
2023-06-01,equity_min_variance,WMT,0.16489155121558974
2023-07-03,equity_min_variance,WMT,0.14419420170879468
2023-08-01,equity_min_variance,WMT,0.14491649253899172
2023-09-01,equity_min_variance,WMT,0.19319283042100108
2023-10-02,equity_min_variance,WMT,0.17741950370677084
2023-11-01,equity_min_variance,WMT,0.19638071079707645
2023-12-01,equity_min_variance,WMT,0.17843559542513723
2021-01-04,equity_min_variance,XOM,3.4161183404277174e-12
2021-02-01,equity_min_variance,XOM,9.256171396149051e-13
2021-03-01,equity_min_variance,XOM,0.0
2021-04-01,equity_min_variance,XOM,1.8191434669842437e-12
2021-05-03,equity_min_variance,XOM,1.4038556760124183e-12
2021-06-01,equity_min_variance,XOM,0.0
2021-07-01,equity_min_variance,XOM,9.316438019212457e-15
2021-08-02,equity_min_variance,XOM,2.6960916518533335e-12
2021-09-01,equity_min_variance,XOM,0.0
2021-10-01,equity_min_variance,XOM,0.0
2021-11-01,equity_min_variance,XOM,1.0063861853956317e-13
2021-12-01,equity_min_variance,XOM,1.8120995111642474e-13
2022-01-03,equity_min_variance,XOM,1.9401921615153607e-16
2022-02-01,equity_min_variance,XOM,9.231099061429353e-13
2022-03-01,equity_min_variance,XOM,2.1644343623205956e-15
2022-04-01,equity_min_variance,XOM,1.4399546465356004e-12
2022-05-02,equity_min_variance,XOM,0.0
2022-06-01,equity_min_variance,XOM,6.655256172027497e-13
2022-07-01,equity_min_variance,XOM,2.0719659200658735e-13
2022-08-01,equity_min_variance,XOM,4.2370325629819344e-14
2022-09-01,equity_min_variance,XOM,1.722701810481393e-13
2022-10-03,equity_min_variance,XOM,0.0
2022-11-01,equity_min_variance,XOM,6.524075460820245e-12
2022-12-01,equity_min_variance,XOM,0.015332156269097478
2023-01-03,equity_min_variance,XOM,0.008211976016288987
2023-02-01,equity_min_variance,XOM,0.008005154257643941
2023-03-01,equity_min_variance,XOM,1.3970772701464856e-12
2023-04-03,equity_min_variance,XOM,0.00966894499279055
2023-05-01,equity_min_variance,XOM,2.8076143470349228e-11
2023-06-01,equity_min_variance,XOM,7.204607587889308e-13
2023-07-03,equity_min_variance,XOM,0.00689354110176109
2023-08-01,equity_min_variance,XOM,0.005451486983685118
2023-09-01,equity_min_variance,XOM,0.012041199672249436
2023-10-02,equity_min_variance,XOM,3.642816012163846e-12
2023-11-01,equity_min_variance,XOM,1.5871956835428329e-12
2023-12-01,equity_min_variance,XOM,0.0
2021-01-04,equity_risk_parity,ABBV,0.02719365855789009
2021-02-01,equity_risk_parity,ABBV,0.026768605874507776
2021-03-01,equity_risk_parity,ABBV,0.027067875730157426
2021-04-01,equity_risk_parity,ABBV,0.02850596787831363
2021-05-03,equity_risk_parity,ABBV,0.02985900008424696
2021-06-01,equity_risk_parity,ABBV,0.024854566873598136
2021-07-01,equity_risk_parity,ABBV,0.02376170881829482
2021-08-02,equity_risk_parity,ABBV,0.022908885929935383
2021-09-01,equity_risk_parity,ABBV,0.02207857504253341
2021-10-01,equity_risk_parity,ABBV,0.020862287217087293
2021-11-01,equity_risk_parity,ABBV,0.02218477084847778
2021-12-01,equity_risk_parity,ABBV,0.022266824192336495
2022-01-03,equity_risk_parity,ABBV,0.023083516198232044
2022-02-01,equity_risk_parity,ABBV,0.027272788298862927
2022-03-01,equity_risk_parity,ABBV,0.02806654614041264
2022-04-01,equity_risk_parity,ABBV,0.02936590412530967
2022-05-02,equity_risk_parity,ABBV,0.027846170954937684
2022-06-01,equity_risk_parity,ABBV,0.0319424100683146
2022-07-01,equity_risk_parity,ABBV,0.030628630071956847
2022-08-01,equity_risk_parity,ABBV,0.0323740853136138
2022-09-01,equity_risk_parity,ABBV,0.03255622319030614
2022-10-03,equity_risk_parity,ABBV,0.03340570411989937
2022-11-01,equity_risk_parity,ABBV,0.033848893366206154
2022-12-01,equity_risk_parity,ABBV,0.03448767614006646
2023-01-03,equity_risk_parity,ABBV,0.03503298979813177
2023-02-01,equity_risk_parity,ABBV,0.034821268758137604
2023-03-01,equity_risk_parity,ABBV,0.034986324072283935
2023-04-03,equity_risk_parity,ABBV,0.03533628352845747
2023-05-01,equity_risk_parity,ABBV,0.03635168892459228
2023-06-01,equity_risk_parity,ABBV,0.03520175705867928
2023-07-03,equity_risk_parity,ABBV,0.03675664855090252
2023-08-01,equity_risk_parity,ABBV,0.03696387799418163
2023-09-01,equity_risk_parity,ABBV,0.036777471781895166
2023-10-02,equity_risk_parity,ABBV,0.03549445887151541
2023-11-01,equity_risk_parity,ABBV,0.03699389524470409
2023-12-01,equity_risk_parity,ABBV,0.038970981085156994
2021-01-04,equity_risk_parity,ABT,0.022318972981618203
2021-02-01,equity_risk_parity,ABT,0.022542009303740652
2021-03-01,equity_risk_parity,ABT,0.022778971400699767
2021-04-01,equity_risk_parity,ABT,0.025975165786385975
2021-05-03,equity_risk_parity,ABT,0.023896768450466337
2021-06-01,equity_risk_parity,ABT,0.024137959809535817
2021-07-01,equity_risk_parity,ABT,0.025966757565475555
2021-08-02,equity_risk_parity,ABT,0.027061582168945032
2021-09-01,equity_risk_parity,ABT,0.027173855631599082
2021-10-01,equity_risk_parity,ABT,0.02928510079440137
2021-11-01,equity_risk_parity,ABT,0.031101210607926134
2021-12-01,equity_risk_parity,ABT,0.031633380589256806
2022-01-03,equity_risk_parity,ABT,0.0313628820202193
2022-02-01,equity_risk_parity,ABT,0.027798643409821085
2022-03-01,equity_risk_parity,ABT,0.025300449764851823
2022-04-01,equity_risk_parity,ABT,0.023239770507469115
2022-05-02,equity_risk_parity,ABT,0.022330711892842886
2022-06-01,equity_risk_parity,ABT,0.020417910627710294
2022-07-01,equity_risk_parity,ABT,0.01966728999072138
2022-08-01,equity_risk_parity,ABT,0.018872799809939732
2022-09-01,equity_risk_parity,ABT,0.018643416591490904
2022-10-03,equity_risk_parity,ABT,0.019320792817989374
2022-11-01,equity_risk_parity,ABT,0.01936770183709728
2022-12-01,equity_risk_parity,ABT,0.018905651911838052
2023-01-03,equity_risk_parity,ABT,0.018613663518183794
2023-02-01,equity_risk_parity,ABT,0.018899155569921323
2023-03-01,equity_risk_parity,ABT,0.019138957292334696
2023-04-03,equity_risk_parity,ABT,0.019373966414014055
2023-05-01,equity_risk_parity,ABT,0.019702957578802516
2023-06-01,equity_risk_parity,ABT,0.020705682815222875
2023-07-03,equity_risk_parity,ABT,0.021474597260413723
2023-08-01,equity_risk_parity,ABT,0.022055184496836307
2023-09-01,equity_risk_parity,ABT,0.02222719355424085
2023-10-02,equity_risk_parity,ABT,0.021680833292563713
2023-11-01,equity_risk_parity,ABT,0.02358354157713237
2023-12-01,equity_risk_parity,ABT,0.025017746854878495
2021-01-04,equity_risk_parity,ADBE,0.01916879269280675
2021-02-01,equity_risk_parity,ADBE,0.01917986587592941
2021-03-01,equity_risk_parity,ADBE,0.019075938847716304
2021-04-01,equity_risk_parity,ADBE,0.01985234421137161
2021-05-03,equity_risk_parity,ADBE,0.02091177303110717
2021-06-01,equity_risk_parity,ADBE,0.019391010266408475
2021-07-01,equity_risk_parity,ADBE,0.019885403338376295
2021-08-02,equity_risk_parity,ADBE,0.01998438155511601
2021-09-01,equity_risk_parity,ADBE,0.018913469264059526
2021-10-01,equity_risk_parity,ADBE,0.020072587954668847
2021-11-01,equity_risk_parity,ADBE,0.02132563523410862
2021-12-01,equity_risk_parity,ADBE,0.020160615759422126
2022-01-03,equity_risk_parity,ADBE,0.01852325071485324
2022-02-01,equity_risk_parity,ADBE,0.01769716808632574
2022-03-01,equity_risk_parity,ADBE,0.017092765532717474
2022-04-01,equity_risk_parity,ADBE,0.01582963117018645
2022-05-02,equity_risk_parity,ADBE,0.01594356387187158
2022-06-01,equity_risk_parity,ADBE,0.015043405099237791
2022-07-01,equity_risk_parity,ADBE,0.014177619332850047
2022-08-01,equity_risk_parity,ADBE,0.01374764246955813
2022-09-01,equity_risk_parity,ADBE,0.013517306241788919
2022-10-03,equity_risk_parity,ADBE,0.012961309220841639
2022-11-01,equity_risk_parity,ADBE,0.013515299558306174
2022-12-01,equity_risk_parity,ADBE,0.012676266270420603
2023-01-03,equity_risk_parity,ADBE,0.012680669526623186
2023-02-01,equity_risk_parity,ADBE,0.0128862866374259
2023-03-01,equity_risk_parity,ADBE,0.012909108954405338
2023-04-03,equity_risk_parity,ADBE,0.013180290104472947
2023-05-01,equity_risk_parity,ADBE,0.013250792512584632
2023-06-01,equity_risk_parity,ADBE,0.013110736128649502
2023-07-03,equity_risk_parity,ADBE,0.013216305152086523
2023-08-01,equity_risk_parity,ADBE,0.013323392006173785
2023-09-01,equity_risk_parity,ADBE,0.013436285940023034
2023-10-02,equity_risk_parity,ADBE,0.0142300134709046
2023-11-01,equity_risk_parity,ADBE,0.013178200662883695
2023-12-01,equity_risk_parity,ADBE,0.014332139707694454
2021-01-04,equity_risk_parity,AEP,0.024164599301346346
2021-02-01,equity_risk_parity,AEP,0.02433350423948628
2021-03-01,equity_risk_parity,AEP,0.02440430091423937
2021-04-01,equity_risk_parity,AEP,0.02288744953762616
2021-05-03,equity_risk_parity,AEP,0.0290616432392677
2021-06-01,equity_risk_parity,AEP,0.031187999724776826
2021-07-01,equity_risk_parity,AEP,0.031244491437964816
2021-08-02,equity_risk_parity,AEP,0.030812602414397164
2021-09-01,equity_risk_parity,AEP,0.03183979729980744
2021-10-01,equity_risk_parity,AEP,0.029941645000302726
2021-11-01,equity_risk_parity,AEP,0.02944141387840837
2021-12-01,equity_risk_parity,AEP,0.0294661847082123
2022-01-03,equity_risk_parity,AEP,0.030076572353346532
2022-02-01,equity_risk_parity,AEP,0.030374950451033302
2022-03-01,equity_risk_parity,AEP,0.029981525083230463
2022-04-01,equity_risk_parity,AEP,0.030022171786389402
2022-05-02,equity_risk_parity,AEP,0.02817773836163765
2022-06-01,equity_risk_parity,AEP,0.0300200569341021
2022-07-01,equity_risk_parity,AEP,0.028839391261704962
2022-08-01,equity_risk_parity,AEP,0.02873539435125821
2022-09-01,equity_risk_parity,AEP,0.02819935724490101
2022-10-03,equity_risk_parity,AEP,0.026326503853586678
2022-11-01,equity_risk_parity,AEP,0.024545896144680595
2022-12-01,equity_risk_parity,AEP,0.024489250662707657
2023-01-03,equity_risk_parity,AEP,0.024309865038111056
2023-02-01,equity_risk_parity,AEP,0.023906360313796476
2023-03-01,equity_risk_parity,AEP,0.023542773000467025
2023-04-03,equity_risk_parity,AEP,0.0231010318618775
2023-05-01,equity_risk_parity,AEP,0.02292679764644862
2023-06-01,equity_risk_parity,AEP,0.02192313507466018
2023-07-03,equity_risk_parity,AEP,0.02168389541204478
2023-08-01,equity_risk_parity,AEP,0.02115263298270343
2023-09-01,equity_risk_parity,AEP,0.021137649143340476
2023-10-02,equity_risk_parity,AEP,0.020989686493886377
2023-11-01,equity_risk_parity,AEP,0.0219256076100497
2023-12-01,equity_risk_parity,AEP,0.02090876258730413
2021-01-04,equity_risk_parity,AMD,0.017256520696314535
2021-02-01,equity_risk_parity,AMD,0.017374686074559803
2021-03-01,equity_risk_parity,AMD,0.0177595079944189
2021-04-01,equity_risk_parity,AMD,0.016623387963458938
2021-05-03,equity_risk_parity,AMD,0.01579475113210249
2021-06-01,equity_risk_parity,AMD,0.015807705819971554
2021-07-01,equity_risk_parity,AMD,0.01627247986111316
2021-08-02,equity_risk_parity,AMD,0.016025907679214645
2021-09-01,equity_risk_parity,AMD,0.016902711831240806
2021-10-01,equity_risk_parity,AMD,0.01715966499286962
2021-11-01,equity_risk_parity,AMD,0.018295683079741307
2021-12-01,equity_risk_parity,AMD,0.016002506759288895
2022-01-03,equity_risk_parity,AMD,0.014988835041288277
2022-02-01,equity_risk_parity,AMD,0.013078552172937472
2022-03-01,equity_risk_parity,AMD,0.011641265461655621
2022-04-01,equity_risk_parity,AMD,0.011088706943351326
2022-05-02,equity_risk_parity,AMD,0.011259909410526769
2022-06-01,equity_risk_parity,AMD,0.009651582051819041
2022-07-01,equity_risk_parity,AMD,0.009082873598003176
2022-08-01,equity_risk_parity,AMD,0.00900860375559805
2022-09-01,equity_risk_parity,AMD,0.008970731420451494
2022-10-03,equity_risk_parity,AMD,0.009098629598575771
2022-11-01,equity_risk_parity,AMD,0.009200545286391007
2022-12-01,equity_risk_parity,AMD,0.008769815412882614
2023-01-03,equity_risk_parity,AMD,0.008739073073165505
2023-02-01,equity_risk_parity,AMD,0.008831100493130982
2023-03-01,equity_risk_parity,AMD,0.009068419805783429
2023-04-03,equity_risk_parity,AMD,0.009533014838515352
2023-05-01,equity_risk_parity,AMD,0.009822419617879313
2023-06-01,equity_risk_parity,AMD,0.010665237551532
2023-07-03,equity_risk_parity,AMD,0.011512919819433488
2023-08-01,equity_risk_parity,AMD,0.01187851250402363
2023-09-01,equity_risk_parity,AMD,0.011724590040168714
2023-10-02,equity_risk_parity,AMD,0.01175327314535548
2023-11-01,equity_risk_parity,AMD,0.012209312168180018
2023-12-01,equity_risk_parity,AMD,0.01441998857899843
2021-01-04,equity_risk_parity,AMGN,0.023784279353685777
2021-02-01,equity_risk_parity,AMGN,0.023782333337800582
2021-03-01,equity_risk_parity,AMGN,0.02433974666326333
2021-04-01,equity_risk_parity,AMGN,0.026853459362397056
2021-05-03,equity_risk_parity,AMGN,0.025940877003530725
2021-06-01,equity_risk_parity,AMGN,0.023645987116518375
2021-07-01,equity_risk_parity,AMGN,0.02127819154724623
2021-08-02,equity_risk_parity,AMGN,0.02133296795238443
2021-09-01,equity_risk_parity,AMGN,0.019863759326554913
2021-10-01,equity_risk_parity,AMGN,0.020782006094489675
2021-11-01,equity_risk_parity,AMGN,0.020882628312326953
2021-12-01,equity_risk_parity,AMGN,0.020897160179813655
2022-01-03,equity_risk_parity,AMGN,0.021777848306074696
2022-02-01,equity_risk_parity,AMGN,0.022660714247998356
2022-03-01,equity_risk_parity,AMGN,0.021293173616485524
2022-04-01,equity_risk_parity,AMGN,0.022704290597128425
2022-05-02,equity_risk_parity,AMGN,0.02557029594515897
2022-06-01,equity_risk_parity,AMGN,0.029670369088175018
2022-07-01,equity_risk_parity,AMGN,0.03172519548648006
2022-08-01,equity_risk_parity,AMGN,0.03161187446196617
2022-09-01,equity_risk_parity,AMGN,0.03356513092135839
2022-10-03,equity_risk_parity,AMGN,0.03405096114696655
2022-11-01,equity_risk_parity,AMGN,0.034450930965776005
2022-12-01,equity_risk_parity,AMGN,0.03653370413721841
2023-01-03,equity_risk_parity,AMGN,0.037462119407699876
2023-02-01,equity_risk_parity,AMGN,0.037756193927525564
2023-03-01,equity_risk_parity,AMGN,0.03866737880771442
2023-04-03,equity_risk_parity,AMGN,0.038948591827705326
2023-05-01,equity_risk_parity,AMGN,0.03883035662360543
2023-06-01,equity_risk_parity,AMGN,0.03398948881049728
2023-07-03,equity_risk_parity,AMGN,0.03211234371007296
2023-08-01,equity_risk_parity,AMGN,0.03191458492597197
2023-09-01,equity_risk_parity,AMGN,0.03254209563051126
2023-10-02,equity_risk_parity,AMGN,0.03293150921248596
2023-11-01,equity_risk_parity,AMGN,0.03105994763108381
2023-12-01,equity_risk_parity,AMGN,0.027132508590058002
2021-01-04,equity_risk_parity,AMT,0.018757558065495426
2021-02-01,equity_risk_parity,AMT,0.018888118435093974
2021-03-01,equity_risk_parity,AMT,0.01859607336567376
2021-04-01,equity_risk_parity,AMT,0.019671187797184755
2021-05-03,equity_risk_parity,AMT,0.02151540903066829
2021-06-01,equity_risk_parity,AMT,0.021752429432877855
2021-07-01,equity_risk_parity,AMT,0.023804625679914336
2021-08-02,equity_risk_parity,AMT,0.024446995974858898
2021-09-01,equity_risk_parity,AMT,0.02518749658038904
2021-10-01,equity_risk_parity,AMT,0.026763051974394048
2021-11-01,equity_risk_parity,AMT,0.02624604306986019
2021-12-01,equity_risk_parity,AMT,0.024599635596266246
2022-01-03,equity_risk_parity,AMT,0.024020837316867657
2022-02-01,equity_risk_parity,AMT,0.021483435050336366
2022-03-01,equity_risk_parity,AMT,0.0209706688662749
2022-04-01,equity_risk_parity,AMT,0.021574072622489258
2022-05-02,equity_risk_parity,AMT,0.021410522420331198
2022-06-01,equity_risk_parity,AMT,0.02007593776326997
2022-07-01,equity_risk_parity,AMT,0.01904495709498928
2022-08-01,equity_risk_parity,AMT,0.01854749488413637
2022-09-01,equity_risk_parity,AMT,0.018398112898149233
2022-10-03,equity_risk_parity,AMT,0.01835999578336897
2022-11-01,equity_risk_parity,AMT,0.0180677249355939
2022-12-01,equity_risk_parity,AMT,0.016999103572547615
2023-01-03,equity_risk_parity,AMT,0.017240873666955495
2023-02-01,equity_risk_parity,AMT,0.017289719859476877
2023-03-01,equity_risk_parity,AMT,0.01698490970475254
2023-04-03,equity_risk_parity,AMT,0.016900031598703843
2023-05-01,equity_risk_parity,AMT,0.0168313405359556
2023-06-01,equity_risk_parity,AMT,0.01668305329583367
2023-07-03,equity_risk_parity,AMT,0.016668824752423043
2023-08-01,equity_risk_parity,AMT,0.0166510274150345
2023-09-01,equity_risk_parity,AMT,0.016517820909598496
2023-10-02,equity_risk_parity,AMT,0.015958491315676872
2023-11-01,equity_risk_parity,AMT,0.015596831861485569
2023-12-01,equity_risk_parity,AMT,0.015749024612254574
2021-01-04,equity_risk_parity,BA,0.011024685620916137
2021-02-01,equity_risk_parity,BA,0.01098139653744017
2021-03-01,equity_risk_parity,BA,0.010845374524396096
2021-04-01,equity_risk_parity,BA,0.009427815441348986
2021-05-03,equity_risk_parity,BA,0.008453832521017187
2021-06-01,equity_risk_parity,BA,0.008372107484459077
2021-07-01,equity_risk_parity,BA,0.010090477915793193
2021-08-02,equity_risk_parity,BA,0.010091263246135853
2021-09-01,equity_risk_parity,BA,0.009845092447299968
2021-10-01,equity_risk_parity,BA,0.009952212332360648
2021-11-01,equity_risk_parity,BA,0.010679821991338028
2021-12-01,equity_risk_parity,BA,0.013066873583999232
2022-01-03,equity_risk_parity,BA,0.011871460563632101
2022-02-01,equity_risk_parity,BA,0.011732665901602997
2022-03-01,equity_risk_parity,BA,0.012842266332343904
2022-04-01,equity_risk_parity,BA,0.012072980263820279
2022-05-02,equity_risk_parity,BA,0.012491734404139556
2022-06-01,equity_risk_parity,BA,0.011686406534127058
2022-07-01,equity_risk_parity,BA,0.011601296043034278
2022-08-01,equity_risk_parity,BA,0.011828106854270881
2022-09-01,equity_risk_parity,BA,0.012005500454528636
2022-10-03,equity_risk_parity,BA,0.01198349242964701
2022-11-01,equity_risk_parity,BA,0.012558085814370474
2022-12-01,equity_risk_parity,BA,0.013044417587590423
2023-01-03,equity_risk_parity,BA,0.013453236623272944
2023-02-01,equity_risk_parity,BA,0.013695413822255115
2023-03-01,equity_risk_parity,BA,0.013568951639252902
2023-04-03,equity_risk_parity,BA,0.013693183369498752
2023-05-01,equity_risk_parity,BA,0.013878805064386355
2023-06-01,equity_risk_parity,BA,0.014718402869429539
2023-07-03,equity_risk_parity,BA,0.015262161188669176
2023-08-01,equity_risk_parity,BA,0.01541037444195927
2023-09-01,equity_risk_parity,BA,0.01537916681796605
2023-10-02,equity_risk_parity,BA,0.016380261151442258
2023-11-01,equity_risk_parity,BA,0.01609799283471316
2023-12-01,equity_risk_parity,BA,0.015716502045337394
2021-01-04,equity_risk_parity,CAT,0.018516240435986913
2021-02-01,equity_risk_parity,CAT,0.018585165761503996
2021-03-01,equity_risk_parity,CAT,0.018645945410495603
2021-04-01,equity_risk_parity,CAT,0.016056017973064305
2021-05-03,equity_risk_parity,CAT,0.015126793057847822
2021-06-01,equity_risk_parity,CAT,0.01614469639935998
2021-07-01,equity_risk_parity,CAT,0.01734321845075826
2021-08-02,equity_risk_parity,CAT,0.01725453600027064
2021-09-01,equity_risk_parity,CAT,0.016589456908889102
2021-10-01,equity_risk_parity,CAT,0.015287948935087448
2021-11-01,equity_risk_parity,CAT,0.015457587830961845
2021-12-01,equity_risk_parity,CAT,0.01509725714934925
2022-01-03,equity_risk_parity,CAT,0.015178681228051832
2022-02-01,equity_risk_parity,CAT,0.016519226662415232
2022-03-01,equity_risk_parity,CAT,0.016448697451511306
2022-04-01,equity_risk_parity,CAT,0.018132996234795584
2022-05-02,equity_risk_parity,CAT,0.01847025128673217
2022-06-01,equity_risk_parity,CAT,0.017245090871737583
2022-07-01,equity_risk_parity,CAT,0.017015641951988184
2022-08-01,equity_risk_parity,CAT,0.016473933780191758
2022-09-01,equity_risk_parity,CAT,0.01636787783144138
2022-10-03,equity_risk_parity,CAT,0.016695536503319293
2022-11-01,equity_risk_parity,CAT,0.016707431156455104
2022-12-01,equity_risk_parity,CAT,0.01714699150730194
2023-01-03,equity_risk_parity,CAT,0.017288480655646993
2023-02-01,equity_risk_parity,CAT,0.01702587468542865
2023-03-01,equity_risk_parity,CAT,0.017164787550665524
2023-04-03,equity_risk_parity,CAT,0.01649828595884557
2023-05-01,equity_risk_parity,CAT,0.0168294745666958
2023-06-01,equity_risk_parity,CAT,0.01637685316975497
2023-07-03,equity_risk_parity,CAT,0.015391982393343193
2023-08-01,equity_risk_parity,CAT,0.015869012096842893
2023-09-01,equity_risk_parity,CAT,0.01653583934349339
2023-10-02,equity_risk_parity,CAT,0.016716244026119903
2023-11-01,equity_risk_parity,CAT,0.016512639427721052
2023-12-01,equity_risk_parity,CAT,0.015684218608123482
2021-01-04,equity_risk_parity,CCI,0.019827591508748105
2021-02-01,equity_risk_parity,CCI,0.019972248685475643
2021-03-01,equity_risk_parity,CCI,0.02026137353204163
2021-04-01,equity_risk_parity,CCI,0.021654411687146914
2021-05-03,equity_risk_parity,CCI,0.022238767405037378
2021-06-01,equity_risk_parity,CCI,0.02386940101006295
2021-07-01,equity_risk_parity,CCI,0.027475613085491252
2021-08-02,equity_risk_parity,CCI,0.02870901884490255
2021-09-01,equity_risk_parity,CCI,0.030008186886056706
2021-10-01,equity_risk_parity,CCI,0.03451933172197809
2021-11-01,equity_risk_parity,CCI,0.031560155304964047
2021-12-01,equity_risk_parity,CCI,0.02655951979611487
2022-01-03,equity_risk_parity,CCI,0.02557653374788912
2022-02-01,equity_risk_parity,CCI,0.022324680809491144
2022-03-01,equity_risk_parity,CCI,0.020754219961735237
2022-04-01,equity_risk_parity,CCI,0.02179018636665609
2022-05-02,equity_risk_parity,CCI,0.02192608659539002
2022-06-01,equity_risk_parity,CCI,0.021617341590984787
2022-07-01,equity_risk_parity,CCI,0.02005581470148989
2022-08-01,equity_risk_parity,CCI,0.01957698311427127
2022-09-01,equity_risk_parity,CCI,0.01940291667713712
2022-10-03,equity_risk_parity,CCI,0.018964985507248937
2022-11-01,equity_risk_parity,CCI,0.019203498245813373
2022-12-01,equity_risk_parity,CCI,0.018100591169716584
2023-01-03,equity_risk_parity,CCI,0.018352507895244077
2023-02-01,equity_risk_parity,CCI,0.018098906299682315
2023-03-01,equity_risk_parity,CCI,0.017892009731255824
2023-04-03,equity_risk_parity,CCI,0.01777323072486035
2023-05-01,equity_risk_parity,CCI,0.017397321865015736
2023-06-01,equity_risk_parity,CCI,0.016871010759699625
2023-07-03,equity_risk_parity,CCI,0.016969051840005217
2023-08-01,equity_risk_parity,CCI,0.016896506633645798
2023-09-01,equity_risk_parity,CCI,0.016836637929575342
2023-10-02,equity_risk_parity,CCI,0.016432979188774503
2023-11-01,equity_risk_parity,CCI,0.015496856515735784
2023-12-01,equity_risk_parity,CCI,0.015264907277919161
2021-01-04,equity_risk_parity,CMCSA,0.0209612940273745
2021-02-01,equity_risk_parity,CMCSA,0.02081761210871111
2021-03-01,equity_risk_parity,CMCSA,0.0208227791210883
2021-04-01,equity_risk_parity,CMCSA,0.018310555117093494
2021-05-03,equity_risk_parity,CMCSA,0.018301639525180397
2021-06-01,equity_risk_parity,CMCSA,0.018407052855317615
2021-07-01,equity_risk_parity,CMCSA,0.016924021524706217
2021-08-02,equity_risk_parity,CMCSA,0.017117991630175057
2021-09-01,equity_risk_parity,CMCSA,0.016735647500204467
2021-10-01,equity_risk_parity,CMCSA,0.015212540115061474
2021-11-01,equity_risk_parity,CMCSA,0.01497348663313456
2021-12-01,equity_risk_parity,CMCSA,0.01567466723382277
2022-01-03,equity_risk_parity,CMCSA,0.016194344020213684
2022-02-01,equity_risk_parity,CMCSA,0.01730756736951675
2022-03-01,equity_risk_parity,CMCSA,0.016990324350185305
2022-04-01,equity_risk_parity,CMCSA,0.017136078874118072
2022-05-02,equity_risk_parity,CMCSA,0.01836611879172652
2022-06-01,equity_risk_parity,CMCSA,0.01941600698397576
2022-07-01,equity_risk_parity,CMCSA,0.020381760750087546
2022-08-01,equity_risk_parity,CMCSA,0.02134792059025533
2022-09-01,equity_risk_parity,CMCSA,0.021034297001555513
2022-10-03,equity_risk_parity,CMCSA,0.019906574006726345
2022-11-01,equity_risk_parity,CMCSA,0.02044399469841251
2022-12-01,equity_risk_parity,CMCSA,0.020044322472818312
2023-01-03,equity_risk_parity,CMCSA,0.0197837535715022
2023-02-01,equity_risk_parity,CMCSA,0.019597334105342284
2023-03-01,equity_risk_parity,CMCSA,0.019540365137530387
2023-04-03,equity_risk_parity,CMCSA,0.01954020349053615
2023-05-01,equity_risk_parity,CMCSA,0.01917326235821646
2023-06-01,equity_risk_parity,CMCSA,0.01836317116046485
2023-07-03,equity_risk_parity,CMCSA,0.01759266735690796
2023-08-01,equity_risk_parity,CMCSA,0.01740814287575847
2023-09-01,equity_risk_parity,CMCSA,0.017434672038064866
2023-10-02,equity_risk_parity,CMCSA,0.018606860297871723
2023-11-01,equity_risk_parity,CMCSA,0.018531675164882605
2023-12-01,equity_risk_parity,CMCSA,0.018544046360908627
2021-01-04,equity_risk_parity,COP,0.012524002344319999
2021-02-01,equity_risk_parity,COP,0.01247834280468131
2021-03-01,equity_risk_parity,COP,0.012450728127289963
2021-04-01,equity_risk_parity,COP,0.011699281796686762
2021-05-03,equity_risk_parity,COP,0.010654576883907915
2021-06-01,equity_risk_parity,COP,0.010517562030568263
2021-07-01,equity_risk_parity,COP,0.010395709555196525
2021-08-02,equity_risk_parity,COP,0.01051850940080517
2021-09-01,equity_risk_parity,COP,0.010532084237133412
2021-10-01,equity_risk_parity,COP,0.010275399428982777
2021-11-01,equity_risk_parity,COP,0.011123763528572613
2021-12-01,equity_risk_parity,COP,0.012278647515317893
2022-01-03,equity_risk_parity,COP,0.01225045584133509
2022-02-01,equity_risk_parity,COP,0.013200285553853911
2022-03-01,equity_risk_parity,COP,0.01366808505907271
2022-04-01,equity_risk_parity,COP,0.014710276692132667
2022-05-02,equity_risk_parity,COP,0.01464850561032886
2022-06-01,equity_risk_parity,COP,0.013971758198271548
2022-07-01,equity_risk_parity,COP,0.014343787044402374
2022-08-01,equity_risk_parity,COP,0.01428389072586926
2022-09-01,equity_risk_parity,COP,0.015260195073021858
2022-10-03,equity_risk_parity,COP,0.01568364800761542
2022-11-01,equity_risk_parity,COP,0.016088749387028378
2022-12-01,equity_risk_parity,COP,0.016788694326885973
2023-01-03,equity_risk_parity,COP,0.016949604165648315
2023-02-01,equity_risk_parity,COP,0.017379251778913207
2023-03-01,equity_risk_parity,COP,0.017057413608116197
2023-04-03,equity_risk_parity,COP,0.01656755365996869
2023-05-01,equity_risk_parity,COP,0.016460827699194745
2023-06-01,equity_risk_parity,COP,0.016943259210660384
2023-07-03,equity_risk_parity,COP,0.016978795375936457
2023-08-01,equity_risk_parity,COP,0.017046492710795075
2023-09-01,equity_risk_parity,COP,0.01668369579343163
2023-10-02,equity_risk_parity,COP,0.01692114059263289
2023-11-01,equity_risk_parity,COP,0.01673771018470012
2023-12-01,equity_risk_parity,COP,0.01698441048398724
2021-01-04,equity_risk_parity,CVX,0.013549227549419009
2021-02-01,equity_risk_parity,CVX,0.01354065631165441
2021-03-01,equity_risk_parity,CVX,0.013488238765972063
2021-04-01,equity_risk_parity,CVX,0.013243960747107859
2021-05-03,equity_risk_parity,CVX,0.012936421924449123
2021-06-01,equity_risk_parity,CVX,0.01291788617581957
2021-07-01,equity_risk_parity,CVX,0.012791683801735244
2021-08-02,equity_risk_parity,CVX,0.013061483987613658
2021-09-01,equity_risk_parity,CVX,0.012949045729750863
2021-10-01,equity_risk_parity,CVX,0.012555627793376883
2021-11-01,equity_risk_parity,CVX,0.012696971695733434
2021-12-01,equity_risk_parity,CVX,0.015127251213576692
2022-01-03,equity_risk_parity,CVX,0.015416165464814975
2022-02-01,equity_risk_parity,CVX,0.017607988314491865
2022-03-01,equity_risk_parity,CVX,0.018187826946189537
2022-04-01,equity_risk_parity,CVX,0.021470963942273255
2022-05-02,equity_risk_parity,CVX,0.020345257540003398
2022-06-01,equity_risk_parity,CVX,0.019528222737168782
2022-07-01,equity_risk_parity,CVX,0.01981495959867067
2022-08-01,equity_risk_parity,CVX,0.019457578619127957
2022-09-01,equity_risk_parity,CVX,0.020621399232953957
2022-10-03,equity_risk_parity,CVX,0.02107477540963662
2022-11-01,equity_risk_parity,CVX,0.02108767116048755
2022-12-01,equity_risk_parity,CVX,0.02123129080018431
2023-01-03,equity_risk_parity,CVX,0.021059047796611403
2023-02-01,equity_risk_parity,CVX,0.021049600072986528
2023-03-01,equity_risk_parity,CVX,0.020937343352555718
2023-04-03,equity_risk_parity,CVX,0.01964562595470112
2023-05-01,equity_risk_parity,CVX,0.019706586288307435
2023-06-01,equity_risk_parity,CVX,0.019957956459215897
2023-07-03,equity_risk_parity,CVX,0.01965812017787506
2023-08-01,equity_risk_parity,CVX,0.01978447247511088
2023-09-01,equity_risk_parity,CVX,0.019586779687690632
2023-10-02,equity_risk_parity,CVX,0.020145977214012928
2023-11-01,equity_risk_parity,CVX,0.02032357124462726
2023-12-01,equity_risk_parity,CVX,0.02061486465162021
2021-01-04,equity_risk_parity,D,0.019378890536619398
2021-02-01,equity_risk_parity,D,0.019607629799895204
2021-03-01,equity_risk_parity,D,0.01944984166142427
2021-04-01,equity_risk_parity,D,0.02633469304471663
2021-05-03,equity_risk_parity,D,0.032865444384930304
2021-06-01,equity_risk_parity,D,0.03194043843094795
2021-07-01,equity_risk_parity,D,0.029074132031427325
2021-08-02,equity_risk_parity,D,0.028345552099337246
2021-09-01,equity_risk_parity,D,0.028793058487206057
2021-10-01,equity_risk_parity,D,0.027898863640590108
2021-11-01,equity_risk_parity,D,0.02660828070583842
2021-12-01,equity_risk_parity,D,0.026675392234110824
2022-01-03,equity_risk_parity,D,0.026413485899729132
2022-02-01,equity_risk_parity,D,0.025427851406339776
2022-03-01,equity_risk_parity,D,0.026250358603177745
2022-04-01,equity_risk_parity,D,0.026612696014430125
2022-05-02,equity_risk_parity,D,0.027512331863572458
2022-06-01,equity_risk_parity,D,0.02945707670744581
2022-07-01,equity_risk_parity,D,0.02972107858360391
2022-08-01,equity_risk_parity,D,0.029205767753224456
2022-09-01,equity_risk_parity,D,0.029131312640067117
2022-10-03,equity_risk_parity,D,0.02722707711679057
2022-11-01,equity_risk_parity,D,0.025788330430483522
2022-12-01,equity_risk_parity,D,0.0264698128945223
2023-01-03,equity_risk_parity,D,0.026766627765148713
2023-02-01,equity_risk_parity,D,0.026463684474293852
2023-03-01,equity_risk_parity,D,0.026253910475873835
2023-04-03,equity_risk_parity,D,0.02589550894601253
2023-05-01,equity_risk_parity,D,0.02556496997199119
2023-06-01,equity_risk_parity,D,0.02400715517798952
2023-07-03,equity_risk_parity,D,0.023324129861893465
2023-08-01,equity_risk_parity,D,0.02244497209057263
2023-09-01,equity_risk_parity,D,0.02195049415985916
2023-10-02,equity_risk_parity,D,0.02111034406499471
2023-11-01,equity_risk_parity,D,0.021621943253147046
2023-12-01,equity_risk_parity,D,0.019490157525874963
2021-01-04,equity_risk_parity,DD,0.016013380371088647
2021-02-01,equity_risk_parity,DD,0.015941186141823337
2021-03-01,equity_risk_parity,DD,0.01605385834070164
2021-04-01,equity_risk_parity,DD,0.014720020144478407
2021-05-03,equity_risk_parity,DD,0.014172096169089083
2021-06-01,equity_risk_parity,DD,0.014144530035061203
2021-07-01,equity_risk_parity,DD,0.013824842320460268
2021-08-02,equity_risk_parity,DD,0.013488311841569211
2021-09-01,equity_risk_parity,DD,0.013705222335847114
2021-10-01,equity_risk_parity,DD,0.014184368436560823
2021-11-01,equity_risk_parity,DD,0.013641333598545214
2021-12-01,equity_risk_parity,DD,0.013455677055446218
2022-01-03,equity_risk_parity,DD,0.013644916153852427
2022-02-01,equity_risk_parity,DD,0.013954911718505313
2022-03-01,equity_risk_parity,DD,0.013677624656804891
2022-04-01,equity_risk_parity,DD,0.01235718987020564
2022-05-02,equity_risk_parity,DD,0.013286513087205286
2022-06-01,equity_risk_parity,DD,0.013602397861703074
2022-07-01,equity_risk_parity,DD,0.013527674283009553
2022-08-01,equity_risk_parity,DD,0.01379107804358065
2022-09-01,equity_risk_parity,DD,0.013510011514182765
2022-10-03,equity_risk_parity,DD,0.013881535756595672
2022-11-01,equity_risk_parity,DD,0.014209009309088244
2022-12-01,equity_risk_parity,DD,0.014839465560773235
2023-01-03,equity_risk_parity,DD,0.014999348142243
2023-02-01,equity_risk_parity,DD,0.015095852860717981
2023-03-01,equity_risk_parity,DD,0.015265523233124318
2023-04-03,equity_risk_parity,DD,0.015675413261808786
2023-05-01,equity_risk_parity,DD,0.015698122633999466
2023-06-01,equity_risk_parity,DD,0.015285093591637438
2023-07-03,equity_risk_parity,DD,0.015249184801239197
2023-08-01,equity_risk_parity,DD,0.015490768656357703
2023-09-01,equity_risk_parity,DD,0.016059695890753876
2023-10-02,equity_risk_parity,DD,0.016521338930448867
2023-11-01,equity_risk_parity,DD,0.0167494402482007
2023-12-01,equity_risk_parity,DD,0.016315344089997397
2021-01-04,equity_risk_parity,DIS,0.01828053197024575
2021-02-01,equity_risk_parity,DIS,0.0182247236301191
2021-03-01,equity_risk_parity,DIS,0.01810108661964661
2021-04-01,equity_risk_parity,DIS,0.017509983091666723
2021-05-03,equity_risk_parity,DIS,0.01600296805974245
2021-06-01,equity_risk_parity,DIS,0.017025116443024017
2021-07-01,equity_risk_parity,DIS,0.017676476908809493
2021-08-02,equity_risk_parity,DIS,0.01705442745997619
2021-09-01,equity_risk_parity,DIS,0.01687101425990678
2021-10-01,equity_risk_parity,DIS,0.015312850193158445
2021-11-01,equity_risk_parity,DIS,0.01511650910255635
2021-12-01,equity_risk_parity,DIS,0.016898198432038793
2022-01-03,equity_risk_parity,DIS,0.01731733260271254
2022-02-01,equity_risk_parity,DIS,0.017064762727481267
2022-03-01,equity_risk_parity,DIS,0.019866396400677565
2022-04-01,equity_risk_parity,DIS,0.01777730197429157
2022-05-02,equity_risk_parity,DIS,0.01755964041890041
2022-06-01,equity_risk_parity,DIS,0.016462741395270514
2022-07-01,equity_risk_parity,DIS,0.016709107600052564
2022-08-01,equity_risk_parity,DIS,0.016554420011189026
2022-09-01,equity_risk_parity,DIS,0.015935172700538222
2022-10-03,equity_risk_parity,DIS,0.015627765880169918
2022-11-01,equity_risk_parity,DIS,0.015801723612494836
2022-12-01,equity_risk_parity,DIS,0.014860746737595737
2023-01-03,equity_risk_parity,DIS,0.014751466931532708
2023-02-01,equity_risk_parity,DIS,0.014821021084270674
2023-03-01,equity_risk_parity,DIS,0.014492309702316325
2023-04-03,equity_risk_parity,DIS,0.01473481380531908
2023-05-01,equity_risk_parity,DIS,0.014718172580176986
2023-06-01,equity_risk_parity,DIS,0.014241586711105595
2023-07-03,equity_risk_parity,DIS,0.01362882560005113
2023-08-01,equity_risk_parity,DIS,0.01381590605870961
2023-09-01,equity_risk_parity,DIS,0.014139364316485662
2023-10-02,equity_risk_parity,DIS,0.014362601299916443
2023-11-01,equity_risk_parity,DIS,0.014153110637809423
2023-12-01,equity_risk_parity,DIS,0.015949578605080943
2021-01-04,equity_risk_parity,DOW,0.013662442682376087
2021-02-01,equity_risk_parity,DOW,0.013629071711484395
2021-03-01,equity_risk_parity,DOW,0.013729433794709181
2021-04-01,equity_risk_parity,DOW,0.011873727951800668
2021-05-03,equity_risk_parity,DOW,0.011446357555080097
2021-06-01,equity_risk_parity,DOW,0.01233435216836482
2021-07-01,equity_risk_parity,DOW,0.01274244441593466
2021-08-02,equity_risk_parity,DOW,0.012911405449358222
2021-09-01,equity_risk_parity,DOW,0.01298949587221991
2021-10-01,equity_risk_parity,DOW,0.012633853666096387
2021-11-01,equity_risk_parity,DOW,0.011855974744887372
2021-12-01,equity_risk_parity,DOW,0.012614989036605939
2022-01-03,equity_risk_parity,DOW,0.01277152270983479
2022-02-01,equity_risk_parity,DOW,0.013830165267115625
2022-03-01,equity_risk_parity,DOW,0.014545558882239695
2022-04-01,equity_risk_parity,DOW,0.013918438867339185
2022-05-02,equity_risk_parity,DOW,0.016481813737887572
2022-06-01,equity_risk_parity,DOW,0.01723958509662334
2022-07-01,equity_risk_parity,DOW,0.017172364222304184
2022-08-01,equity_risk_parity,DOW,0.017566822422515293
2022-09-01,equity_risk_parity,DOW,0.017515473639534408
2022-10-03,equity_risk_parity,DOW,0.017770183525288016
2022-11-01,equity_risk_parity,DOW,0.018133391462511222
2022-12-01,equity_risk_parity,DOW,0.017635966361507688
2023-01-03,equity_risk_parity,DOW,0.017732740443455772
2023-02-01,equity_risk_parity,DOW,0.017458893049237423
2023-03-01,equity_risk_parity,DOW,0.01751423269909944
2023-04-03,equity_risk_parity,DOW,0.017873303246302007
2023-05-01,equity_risk_parity,DOW,0.017255040835384823
2023-06-01,equity_risk_parity,DOW,0.016496166958234026
2023-07-03,equity_risk_parity,DOW,0.016046229876131836
2023-08-01,equity_risk_parity,DOW,0.01624630191594328
2023-09-01,equity_risk_parity,DOW,0.016485456706915785
2023-10-02,equity_risk_parity,DOW,0.01642927594066889
2023-11-01,equity_risk_parity,DOW,0.015902975592611304
2023-12-01,equity_risk_parity,DOW,0.01677931602741831
2021-01-04,equity_risk_parity,DUK,0.01935595240131151
2021-02-01,equity_risk_parity,DUK,0.019544713955462784
2021-03-01,equity_risk_parity,DUK,0.0194055539530166
2021-04-01,equity_risk_parity,DUK,0.022975467849951345
2021-05-03,equity_risk_parity,DUK,0.02770673941697581
2021-06-01,equity_risk_parity,DUK,0.02867975859637811
2021-07-01,equity_risk_parity,DUK,0.02726983117748284
2021-08-02,equity_risk_parity,DUK,0.02770435594124332
2021-09-01,equity_risk_parity,DUK,0.028007134779307434
2021-10-01,equity_risk_parity,DUK,0.02904668754501266
2021-11-01,equity_risk_parity,DUK,0.029187839775659728
2021-12-01,equity_risk_parity,DUK,0.03190683169408549
2022-01-03,equity_risk_parity,DUK,0.03257126115847002
2022-02-01,equity_risk_parity,DUK,0.0319876050806792
2022-03-01,equity_risk_parity,DUK,0.02929669308033827
2022-04-01,equity_risk_parity,DUK,0.03035213159189051
2022-05-02,equity_risk_parity,DUK,0.031110461133871288
2022-06-01,equity_risk_parity,DUK,0.033653579799787864
2022-07-01,equity_risk_parity,DUK,0.033151278264500574
2022-08-01,equity_risk_parity,DUK,0.03263067299186661
2022-09-01,equity_risk_parity,DUK,0.03217251184027937
2022-10-03,equity_risk_parity,DUK,0.02970559261102004
2022-11-01,equity_risk_parity,DUK,0.027271350683100076
2022-12-01,equity_risk_parity,DUK,0.027739871056598434
2023-01-03,equity_risk_parity,DUK,0.027777685677811075
2023-02-01,equity_risk_parity,DUK,0.027576151999145357
2023-03-01,equity_risk_parity,DUK,0.02789452110185599
2023-04-03,equity_risk_parity,DUK,0.026849364784282067
2023-05-01,equity_risk_parity,DUK,0.026462943992646235
2023-06-01,equity_risk_parity,DUK,0.025096997765956554
2023-07-03,equity_risk_parity,DUK,0.02446163258178993
2023-08-01,equity_risk_parity,DUK,0.023606803339718267
2023-09-01,equity_risk_parity,DUK,0.02346299066689598
2023-10-02,equity_risk_parity,DUK,0.023518050237219448
2023-11-01,equity_risk_parity,DUK,0.025301346365716192
2023-12-01,equity_risk_parity,DUK,0.02468526384854971
2021-01-04,equity_risk_parity,EA,0.03267881435570734
2021-02-01,equity_risk_parity,EA,0.03302790514929739
2021-03-01,equity_risk_parity,EA,0.033301554160531176
2021-04-01,equity_risk_parity,EA,0.037936447583886174
2021-05-03,equity_risk_parity,EA,0.03284219069509338
2021-06-01,equity_risk_parity,EA,0.03113832988280636
2021-07-01,equity_risk_parity,EA,0.02564302976146198
2021-08-02,equity_risk_parity,EA,0.02561029431982729
2021-09-01,equity_risk_parity,EA,0.02619181454111733
2021-10-01,equity_risk_parity,EA,0.030069826106887562
2021-11-01,equity_risk_parity,EA,0.03005793702222319
2021-12-01,equity_risk_parity,EA,0.029487163747970852
2022-01-03,equity_risk_parity,EA,0.028022765895796848
2022-02-01,equity_risk_parity,EA,0.02849161923745769
2022-03-01,equity_risk_parity,EA,0.028880313552392043
2022-04-01,equity_risk_parity,EA,0.028022697570115364
2022-05-02,equity_risk_parity,EA,0.02944349796678377
2022-06-01,equity_risk_parity,EA,0.028472816525984896
2022-07-01,equity_risk_parity,EA,0.02724698738846796
2022-08-01,equity_risk_parity,EA,0.02710782878818995
2022-09-01,equity_risk_parity,EA,0.027418911284386855
2022-10-03,equity_risk_parity,EA,0.025719111099107718
2022-11-01,equity_risk_parity,EA,0.026094306751920513
2022-12-01,equity_risk_parity,EA,0.026061879135519002
2023-01-03,equity_risk_parity,EA,0.02594290788428407
2023-02-01,equity_risk_parity,EA,0.026165866081648288
2023-03-01,equity_risk_parity,EA,0.026122934067078996
2023-04-03,equity_risk_parity,EA,0.026608615685754206
2023-05-01,equity_risk_parity,EA,0.02551315204611221
2023-06-01,equity_risk_parity,EA,0.02695637059889549
2023-07-03,equity_risk_parity,EA,0.02732883918343661
2023-08-01,equity_risk_parity,EA,0.027257316774514474
2023-09-01,equity_risk_parity,EA,0.025185745253838432
2023-10-02,equity_risk_parity,EA,0.025871010237414036
2023-11-01,equity_risk_parity,EA,0.024843729745786167
2023-12-01,equity_risk_parity,EA,0.023701701006022632
2021-01-04,equity_risk_parity,GE,0.014796681502600311
2021-02-01,equity_risk_parity,GE,0.014841870531827922
2021-03-01,equity_risk_parity,GE,0.01478922495066248
2021-04-01,equity_risk_parity,GE,0.01410659706825347
2021-05-03,equity_risk_parity,GE,0.012507909444558301
2021-06-01,equity_risk_parity,GE,0.013599314551148793
2021-07-01,equity_risk_parity,GE,0.014922032001967006
2021-08-02,equity_risk_parity,GE,0.014463412255929318
2021-09-01,equity_risk_parity,GE,0.014665574360489013
2021-10-01,equity_risk_parity,GE,0.015262155239374998
2021-11-01,equity_risk_parity,GE,0.01387870407024714
2021-12-01,equity_risk_parity,GE,0.014114755776439962
2022-01-03,equity_risk_parity,GE,0.014136256750260338
2022-02-01,equity_risk_parity,GE,0.012924645518822078
2022-03-01,equity_risk_parity,GE,0.013251981809512274
2022-04-01,equity_risk_parity,GE,0.012483203869588212
2022-05-02,equity_risk_parity,GE,0.012390972733949282
2022-06-01,equity_risk_parity,GE,0.01264362700693646
2022-07-01,equity_risk_parity,GE,0.012928944134053811
2022-08-01,equity_risk_parity,GE,0.013319874174058029
2022-09-01,equity_risk_parity,GE,0.013248090449923056
2022-10-03,equity_risk_parity,GE,0.014154889733689283
2022-11-01,equity_risk_parity,GE,0.014289205709708482
2022-12-01,equity_risk_parity,GE,0.014961212220772464
2023-01-03,equity_risk_parity,GE,0.014982120663531225
2023-02-01,equity_risk_parity,GE,0.015152069252770902
2023-03-01,equity_risk_parity,GE,0.015607634842733985
2023-04-03,equity_risk_parity,GE,0.01603288793862743
2023-05-01,equity_risk_parity,GE,0.01665773381130526
2023-06-01,equity_risk_parity,GE,0.01700949882692043
2023-07-03,equity_risk_parity,GE,0.01775554626607199
2023-08-01,equity_risk_parity,GE,0.018282786779232816
2023-09-01,equity_risk_parity,GE,0.018710533425483487
2023-10-02,equity_risk_parity,GE,0.01862206972824567
2023-11-01,equity_risk_parity,GE,0.018813627378274956
2023-12-01,equity_risk_parity,GE,0.019383164169453564
2021-01-04,equity_risk_parity,GILD,0.036338573763175314
2021-02-01,equity_risk_parity,GILD,0.03622497180672402
2021-03-01,equity_risk_parity,GILD,0.03519052891748871
2021-04-01,equity_risk_parity,GILD,0.028840223089818415
2021-05-03,equity_risk_parity,GILD,0.03003057060765966
2021-06-01,equity_risk_parity,GILD,0.03125468724183846
2021-07-01,equity_risk_parity,GILD,0.02795476119890522
2021-08-02,equity_risk_parity,GILD,0.027261011406679116
2021-09-01,equity_risk_parity,GILD,0.026638929853015966
2021-10-01,equity_risk_parity,GILD,0.02609185397235954
2021-11-01,equity_risk_parity,GILD,0.027545087570916078
2021-12-01,equity_risk_parity,GILD,0.026746885010277683
2022-01-03,equity_risk_parity,GILD,0.029300892250736336
2022-02-01,equity_risk_parity,GILD,0.027381844750002438
2022-03-01,equity_risk_parity,GILD,0.031929786880772436
2022-04-01,equity_risk_parity,GILD,0.03175942513889116
2022-05-02,equity_risk_parity,GILD,0.029685654142657676
2022-06-01,equity_risk_parity,GILD,0.03265754336474292
2022-07-01,equity_risk_parity,GILD,0.03291667544000336
2022-08-01,equity_risk_parity,GILD,0.0326982545070733
2022-09-01,equity_risk_parity,GILD,0.03273957531700503
2022-10-03,equity_risk_parity,GILD,0.03015743414410248
2022-11-01,equity_risk_parity,GILD,0.02656585402756571
2022-12-01,equity_risk_parity,GILD,0.027744087558835707
2023-01-03,equity_risk_parity,GILD,0.027279288629069535
2023-02-01,equity_risk_parity,GILD,0.027711033300100284
2023-03-01,equity_risk_parity,GILD,0.027166128017629514
2023-04-03,equity_risk_parity,GILD,0.026760593939486012
2023-05-01,equity_risk_parity,GILD,0.027198324351001325
2023-06-01,equity_risk_parity,GILD,0.025917029868537098
2023-07-03,equity_risk_parity,GILD,0.024940788142280616
2023-08-01,equity_risk_parity,GILD,0.024950543927288033
2023-09-01,equity_risk_parity,GILD,0.024724568875151294
2023-10-02,equity_risk_parity,GILD,0.025563989489726976
2023-11-01,equity_risk_parity,GILD,0.029237297549287073
2023-12-01,equity_risk_parity,GILD,0.025932998285072957
2021-01-04,equity_risk_parity,GS,0.014982323273158434
2021-02-01,equity_risk_parity,GS,0.015054609442536065
2021-03-01,equity_risk_parity,GS,0.014918198544706383
2021-04-01,equity_risk_parity,GS,0.015455731714612233
2021-05-03,equity_risk_parity,GS,0.01472815194350427
2021-06-01,equity_risk_parity,GS,0.015260397169179884
2021-07-01,equity_risk_parity,GS,0.01704855455848268
2021-08-02,equity_risk_parity,GS,0.016799021053006062
2021-09-01,equity_risk_parity,GS,0.016397322591795133
2021-10-01,equity_risk_parity,GS,0.015474490961533556
2021-11-01,equity_risk_parity,GS,0.015660310112930457
2021-12-01,equity_risk_parity,GS,0.01636994297883388
2022-01-03,equity_risk_parity,GS,0.015821579940074493
2022-02-01,equity_risk_parity,GS,0.014888233135526063
2022-03-01,equity_risk_parity,GS,0.01543576617550416
2022-04-01,equity_risk_parity,GS,0.013719100651245474
2022-05-02,equity_risk_parity,GS,0.013943435638556368
2022-06-01,equity_risk_parity,GS,0.014825039681689798
2022-07-01,equity_risk_parity,GS,0.015203754313334346
2022-08-01,equity_risk_parity,GS,0.015067831269758527
2022-09-01,equity_risk_parity,GS,0.015314071069146482
2022-10-03,equity_risk_parity,GS,0.01586260158204616
2022-11-01,equity_risk_parity,GS,0.01585772049276835
2022-12-01,equity_risk_parity,GS,0.016309641029975726
2023-01-03,equity_risk_parity,GS,0.016622578684509413
2023-02-01,equity_risk_parity,GS,0.01717238024214442
2023-03-01,equity_risk_parity,GS,0.0173401242607445
2023-04-03,equity_risk_parity,GS,0.017260965595431815
2023-05-01,equity_risk_parity,GS,0.017658013825978466
2023-06-01,equity_risk_parity,GS,0.01760455230813015
2023-07-03,equity_risk_parity,GS,0.017525778476053033
2023-08-01,equity_risk_parity,GS,0.01797776915179044
2023-09-01,equity_risk_parity,GS,0.018014896034978026
2023-10-02,equity_risk_parity,GS,0.017800004106230442
2023-11-01,equity_risk_parity,GS,0.01772730724581822
2023-12-01,equity_risk_parity,GS,0.01648631446127245
2021-01-04,equity_risk_parity,INTC,0.016709938581099412
2021-02-01,equity_risk_parity,INTC,0.016672323352647282
2021-03-01,equity_risk_parity,INTC,0.01678431975568836
2021-04-01,equity_risk_parity,INTC,0.018136047494262675
2021-05-03,equity_risk_parity,INTC,0.017446591775791175
2021-06-01,equity_risk_parity,INTC,0.01713715100512826
2021-07-01,equity_risk_parity,INTC,0.01569278693527491
2021-08-02,equity_risk_parity,INTC,0.01584824414667852
2021-09-01,equity_risk_parity,INTC,0.01580925931367594
2021-10-01,equity_risk_parity,INTC,0.01570664764184437
2021-11-01,equity_risk_parity,INTC,0.015675663058317968
2021-12-01,equity_risk_parity,INTC,0.015360234965318997
2022-01-03,equity_risk_parity,INTC,0.015367392478086866
2022-02-01,equity_risk_parity,INTC,0.01607008131890089
2022-03-01,equity_risk_parity,INTC,0.016123687812485375
2022-04-01,equity_risk_parity,INTC,0.016359676064487415
2022-05-02,equity_risk_parity,INTC,0.015595840544308556
2022-06-01,equity_risk_parity,INTC,0.01563590829990713
2022-07-01,equity_risk_parity,INTC,0.015547489113068885
2022-08-01,equity_risk_parity,INTC,0.01586181233746587
2022-09-01,equity_risk_parity,INTC,0.015208433038257937
2022-10-03,equity_risk_parity,INTC,0.015124800016042385
2022-11-01,equity_risk_parity,INTC,0.01443499922672525
2022-12-01,equity_risk_parity,INTC,0.013654215361711242
2023-01-03,equity_risk_parity,INTC,0.013826960168714186
2023-02-01,equity_risk_parity,INTC,0.013366615801626668
2023-03-01,equity_risk_parity,INTC,0.013254254105513447
2023-04-03,equity_risk_parity,INTC,0.013610101758574262
2023-05-01,equity_risk_parity,INTC,0.013600042162492542
2023-06-01,equity_risk_parity,INTC,0.013836264103434866
2023-07-03,equity_risk_parity,INTC,0.013394973383712018
2023-08-01,equity_risk_parity,INTC,0.013248180516571256
2023-09-01,equity_risk_parity,INTC,0.013021268161240489
2023-10-02,equity_risk_parity,INTC,0.012841776238653237
2023-11-01,equity_risk_parity,INTC,0.013688156932050093
2023-12-01,equity_risk_parity,INTC,0.014699515810660278
2021-01-04,equity_risk_parity,KO,0.022653387296976836
2021-02-01,equity_risk_parity,KO,0.02273744981737223
2021-03-01,equity_risk_parity,KO,0.022612736317479527
2021-04-01,equity_risk_parity,KO,0.01949201887385459
2021-05-03,equity_risk_parity,KO,0.019974877553849107
2021-06-01,equity_risk_parity,KO,0.019986567317460638
2021-07-01,equity_risk_parity,KO,0.02060140511732874
2021-08-02,equity_risk_parity,KO,0.021350471289258915
2021-09-01,equity_risk_parity,KO,0.02159797578936306
2021-10-01,equity_risk_parity,KO,0.02188063679105899
2021-11-01,equity_risk_parity,KO,0.024026530965379968
2021-12-01,equity_risk_parity,KO,0.024727632854821394
2022-01-03,equity_risk_parity,KO,0.024938763235708258
2022-02-01,equity_risk_parity,KO,0.025506420740271346
2022-03-01,equity_risk_parity,KO,0.02815393998737033
2022-04-01,equity_risk_parity,KO,0.027523215228044354
2022-05-02,equity_risk_parity,KO,0.028194029126775308
2022-06-01,equity_risk_parity,KO,0.02493299043808476
2022-07-01,equity_risk_parity,KO,0.02700931238057303
2022-08-01,equity_risk_parity,KO,0.027042871636361186
2022-09-01,equity_risk_parity,KO,0.02680648798844693
2022-10-03,equity_risk_parity,KO,0.027461276767800177
2022-11-01,equity_risk_parity,KO,0.027449761198209955
2022-12-01,equity_risk_parity,KO,0.028066406708075656
2023-01-03,equity_risk_parity,KO,0.028323781851225614
2023-02-01,equity_risk_parity,KO,0.028465631447164904
2023-03-01,equity_risk_parity,KO,0.028103869153360227
2023-04-03,equity_risk_parity,KO,0.0290336371433163
2023-05-01,equity_risk_parity,KO,0.029184763633112277
2023-06-01,equity_risk_parity,KO,0.031715571649551876
2023-07-03,equity_risk_parity,KO,0.03076937873032351
2023-08-01,equity_risk_parity,KO,0.030875782387081087
2023-09-01,equity_risk_parity,KO,0.0318271713546454
2023-10-02,equity_risk_parity,KO,0.03276734291139053
2023-11-01,equity_risk_parity,KO,0.031541349971197494
2023-12-01,equity_risk_parity,KO,0.03445136887763371
2021-01-04,equity_risk_parity,MMM,0.022612554735653753
2021-02-01,equity_risk_parity,MMM,0.023117999715551778
2021-03-01,equity_risk_parity,MMM,0.022936446631259325
2021-04-01,equity_risk_parity,MMM,0.022909374111852187
2021-05-03,equity_risk_parity,MMM,0.021886548909178235
2021-06-01,equity_risk_parity,MMM,0.02402294257558319
2021-07-01,equity_risk_parity,MMM,0.026262959448672775
2021-08-02,equity_risk_parity,MMM,0.026472166032297652
2021-09-01,equity_risk_parity,MMM,0.025720690241504
2021-10-01,equity_risk_parity,MMM,0.026032048934061375
2021-11-01,equity_risk_parity,MMM,0.026247334318035092
2021-12-01,equity_risk_parity,MMM,0.026452901442866397
2022-01-03,equity_risk_parity,MMM,0.02647295883210335
2022-02-01,equity_risk_parity,MMM,0.02254348650146935
2022-03-01,equity_risk_parity,MMM,0.019805557732011522
2022-04-01,equity_risk_parity,MMM,0.018436236408077136
2022-05-02,equity_risk_parity,MMM,0.019479404202667173
2022-06-01,equity_risk_parity,MMM,0.020753720938549203
2022-07-01,equity_risk_parity,MMM,0.02207410436180614
2022-08-01,equity_risk_parity,MMM,0.022725081891169712
2022-09-01,equity_risk_parity,MMM,0.020940875876103847
2022-10-03,equity_risk_parity,MMM,0.02183792794592963
2022-11-01,equity_risk_parity,MMM,0.021054163199533148
2022-12-01,equity_risk_parity,MMM,0.020898705470241127
2023-01-03,equity_risk_parity,MMM,0.020738212334267363
2023-02-01,equity_risk_parity,MMM,0.019568571143113063
2023-03-01,equity_risk_parity,MMM,0.019865752839701083
2023-04-03,equity_risk_parity,MMM,0.02001074913792806
2023-05-01,equity_risk_parity,MMM,0.019865882320778114
2023-06-01,equity_risk_parity,MMM,0.018669576722531996
2023-07-03,equity_risk_parity,MMM,0.016868815086585467
2023-08-01,equity_risk_parity,MMM,0.01596987254400135
2023-09-01,equity_risk_parity,MMM,0.016602456815617856
2023-10-02,equity_risk_parity,MMM,0.015995234093357527
2023-11-01,equity_risk_parity,MMM,0.014921584757997316
2023-12-01,equity_risk_parity,MMM,0.01460135033801792
2021-01-04,equity_risk_parity,MRK,0.027344316441411515
2021-02-01,equity_risk_parity,MRK,0.02722939527586333
2021-03-01,equity_risk_parity,MRK,0.026931932154403967
2021-04-01,equity_risk_parity,MRK,0.02618664423763347
2021-05-03,equity_risk_parity,MRK,0.030072780788579417
2021-06-01,equity_risk_parity,MRK,0.028685900509172906
2021-07-01,equity_risk_parity,MRK,0.030954258367775933
2021-08-02,equity_risk_parity,MRK,0.031804223402754135
2021-09-01,equity_risk_parity,MRK,0.030398560088507783
2021-10-01,equity_risk_parity,MRK,0.031659832449628625
2021-11-01,equity_risk_parity,MRK,0.028551676358060947
2021-12-01,equity_risk_parity,MRK,0.027749272813306074
2022-01-03,equity_risk_parity,MRK,0.03086451181376253
2022-02-01,equity_risk_parity,MRK,0.036827687318468146
2022-03-01,equity_risk_parity,MRK,0.03362475790937938
2022-04-01,equity_risk_parity,MRK,0.03535880049034295
2022-05-02,equity_risk_parity,MRK,0.03366342893835985
2022-06-01,equity_risk_parity,MRK,0.03609021134353942
2022-07-01,equity_risk_parity,MRK,0.03433111343293636
2022-08-01,equity_risk_parity,MRK,0.035074936647698944
2022-09-01,equity_risk_parity,MRK,0.0349227589070303
2022-10-03,equity_risk_parity,MRK,0.036900096222142215
2022-11-01,equity_risk_parity,MRK,0.04025853399652535
2022-12-01,equity_risk_parity,MRK,0.04538415557874549
2023-01-03,equity_risk_parity,MRK,0.04281950394642811
2023-02-01,equity_risk_parity,MRK,0.041977237500359
2023-03-01,equity_risk_parity,MRK,0.042629299187833064
2023-04-03,equity_risk_parity,MRK,0.042366621882249884
2023-05-01,equity_risk_parity,MRK,0.04208939176808565
2023-06-01,equity_risk_parity,MRK,0.04249855735132282
2023-07-03,equity_risk_parity,MRK,0.04688107841829125
2023-08-01,equity_risk_parity,MRK,0.0460331405265345
2023-09-01,equity_risk_parity,MRK,0.044866624997422944
2023-10-02,equity_risk_parity,MRK,0.04381590562322988
2023-11-01,equity_risk_parity,MRK,0.04646134606331144
2023-12-01,equity_risk_parity,MRK,0.041595494171815954
2021-01-04,equity_risk_parity,MS,0.013245359179190496
2021-02-01,equity_risk_parity,MS,0.013281113902365211
2021-03-01,equity_risk_parity,MS,0.013182731478886161
2021-04-01,equity_risk_parity,MS,0.01353694310463763
2021-05-03,equity_risk_parity,MS,0.013579960162634304
2021-06-01,equity_risk_parity,MS,0.014713439989961526
2021-07-01,equity_risk_parity,MS,0.014502373945431572
2021-08-02,equity_risk_parity,MS,0.014193584667905077
2021-09-01,equity_risk_parity,MS,0.013738118239428498
2021-10-01,equity_risk_parity,MS,0.013430058647920781
2021-11-01,equity_risk_parity,MS,0.01348991766722653
2021-12-01,equity_risk_parity,MS,0.014291258163566757
2022-01-03,equity_risk_parity,MS,0.014247505096809577
2022-02-01,equity_risk_parity,MS,0.01531759045831009
2022-03-01,equity_risk_parity,MS,0.01528996152506092
2022-04-01,equity_risk_parity,MS,0.013291767728923423
2022-05-02,equity_risk_parity,MS,0.013472986629305104
2022-06-01,equity_risk_parity,MS,0.013589960056350353
2022-07-01,equity_risk_parity,MS,0.014150559124804176
2022-08-01,equity_risk_parity,MS,0.014209239730186446
2022-09-01,equity_risk_parity,MS,0.014312275987538021
2022-10-03,equity_risk_parity,MS,0.01503476658026905
2022-11-01,equity_risk_parity,MS,0.014955964511774765
2022-12-01,equity_risk_parity,MS,0.015163220620027758
2023-01-03,equity_risk_parity,MS,0.015281614285459504
2023-02-01,equity_risk_parity,MS,0.015388593294907375
2023-03-01,equity_risk_parity,MS,0.01570590630103984
2023-04-03,equity_risk_parity,MS,0.01582699279508238
2023-05-01,equity_risk_parity,MS,0.016282695732249573
2023-06-01,equity_risk_parity,MS,0.016488543010705434
2023-07-03,equity_risk_parity,MS,0.016315186480598497
2023-08-01,equity_risk_parity,MS,0.016510456102568065
2023-09-01,equity_risk_parity,MS,0.016804868115002213
2023-10-02,equity_risk_parity,MS,0.016253784981801165
2023-11-01,equity_risk_parity,MS,0.01617634064863127
2023-12-01,equity_risk_parity,MS,0.01517616454547903
2021-01-04,equity_risk_parity,NEE,0.019715837581175382
2021-02-01,equity_risk_parity,NEE,0.019256782618116343
2021-03-01,equity_risk_parity,NEE,0.019105237569001756
2021-04-01,equity_risk_parity,NEE,0.01976291307247806
2021-05-03,equity_risk_parity,NEE,0.02187737352510701
2021-06-01,equity_risk_parity,NEE,0.021874106852985634
2021-07-01,equity_risk_parity,NEE,0.01990685720820111
2021-08-02,equity_risk_parity,NEE,0.020566940668629265
2021-09-01,equity_risk_parity,NEE,0.02129062874587486
2021-10-01,equity_risk_parity,NEE,0.020774287313088377
2021-11-01,equity_risk_parity,NEE,0.019863999893620414
2021-12-01,equity_risk_parity,NEE,0.019820847642057157
2022-01-03,equity_risk_parity,NEE,0.020601250006610658
2022-02-01,equity_risk_parity,NEE,0.02307576883395783
2022-03-01,equity_risk_parity,NEE,0.023004959992095904
2022-04-01,equity_risk_parity,NEE,0.025848751235373942
2022-05-02,equity_risk_parity,NEE,0.024205463494691146
2022-06-01,equity_risk_parity,NEE,0.022640522166515
2022-07-01,equity_risk_parity,NEE,0.021193258287848786
2022-08-01,equity_risk_parity,NEE,0.020554092241286744
2022-09-01,equity_risk_parity,NEE,0.020754680375641297
2022-10-03,equity_risk_parity,NEE,0.020736719809649935
2022-11-01,equity_risk_parity,NEE,0.020197870486278666
2022-12-01,equity_risk_parity,NEE,0.019844506554123415
2023-01-03,equity_risk_parity,NEE,0.01972495595692365
2023-02-01,equity_risk_parity,NEE,0.020201206395831676
2023-03-01,equity_risk_parity,NEE,0.02038633062139312
2023-04-03,equity_risk_parity,NEE,0.01971922835568715
2023-05-01,equity_risk_parity,NEE,0.019517396208598825
2023-06-01,equity_risk_parity,NEE,0.019781975454157556
2023-07-03,equity_risk_parity,NEE,0.02038617497129954
2023-08-01,equity_risk_parity,NEE,0.02019027320509606
2023-09-01,equity_risk_parity,NEE,0.019838163028838788
2023-10-02,equity_risk_parity,NEE,0.019279466925782116
2023-11-01,equity_risk_parity,NEE,0.018735769673863912
2023-12-01,equity_risk_parity,NEE,0.01796572326036621
2021-01-04,equity_risk_parity,NEM,0.03927609976635556
2021-02-01,equity_risk_parity,NEM,0.03861137138976768
2021-03-01,equity_risk_parity,NEM,0.038361917117401646
2021-04-01,equity_risk_parity,NEM,0.03061728660922394
2021-05-03,equity_risk_parity,NEM,0.029435948488680558
2021-06-01,equity_risk_parity,NEM,0.024161623707411085
2021-07-01,equity_risk_parity,NEM,0.019578673178284458
2021-08-02,equity_risk_parity,NEM,0.01953334665421795
2021-09-01,equity_risk_parity,NEM,0.01936793770135885
2021-10-01,equity_risk_parity,NEM,0.02031346498811738
2021-11-01,equity_risk_parity,NEM,0.0218730833442755
2021-12-01,equity_risk_parity,NEM,0.021420024344984485
2022-01-03,equity_risk_parity,NEM,0.022825674073515302
2022-02-01,equity_risk_parity,NEM,0.023784542265094036
2022-03-01,equity_risk_parity,NEM,0.027432958273146155
2022-04-01,equity_risk_parity,NEM,0.03495478559575668
2022-05-02,equity_risk_parity,NEM,0.03358472262565355
2022-06-01,equity_risk_parity,NEM,0.03381574957794503
2022-07-01,equity_risk_parity,NEM,0.03545609175319821
2022-08-01,equity_risk_parity,NEM,0.0368203822675812
2022-09-01,equity_risk_parity,NEM,0.036099564206863256
2022-10-03,equity_risk_parity,NEM,0.03358454514918288
2022-11-01,equity_risk_parity,NEM,0.03159051227338702
2022-12-01,equity_risk_parity,NEM,0.02524507867941874
2023-01-03,equity_risk_parity,NEM,0.025098617028126203
2023-02-01,equity_risk_parity,NEM,0.023786529862942465
2023-03-01,equity_risk_parity,NEM,0.022312970540385724
2023-04-03,equity_risk_parity,NEM,0.022606709736642607
2023-05-01,equity_risk_parity,NEM,0.023108988485525606
2023-06-01,equity_risk_parity,NEM,0.022462879197170823
2023-07-03,equity_risk_parity,NEM,0.020635722838780606
2023-08-01,equity_risk_parity,NEM,0.019684327648544827
2023-09-01,equity_risk_parity,NEM,0.01953883209146808
2023-10-02,equity_risk_parity,NEM,0.019741376882891203
2023-11-01,equity_risk_parity,NEM,0.018022330392569338
2023-12-01,equity_risk_parity,NEM,0.02032050566331525
2021-01-04,equity_risk_parity,NKE,0.02072225469188706
2021-02-01,equity_risk_parity,NKE,0.0206629490488865
2021-03-01,equity_risk_parity,NKE,0.02084164637571913
2021-04-01,equity_risk_parity,NKE,0.02068752211501734
2021-05-03,equity_risk_parity,NKE,0.020704698153824173
2021-06-01,equity_risk_parity,NKE,0.02048828363490991
2021-07-01,equity_risk_parity,NKE,0.023167787104487848
2021-08-02,equity_risk_parity,NKE,0.023619078892370877
2021-09-01,equity_risk_parity,NKE,0.022592712676252246
2021-10-01,equity_risk_parity,NKE,0.01821848112215017
2021-11-01,equity_risk_parity,NKE,0.018223817544415655
2021-12-01,equity_risk_parity,NKE,0.01826503968341463
2022-01-03,equity_risk_parity,NKE,0.01807589827335011
2022-02-01,equity_risk_parity,NKE,0.018422893932780668
2022-03-01,equity_risk_parity,NKE,0.018303624618168902
2022-04-01,equity_risk_parity,NKE,0.01620441046483047
2022-05-02,equity_risk_parity,NKE,0.01584506827414581
2022-06-01,equity_risk_parity,NKE,0.015055925199826755
2022-07-01,equity_risk_parity,NKE,0.014792224145387061
2022-08-01,equity_risk_parity,NKE,0.014378031370365195
2022-09-01,equity_risk_parity,NKE,0.014183274480184282
2022-10-03,equity_risk_parity,NKE,0.013249745719565517
2022-11-01,equity_risk_parity,NKE,0.013663832510766978
2022-12-01,equity_risk_parity,NKE,0.012955697811215564
2023-01-03,equity_risk_parity,NKE,0.012502049594030073
2023-02-01,equity_risk_parity,NKE,0.012503924698544696
2023-03-01,equity_risk_parity,NKE,0.012330701061826944
2023-04-03,equity_risk_parity,NKE,0.012838682783823325
2023-05-01,equity_risk_parity,NKE,0.013208355289398675
2023-06-01,equity_risk_parity,NKE,0.013261926167139856
2023-07-03,equity_risk_parity,NKE,0.013190875626299118
2023-08-01,equity_risk_parity,NKE,0.013413837273819862
2023-09-01,equity_risk_parity,NKE,0.01365973017031693
2023-10-02,equity_risk_parity,NKE,0.01385826234334052
2023-11-01,equity_risk_parity,NKE,0.01402325983340753
2023-12-01,equity_risk_parity,NKE,0.015242530830731783
2021-01-04,equity_risk_parity,NUE,0.016450566659129865
2021-02-01,equity_risk_parity,NUE,0.016469639612144933
2021-03-01,equity_risk_parity,NUE,0.016440513384689878
2021-04-01,equity_risk_parity,NUE,0.015340661937059975
2021-05-03,equity_risk_parity,NUE,0.013091955984565789
2021-06-01,equity_risk_parity,NUE,0.012497553143720176
2021-07-01,equity_risk_parity,NUE,0.012290002078471508
2021-08-02,equity_risk_parity,NUE,0.011977071341690184
2021-09-01,equity_risk_parity,NUE,0.011831333950035008
2021-10-01,equity_risk_parity,NUE,0.011017062312720002
2021-11-01,equity_risk_parity,NUE,0.010930862221754042
2021-12-01,equity_risk_parity,NUE,0.01117384792315773
2022-01-03,equity_risk_parity,NUE,0.012158422080668852
2022-02-01,equity_risk_parity,NUE,0.011430317634941631
2022-03-01,equity_risk_parity,NUE,0.010854725003296766
2022-04-01,equity_risk_parity,NUE,0.010968280910688999
2022-05-02,equity_risk_parity,NUE,0.01165981588837595
2022-06-01,equity_risk_parity,NUE,0.011794291566739869
2022-07-01,equity_risk_parity,NUE,0.01198172200247233
2022-08-01,equity_risk_parity,NUE,0.012188254003047573
2022-09-01,equity_risk_parity,NUE,0.012424269979881305
2022-10-03,equity_risk_parity,NUE,0.01343677912190969
2022-11-01,equity_risk_parity,NUE,0.013372437050672637
2022-12-01,equity_risk_parity,NUE,0.01347188001488855
2023-01-03,equity_risk_parity,NUE,0.013060088788283708
2023-02-01,equity_risk_parity,NUE,0.01298737015806866
2023-03-01,equity_risk_parity,NUE,0.013518205223207241
2023-04-03,equity_risk_parity,NUE,0.013456284856264763
2023-05-01,equity_risk_parity,NUE,0.013431434497547993
2023-06-01,equity_risk_parity,NUE,0.013639290863415454
2023-07-03,equity_risk_parity,NUE,0.013488205776485964
2023-08-01,equity_risk_parity,NUE,0.013672037859029483
2023-09-01,equity_risk_parity,NUE,0.01389833153955253
2023-10-02,equity_risk_parity,NUE,0.013220275526293767
2023-11-01,equity_risk_parity,NUE,0.012911918723290278
2023-12-01,equity_risk_parity,NUE,0.01306395777444283
2021-01-04,equity_risk_parity,NVDA,0.015236354048673321
2021-02-01,equity_risk_parity,NVDA,0.015359886258384912
2021-03-01,equity_risk_parity,NVDA,0.015530049971956113
2021-04-01,equity_risk_parity,NVDA,0.015062677438297931
2021-05-03,equity_risk_parity,NVDA,0.01520231625532434
2021-06-01,equity_risk_parity,NVDA,0.014405072214170226
2021-07-01,equity_risk_parity,NVDA,0.013806544675504769
2021-08-02,equity_risk_parity,NVDA,0.013739306366929743
2021-09-01,equity_risk_parity,NVDA,0.013743305551181025
2021-10-01,equity_risk_parity,NVDA,0.01557349438995983
2021-11-01,equity_risk_parity,NVDA,0.01601599567691995
2021-12-01,equity_risk_parity,NVDA,0.013887537908022373
2022-01-03,equity_risk_parity,NVDA,0.012887126846072709
2022-02-01,equity_risk_parity,NVDA,0.011422379908295926
2022-03-01,equity_risk_parity,NVDA,0.010445065978900554
2022-04-01,equity_risk_parity,NVDA,0.009877271738118398
2022-05-02,equity_risk_parity,NVDA,0.009741838806659403
2022-06-01,equity_risk_parity,NVDA,0.00928726909864841
2022-07-01,equity_risk_parity,NVDA,0.008825250840703139
2022-08-01,equity_risk_parity,NVDA,0.008759090884776506
2022-09-01,equity_risk_parity,NVDA,0.008470284503306577
2022-10-03,equity_risk_parity,NVDA,0.008841464681143683
2022-11-01,equity_risk_parity,NVDA,0.009002209160878242
2022-12-01,equity_risk_parity,NVDA,0.008497898911639643
2023-01-03,equity_risk_parity,NVDA,0.008506845608473168
2023-02-01,equity_risk_parity,NVDA,0.008506464336705793
2023-03-01,equity_risk_parity,NVDA,0.008744212635535676
2023-04-03,equity_risk_parity,NVDA,0.009202480596012766
2023-05-01,equity_risk_parity,NVDA,0.009366618474245898
2023-06-01,equity_risk_parity,NVDA,0.009990771197103301
2023-07-03,equity_risk_parity,NVDA,0.010598458205792237
2023-08-01,equity_risk_parity,NVDA,0.010730279225295361
2023-09-01,equity_risk_parity,NVDA,0.011291426735942512
2023-10-02,equity_risk_parity,NVDA,0.011229648193861963
2023-11-01,equity_risk_parity,NVDA,0.011682305441858784
2023-12-01,equity_risk_parity,NVDA,0.013997614263535168
2021-01-04,equity_risk_parity,O,0.015726007498519726
2021-02-01,equity_risk_parity,O,0.015789727144178995
2021-03-01,equity_risk_parity,O,0.015740844921086735
2021-04-01,equity_risk_parity,O,0.01611141978127211
2021-05-03,equity_risk_parity,O,0.017131471936942352
2021-06-01,equity_risk_parity,O,0.017733132982037988
2021-07-01,equity_risk_parity,O,0.019225585397193178
2021-08-02,equity_risk_parity,O,0.019861570659056832
2021-09-01,equity_risk_parity,O,0.0206905809303859
2021-10-01,equity_risk_parity,O,0.020203917614112103
2021-11-01,equity_risk_parity,O,0.01982056559405741
2021-12-01,equity_risk_parity,O,0.023266559933099857
2022-01-03,equity_risk_parity,O,0.022522488122023048
2022-02-01,equity_risk_parity,O,0.022025526831054822
2022-03-01,equity_risk_parity,O,0.02112561021779763
2022-04-01,equity_risk_parity,O,0.02109976662987573
2022-05-02,equity_risk_parity,O,0.020951185119428766
2022-06-01,equity_risk_parity,O,0.021509964939520333
2022-07-01,equity_risk_parity,O,0.022274145552570214
2022-08-01,equity_risk_parity,O,0.02231664064699945
2022-09-01,equity_risk_parity,O,0.022744652878199493
2022-10-03,equity_risk_parity,O,0.023672367259224444
2022-11-01,equity_risk_parity,O,0.02405494990242929
2022-12-01,equity_risk_parity,O,0.023651349115863092
2023-01-03,equity_risk_parity,O,0.02450014207043122
2023-02-01,equity_risk_parity,O,0.024845954113734227
2023-03-01,equity_risk_parity,O,0.025124518850348988
2023-04-03,equity_risk_parity,O,0.0248981519079787
2023-05-01,equity_risk_parity,O,0.025134662859747026
2023-06-01,equity_risk_parity,O,0.025277094623688438
2023-07-03,equity_risk_parity,O,0.02524426959844628
2023-08-01,equity_risk_parity,O,0.025164199345211868
2023-09-01,equity_risk_parity,O,0.02463013022405816
2023-10-02,equity_risk_parity,O,0.02346892193594174
2023-11-01,equity_risk_parity,O,0.023697646708020555
2023-12-01,equity_risk_parity,O,0.022199128680646812
2021-01-04,equity_risk_parity,OXY,0.009790137394862971
2021-02-01,equity_risk_parity,OXY,0.009777485623227153
2021-03-01,equity_risk_parity,OXY,0.009724216431035309
2021-04-01,equity_risk_parity,OXY,0.007606655406117517
2021-05-03,equity_risk_parity,OXY,0.006704745399581197
2021-06-01,equity_risk_parity,OXY,0.00678852604937724
2021-07-01,equity_risk_parity,OXY,0.008369996020403895
2021-08-02,equity_risk_parity,OXY,0.008501811665003137
2021-09-01,equity_risk_parity,OXY,0.00843332491278065
2021-10-01,equity_risk_parity,OXY,0.007985839530460576
2021-11-01,equity_risk_parity,OXY,0.008273806747438776
2021-12-01,equity_risk_parity,OXY,0.009247889446633281
2022-01-03,equity_risk_parity,OXY,0.009708463327064308
2022-02-01,equity_risk_parity,OXY,0.009618444376235826
2022-03-01,equity_risk_parity,OXY,0.011692584479002309
2022-04-01,equity_risk_parity,OXY,0.011117536497669058
2022-05-02,equity_risk_parity,OXY,0.010979402189428628
2022-06-01,equity_risk_parity,OXY,0.010714118627158218
2022-07-01,equity_risk_parity,OXY,0.011220846643582125
2022-08-01,equity_risk_parity,OXY,0.011373739934661271
2022-09-01,equity_risk_parity,OXY,0.012395029200685399
2022-10-03,equity_risk_parity,OXY,0.013773605010371429
2022-11-01,equity_risk_parity,OXY,0.014981295570890412
2022-12-01,equity_risk_parity,OXY,0.015191656260771548
2023-01-03,equity_risk_parity,OXY,0.01535931261542837
2023-02-01,equity_risk_parity,OXY,0.01610268414215369
2023-03-01,equity_risk_parity,OXY,0.01526769365195258
2023-04-03,equity_risk_parity,OXY,0.015386906327017164
2023-05-01,equity_risk_parity,OXY,0.015791084464743373
2023-06-01,equity_risk_parity,OXY,0.01720071555167996
2023-07-03,equity_risk_parity,OXY,0.017543482532447856
2023-08-01,equity_risk_parity,OXY,0.01786901099709618
2023-09-01,equity_risk_parity,OXY,0.01747896035414404
2023-10-02,equity_risk_parity,OXY,0.01743092526879431
2023-11-01,equity_risk_parity,OXY,0.0158668685928226
2023-12-01,equity_risk_parity,OXY,0.01812201773944634
2021-01-04,equity_risk_parity,PLD,0.0170697210917174
2021-02-01,equity_risk_parity,PLD,0.01714914023709246
2021-03-01,equity_risk_parity,PLD,0.017242587623237545
2021-04-01,equity_risk_parity,PLD,0.01672826903438352
2021-05-03,equity_risk_parity,PLD,0.017968454927359424
2021-06-01,equity_risk_parity,PLD,0.019044153533331665
2021-07-01,equity_risk_parity,PLD,0.020015378575861054
2021-08-02,equity_risk_parity,PLD,0.0199957121699079
2021-09-01,equity_risk_parity,PLD,0.020107180607090974
2021-10-01,equity_risk_parity,PLD,0.021806473138855288
2021-11-01,equity_risk_parity,PLD,0.022154513937222974
2021-12-01,equity_risk_parity,PLD,0.01982039063163872
2022-01-03,equity_risk_parity,PLD,0.020577936896489915
2022-02-01,equity_risk_parity,PLD,0.020985909908431064
2022-03-01,equity_risk_parity,PLD,0.019205077861748982
2022-04-01,equity_risk_parity,PLD,0.019238958812983258
2022-05-02,equity_risk_parity,PLD,0.017499766498713234
2022-06-01,equity_risk_parity,PLD,0.016133103126404213
2022-07-01,equity_risk_parity,PLD,0.015143243406420617
2022-08-01,equity_risk_parity,PLD,0.014661909033213206
2022-09-01,equity_risk_parity,PLD,0.0145895214440525
2022-10-03,equity_risk_parity,PLD,0.014964662389719243
2022-11-01,equity_risk_parity,PLD,0.015364398786641666
2022-12-01,equity_risk_parity,PLD,0.014952871359827384
2023-01-03,equity_risk_parity,PLD,0.014771624517648588
2023-02-01,equity_risk_parity,PLD,0.014488736355545508
2023-03-01,equity_risk_parity,PLD,0.01467060195115167
2023-04-03,equity_risk_parity,PLD,0.014267702855380777
2023-05-01,equity_risk_parity,PLD,0.014148641183489657
2023-06-01,equity_risk_parity,PLD,0.014758354383821363
2023-07-03,equity_risk_parity,PLD,0.015285637323400408
2023-08-01,equity_risk_parity,PLD,0.015634237371864368
2023-09-01,equity_risk_parity,PLD,0.015678254125148172
2023-10-02,equity_risk_parity,PLD,0.015104031124612338
2023-11-01,equity_risk_parity,PLD,0.013868947384520835
2023-12-01,equity_risk_parity,PLD,0.013531441393548203
2021-01-04,equity_risk_parity,PSA,0.02604481650992488
2021-02-01,equity_risk_parity,PSA,0.026165362673009344
2021-03-01,equity_risk_parity,PSA,0.02640336765970113
2021-04-01,equity_risk_parity,PSA,0.030937342047230667
2021-05-03,equity_risk_parity,PSA,0.028622832951365678
2021-06-01,equity_risk_parity,PSA,0.033106379122788826
2021-07-01,equity_risk_parity,PSA,0.03727001723988763
2021-08-02,equity_risk_parity,PSA,0.03659160444588391
2021-09-01,equity_risk_parity,PSA,0.03836434298812753
2021-10-01,equity_risk_parity,PSA,0.03780273538134334
2021-11-01,equity_risk_parity,PSA,0.038067867260697996
2021-12-01,equity_risk_parity,PSA,0.0351831566344733
2022-01-03,equity_risk_parity,PSA,0.03300292454509756
2022-02-01,equity_risk_parity,PSA,0.031708819629400906
2022-03-01,equity_risk_parity,PSA,0.028163846238501
2022-04-01,equity_risk_parity,PSA,0.026462139540845586
2022-05-02,equity_risk_parity,PSA,0.022631553340648567
2022-06-01,equity_risk_parity,PSA,0.021022901227484632
2022-07-01,equity_risk_parity,PSA,0.02086795680173134
2022-08-01,equity_risk_parity,PSA,0.020461185915207358
2022-09-01,equity_risk_parity,PSA,0.020045120312319527
2022-10-03,equity_risk_parity,PSA,0.020650471911628783
2022-11-01,equity_risk_parity,PSA,0.021361024132977104
2022-12-01,equity_risk_parity,PSA,0.019973790349276762
2023-01-03,equity_risk_parity,PSA,0.019807727757698408
2023-02-01,equity_risk_parity,PSA,0.019804346383967896
2023-03-01,equity_risk_parity,PSA,0.02018947302347187
2023-04-03,equity_risk_parity,PSA,0.02002956879206837
2023-05-01,equity_risk_parity,PSA,0.02025253631615302
2023-06-01,equity_risk_parity,PSA,0.021397857932026
2023-07-03,equity_risk_parity,PSA,0.020818358173714958
2023-08-01,equity_risk_parity,PSA,0.02124217243283522
2023-09-01,equity_risk_parity,PSA,0.021302532846595144
2023-10-02,equity_risk_parity,PSA,0.02080123209646456
2023-11-01,equity_risk_parity,PSA,0.01872654172068518
2023-12-01,equity_risk_parity,PSA,0.019440982894254853
2021-01-04,equity_risk_parity,QCOM,0.01720848546588363
2021-02-01,equity_risk_parity,QCOM,0.017162948326452925
2021-03-01,equity_risk_parity,QCOM,0.017363944065179996
2021-04-01,equity_risk_parity,QCOM,0.016126513725116514
2021-05-03,equity_risk_parity,QCOM,0.014056850974073984
2021-06-01,equity_risk_parity,QCOM,0.01406740367458659
2021-07-01,equity_risk_parity,QCOM,0.013905879060467047
2021-08-02,equity_risk_parity,QCOM,0.012954714134337396
2021-09-01,equity_risk_parity,QCOM,0.012779063513754595
2021-10-01,equity_risk_parity,QCOM,0.012922395790348446
2021-11-01,equity_risk_parity,QCOM,0.01274074365968372
2021-12-01,equity_risk_parity,QCOM,0.0132650319617404
2022-01-03,equity_risk_parity,QCOM,0.013995802062631568
2022-02-01,equity_risk_parity,QCOM,0.013848688181993427
2022-03-01,equity_risk_parity,QCOM,0.012310572852591283
2022-04-01,equity_risk_parity,QCOM,0.011806613456393967
2022-05-02,equity_risk_parity,QCOM,0.01193509198953723
2022-06-01,equity_risk_parity,QCOM,0.012080281626072375
2022-07-01,equity_risk_parity,QCOM,0.012323788072043795
2022-08-01,equity_risk_parity,QCOM,0.012795364329922988
2022-09-01,equity_risk_parity,QCOM,0.012487902583607697
2022-10-03,equity_risk_parity,QCOM,0.012884536902836786
2022-11-01,equity_risk_parity,QCOM,0.01310780988424129
2022-12-01,equity_risk_parity,QCOM,0.012277536204140843
2023-01-03,equity_risk_parity,QCOM,0.011985972478763235
2023-02-01,equity_risk_parity,QCOM,0.011938620434915387
2023-03-01,equity_risk_parity,QCOM,0.012279437521600467
2023-04-03,equity_risk_parity,QCOM,0.012927325205442347
2023-05-01,equity_risk_parity,QCOM,0.01291464368161531
2023-06-01,equity_risk_parity,QCOM,0.013365808728242914
2023-07-03,equity_risk_parity,QCOM,0.013044290783925109
2023-08-01,equity_risk_parity,QCOM,0.012818930902862666
2023-09-01,equity_risk_parity,QCOM,0.012956718379330467
2023-10-02,equity_risk_parity,QCOM,0.012467636174568062
2023-11-01,equity_risk_parity,QCOM,0.012263275015554086
2023-12-01,equity_risk_parity,QCOM,0.012819158807801549
2021-01-04,equity_risk_parity,SBUX,0.01723619300328136
2021-02-01,equity_risk_parity,SBUX,0.01718447757360952
2021-03-01,equity_risk_parity,SBUX,0.01708250984105405
2021-04-01,equity_risk_parity,SBUX,0.016822484045226682
2021-05-03,equity_risk_parity,SBUX,0.016940229981312206
2021-06-01,equity_risk_parity,SBUX,0.01638378029099397
2021-07-01,equity_risk_parity,SBUX,0.018145615934943727
2021-08-02,equity_risk_parity,SBUX,0.018353467835761157
2021-09-01,equity_risk_parity,SBUX,0.017984867594881007
2021-10-01,equity_risk_parity,SBUX,0.01780530186731659
2021-11-01,equity_risk_parity,SBUX,0.018075864409784086
2021-12-01,equity_risk_parity,SBUX,0.018510741938461476
2022-01-03,equity_risk_parity,SBUX,0.017542182700928236
2022-02-01,equity_risk_parity,SBUX,0.019239214624216194
2022-03-01,equity_risk_parity,SBUX,0.017899490832063596
2022-04-01,equity_risk_parity,SBUX,0.01551732447966301
2022-05-02,equity_risk_parity,SBUX,0.016339128484535045
2022-06-01,equity_risk_parity,SBUX,0.014292684183151091
2022-07-01,equity_risk_parity,SBUX,0.014383422679810255
2022-08-01,equity_risk_parity,SBUX,0.014464304277064742
2022-09-01,equity_risk_parity,SBUX,0.01435046224858871
2022-10-03,equity_risk_parity,SBUX,0.014968865332545931
2022-11-01,equity_risk_parity,SBUX,0.01569894073253644
2022-12-01,equity_risk_parity,SBUX,0.015576357606938845
2023-01-03,equity_risk_parity,SBUX,0.015997946127972656
2023-02-01,equity_risk_parity,SBUX,0.015899782421680407
2023-03-01,equity_risk_parity,SBUX,0.015696260049976762
2023-04-03,equity_risk_parity,SBUX,0.016604057758548472
2023-05-01,equity_risk_parity,SBUX,0.01684547744472598
2023-06-01,equity_risk_parity,SBUX,0.017997644360700536
2023-07-03,equity_risk_parity,SBUX,0.01845418866352944
2023-08-01,equity_risk_parity,SBUX,0.018565836388854524
2023-09-01,equity_risk_parity,SBUX,0.019118180538982538
2023-10-02,equity_risk_parity,SBUX,0.018624936113293116
2023-11-01,equity_risk_parity,SBUX,0.018249474296010194
2023-12-01,equity_risk_parity,SBUX,0.017632518387712962
2021-01-04,equity_risk_parity,SHW,0.020057909042886717
2021-02-01,equity_risk_parity,SHW,0.020194746515244267
2021-03-01,equity_risk_parity,SHW,0.020285519527721778
2021-04-01,equity_risk_parity,SHW,0.01998777468397143
2021-05-03,equity_risk_parity,SHW,0.02451875767170873
2021-06-01,equity_risk_parity,SHW,0.023370298195502362
2021-07-01,equity_risk_parity,SHW,0.024362292648105775
2021-08-02,equity_risk_parity,SHW,0.025818076509345898
2021-09-01,equity_risk_parity,SHW,0.02547114655946935
2021-10-01,equity_risk_parity,SHW,0.026127769562452025
2021-11-01,equity_risk_parity,SHW,0.024231705197904733
2021-12-01,equity_risk_parity,SHW,0.02343161913805955
2022-01-03,equity_risk_parity,SHW,0.022279558518346818
2022-02-01,equity_risk_parity,SHW,0.021990803426238454
2022-03-01,equity_risk_parity,SHW,0.02000334863318127
2022-04-01,equity_risk_parity,SHW,0.019790995061909775
2022-05-02,equity_risk_parity,SHW,0.0238156215539795
2022-06-01,equity_risk_parity,SHW,0.023451477448743475
2022-07-01,equity_risk_parity,SHW,0.021444417654166808
2022-08-01,equity_risk_parity,SHW,0.02186881364885568
2022-09-01,equity_risk_parity,SHW,0.021097156819839008
2022-10-03,equity_risk_parity,SHW,0.02094285854634394
2022-11-01,equity_risk_parity,SHW,0.019584065287647105
2022-12-01,equity_risk_parity,SHW,0.018261449110827107
2023-01-03,equity_risk_parity,SHW,0.018240669068233146
2023-02-01,equity_risk_parity,SHW,0.0177774103601124
2023-03-01,equity_risk_parity,SHW,0.018078416581490356
2023-04-03,equity_risk_parity,SHW,0.017992347862095578
2023-05-01,equity_risk_parity,SHW,0.01712705221854738
2023-06-01,equity_risk_parity,SHW,0.016387011485406385
2023-07-03,equity_risk_parity,SHW,0.016316443344035612
2023-08-01,equity_risk_parity,SHW,0.015769353228094814
2023-09-01,equity_risk_parity,SHW,0.016000677059273587
2023-10-02,equity_risk_parity,SHW,0.015590081170565167
2023-11-01,equity_risk_parity,SHW,0.016250505613190323
2023-12-01,equity_risk_parity,SHW,0.01661935870423651
2021-01-04,equity_risk_parity,SLB,0.012275648848605932
2021-02-01,equity_risk_parity,SLB,0.012228088640653448
2021-03-01,equity_risk_parity,SLB,0.01220544388748754
2021-04-01,equity_risk_parity,SLB,0.010002599611424882
2021-05-03,equity_risk_parity,SLB,0.008934989135711103
2021-06-01,equity_risk_parity,SLB,0.00968680069763586
2021-07-01,equity_risk_parity,SLB,0.010159571814039196
2021-08-02,equity_risk_parity,SLB,0.010181936461667054
2021-09-01,equity_risk_parity,SLB,0.010154297855740334
2021-10-01,equity_risk_parity,SLB,0.009839006943685641
2021-11-01,equity_risk_parity,SLB,0.009581564547160136
2021-12-01,equity_risk_parity,SLB,0.01003254198925986
2022-01-03,equity_risk_parity,SLB,0.010494179654836764
2022-02-01,equity_risk_parity,SLB,0.011183267623011434
2022-03-01,equity_risk_parity,SLB,0.01194009551397789
2022-04-01,equity_risk_parity,SLB,0.013472012920452171
2022-05-02,equity_risk_parity,SLB,0.01470691251538736
2022-06-01,equity_risk_parity,SLB,0.012472379650314837
2022-07-01,equity_risk_parity,SLB,0.013336687593663408
2022-08-01,equity_risk_parity,SLB,0.013650418972083099
2022-09-01,equity_risk_parity,SLB,0.014447857324877843
2022-10-03,equity_risk_parity,SLB,0.014932360277888596
2022-11-01,equity_risk_parity,SLB,0.01544253710186866
2022-12-01,equity_risk_parity,SLB,0.01670723139942784
2023-01-03,equity_risk_parity,SLB,0.01638840214519489
2023-02-01,equity_risk_parity,SLB,0.01682853179950273
2023-03-01,equity_risk_parity,SLB,0.01667301352222372
2023-04-03,equity_risk_parity,SLB,0.0155256799122584
2023-05-01,equity_risk_parity,SLB,0.01504409015786634
2023-06-01,equity_risk_parity,SLB,0.016070552212247312
2023-07-03,equity_risk_parity,SLB,0.015850186098304013
2023-08-01,equity_risk_parity,SLB,0.0160948462200346
2023-09-01,equity_risk_parity,SLB,0.01572996404524022
2023-10-02,equity_risk_parity,SLB,0.016463785522285744
2023-11-01,equity_risk_parity,SLB,0.016533611087263266
2023-12-01,equity_risk_parity,SLB,0.015605880615010989
2021-01-04,equity_risk_parity,SO,0.017795999667525646
2021-02-01,equity_risk_parity,SO,0.01777202771197064
2021-03-01,equity_risk_parity,SO,0.017594138476471316
2021-04-01,equity_risk_parity,SO,0.018532312241576095
2021-05-03,equity_risk_parity,SO,0.02253500512876576
2021-06-01,equity_risk_parity,SO,0.024341027385725463
2021-07-01,equity_risk_parity,SO,0.02359611733059351
2021-08-02,equity_risk_parity,SO,0.024097117981416217
2021-09-01,equity_risk_parity,SO,0.024592474341190544
2021-10-01,equity_risk_parity,SO,0.022936447598296848
2021-11-01,equity_risk_parity,SO,0.02275319698221619
2021-12-01,equity_risk_parity,SO,0.02487517036791196
2022-01-03,equity_risk_parity,SO,0.026259375133476884
2022-02-01,equity_risk_parity,SO,0.029785234371552276
2022-03-01,equity_risk_parity,SO,0.029349635603537257
2022-04-01,equity_risk_parity,SO,0.030810016943017472
2022-05-02,equity_risk_parity,SO,0.02931119993915688
2022-06-01,equity_risk_parity,SO,0.031527859364251995
2022-07-01,equity_risk_parity,SO,0.03034579664416567
2022-08-01,equity_risk_parity,SO,0.02988710046043884
2022-09-01,equity_risk_parity,SO,0.02992101979006719
2022-10-03,equity_risk_parity,SO,0.027815601314901378
2022-11-01,equity_risk_parity,SO,0.02618060219643397
2022-12-01,equity_risk_parity,SO,0.026003432136552523
2023-01-03,equity_risk_parity,SO,0.025943346863609162
2023-02-01,equity_risk_parity,SO,0.025391621090723245
2023-03-01,equity_risk_parity,SO,0.02517658976476664
2023-04-03,equity_risk_parity,SO,0.024757092958511577
2023-05-01,equity_risk_parity,SO,0.024623973906583222
2023-06-01,equity_risk_parity,SO,0.023725679068788662
2023-07-03,equity_risk_parity,SO,0.02381566054680749
2023-08-01,equity_risk_parity,SO,0.023395297615786067
2023-09-01,equity_risk_parity,SO,0.023020551251400415
2023-10-02,equity_risk_parity,SO,0.0226875459819143
2023-11-01,equity_risk_parity,SO,0.02422637196399995
2023-12-01,equity_risk_parity,SO,0.023321859894616475
2021-01-04,equity_risk_parity,T,0.021913091703323496
2021-02-01,equity_risk_parity,T,0.022141356963351747
2021-03-01,equity_risk_parity,T,0.021831192124912774
2021-04-01,equity_risk_parity,T,0.022332090874201103
2021-05-03,equity_risk_parity,T,0.024645300719734822
2021-06-01,equity_risk_parity,T,0.026522306291908052
2021-07-01,equity_risk_parity,T,0.03157013953176189
2021-08-02,equity_risk_parity,T,0.030958244136257182
2021-09-01,equity_risk_parity,T,0.030243801716487776
2021-10-01,equity_risk_parity,T,0.02802191752964687
2021-11-01,equity_risk_parity,T,0.027278511116373416
2021-12-01,equity_risk_parity,T,0.026978827982887563
2022-01-03,equity_risk_parity,T,0.026368972399274947
2022-02-01,equity_risk_parity,T,0.02177376745961792
2022-03-01,equity_risk_parity,T,0.022018981351875442
2022-04-01,equity_risk_parity,T,0.020707751325007295
2022-05-02,equity_risk_parity,T,0.02232269951612041
2022-06-01,equity_risk_parity,T,0.022889307745712913
2022-07-01,equity_risk_parity,T,0.022499095053487073
2022-08-01,equity_risk_parity,T,0.022867844209420223
2022-09-01,equity_risk_parity,T,0.023513427715981267
2022-10-03,equity_risk_parity,T,0.024025223177009575
2022-11-01,equity_risk_parity,T,0.023701047106559636
2022-12-01,equity_risk_parity,T,0.024712775902151533
2023-01-03,equity_risk_parity,T,0.02533363208809283
2023-02-01,equity_risk_parity,T,0.026390432046062336
2023-03-01,equity_risk_parity,T,0.02654080292679995
2023-04-03,equity_risk_parity,T,0.026781877387466752
2023-05-01,equity_risk_parity,T,0.025381440563239217
2023-06-01,equity_risk_parity,T,0.024828796543148388
2023-07-03,equity_risk_parity,T,0.025592310041593385
2023-08-01,equity_risk_parity,T,0.02450696332580996
2023-09-01,equity_risk_parity,T,0.024198734294969923
2023-10-02,equity_risk_parity,T,0.0242629303592758
2023-11-01,equity_risk_parity,T,0.025099234689863047
2023-12-01,equity_risk_parity,T,0.024772541596359623
2021-01-04,equity_risk_parity,TMUS,0.022818580705570024
2021-02-01,equity_risk_parity,TMUS,0.02256523507876328
2021-03-01,equity_risk_parity,TMUS,0.02272551295710041
2021-04-01,equity_risk_parity,TMUS,0.023565681525395312
2021-05-03,equity_risk_parity,TMUS,0.018932418575163097
2021-06-01,equity_risk_parity,TMUS,0.02070587911579362
2021-07-01,equity_risk_parity,TMUS,0.0198749944850256
2021-08-02,equity_risk_parity,TMUS,0.01974740312881107
2021-09-01,equity_risk_parity,TMUS,0.02004557210980663
2021-10-01,equity_risk_parity,TMUS,0.020203031375966827
2021-11-01,equity_risk_parity,TMUS,0.02065528641572682
2021-12-01,equity_risk_parity,TMUS,0.018135423369281593
2022-01-03,equity_risk_parity,TMUS,0.01753178533618922
2022-02-01,equity_risk_parity,TMUS,0.018793471416653492
2022-03-01,equity_risk_parity,TMUS,0.01941440129310895
2022-04-01,equity_risk_parity,TMUS,0.0206914013810678
2022-05-02,equity_risk_parity,TMUS,0.018815375500099457
2022-06-01,equity_risk_parity,TMUS,0.01830247619777245
2022-07-01,equity_risk_parity,TMUS,0.018369334624937988
2022-08-01,equity_risk_parity,TMUS,0.018208803322493073
2022-09-01,equity_risk_parity,TMUS,0.01853971629077731
2022-10-03,equity_risk_parity,TMUS,0.01891019483635233
2022-11-01,equity_risk_parity,TMUS,0.0190298121131505
2022-12-01,equity_risk_parity,TMUS,0.02064715992572374
2023-01-03,equity_risk_parity,TMUS,0.02152226567288797
2023-02-01,equity_risk_parity,TMUS,0.022331390401240846
2023-03-01,equity_risk_parity,TMUS,0.021859593196969933
2023-04-03,equity_risk_parity,TMUS,0.022532779442920425
2023-05-01,equity_risk_parity,TMUS,0.02349671677893069
2023-06-01,equity_risk_parity,TMUS,0.027086076911723354
2023-07-03,equity_risk_parity,TMUS,0.029885826178416015
2023-08-01,equity_risk_parity,TMUS,0.030829542759739037
2023-09-01,equity_risk_parity,TMUS,0.030410436397354926
2023-10-02,equity_risk_parity,TMUS,0.0334035770978212
2023-11-01,equity_risk_parity,TMUS,0.03587784811108966
2023-12-01,equity_risk_parity,TMUS,0.03456439966924897
2021-01-04,equity_risk_parity,TTWO,0.03171273820106555
2021-02-01,equity_risk_parity,TTWO,0.03151390284922093
2021-03-01,equity_risk_parity,TTWO,0.03149329165075178
2021-04-01,equity_risk_parity,TTWO,0.03845791701268696
2021-05-03,equity_risk_parity,TTWO,0.03193188107750354
2021-06-01,equity_risk_parity,TTWO,0.030056868831467274
2021-07-01,equity_risk_parity,TTWO,0.02573266932710935
2021-08-02,equity_risk_parity,TTWO,0.02636332021393806
2021-09-01,equity_risk_parity,TTWO,0.027513204540057883
2021-10-01,equity_risk_parity,TTWO,0.027909424602665177
2021-11-01,equity_risk_parity,TTWO,0.02612949243144334
2021-12-01,equity_risk_parity,TTWO,0.02398595859054014
2022-01-03,equity_risk_parity,TTWO,0.023645859071951773
2022-02-01,equity_risk_parity,TTWO,0.023130748206162774
2022-03-01,equity_risk_parity,TTWO,0.025491052621063815
2022-04-01,equity_risk_parity,TTWO,0.023234080200742666
2022-05-02,equity_risk_parity,TTWO,0.02294601420266908
2022-06-01,equity_risk_parity,TTWO,0.01855338490269235
2022-07-01,equity_risk_parity,TTWO,0.01858391991087661
2022-08-01,equity_risk_parity,TTWO,0.01855749745522246
2022-09-01,equity_risk_parity,TTWO,0.018109742041603767
2022-10-03,equity_risk_parity,TTWO,0.017605286015621308
2022-11-01,equity_risk_parity,TTWO,0.018913805972406758
2022-12-01,equity_risk_parity,TTWO,0.01900182873125846
2023-01-03,equity_risk_parity,TTWO,0.018678023966771443
2023-02-01,equity_risk_parity,TTWO,0.018915080039855564
2023-03-01,equity_risk_parity,TTWO,0.0182428153841109
2023-04-03,equity_risk_parity,TTWO,0.018335812549873213
2023-05-01,equity_risk_parity,TTWO,0.018151669156966904
2023-06-01,equity_risk_parity,TTWO,0.019519269347311397
2023-07-03,equity_risk_parity,TTWO,0.020225176240061853
2023-08-01,equity_risk_parity,TTWO,0.020067747050466246
2023-09-01,equity_risk_parity,TTWO,0.019759863136228132
2023-10-02,equity_risk_parity,TTWO,0.02043485938463749
2023-11-01,equity_risk_parity,TTWO,0.018629957910990893
2023-12-01,equity_risk_parity,TTWO,0.01745118620076916
2021-01-04,equity_risk_parity,UPS,0.023964296175491364
2021-02-01,equity_risk_parity,UPS,0.023982656500847136
2021-03-01,equity_risk_parity,UPS,0.024619752278799034
2021-04-01,equity_risk_parity,UPS,0.020309897273027382
2021-05-03,equity_risk_parity,UPS,0.019017482399600553
2021-06-01,equity_risk_parity,UPS,0.018939307425031242
2021-07-01,equity_risk_parity,UPS,0.019978779542121756
2021-08-02,equity_risk_parity,UPS,0.01941949738995518
2021-09-01,equity_risk_parity,UPS,0.019849978105439176
2021-10-01,equity_risk_parity,UPS,0.019572659828150124
2021-11-01,equity_risk_parity,UPS,0.02164723945846083
2021-12-01,equity_risk_parity,UPS,0.021597189411416955
2022-01-03,equity_risk_parity,UPS,0.019900669289884973
2022-02-01,equity_risk_parity,UPS,0.01919006892716799
2022-03-01,equity_risk_parity,UPS,0.017966464758208657
2022-04-01,equity_risk_parity,UPS,0.016764550221365495
2022-05-02,equity_risk_parity,UPS,0.016705233758428605
2022-06-01,equity_risk_parity,UPS,0.01722837675235335
2022-07-01,equity_risk_parity,UPS,0.01875300400459459
2022-08-01,equity_risk_parity,UPS,0.017852172396342715
2022-09-01,equity_risk_parity,UPS,0.018019010228263445
2022-10-03,equity_risk_parity,UPS,0.01801528057449338
2022-11-01,equity_risk_parity,UPS,0.018952800287432008
2022-12-01,equity_risk_parity,UPS,0.018133458604236968
2023-01-03,equity_risk_parity,UPS,0.018005218825817886
2023-02-01,equity_risk_parity,UPS,0.017817394774259938
2023-03-01,equity_risk_parity,UPS,0.018467321864917428
2023-04-03,equity_risk_parity,UPS,0.019342373376000956
2023-05-01,equity_risk_parity,UPS,0.01866199182417514
2023-06-01,equity_risk_parity,UPS,0.018851206525248524
2023-07-03,equity_risk_parity,UPS,0.017453391643825047
2023-08-01,equity_risk_parity,UPS,0.017636156201662753
2023-09-01,equity_risk_parity,UPS,0.017531440195594147
2023-10-02,equity_risk_parity,UPS,0.017305968445282576
2023-11-01,equity_risk_parity,UPS,0.015998313966088855
2023-12-01,equity_risk_parity,UPS,0.016450286636618502
2021-01-04,equity_risk_parity,USB,0.014244652511415802
2021-02-01,equity_risk_parity,USB,0.01421913814043131
2021-03-01,equity_risk_parity,USB,0.01407570608647285
2021-04-01,equity_risk_parity,USB,0.012463833964120454
2021-05-03,equity_risk_parity,USB,0.012695555489890745
2021-06-01,equity_risk_parity,USB,0.01366038440041473
2021-07-01,equity_risk_parity,USB,0.014599803644242664
2021-08-02,equity_risk_parity,USB,0.014002755925386155
2021-09-01,equity_risk_parity,USB,0.013542872441811085
2021-10-01,equity_risk_parity,USB,0.013659154709996393
2021-11-01,equity_risk_parity,USB,0.014144345109085946
2021-12-01,equity_risk_parity,USB,0.014808522670324106
2022-01-03,equity_risk_parity,USB,0.014596216965154342
2022-02-01,equity_risk_parity,USB,0.014784331141607735
2022-03-01,equity_risk_parity,USB,0.015362505399017387
2022-04-01,equity_risk_parity,USB,0.013775300293955576
2022-05-02,equity_risk_parity,USB,0.014844155305603238
2022-06-01,equity_risk_parity,USB,0.016322652991206527
2022-07-01,equity_risk_parity,USB,0.01659853240825904
2022-08-01,equity_risk_parity,USB,0.017435174043264445
2022-09-01,equity_risk_parity,USB,0.017818501255449745
2022-10-03,equity_risk_parity,USB,0.0184015171740712
2022-11-01,equity_risk_parity,USB,0.018723524535073036
2022-12-01,equity_risk_parity,USB,0.018860610574463782
2023-01-03,equity_risk_parity,USB,0.01901032974529881
2023-02-01,equity_risk_parity,USB,0.01901504763961308
2023-03-01,equity_risk_parity,USB,0.019268541010520886
2023-04-03,equity_risk_parity,USB,0.01766302531133008
2023-05-01,equity_risk_parity,USB,0.0172992734479401
2023-06-01,equity_risk_parity,USB,0.015331559783708239
2023-07-03,equity_risk_parity,USB,0.014508892931210668
2023-08-01,equity_risk_parity,USB,0.014068202651452845
2023-09-01,equity_risk_parity,USB,0.013956609860831198
2023-10-02,equity_risk_parity,USB,0.013269221781641813
2023-11-01,equity_risk_parity,USB,0.01155010710725295
2023-12-01,equity_risk_parity,USB,0.010279277696624265
2021-01-04,equity_risk_parity,V,0.0173604789610977
2021-02-01,equity_risk_parity,V,0.017398757226611095
2021-03-01,equity_risk_parity,V,0.017486890188452713
2021-04-01,equity_risk_parity,V,0.016099178070578778
2021-05-03,equity_risk_parity,V,0.017371011110390838
2021-06-01,equity_risk_parity,V,0.017009153562523416
2021-07-01,equity_risk_parity,V,0.016136767382042373
2021-08-02,equity_risk_parity,V,0.016179348735275708
2021-09-01,equity_risk_parity,V,0.015834827303415844
2021-10-01,equity_risk_parity,V,0.016075660770909703
2021-11-01,equity_risk_parity,V,0.015753328095159863
2021-12-01,equity_risk_parity,V,0.017107637021506812
2022-01-03,equity_risk_parity,V,0.01630022812930862
2022-02-01,equity_risk_parity,V,0.015314805499269007
2022-03-01,equity_risk_parity,V,0.015695285615913677
2022-04-01,equity_risk_parity,V,0.01555938193904443
2022-05-02,equity_risk_parity,V,0.015559594138595654
2022-06-01,equity_risk_parity,V,0.01499844534149444
2022-07-01,equity_risk_parity,V,0.014780798474219967
2022-08-01,equity_risk_parity,V,0.015054583614138837
2022-09-01,equity_risk_parity,V,0.015098802815625652
2022-10-03,equity_risk_parity,V,0.015866792075243323
2022-11-01,equity_risk_parity,V,0.01688900938668402
2022-12-01,equity_risk_parity,V,0.016502031662195153
2023-01-03,equity_risk_parity,V,0.01697038790041333
2023-02-01,equity_risk_parity,V,0.01757301089691401
2023-03-01,equity_risk_parity,V,0.017725049162272487
2023-04-03,equity_risk_parity,V,0.01840172974331576
2023-05-01,equity_risk_parity,V,0.018848971277301462
2023-06-01,equity_risk_parity,V,0.01969561498538445
2023-07-03,equity_risk_parity,V,0.020996060986753707
2023-08-01,equity_risk_parity,V,0.021261008865417725
2023-09-01,equity_risk_parity,V,0.021623857450272045
2023-10-02,equity_risk_parity,V,0.021852184410682613
2023-11-01,equity_risk_parity,V,0.02149956763168215
2023-12-01,equity_risk_parity,V,0.023944251218382392
2021-01-04,equity_risk_parity,WFC,0.013405897988502015
2021-02-01,equity_risk_parity,WFC,0.013276815414225826
2021-03-01,equity_risk_parity,WFC,0.013052797945910391
2021-04-01,equity_risk_parity,WFC,0.012321577224562818
2021-05-03,equity_risk_parity,WFC,0.011692374482662032
2021-06-01,equity_risk_parity,WFC,0.012511351134873509
2021-07-01,equity_risk_parity,WFC,0.013438922256257459
2021-08-02,equity_risk_parity,WFC,0.012983791491773929
2021-09-01,equity_risk_parity,WFC,0.012584891090039426
2021-10-01,equity_risk_parity,WFC,0.0121232373081064
2021-11-01,equity_risk_parity,WFC,0.012707969172518372
2021-12-01,equity_risk_parity,WFC,0.012888913345464659
2022-01-03,equity_risk_parity,WFC,0.012663129930568543
2022-02-01,equity_risk_parity,WFC,0.01384641514607236
2022-03-01,equity_risk_parity,WFC,0.014301961578122104
2022-04-01,equity_risk_parity,WFC,0.012608213346437113
2022-05-02,equity_risk_parity,WFC,0.013399526289875672
2022-06-01,equity_risk_parity,WFC,0.013423520687538954
2022-07-01,equity_risk_parity,WFC,0.013688679563907373
2022-08-01,equity_risk_parity,WFC,0.013791825796709328
2022-09-01,equity_risk_parity,WFC,0.014043812127052684
2022-10-03,equity_risk_parity,WFC,0.01466156858143425
2022-11-01,equity_risk_parity,WFC,0.015031609558015989
2022-12-01,equity_risk_parity,WFC,0.01574653154076918
2023-01-03,equity_risk_parity,WFC,0.016443022953862494
2023-02-01,equity_risk_parity,WFC,0.016690265793125877
2023-03-01,equity_risk_parity,WFC,0.016837724645813096
2023-04-03,equity_risk_parity,WFC,0.01688743984375451
2023-05-01,equity_risk_parity,WFC,0.01683936127169939
2023-06-01,equity_risk_parity,WFC,0.016709779840842164
2023-07-03,equity_risk_parity,WFC,0.016894397847482173
2023-08-01,equity_risk_parity,WFC,0.01753339466374113
2023-09-01,equity_risk_parity,WFC,0.017742770676644752
2023-10-02,equity_risk_parity,WFC,0.017626759222425573
2023-11-01,equity_risk_parity,WFC,0.016793261804145095
2023-12-01,equity_risk_parity,WFC,0.015802548783145576
2021-01-04,equity_risk_parity,WMT,0.03638959472770325
2021-02-01,equity_risk_parity,WMT,0.03628421917020136
2021-03-01,equity_risk_parity,WMT,0.03634074288412883
2021-04-01,equity_risk_parity,WMT,0.045578790394412844
2021-05-03,equity_risk_parity,WMT,0.04395151429458794
2021-06-01,equity_risk_parity,WMT,0.03916722756186303
2021-07-01,equity_risk_parity,WMT,0.03034858710386818
2021-08-02,equity_risk_parity,WMT,0.028776009652575187
2021-09-01,equity_risk_parity,WMT,0.029909208267114924
2021-10-01,equity_risk_parity,WMT,0.029959639556298337
2021-11-01,equity_risk_parity,WMT,0.029584866539451905
2021-12-01,equity_risk_parity,WMT,0.029383541708515593
2022-01-03,equity_risk_parity,WMT,0.02993321519177843
2022-02-01,equity_risk_parity,WMT,0.028852782124338516
2022-03-01,equity_risk_parity,WMT,0.032645563717312386
2022-04-01,equity_risk_parity,WMT,0.034140531715117446
2022-05-02,equity_risk_parity,WMT,0.03299408914747149
2022-06-01,equity_risk_parity,WMT,0.034512130152774906
2022-07-01,equity_risk_parity,WMT,0.03742517154806886
2022-08-01,equity_risk_parity,WMT,0.035656763455938024
2022-09-01,equity_risk_parity,WMT,0.03452345975653584
2022-10-03,equity_risk_parity,WMT,0.03440977630915255
2022-11-01,equity_risk_parity,WMT,0.03381148850342352
2022-12-01,equity_risk_parity,WMT,0.03381474349049889
2023-01-03,equity_risk_parity,WMT,0.03270752058819716
2023-02-01,equity_risk_parity,WMT,0.03184137562262182
2023-03-01,equity_risk_parity,WMT,0.03128547229435349
2023-04-03,equity_risk_parity,WMT,0.03177491276923187
2023-05-01,equity_risk_parity,WMT,0.03260940862346037
2023-06-01,equity_risk_parity,WMT,0.0318890437574505
2023-07-03,equity_risk_parity,WMT,0.030507857359734512
2023-08-01,equity_risk_parity,WMT,0.031043133910635574
2023-09-01,equity_risk_parity,WMT,0.03234737586054261
2023-10-02,equity_risk_parity,WMT,0.0324094317899873
2023-11-01,equity_risk_parity,WMT,0.03427050850976682
2023-12-01,equity_risk_parity,WMT,0.03814819424367058
2021-01-04,equity_risk_parity,XOM,0.016484067528864613
2021-02-01,equity_risk_parity,XOM,0.016453775700052915
2021-03-01,equity_risk_parity,XOM,0.016527875353670434
2021-04-01,equity_risk_parity,XOM,0.013769677252006687
2021-05-03,equity_risk_parity,XOM,0.012081390580649071
2021-06-01,equity_risk_parity,XOM,0.012550089275617597
2021-07-01,equity_risk_parity,XOM,0.01311474768964474
2021-08-02,equity_risk_parity,XOM,0.013145265389235303
2021-09-01,equity_risk_parity,XOM,0.012929097058801782
2021-10-01,equity_risk_parity,XOM,0.011795018184204503
2021-11-01,equity_risk_parity,XOM,0.011979103558249648
2021-12-01,equity_risk_parity,XOM,0.013231925874681383
2022-01-03,equity_risk_parity,XOM,0.013916113810020364
2022-02-01,equity_risk_parity,XOM,0.014516227023869156
2022-03-01,equity_risk_parity,XOM,0.01600198799297483
2022-04-01,equity_risk_parity,XOM,0.018240013695691573
2022-05-02,equity_risk_parity,XOM,0.01859966417036795
2022-06-01,equity_risk_parity,XOM,0.017667480360168016
2022-07-01,equity_risk_parity,XOM,0.01764295276498717
2022-08-01,equity_risk_parity,XOM,0.01767320678657209
2022-09-01,equity_risk_parity,XOM,0.01860430458907138
2022-10-03,equity_risk_parity,XOM,0.01935181044329474
2022-11-01,equity_risk_parity,XOM,0.02009368029057698
2022-12-01,equity_risk_parity,XOM,0.02096296178670969
2023-01-03,equity_risk_parity,XOM,0.020631175493364705
2023-02-01,equity_risk_parity,XOM,0.020742752376354867
2023-03-01,equity_risk_parity,XOM,0.020649111869887583
2023-04-03,equity_risk_parity,XOM,0.019436966416042513
2023-05-01,equity_risk_parity,XOM,0.01928433092049939
2023-06-01,equity_risk_parity,XOM,0.019438382070341174
2023-07-03,equity_risk_parity,XOM,0.019495432409081456
2023-08-01,equity_risk_parity,XOM,0.019744396526727687
2023-09-01,equity_risk_parity,XOM,0.019610426352980128
2023-10-02,equity_risk_parity,XOM,0.019752486091096328
2023-11-01,equity_risk_parity,XOM,0.0198350353043257
2023-12-01,equity_risk_parity,XOM,0.020116801838924007
2021-01-04,equity_max_sharpe,ABBV,0.0
2021-02-01,equity_max_sharpe,ABBV,0.020644951570974738
2021-03-01,equity_max_sharpe,ABBV,2.7555156007398867e-16
2021-04-01,equity_max_sharpe,ABBV,0.11331623255700274
2021-05-03,equity_max_sharpe,ABBV,0.13316360232847513
2021-06-01,equity_max_sharpe,ABBV,6.809090025324396e-17
2021-07-01,equity_max_sharpe,ABBV,3.5724468680431886e-17
2021-08-02,equity_max_sharpe,ABBV,0.007463212463483581
2021-09-01,equity_max_sharpe,ABBV,0.03423637395186789
2021-10-01,equity_max_sharpe,ABBV,0.027835450027281498
2021-11-01,equity_max_sharpe,ABBV,0.052025745106794134
2021-12-01,equity_max_sharpe,ABBV,0.0
2022-01-03,equity_max_sharpe,ABBV,4.8470604639218635e-17
2022-02-01,equity_max_sharpe,ABBV,0.12871176276486407
2022-03-01,equity_max_sharpe,ABBV,0.19878378974922908
2022-04-01,equity_max_sharpe,ABBV,0.19999999999999962
2022-05-02,equity_max_sharpe,ABBV,0.19715138484300299
2022-06-01,equity_max_sharpe,ABBV,0.1999999999999998
2022-07-01,equity_max_sharpe,ABBV,0.19999999999999993
2022-08-01,equity_max_sharpe,ABBV,0.20000000000000007
2022-09-01,equity_max_sharpe,ABBV,0.09886855747515337
2022-10-03,equity_max_sharpe,ABBV,0.1999999999999992
2022-11-01,equity_max_sharpe,ABBV,0.19999999999999873
2022-12-01,equity_max_sharpe,ABBV,0.19999999999999915
2023-01-03,equity_max_sharpe,ABBV,0.1460221170461695
2023-02-01,equity_max_sharpe,ABBV,2.050367176442371e-16
2023-03-01,equity_max_sharpe,ABBV,0.020630872345248165
2023-04-03,equity_max_sharpe,ABBV,2.347637251346257e-16
2023-05-01,equity_max_sharpe,ABBV,0.0
2023-06-01,equity_max_sharpe,ABBV,1.0999481114694085e-17
2023-07-03,equity_max_sharpe,ABBV,3.432048901928999e-16
2023-08-01,equity_max_sharpe,ABBV,0.0
2023-09-01,equity_max_sharpe,ABBV,0.03748033071842444
2023-10-02,equity_max_sharpe,ABBV,0.0
2023-11-01,equity_max_sharpe,ABBV,6.046818022785477e-16
2023-12-01,equity_max_sharpe,ABBV,0.0
2021-01-04,equity_max_sharpe,ABT,0.0
2021-02-01,equity_max_sharpe,ABT,0.0
2021-03-01,equity_max_sharpe,ABT,0.06749752468701835
2021-04-01,equity_max_sharpe,ABT,0.06597469463263422
2021-05-03,equity_max_sharpe,ABT,3.439212562000935e-17
2021-06-01,equity_max_sharpe,ABT,1.053725129458725e-16
2021-07-01,equity_max_sharpe,ABT,0.042813747630990794
2021-08-02,equity_max_sharpe,ABT,0.01651205682402118
2021-09-01,equity_max_sharpe,ABT,0.00019299946328321982
2021-10-01,equity_max_sharpe,ABT,0.029138224176759077
2021-11-01,equity_max_sharpe,ABT,0.09552791015465971
2021-12-01,equity_max_sharpe,ABT,0.03689615521786039
2022-01-03,equity_max_sharpe,ABT,0.09691229726680932
2022-02-01,equity_max_sharpe,ABT,0.0
2022-03-01,equity_max_sharpe,ABT,0.0
2022-04-01,equity_max_sharpe,ABT,0.0
2022-05-02,equity_max_sharpe,ABT,1.740784364237791e-16
2022-06-01,equity_max_sharpe,ABT,0.0
2022-07-01,equity_max_sharpe,ABT,0.0
2022-08-01,equity_max_sharpe,ABT,0.0
2022-09-01,equity_max_sharpe,ABT,2.720909625778035e-16
2022-10-03,equity_max_sharpe,ABT,0.0
2022-11-01,equity_max_sharpe,ABT,0.0
2022-12-01,equity_max_sharpe,ABT,0.0
2023-01-03,equity_max_sharpe,ABT,6.550664699251246e-17
2023-02-01,equity_max_sharpe,ABT,3.187822675615315e-19
2023-03-01,equity_max_sharpe,ABT,0.0
2023-04-03,equity_max_sharpe,ABT,4.483907704423866e-16
2023-05-01,equity_max_sharpe,ABT,6.221974037584527e-17
2023-06-01,equity_max_sharpe,ABT,0.0
2023-07-03,equity_max_sharpe,ABT,0.0
2023-08-01,equity_max_sharpe,ABT,2.181146464768627e-16
2023-09-01,equity_max_sharpe,ABT,6.388186934066955e-16
2023-10-02,equity_max_sharpe,ABT,1.9076329000661777e-16
2023-11-01,equity_max_sharpe,ABT,2.0259332989877492e-16
2023-12-01,equity_max_sharpe,ABT,3.0099197302603374e-17
2021-01-04,equity_max_sharpe,ADBE,0.0
2021-02-01,equity_max_sharpe,ADBE,0.0
2021-03-01,equity_max_sharpe,ADBE,9.494083332530843e-17
2021-04-01,equity_max_sharpe,ADBE,0.0
2021-05-03,equity_max_sharpe,ADBE,4.7927017822646616e-17
2021-06-01,equity_max_sharpe,ADBE,0.0
2021-07-01,equity_max_sharpe,ADBE,4.873387763450587e-17
2021-08-02,equity_max_sharpe,ADBE,0.04860727365428151
2021-09-01,equity_max_sharpe,ADBE,2.832387295888409e-17
2021-10-01,equity_max_sharpe,ADBE,2.2401578639046048e-17
2021-11-01,equity_max_sharpe,ADBE,1.3065040782741725e-16
2021-12-01,equity_max_sharpe,ADBE,5.672960861176861e-17
2022-01-03,equity_max_sharpe,ADBE,1.02144608866299e-16
2022-02-01,equity_max_sharpe,ADBE,4.961260594217592e-17
2022-03-01,equity_max_sharpe,ADBE,0.0
2022-04-01,equity_max_sharpe,ADBE,0.0
2022-05-02,equity_max_sharpe,ADBE,0.0
2022-06-01,equity_max_sharpe,ADBE,3.968089119231126e-17
2022-07-01,equity_max_sharpe,ADBE,0.0
2022-08-01,equity_max_sharpe,ADBE,0.0
2022-09-01,equity_max_sharpe,ADBE,0.0
2022-10-03,equity_max_sharpe,ADBE,1.1831834722825388e-16
2022-11-01,equity_max_sharpe,ADBE,1.2911351866769718e-16
2022-12-01,equity_max_sharpe,ADBE,9.929078427938963e-17
2023-01-03,equity_max_sharpe,ADBE,0.0
2023-02-01,equity_max_sharpe,ADBE,0.0
2023-03-01,equity_max_sharpe,ADBE,8.084892515217692e-17
2023-04-03,equity_max_sharpe,ADBE,7.958613811733615e-16
2023-05-01,equity_max_sharpe,ADBE,8.964943015020866e-17
2023-06-01,equity_max_sharpe,ADBE,0.0
2023-07-03,equity_max_sharpe,ADBE,0.0
2023-08-01,equity_max_sharpe,ADBE,0.0
2023-09-01,equity_max_sharpe,ADBE,5.387414619461337e-16
2023-10-02,equity_max_sharpe,ADBE,0.0
2023-11-01,equity_max_sharpe,ADBE,0.028307292386266593
2023-12-01,equity_max_sharpe,ADBE,0.1378110661177535
2021-01-04,equity_max_sharpe,AEP,4.096720785862437e-17
2021-02-01,equity_max_sharpe,AEP,1.7425606640496466e-16
2021-03-01,equity_max_sharpe,AEP,3.206327600969088e-17
2021-04-01,equity_max_sharpe,AEP,0.0
2021-05-03,equity_max_sharpe,AEP,0.0
2021-06-01,equity_max_sharpe,AEP,1.197614651021528e-17
2021-07-01,equity_max_sharpe,AEP,7.162544072716211e-18
2021-08-02,equity_max_sharpe,AEP,1.2202008657857249e-17
2021-09-01,equity_max_sharpe,AEP,4.9121333857107895e-17
2021-10-01,equity_max_sharpe,AEP,0.0
2021-11-01,equity_max_sharpe,AEP,0.0
2021-12-01,equity_max_sharpe,AEP,0.0
2022-01-03,equity_max_sharpe,AEP,0.0
2022-02-01,equity_max_sharpe,AEP,2.5437748746672463e-17
2022-03-01,equity_max_sharpe,AEP,0.06800418212836123
2022-04-01,equity_max_sharpe,AEP,0.027700561420604487
2022-05-02,equity_max_sharpe,AEP,0.0
2022-06-01,equity_max_sharpe,AEP,0.12336117429361938
2022-07-01,equity_max_sharpe,AEP,0.012305837505089099
2022-08-01,equity_max_sharpe,AEP,0.0
2022-09-01,equity_max_sharpe,AEP,0.0
2022-10-03,equity_max_sharpe,AEP,0.0
2022-11-01,equity_max_sharpe,AEP,1.0176248554011753e-16
2022-12-01,equity_max_sharpe,AEP,1.4343341202253708e-16
2023-01-03,equity_max_sharpe,AEP,0.0
2023-02-01,equity_max_sharpe,AEP,0.0
2023-03-01,equity_max_sharpe,AEP,5.358404371062822e-17
2023-04-03,equity_max_sharpe,AEP,1.6043176619219878e-16
2023-05-01,equity_max_sharpe,AEP,0.0
2023-06-01,equity_max_sharpe,AEP,0.0
2023-07-03,equity_max_sharpe,AEP,2.091442239865745e-17
2023-08-01,equity_max_sharpe,AEP,0.0
2023-09-01,equity_max_sharpe,AEP,3.0674718365307e-17
2023-10-02,equity_max_sharpe,AEP,0.0
2023-11-01,equity_max_sharpe,AEP,2.386923059555759e-16
2023-12-01,equity_max_sharpe,AEP,0.0
2021-01-04,equity_max_sharpe,AMD,0.0
2021-02-01,equity_max_sharpe,AMD,0.0
2021-03-01,equity_max_sharpe,AMD,0.043077329262151826
2021-04-01,equity_max_sharpe,AMD,0.0
2021-05-03,equity_max_sharpe,AMD,4.0689917092878733e-17
2021-06-01,equity_max_sharpe,AMD,0.0
2021-07-01,equity_max_sharpe,AMD,0.0404664314006071
2021-08-02,equity_max_sharpe,AMD,0.0
2021-09-01,equity_max_sharpe,AMD,0.0
2021-10-01,equity_max_sharpe,AMD,0.0
2021-11-01,equity_max_sharpe,AMD,0.007197829254708852
2021-12-01,equity_max_sharpe,AMD,9.168061000031456e-17
2022-01-03,equity_max_sharpe,AMD,0.0
2022-02-01,equity_max_sharpe,AMD,0.0
2022-03-01,equity_max_sharpe,AMD,0.0
2022-04-01,equity_max_sharpe,AMD,2.3335675814601166e-16
2022-05-02,equity_max_sharpe,AMD,0.0
2022-06-01,equity_max_sharpe,AMD,0.041774733999305015
2022-07-01,equity_max_sharpe,AMD,8.685289838447849e-17
2022-08-01,equity_max_sharpe,AMD,0.0
2022-09-01,equity_max_sharpe,AMD,0.0
2022-10-03,equity_max_sharpe,AMD,0.0
2022-11-01,equity_max_sharpe,AMD,2.185089729384412e-16
2022-12-01,equity_max_sharpe,AMD,1.5702082360138525e-16
2023-01-03,equity_max_sharpe,AMD,2.6295766296327007e-16
2023-02-01,equity_max_sharpe,AMD,9.856653563299857e-17
2023-03-01,equity_max_sharpe,AMD,0.0
2023-04-03,equity_max_sharpe,AMD,7.819802393537373e-16
2023-05-01,equity_max_sharpe,AMD,1.6704470068607392e-16
2023-06-01,equity_max_sharpe,AMD,0.0
2023-07-03,equity_max_sharpe,AMD,1.8115295785307075e-16
2023-08-01,equity_max_sharpe,AMD,0.0
2023-09-01,equity_max_sharpe,AMD,1.1570697654164504e-16
2023-10-02,equity_max_sharpe,AMD,3.0674662043682085e-16
2023-11-01,equity_max_sharpe,AMD,5.2040480945009415e-15
2023-12-01,equity_max_sharpe,AMD,6.547238828821446e-16
2021-01-04,equity_max_sharpe,AMGN,0.0
2021-02-01,equity_max_sharpe,AMGN,0.0
2021-03-01,equity_max_sharpe,AMGN,2.2341555710987688e-17
2021-04-01,equity_max_sharpe,AMGN,0.0
2021-05-03,equity_max_sharpe,AMGN,0.0
2021-06-01,equity_max_sharpe,AMGN,0.0
2021-07-01,equity_max_sharpe,AMGN,0.0
2021-08-02,equity_max_sharpe,AMGN,0.0
2021-09-01,equity_max_sharpe,AMGN,0.0
2021-10-01,equity_max_sharpe,AMGN,0.0
2021-11-01,equity_max_sharpe,AMGN,0.0
2021-12-01,equity_max_sharpe,AMGN,1.2768744233058279e-17
2022-01-03,equity_max_sharpe,AMGN,0.0
2022-02-01,equity_max_sharpe,AMGN,0.0
2022-03-01,equity_max_sharpe,AMGN,4.645911420363212e-17
2022-04-01,equity_max_sharpe,AMGN,0.0
2022-05-02,equity_max_sharpe,AMGN,2.3689461012681518e-17
2022-06-01,equity_max_sharpe,AMGN,1.423801564735875e-16
2022-07-01,equity_max_sharpe,AMGN,4.1701003345670826e-16
2022-08-01,equity_max_sharpe,AMGN,1.9514065689103166e-16
2022-09-01,equity_max_sharpe,AMGN,0.10179698022474255
2022-10-03,equity_max_sharpe,AMGN,0.11841574079515758
2022-11-01,equity_max_sharpe,AMGN,0.1999999999999975
2022-12-01,equity_max_sharpe,AMGN,0.19999999999999926
2023-01-03,equity_max_sharpe,AMGN,0.19307415636895967
2023-02-01,equity_max_sharpe,AMGN,0.0
2023-03-01,equity_max_sharpe,AMGN,0.014245247491373382
2023-04-03,equity_max_sharpe,AMGN,0.014656929365987536
2023-05-01,equity_max_sharpe,AMGN,0.0
2023-06-01,equity_max_sharpe,AMGN,3.010799911699315e-18
2023-07-03,equity_max_sharpe,AMGN,0.0
2023-08-01,equity_max_sharpe,AMGN,0.0
2023-09-01,equity_max_sharpe,AMGN,0.0
2023-10-02,equity_max_sharpe,AMGN,0.11910954689352811
2023-11-01,equity_max_sharpe,AMGN,1.1214801259055009e-16
2023-12-01,equity_max_sharpe,AMGN,6.930536205328929e-17
2021-01-04,equity_max_sharpe,AMT,0.0
2021-02-01,equity_max_sharpe,AMT,9.306614986454853e-17
2021-03-01,equity_max_sharpe,AMT,3.231249408911906e-17
2021-04-01,equity_max_sharpe,AMT,7.006765367712705e-18
2021-05-03,equity_max_sharpe,AMT,0.0
2021-06-01,equity_max_sharpe,AMT,0.0
2021-07-01,equity_max_sharpe,AMT,7.528101150610292e-17
2021-08-02,equity_max_sharpe,AMT,0.0
2021-09-01,equity_max_sharpe,AMT,0.0
2021-10-01,equity_max_sharpe,AMT,0.0
2021-11-01,equity_max_sharpe,AMT,0.0
2021-12-01,equity_max_sharpe,AMT,6.445271533295872e-17
2022-01-03,equity_max_sharpe,AMT,0.0
2022-02-01,equity_max_sharpe,AMT,8.352818132861006e-17
2022-03-01,equity_max_sharpe,AMT,1.5292215501535615e-16
2022-04-01,equity_max_sharpe,AMT,2.260499359380323e-16
2022-05-02,equity_max_sharpe,AMT,0.0
2022-06-01,equity_max_sharpe,AMT,1.2526495108888044e-17
2022-07-01,equity_max_sharpe,AMT,0.0
2022-08-01,equity_max_sharpe,AMT,1.1059410103368394e-17
2022-09-01,equity_max_sharpe,AMT,8.475197094952095e-17
2022-10-03,equity_max_sharpe,AMT,0.0
2022-11-01,equity_max_sharpe,AMT,1.172447690557306e-16
2022-12-01,equity_max_sharpe,AMT,0.0
2023-01-03,equity_max_sharpe,AMT,0.0
2023-02-01,equity_max_sharpe,AMT,0.0
2023-03-01,equity_max_sharpe,AMT,0.0
2023-04-03,equity_max_sharpe,AMT,4.398936660975982e-16
2023-05-01,equity_max_sharpe,AMT,2.015269608340778e-17
2023-06-01,equity_max_sharpe,AMT,0.0
2023-07-03,equity_max_sharpe,AMT,5.86433435566953e-17
2023-08-01,equity_max_sharpe,AMT,0.0
2023-09-01,equity_max_sharpe,AMT,0.0
2023-10-02,equity_max_sharpe,AMT,2.1087482653196635e-18
2023-11-01,equity_max_sharpe,AMT,0.0
2023-12-01,equity_max_sharpe,AMT,5.83990401022532e-17
2021-01-04,equity_max_sharpe,BA,0.0
2021-02-01,equity_max_sharpe,BA,0.0
2021-03-01,equity_max_sharpe,BA,0.0
2021-04-01,equity_max_sharpe,BA,0.0
2021-05-03,equity_max_sharpe,BA,6.188364097136943e-17
2021-06-01,equity_max_sharpe,BA,1.1172414958462027e-16
2021-07-01,equity_max_sharpe,BA,1.096036401310114e-16
2021-08-02,equity_max_sharpe,BA,0.0
2021-09-01,equity_max_sharpe,BA,0.0
2021-10-01,equity_max_sharpe,BA,0.0
2021-11-01,equity_max_sharpe,BA,0.0
2021-12-01,equity_max_sharpe,BA,0.0
2022-01-03,equity_max_sharpe,BA,0.0
2022-02-01,equity_max_sharpe,BA,7.264063414589508e-17
2022-03-01,equity_max_sharpe,BA,0.0
2022-04-01,equity_max_sharpe,BA,0.0
2022-05-02,equity_max_sharpe,BA,1.846438471612103e-17
2022-06-01,equity_max_sharpe,BA,0.0
2022-07-01,equity_max_sharpe,BA,0.0
2022-08-01,equity_max_sharpe,BA,0.0
2022-09-01,equity_max_sharpe,BA,0.0
2022-10-03,equity_max_sharpe,BA,0.0
2022-11-01,equity_max_sharpe,BA,1.1648148726567947e-16
2022-12-01,equity_max_sharpe,BA,0.0
2023-01-03,equity_max_sharpe,BA,1.4945080389051915e-16
2023-02-01,equity_max_sharpe,BA,0.0
2023-03-01,equity_max_sharpe,BA,9.462530030403082e-17
2023-04-03,equity_max_sharpe,BA,1.259036065033893e-15
2023-05-01,equity_max_sharpe,BA,4.97075841990661e-16
2023-06-01,equity_max_sharpe,BA,0.11640144371981603
2023-07-03,equity_max_sharpe,BA,0.01072414428323402
2023-08-01,equity_max_sharpe,BA,1.771257144856768e-17
2023-09-01,equity_max_sharpe,BA,1.7506121088037378e-16
2023-10-02,equity_max_sharpe,BA,8.690424413430099e-17
2023-11-01,equity_max_sharpe,BA,0.03698532958345877
2023-12-01,equity_max_sharpe,BA,0.023373203815880886
2021-01-04,equity_max_sharpe,CAT,6.762550607663792e-17
2021-02-01,equity_max_sharpe,CAT,2.903508983034173e-16
2021-03-01,equity_max_sharpe,CAT,0.19999999999999993
2021-04-01,equity_max_sharpe,CAT,0.0279790835995235
2021-05-03,equity_max_sharpe,CAT,0.15100127261496374
2021-06-01,equity_max_sharpe,CAT,0.12604526363668442
2021-07-01,equity_max_sharpe,CAT,0.006001249573916988
2021-08-02,equity_max_sharpe,CAT,0.0
2021-09-01,equity_max_sharpe,CAT,0.0
2021-10-01,equity_max_sharpe,CAT,0.0
2021-11-01,equity_max_sharpe,CAT,0.0
2021-12-01,equity_max_sharpe,CAT,1.1005742300500564e-16
2022-01-03,equity_max_sharpe,CAT,7.99871160242616e-17
2022-02-01,equity_max_sharpe,CAT,8.344615841099747e-17
2022-03-01,equity_max_sharpe,CAT,2.9471682794548194e-16
2022-04-01,equity_max_sharpe,CAT,0.0
2022-05-02,equity_max_sharpe,CAT,3.084920298050176e-17
2022-06-01,equity_max_sharpe,CAT,0.0
2022-07-01,equity_max_sharpe,CAT,0.0
2022-08-01,equity_max_sharpe,CAT,0.0
2022-09-01,equity_max_sharpe,CAT,0.0
2022-10-03,equity_max_sharpe,CAT,4.95063369025122e-17
2022-11-01,equity_max_sharpe,CAT,1.609927015003025e-16
2022-12-01,equity_max_sharpe,CAT,0.0
2023-01-03,equity_max_sharpe,CAT,3.7728867636873073e-17
2023-02-01,equity_max_sharpe,CAT,0.0
2023-03-01,equity_max_sharpe,CAT,0.07751094584088417
2023-04-03,equity_max_sharpe,CAT,4.651916067665321e-17
2023-05-01,equity_max_sharpe,CAT,0.0
2023-06-01,equity_max_sharpe,CAT,0.0
2023-07-03,equity_max_sharpe,CAT,0.0
2023-08-01,equity_max_sharpe,CAT,0.0
2023-09-01,equity_max_sharpe,CAT,0.04928011563776017
2023-10-02,equity_max_sharpe,CAT,0.08456081271938094
2023-11-01,equity_max_sharpe,CAT,3.6239039776936346e-17
2023-12-01,equity_max_sharpe,CAT,0.0
2021-01-04,equity_max_sharpe,CCI,9.870690071294396e-17
2021-02-01,equity_max_sharpe,CCI,0.0
2021-03-01,equity_max_sharpe,CCI,6.411184458965898e-17
2021-04-01,equity_max_sharpe,CCI,0.0
2021-05-03,equity_max_sharpe,CCI,0.0
2021-06-01,equity_max_sharpe,CCI,1.0472214205114759e-16
2021-07-01,equity_max_sharpe,CCI,0.0
2021-08-02,equity_max_sharpe,CCI,8.573268351668697e-17
2021-09-01,equity_max_sharpe,CCI,0.059686574403860666
2021-10-01,equity_max_sharpe,CCI,0.029236713078783637
2021-11-01,equity_max_sharpe,CCI,0.0
2021-12-01,equity_max_sharpe,CCI,6.463169355991792e-18
2022-01-03,equity_max_sharpe,CCI,0.0
2022-02-01,equity_max_sharpe,CCI,0.0
2022-03-01,equity_max_sharpe,CCI,0.0
2022-04-01,equity_max_sharpe,CCI,0.0
2022-05-02,equity_max_sharpe,CCI,1.5829699369891794e-17
2022-06-01,equity_max_sharpe,CCI,5.372470361928128e-17
2022-07-01,equity_max_sharpe,CCI,8.398894080221733e-18
2022-08-01,equity_max_sharpe,CCI,0.0
2022-09-01,equity_max_sharpe,CCI,4.07510378021151e-17
2022-10-03,equity_max_sharpe,CCI,4.2892008804059456e-17
2022-11-01,equity_max_sharpe,CCI,1.1726216333173275e-16
2022-12-01,equity_max_sharpe,CCI,2.0595365853540573e-16
2023-01-03,equity_max_sharpe,CCI,0.0
2023-02-01,equity_max_sharpe,CCI,4.92593724736048e-17
2023-03-01,equity_max_sharpe,CCI,4.20687041952182e-17
2023-04-03,equity_max_sharpe,CCI,3.771069249702389e-16
2023-05-01,equity_max_sharpe,CCI,0.0
2023-06-01,equity_max_sharpe,CCI,0.0
2023-07-03,equity_max_sharpe,CCI,7.27882766578984e-17
2023-08-01,equity_max_sharpe,CCI,1.5102903794483336e-17
2023-09-01,equity_max_sharpe,CCI,1.264943203022668e-16
2023-10-02,equity_max_sharpe,CCI,1.9447769370773358e-16
2023-11-01,equity_max_sharpe,CCI,1.3684090800676097e-16
2023-12-01,equity_max_sharpe,CCI,8.201166485084777e-17
2021-01-04,equity_max_sharpe,CMCSA,3.409953724541229e-17
2021-02-01,equity_max_sharpe,CMCSA,6.549032213044903e-17
2021-03-01,equity_max_sharpe,CMCSA,3.4882718370685204e-17
2021-04-01,equity_max_sharpe,CMCSA,1.4346593734754833e-17
2021-05-03,equity_max_sharpe,CMCSA,1.2016669290795916e-16
2021-06-01,equity_max_sharpe,CMCSA,0.0
2021-07-01,equity_max_sharpe,CMCSA,0.0
2021-08-02,equity_max_sharpe,CMCSA,0.0
2021-09-01,equity_max_sharpe,CMCSA,1.9299062827031067e-17
2021-10-01,equity_max_sharpe,CMCSA,0.0
2021-11-01,equity_max_sharpe,CMCSA,1.1607307722320512e-17
2021-12-01,equity_max_sharpe,CMCSA,1.0044143206909638e-16
2022-01-03,equity_max_sharpe,CMCSA,4.1079028858579804e-17
2022-02-01,equity_max_sharpe,CMCSA,0.0
2022-03-01,equity_max_sharpe,CMCSA,0.0
2022-04-01,equity_max_sharpe,CMCSA,1.503488725326721e-16
2022-05-02,equity_max_sharpe,CMCSA,9.174779603466475e-17
2022-06-01,equity_max_sharpe,CMCSA,0.0
2022-07-01,equity_max_sharpe,CMCSA,0.0
2022-08-01,equity_max_sharpe,CMCSA,2.110457412536742e-17
2022-09-01,equity_max_sharpe,CMCSA,0.0
2022-10-03,equity_max_sharpe,CMCSA,0.0
2022-11-01,equity_max_sharpe,CMCSA,4.3733661870106176e-17
2022-12-01,equity_max_sharpe,CMCSA,4.204671512361654e-17
2023-01-03,equity_max_sharpe,CMCSA,0.0
2023-02-01,equity_max_sharpe,CMCSA,0.0
2023-03-01,equity_max_sharpe,CMCSA,5.469928082873035e-17
2023-04-03,equity_max_sharpe,CMCSA,3.5941629037013507e-16
2023-05-01,equity_max_sharpe,CMCSA,1.1285135664139842e-16
2023-06-01,equity_max_sharpe,CMCSA,0.0
2023-07-03,equity_max_sharpe,CMCSA,0.0
2023-08-01,equity_max_sharpe,CMCSA,2.6731894353948035e-16
2023-09-01,equity_max_sharpe,CMCSA,1.1798768204180917e-16
2023-10-02,equity_max_sharpe,CMCSA,0.03526603759997208
2023-11-01,equity_max_sharpe,CMCSA,0.11418509364432791
2023-12-01,equity_max_sharpe,CMCSA,0.0
2021-01-04,equity_max_sharpe,COP,0.0
2021-02-01,equity_max_sharpe,COP,0.0
2021-03-01,equity_max_sharpe,COP,0.0
2021-04-01,equity_max_sharpe,COP,0.0
2021-05-03,equity_max_sharpe,COP,0.0
2021-06-01,equity_max_sharpe,COP,2.5149388261685657e-17
2021-07-01,equity_max_sharpe,COP,5.812250591209094e-17
2021-08-02,equity_max_sharpe,COP,0.0
2021-09-01,equity_max_sharpe,COP,0.0
2021-10-01,equity_max_sharpe,COP,0.0
2021-11-01,equity_max_sharpe,COP,0.024316682522331202
2021-12-01,equity_max_sharpe,COP,0.037222683653989994
2022-01-03,equity_max_sharpe,COP,0.09674192586609173
2022-02-01,equity_max_sharpe,COP,0.16805247166503456
2022-03-01,equity_max_sharpe,COP,0.14963503526748287
2022-04-01,equity_max_sharpe,COP,0.07763370170344971
2022-05-02,equity_max_sharpe,COP,0.17229616749193707
2022-06-01,equity_max_sharpe,COP,0.0523272254734232
2022-07-01,equity_max_sharpe,COP,0.0
2022-08-01,equity_max_sharpe,COP,0.0
2022-09-01,equity_max_sharpe,COP,0.07487823622668172
2022-10-03,equity_max_sharpe,COP,0.0
2022-11-01,equity_max_sharpe,COP,0.0
2022-12-01,equity_max_sharpe,COP,3.443003959780704e-16
2023-01-03,equity_max_sharpe,COP,1.867271230985383e-15
2023-02-01,equity_max_sharpe,COP,0.0
2023-03-01,equity_max_sharpe,COP,0.0
2023-04-03,equity_max_sharpe,COP,5.381490929564059e-16
2023-05-01,equity_max_sharpe,COP,1.8806312714257772e-16
2023-06-01,equity_max_sharpe,COP,0.0
2023-07-03,equity_max_sharpe,COP,0.0
2023-08-01,equity_max_sharpe,COP,0.0
2023-09-01,equity_max_sharpe,COP,0.0
2023-10-02,equity_max_sharpe,COP,5.2081746804539e-17
2023-11-01,equity_max_sharpe,COP,2.5992873385615603e-17
2023-12-01,equity_max_sharpe,COP,5.619821298771046e-17
2021-01-04,equity_max_sharpe,CVX,0.0
2021-02-01,equity_max_sharpe,CVX,2.6212890849049136e-17
2021-03-01,equity_max_sharpe,CVX,2.4970108234080017e-17
2021-04-01,equity_max_sharpe,CVX,6.236463902317349e-17
2021-05-03,equity_max_sharpe,CVX,0.0
2021-06-01,equity_max_sharpe,CVX,0.0
2021-07-01,equity_max_sharpe,CVX,4.678093854238346e-17
2021-08-02,equity_max_sharpe,CVX,0.0
2021-09-01,equity_max_sharpe,CVX,4.520245967048788e-17
2021-10-01,equity_max_sharpe,CVX,0.0
2021-11-01,equity_max_sharpe,CVX,0.0
2021-12-01,equity_max_sharpe,CVX,0.0
2022-01-03,equity_max_sharpe,CVX,5.6094150529629086e-18
2022-02-01,equity_max_sharpe,CVX,9.150200774389077e-17
2022-03-01,equity_max_sharpe,CVX,3.350498674340306e-17
2022-04-01,equity_max_sharpe,CVX,0.14625353227589072
2022-05-02,equity_max_sharpe,CVX,0.08628354086694003
2022-06-01,equity_max_sharpe,CVX,0.1999999999999998
2022-07-01,equity_max_sharpe,CVX,0.17570276562505022
2022-08-01,equity_max_sharpe,CVX,0.20000000000000007
2022-09-01,equity_max_sharpe,CVX,0.15475104604953985
2022-10-03,equity_max_sharpe,CVX,0.14249315945424887
2022-11-01,equity_max_sharpe,CVX,0.08653491930686812
2022-12-01,equity_max_sharpe,CVX,0.0
2023-01-03,equity_max_sharpe,CVX,0.004874656792890201
2023-02-01,equity_max_sharpe,CVX,0.0
2023-03-01,equity_max_sharpe,CVX,0.0
2023-04-03,equity_max_sharpe,CVX,2.504305812662745e-16
2023-05-01,equity_max_sharpe,CVX,0.0
2023-06-01,equity_max_sharpe,CVX,3.4024414600677275e-17
2023-07-03,equity_max_sharpe,CVX,4.670008817451024e-17
2023-08-01,equity_max_sharpe,CVX,2.6813305585460912e-17
2023-09-01,equity_max_sharpe,CVX,2.9260264766920496e-17
2023-10-02,equity_max_sharpe,CVX,0.0
2023-11-01,equity_max_sharpe,CVX,0.0
2023-12-01,equity_max_sharpe,CVX,0.0
2021-01-04,equity_max_sharpe,D,3.130830719677317e-17
2021-02-01,equity_max_sharpe,D,0.0
2021-03-01,equity_max_sharpe,D,3.7084608367355856e-17
2021-04-01,equity_max_sharpe,D,6.523271252363538e-17
2021-05-03,equity_max_sharpe,D,0.0
2021-06-01,equity_max_sharpe,D,0.0
2021-07-01,equity_max_sharpe,D,0.0
2021-08-02,equity_max_sharpe,D,0.0
2021-09-01,equity_max_sharpe,D,6.517497709411986e-17
2021-10-01,equity_max_sharpe,D,3.3832863491245816e-17
2021-11-01,equity_max_sharpe,D,1.0836561229979044e-16
2021-12-01,equity_max_sharpe,D,3.843460944735617e-17
2022-01-03,equity_max_sharpe,D,0.0
2022-02-01,equity_max_sharpe,D,7.435730564402165e-17
2022-03-01,equity_max_sharpe,D,0.0
2022-04-01,equity_max_sharpe,D,1.0092586705181744e-16
2022-05-02,equity_max_sharpe,D,0.0
2022-06-01,equity_max_sharpe,D,2.058593713508123e-16
2022-07-01,equity_max_sharpe,D,0.0
2022-08-01,equity_max_sharpe,D,0.0
2022-09-01,equity_max_sharpe,D,0.0
2022-10-03,equity_max_sharpe,D,6.326490482300055e-17
2022-11-01,equity_max_sharpe,D,0.0
2022-12-01,equity_max_sharpe,D,1.3184845271891597e-17
2023-01-03,equity_max_sharpe,D,0.0
2023-02-01,equity_max_sharpe,D,0.0
2023-03-01,equity_max_sharpe,D,0.0
2023-04-03,equity_max_sharpe,D,3.2941917257242467e-16
2023-05-01,equity_max_sharpe,D,4.6481419105686026e-17
2023-06-01,equity_max_sharpe,D,0.0
2023-07-03,equity_max_sharpe,D,0.0
2023-08-01,equity_max_sharpe,D,6.190427770652504e-17
2023-09-01,equity_max_sharpe,D,0.0
2023-10-02,equity_max_sharpe,D,8.694907415030896e-17
2023-11-01,equity_max_sharpe,D,3.299647083014434e-17
2023-12-01,equity_max_sharpe,D,1.023084417339747e-17
2021-01-04,equity_max_sharpe,DD,1.9746177715820016e-17
2021-02-01,equity_max_sharpe,DD,0.10750024950080843
2021-03-01,equity_max_sharpe,DD,0.0
2021-04-01,equity_max_sharpe,DD,0.09703763893041287
2021-05-03,equity_max_sharpe,DD,7.156693681861265e-17
2021-06-01,equity_max_sharpe,DD,0.0
2021-07-01,equity_max_sharpe,DD,6.905449536627018e-17
2021-08-02,equity_max_sharpe,DD,0.0
2021-09-01,equity_max_sharpe,DD,4.550225049834943e-17
2021-10-01,equity_max_sharpe,DD,0.0
2021-11-01,equity_max_sharpe,DD,1.023293952424808e-16
2021-12-01,equity_max_sharpe,DD,0.0
2022-01-03,equity_max_sharpe,DD,0.0
2022-02-01,equity_max_sharpe,DD,8.030307534183752e-17
2022-03-01,equity_max_sharpe,DD,0.0
2022-04-01,equity_max_sharpe,DD,0.0
2022-05-02,equity_max_sharpe,DD,7.781144385310657e-17
2022-06-01,equity_max_sharpe,DD,1.793416020962859e-17
2022-07-01,equity_max_sharpe,DD,0.0
2022-08-01,equity_max_sharpe,DD,4.4040871292368487e-17
2022-09-01,equity_max_sharpe,DD,0.0
2022-10-03,equity_max_sharpe,DD,2.5305685760039116e-17
2022-11-01,equity_max_sharpe,DD,1.8840338054294596e-16
2022-12-01,equity_max_sharpe,DD,3.218531404744662e-17
2023-01-03,equity_max_sharpe,DD,0.0
2023-02-01,equity_max_sharpe,DD,0.0
2023-03-01,equity_max_sharpe,DD,0.0
2023-04-03,equity_max_sharpe,DD,3.8686378610352e-16
2023-05-01,equity_max_sharpe,DD,0.0
2023-06-01,equity_max_sharpe,DD,0.0
2023-07-03,equity_max_sharpe,DD,6.512054731472241e-18
2023-08-01,equity_max_sharpe,DD,1.083742784238874e-17
2023-09-01,equity_max_sharpe,DD,9.73790578826926e-17
2023-10-02,equity_max_sharpe,DD,2.0215051986848498e-16
2023-11-01,equity_max_sharpe,DD,0.020522284385938682
2023-12-01,equity_max_sharpe,DD,2.4962673111176777e-17
2021-01-04,equity_max_sharpe,DIS,9.259329071036926e-17
2021-02-01,equity_max_sharpe,DIS,0.0
2021-03-01,equity_max_sharpe,DIS,0.04806850352035195
2021-04-01,equity_max_sharpe,DIS,0.05369087281039821
2021-05-03,equity_max_sharpe,DIS,1.1795724898944486e-17
2021-06-01,equity_max_sharpe,DIS,3.340888044280186e-17
2021-07-01,equity_max_sharpe,DIS,0.009706190100761338
2021-08-02,equity_max_sharpe,DIS,0.0
2021-09-01,equity_max_sharpe,DIS,0.0
2021-10-01,equity_max_sharpe,DIS,0.0
2021-11-01,equity_max_sharpe,DIS,0.0
2021-12-01,equity_max_sharpe,DIS,0.0
2022-01-03,equity_max_sharpe,DIS,3.486218937892552e-17
2022-02-01,equity_max_sharpe,DIS,1.4785793832087017e-16
2022-03-01,equity_max_sharpe,DIS,0.0
2022-04-01,equity_max_sharpe,DIS,0.0
2022-05-02,equity_max_sharpe,DIS,1.0017797124427385e-16
2022-06-01,equity_max_sharpe,DIS,0.0
2022-07-01,equity_max_sharpe,DIS,0.0
2022-08-01,equity_max_sharpe,DIS,0.0
2022-09-01,equity_max_sharpe,DIS,0.0
2022-10-03,equity_max_sharpe,DIS,0.0
2022-11-01,equity_max_sharpe,DIS,1.691421819913064e-16
2022-12-01,equity_max_sharpe,DIS,1.5026067710984527e-16
2023-01-03,equity_max_sharpe,DIS,1.2020428975087292e-16
2023-02-01,equity_max_sharpe,DIS,9.402441726924936e-17
2023-03-01,equity_max_sharpe,DIS,0.0
2023-04-03,equity_max_sharpe,DIS,7.076416675567971e-16
2023-05-01,equity_max_sharpe,DIS,1.7246571154850144e-16
2023-06-01,equity_max_sharpe,DIS,0.0
2023-07-03,equity_max_sharpe,DIS,1.6980921933926774e-17
2023-08-01,equity_max_sharpe,DIS,0.0
2023-09-01,equity_max_sharpe,DIS,0.0
2023-10-02,equity_max_sharpe,DIS,0.0
2023-11-01,equity_max_sharpe,DIS,1.6887962214513616e-16
2023-12-01,equity_max_sharpe,DIS,7.92291188240991e-17
2021-01-04,equity_max_sharpe,DOW,6.65045733341453e-18
2021-02-01,equity_max_sharpe,DOW,1.3544195475338229e-17
2021-03-01,equity_max_sharpe,DOW,2.9302481231180023e-18
2021-04-01,equity_max_sharpe,DOW,0.0
2021-05-03,equity_max_sharpe,DOW,9.769577349167184e-18
2021-06-01,equity_max_sharpe,DOW,0.0
2021-07-01,equity_max_sharpe,DOW,0.0
2021-08-02,equity_max_sharpe,DOW,5.913436857025753e-17
2021-09-01,equity_max_sharpe,DOW,0.0
2021-10-01,equity_max_sharpe,DOW,4.550983188026638e-17
2021-11-01,equity_max_sharpe,DOW,0.0
2021-12-01,equity_max_sharpe,DOW,7.231725742953727e-17
2022-01-03,equity_max_sharpe,DOW,0.0
2022-02-01,equity_max_sharpe,DOW,9.757537116780437e-17
2022-03-01,equity_max_sharpe,DOW,0.0
2022-04-01,equity_max_sharpe,DOW,0.0
2022-05-02,equity_max_sharpe,DOW,0.0
2022-06-01,equity_max_sharpe,DOW,0.0
2022-07-01,equity_max_sharpe,DOW,0.0
2022-08-01,equity_max_sharpe,DOW,0.0
2022-09-01,equity_max_sharpe,DOW,0.0
2022-10-03,equity_max_sharpe,DOW,1.662249822428502e-16
2022-11-01,equity_max_sharpe,DOW,2.1950553621502788e-16
2022-12-01,equity_max_sharpe,DOW,5.204627313807923e-18
2023-01-03,equity_max_sharpe,DOW,9.022763733873786e-17
2023-02-01,equity_max_sharpe,DOW,0.0
2023-03-01,equity_max_sharpe,DOW,0.0
2023-04-03,equity_max_sharpe,DOW,4.419699958929317e-16
2023-05-01,equity_max_sharpe,DOW,1.3126602899405235e-16
2023-06-01,equity_max_sharpe,DOW,0.0
2023-07-03,equity_max_sharpe,DOW,0.0
2023-08-01,equity_max_sharpe,DOW,0.0
2023-09-01,equity_max_sharpe,DOW,2.1398801214319428e-16
2023-10-02,equity_max_sharpe,DOW,0.0
2023-11-01,equity_max_sharpe,DOW,0.0
2023-12-01,equity_max_sharpe,DOW,0.0
2021-01-04,equity_max_sharpe,DUK,0.0
2021-02-01,equity_max_sharpe,DUK,1.134141378720808e-16
2021-03-01,equity_max_sharpe,DUK,4.37846399736059e-17
2021-04-01,equity_max_sharpe,DUK,8.438185838947553e-19
2021-05-03,equity_max_sharpe,DUK,1.6214135330104919e-16
2021-06-01,equity_max_sharpe,DUK,0.0
2021-07-01,equity_max_sharpe,DUK,0.058646297091570536
2021-08-02,equity_max_sharpe,DUK,0.10024242973027388
2021-09-01,equity_max_sharpe,DUK,0.1263728798763621
2021-10-01,equity_max_sharpe,DUK,0.05319860196006957
2021-11-01,equity_max_sharpe,DUK,0.0
2021-12-01,equity_max_sharpe,DUK,0.0
2022-01-03,equity_max_sharpe,DUK,0.0
2022-02-01,equity_max_sharpe,DUK,3.4288330615394904e-16
2022-03-01,equity_max_sharpe,DUK,0.0
2022-04-01,equity_max_sharpe,DUK,3.930114021276973e-17
2022-05-02,equity_max_sharpe,DUK,0.0
2022-06-01,equity_max_sharpe,DUK,0.0
2022-07-01,equity_max_sharpe,DUK,0.0
2022-08-01,equity_max_sharpe,DUK,9.22306926630271e-18
2022-09-01,equity_max_sharpe,DUK,8.922719011700024e-17
2022-10-03,equity_max_sharpe,DUK,0.0
2022-11-01,equity_max_sharpe,DUK,0.0
2022-12-01,equity_max_sharpe,DUK,0.0
2023-01-03,equity_max_sharpe,DUK,0.0
2023-02-01,equity_max_sharpe,DUK,0.0
2023-03-01,equity_max_sharpe,DUK,8.282149426957221e-17
2023-04-03,equity_max_sharpe,DUK,1.4143592582503373e-16
2023-05-01,equity_max_sharpe,DUK,0.0
2023-06-01,equity_max_sharpe,DUK,2.6940466783634206e-17
2023-07-03,equity_max_sharpe,DUK,4.3745393019182746e-17
2023-08-01,equity_max_sharpe,DUK,0.0
2023-09-01,equity_max_sharpe,DUK,0.0
2023-10-02,equity_max_sharpe,DUK,0.0
2023-11-01,equity_max_sharpe,DUK,0.0
2023-12-01,equity_max_sharpe,DUK,0.0
2021-01-04,equity_max_sharpe,EA,0.0
2021-02-01,equity_max_sharpe,EA,0.0
2021-03-01,equity_max_sharpe,EA,8.107887465411998e-17
2021-04-01,equity_max_sharpe,EA,0.06658152688249135
2021-05-03,equity_max_sharpe,EA,1.632052914358583e-17
2021-06-01,equity_max_sharpe,EA,0.0
2021-07-01,equity_max_sharpe,EA,3.940717461947884e-17
2021-08-02,equity_max_sharpe,EA,9.387451652653936e-19
2021-09-01,equity_max_sharpe,EA,0.0
2021-10-01,equity_max_sharpe,EA,0.015345088246162115
2021-11-01,equity_max_sharpe,EA,0.0
2021-12-01,equity_max_sharpe,EA,7.327841331260088e-18
2022-01-03,equity_max_sharpe,EA,1.0621292098781659e-16
2022-02-01,equity_max_sharpe,EA,3.427741784380633e-17
2022-03-01,equity_max_sharpe,EA,4.028052373955455e-18
2022-04-01,equity_max_sharpe,EA,0.0
2022-05-02,equity_max_sharpe,EA,1.956209860235122e-17
2022-06-01,equity_max_sharpe,EA,0.0
2022-07-01,equity_max_sharpe,EA,1.1815254205028444e-16
2022-08-01,equity_max_sharpe,EA,5.568376113729329e-17
2022-09-01,equity_max_sharpe,EA,3.4497339642251177e-17
2022-10-03,equity_max_sharpe,EA,0.0
2022-11-01,equity_max_sharpe,EA,7.372929571893811e-17
2022-12-01,equity_max_sharpe,EA,0.0
2023-01-03,equity_max_sharpe,EA,0.0
2023-02-01,equity_max_sharpe,EA,5.852144704629445e-17
2023-03-01,equity_max_sharpe,EA,7.363507381309385e-17
2023-04-03,equity_max_sharpe,EA,1.3112147126432796e-16
2023-05-01,equity_max_sharpe,EA,5.809977212040038e-17
2023-06-01,equity_max_sharpe,EA,5.3236433739855705e-18
2023-07-03,equity_max_sharpe,EA,8.342557205086623e-20
2023-08-01,equity_max_sharpe,EA,3.2230204896919092e-18
2023-09-01,equity_max_sharpe,EA,0.0
2023-10-02,equity_max_sharpe,EA,0.0
2023-11-01,equity_max_sharpe,EA,0.0
2023-12-01,equity_max_sharpe,EA,1.8486825169222668e-17
2021-01-04,equity_max_sharpe,GE,0.0
2021-02-01,equity_max_sharpe,GE,3.836296450704689e-17
2021-03-01,equity_max_sharpe,GE,0.0
2021-04-01,equity_max_sharpe,GE,0.0
2021-05-03,equity_max_sharpe,GE,0.005929183343928237
2021-06-01,equity_max_sharpe,GE,0.07017262436423416
2021-07-01,equity_max_sharpe,GE,0.08844056589607426
2021-08-02,equity_max_sharpe,GE,0.082913130214158
2021-09-01,equity_max_sharpe,GE,0.06923553890380199
2021-10-01,equity_max_sharpe,GE,0.12501680694513964
2021-11-01,equity_max_sharpe,GE,8.375699804524901e-17
2021-12-01,equity_max_sharpe,GE,5.346584945517979e-18
2022-01-03,equity_max_sharpe,GE,6.376207371059828e-17
2022-02-01,equity_max_sharpe,GE,1.2782820571089205e-17
2022-03-01,equity_max_sharpe,GE,2.97350040805289e-17
2022-04-01,equity_max_sharpe,GE,0.0
2022-05-02,equity_max_sharpe,GE,1.4705880747849546e-16
2022-06-01,equity_max_sharpe,GE,0.0
2022-07-01,equity_max_sharpe,GE,0.0
2022-08-01,equity_max_sharpe,GE,0.0
2022-09-01,equity_max_sharpe,GE,0.0
2022-10-03,equity_max_sharpe,GE,0.0
2022-11-01,equity_max_sharpe,GE,1.341049889960125e-16
2022-12-01,equity_max_sharpe,GE,8.105362877277458e-17
2023-01-03,equity_max_sharpe,GE,3.3896176933741185e-18
2023-02-01,equity_max_sharpe,GE,1.1197172387045692e-16
2023-03-01,equity_max_sharpe,GE,0.0
2023-04-03,equity_max_sharpe,GE,0.19999999999999443
2023-05-01,equity_max_sharpe,GE,0.1999999999999992
2023-06-01,equity_max_sharpe,GE,0.19999999999999957
2023-07-03,equity_max_sharpe,GE,0.19999999999999982
2023-08-01,equity_max_sharpe,GE,0.19999999999999973
2023-09-01,equity_max_sharpe,GE,0.19999999999999937
2023-10-02,equity_max_sharpe,GE,0.19999999999999965
2023-11-01,equity_max_sharpe,GE,0.1999999999999993
2023-12-01,equity_max_sharpe,GE,0.19999999999999976
2021-01-04,equity_max_sharpe,GILD,6.148419580858881e-17
2021-02-01,equity_max_sharpe,GILD,0.0
2021-03-01,equity_max_sharpe,GILD,5.709096032792499e-17
2021-04-01,equity_max_sharpe,GILD,0.0
2021-05-03,equity_max_sharpe,GILD,0.0
2021-06-01,equity_max_sharpe,GILD,0.0
2021-07-01,equity_max_sharpe,GILD,0.0
2021-08-02,equity_max_sharpe,GILD,3.947156156708056e-17
2021-09-01,equity_max_sharpe,GILD,4.315713869488529e-17
2021-10-01,equity_max_sharpe,GILD,0.014409625841709956
2021-11-01,equity_max_sharpe,GILD,7.048495840640478e-17
2021-12-01,equity_max_sharpe,GILD,0.08965330319022526
2022-01-03,equity_max_sharpe,GILD,0.12502006814592667
2022-02-01,equity_max_sharpe,GILD,1.3618813683691598e-16
2022-03-01,equity_max_sharpe,GILD,1.6497998178577002e-16
2022-04-01,equity_max_sharpe,GILD,8.705953943169977e-17
2022-05-02,equity_max_sharpe,GILD,0.0
2022-06-01,equity_max_sharpe,GILD,1.4234446331246616e-16
2022-07-01,equity_max_sharpe,GILD,4.880226740674959e-16
2022-08-01,equity_max_sharpe,GILD,0.0
2022-09-01,equity_max_sharpe,GILD,2.2596471161765514e-17
2022-10-03,equity_max_sharpe,GILD,0.0
2022-11-01,equity_max_sharpe,GILD,0.13632972030513543
2022-12-01,equity_max_sharpe,GILD,0.05094353896861415
2023-01-03,equity_max_sharpe,GILD,0.10749812808443575
2023-02-01,equity_max_sharpe,GILD,0.1903984574666687
2023-03-01,equity_max_sharpe,GILD,0.19999999999999996
2023-04-03,equity_max_sharpe,GILD,0.19999999999999638
2023-05-01,equity_max_sharpe,GILD,0.19999999999999865
2023-06-01,equity_max_sharpe,GILD,0.18102851708908868
2023-07-03,equity_max_sharpe,GILD,0.16120441772090674
2023-08-01,equity_max_sharpe,GILD,0.13621580915493556
2023-09-01,equity_max_sharpe,GILD,0.05168669004006782
2023-10-02,equity_max_sharpe,GILD,2.234422876155171e-16
2023-11-01,equity_max_sharpe,GILD,0.0
2023-12-01,equity_max_sharpe,GILD,3.7580669812454373e-17
2021-01-04,equity_max_sharpe,GS,0.0
2021-02-01,equity_max_sharpe,GS,0.0
2021-03-01,equity_max_sharpe,GS,1.4975411338010172e-17
2021-04-01,equity_max_sharpe,GS,0.10696839273616496
2021-05-03,equity_max_sharpe,GS,0.0
2021-06-01,equity_max_sharpe,GS,1.0008017145497807e-16
2021-07-01,equity_max_sharpe,GS,0.16546358397126515
2021-08-02,equity_max_sharpe,GS,0.14055078724028064
2021-09-01,equity_max_sharpe,GS,0.19536256069466526
2021-10-01,equity_max_sharpe,GS,0.0803843917631066
2021-11-01,equity_max_sharpe,GS,0.18662090565679096
2021-12-01,equity_max_sharpe,GS,0.13137374683306446
2022-01-03,equity_max_sharpe,GS,0.008125397992993456
2022-02-01,equity_max_sharpe,GS,7.01511798275969e-18
2022-03-01,equity_max_sharpe,GS,2.9392089982736723e-17
2022-04-01,equity_max_sharpe,GS,0.0
2022-05-02,equity_max_sharpe,GS,0.0
2022-06-01,equity_max_sharpe,GS,0.0
2022-07-01,equity_max_sharpe,GS,0.0
2022-08-01,equity_max_sharpe,GS,0.0
2022-09-01,equity_max_sharpe,GS,0.0
2022-10-03,equity_max_sharpe,GS,1.3505960953991783e-17
2022-11-01,equity_max_sharpe,GS,0.0
2022-12-01,equity_max_sharpe,GS,7.029968547385998e-17
2023-01-03,equity_max_sharpe,GS,3.1734139620680795e-17
2023-02-01,equity_max_sharpe,GS,2.7521800555949363e-17
2023-03-01,equity_max_sharpe,GS,1.2161835578256106e-17
2023-04-03,equity_max_sharpe,GS,3.1360602097187176e-16
2023-05-01,equity_max_sharpe,GS,3.910884433278461e-17
2023-06-01,equity_max_sharpe,GS,0.0
2023-07-03,equity_max_sharpe,GS,0.0
2023-08-01,equity_max_sharpe,GS,0.0
2023-09-01,equity_max_sharpe,GS,7.924857804166948e-17
2023-10-02,equity_max_sharpe,GS,0.0
2023-11-01,equity_max_sharpe,GS,2.879942963680867e-18
2023-12-01,equity_max_sharpe,GS,1.856776814786483e-17
2021-01-04,equity_max_sharpe,INTC,3.890909028909788e-18
2021-02-01,equity_max_sharpe,INTC,1.0258683322055659e-16
2021-03-01,equity_max_sharpe,INTC,0.0
2021-04-01,equity_max_sharpe,INTC,0.0
2021-05-03,equity_max_sharpe,INTC,4.492734946832016e-17
2021-06-01,equity_max_sharpe,INTC,0.0
2021-07-01,equity_max_sharpe,INTC,0.0
2021-08-02,equity_max_sharpe,INTC,1.719003798709898e-17
2021-09-01,equity_max_sharpe,INTC,0.0
2021-10-01,equity_max_sharpe,INTC,9.209934525912069e-17
2021-11-01,equity_max_sharpe,INTC,0.0
2021-12-01,equity_max_sharpe,INTC,0.0
2022-01-03,equity_max_sharpe,INTC,3.3919472373057225e-17
2022-02-01,equity_max_sharpe,INTC,2.3718972942410998e-17
2022-03-01,equity_max_sharpe,INTC,0.0
2022-04-01,equity_max_sharpe,INTC,0.0
2022-05-02,equity_max_sharpe,INTC,7.454818152819089e-17
2022-06-01,equity_max_sharpe,INTC,0.0
2022-07-01,equity_max_sharpe,INTC,0.0
2022-08-01,equity_max_sharpe,INTC,0.0
2022-09-01,equity_max_sharpe,INTC,0.0
2022-10-03,equity_max_sharpe,INTC,4.805309306281984e-17
2022-11-01,equity_max_sharpe,INTC,1.837070503668082e-16
2022-12-01,equity_max_sharpe,INTC,1.867512599265845e-17
2023-01-03,equity_max_sharpe,INTC,0.0
2023-02-01,equity_max_sharpe,INTC,7.588007217100832e-17
2023-03-01,equity_max_sharpe,INTC,0.0
2023-04-03,equity_max_sharpe,INTC,7.743404702872912e-16
2023-05-01,equity_max_sharpe,INTC,1.0005777100606948e-16
2023-06-01,equity_max_sharpe,INTC,0.0
2023-07-03,equity_max_sharpe,INTC,0.0
2023-08-01,equity_max_sharpe,INTC,4.503924599758847e-17
2023-09-01,equity_max_sharpe,INTC,3.6684471961920745e-17
2023-10-02,equity_max_sharpe,INTC,0.0
2023-11-01,equity_max_sharpe,INTC,2.34775074218293e-15
2023-12-01,equity_max_sharpe,INTC,0.07723205592332802
2021-01-04,equity_max_sharpe,KO,0.0
2021-02-01,equity_max_sharpe,KO,4.479446457065654e-18
2021-03-01,equity_max_sharpe,KO,0.0
2021-04-01,equity_max_sharpe,KO,0.0
2021-05-03,equity_max_sharpe,KO,4.7920328626985524e-17
2021-06-01,equity_max_sharpe,KO,4.0002466019277114e-17
2021-07-01,equity_max_sharpe,KO,0.0
2021-08-02,equity_max_sharpe,KO,0.0
2021-09-01,equity_max_sharpe,KO,0.0
2021-10-01,equity_max_sharpe,KO,3.4207186197381345e-17
2021-11-01,equity_max_sharpe,KO,3.421678808342438e-17
2021-12-01,equity_max_sharpe,KO,0.0
2022-01-03,equity_max_sharpe,KO,4.096009970358114e-18
2022-02-01,equity_max_sharpe,KO,0.029667746159357855
2022-03-01,equity_max_sharpe,KO,0.0772919468439169
2022-04-01,equity_max_sharpe,KO,0.0
2022-05-02,equity_max_sharpe,KO,0.032541765594245355
2022-06-01,equity_max_sharpe,KO,1.0170848220268713e-16
2022-07-01,equity_max_sharpe,KO,0.19999999999999993
2022-08-01,equity_max_sharpe,KO,0.07999597014204801
2022-09-01,equity_max_sharpe,KO,0.03955199100322313
2022-10-03,equity_max_sharpe,KO,3.50935286744985e-17
2022-11-01,equity_max_sharpe,KO,0.0
2022-12-01,equity_max_sharpe,KO,0.018414623056841096
2023-01-03,equity_max_sharpe,KO,0.0
2023-02-01,equity_max_sharpe,KO,1.1824110805095747e-17
2023-03-01,equity_max_sharpe,KO,9.409038465595017e-17
2023-04-03,equity_max_sharpe,KO,1.628939314578717e-16
2023-05-01,equity_max_sharpe,KO,0.0
2023-06-01,equity_max_sharpe,KO,1.6315478074979516e-16
2023-07-03,equity_max_sharpe,KO,7.133359612407361e-17
2023-08-01,equity_max_sharpe,KO,0.0
2023-09-01,equity_max_sharpe,KO,2.80409068594595e-16
2023-10-02,equity_max_sharpe,KO,5.1364636757074627e-17
2023-11-01,equity_max_sharpe,KO,0.0
2023-12-01,equity_max_sharpe,KO,0.0
2021-01-04,equity_max_sharpe,MMM,0.0
2021-02-01,equity_max_sharpe,MMM,0.0
2021-03-01,equity_max_sharpe,MMM,0.0
2021-04-01,equity_max_sharpe,MMM,0.0
2021-05-03,equity_max_sharpe,MMM,7.364051008131167e-17
2021-06-01,equity_max_sharpe,MMM,0.0
2021-07-01,equity_max_sharpe,MMM,1.0156777934750242e-17
2021-08-02,equity_max_sharpe,MMM,0.0
2021-09-01,equity_max_sharpe,MMM,2.3024317365090504e-17
2021-10-01,equity_max_sharpe,MMM,0.0
2021-11-01,equity_max_sharpe,MMM,5.1115713399771076e-17
2021-12-01,equity_max_sharpe,MMM,6.807296134483488e-17
2022-01-03,equity_max_sharpe,MMM,0.0
2022-02-01,equity_max_sharpe,MMM,4.528264492990019e-17
2022-03-01,equity_max_sharpe,MMM,0.0
2022-04-01,equity_max_sharpe,MMM,0.0
2022-05-02,equity_max_sharpe,MMM,1.8013038693021027e-17
2022-06-01,equity_max_sharpe,MMM,1.6431972917412066e-16
2022-07-01,equity_max_sharpe,MMM,0.0
2022-08-01,equity_max_sharpe,MMM,6.439465623866264e-17
2022-09-01,equity_max_sharpe,MMM,8.949225867556823e-17
2022-10-03,equity_max_sharpe,MMM,8.267023773869439e-17
2022-11-01,equity_max_sharpe,MMM,6.971718722795206e-17
2022-12-01,equity_max_sharpe,MMM,0.0
2023-01-03,equity_max_sharpe,MMM,0.0
2023-02-01,equity_max_sharpe,MMM,0.0
2023-03-01,equity_max_sharpe,MMM,0.0
2023-04-03,equity_max_sharpe,MMM,4.536652709994613e-16
2023-05-01,equity_max_sharpe,MMM,1.531669128782595e-16
2023-06-01,equity_max_sharpe,MMM,0.0
2023-07-03,equity_max_sharpe,MMM,0.0
2023-08-01,equity_max_sharpe,MMM,0.0
2023-09-01,equity_max_sharpe,MMM,1.4272731010670833e-17
2023-10-02,equity_max_sharpe,MMM,4.431426054932054e-17
2023-11-01,equity_max_sharpe,MMM,1.8214251199627657e-16
2023-12-01,equity_max_sharpe,MMM,3.8120484320498774e-17
2021-01-04,equity_max_sharpe,MRK,1.5741622355800243e-17
2021-02-01,equity_max_sharpe,MRK,4.136576024154424e-17
2021-03-01,equity_max_sharpe,MRK,1.5155434627705713e-17
2021-04-01,equity_max_sharpe,MRK,0.0
2021-05-03,equity_max_sharpe,MRK,6.7901936455019616e-18
2021-06-01,equity_max_sharpe,MRK,5.0408450926232324e-18
2021-07-01,equity_max_sharpe,MRK,2.929617821130252e-17
2021-08-02,equity_max_sharpe,MRK,7.176225945777576e-17
2021-09-01,equity_max_sharpe,MRK,0.0
2021-10-01,equity_max_sharpe,MRK,0.0
2021-11-01,equity_max_sharpe,MRK,0.042234842852016403
2021-12-01,equity_max_sharpe,MRK,2.2249332548769438e-17
2022-01-03,equity_max_sharpe,MRK,1.7403305144937206e-18
2022-02-01,equity_max_sharpe,MRK,0.0
2022-03-01,equity_max_sharpe,MRK,0.0
2022-04-01,equity_max_sharpe,MRK,5.820311227831443e-17
2022-05-02,equity_max_sharpe,MRK,0.08038858921044338
2022-06-01,equity_max_sharpe,MRK,0.14881687973788266
2022-07-01,equity_max_sharpe,MRK,0.1124961194438153
2022-08-01,equity_max_sharpe,MRK,0.09798329653136917
2022-09-01,equity_max_sharpe,MRK,0.049420035359775204
2022-10-03,equity_max_sharpe,MRK,0.14764585019214702
2022-11-01,equity_max_sharpe,MRK,0.043225907052587026
2022-12-01,equity_max_sharpe,MRK,0.19999999999999896
2023-01-03,equity_max_sharpe,MRK,0.19999999999999674
2023-02-01,equity_max_sharpe,MRK,0.1999999999999995
2023-03-01,equity_max_sharpe,MRK,0.19999999999999996
2023-04-03,equity_max_sharpe,MRK,0.19999999999999502
2023-05-01,equity_max_sharpe,MRK,0.19999999999999857
2023-06-01,equity_max_sharpe,MRK,0.19999999999999957
2023-07-03,equity_max_sharpe,MRK,0.19999999999999984
2023-08-01,equity_max_sharpe,MRK,0.19999999999999973
2023-09-01,equity_max_sharpe,MRK,0.19999999999999885
2023-10-02,equity_max_sharpe,MRK,0.19999999999999943
2023-11-01,equity_max_sharpe,MRK,0.19999999999999965
2023-12-01,equity_max_sharpe,MRK,0.018801289791020845
2021-01-04,equity_max_sharpe,MS,2.1275571073810825e-16
2021-02-01,equity_max_sharpe,MS,0.0
2021-03-01,equity_max_sharpe,MS,0.0
2021-04-01,equity_max_sharpe,MS,0.028769985716166985
2021-05-03,equity_max_sharpe,MS,0.12135398842385875
2021-06-01,equity_max_sharpe,MS,0.1287007064976653
2021-07-01,equity_max_sharpe,MS,0.0
2021-08-02,equity_max_sharpe,MS,0.0
2021-09-01,equity_max_sharpe,MS,0.0
2021-10-01,equity_max_sharpe,MS,0.12785679476271805
2021-11-01,equity_max_sharpe,MS,0.0
2021-12-01,equity_max_sharpe,MS,2.173014563221366e-17
2022-01-03,equity_max_sharpe,MS,0.0
2022-02-01,equity_max_sharpe,MS,0.0004098813229514159
2022-03-01,equity_max_sharpe,MS,5.224099842567056e-18
2022-04-01,equity_max_sharpe,MS,0.0
2022-05-02,equity_max_sharpe,MS,2.792959001272173e-17
2022-06-01,equity_max_sharpe,MS,4.2407371734359715e-17
2022-07-01,equity_max_sharpe,MS,0.0
2022-08-01,equity_max_sharpe,MS,0.0
2022-09-01,equity_max_sharpe,MS,7.14463144015657e-18
2022-10-03,equity_max_sharpe,MS,0.0
2022-11-01,equity_max_sharpe,MS,7.086524012503618e-17
2022-12-01,equity_max_sharpe,MS,3.7875091772161406e-17
2023-01-03,equity_max_sharpe,MS,0.0
2023-02-01,equity_max_sharpe,MS,2.885022504161415e-17
2023-03-01,equity_max_sharpe,MS,0.0
2023-04-03,equity_max_sharpe,MS,4.945661198526647e-16
2023-05-01,equity_max_sharpe,MS,1.21941890310677e-16
2023-06-01,equity_max_sharpe,MS,0.0
2023-07-03,equity_max_sharpe,MS,1.5055254380240546e-18
2023-08-01,equity_max_sharpe,MS,0.0
2023-09-01,equity_max_sharpe,MS,1.653096509509524e-17
2023-10-02,equity_max_sharpe,MS,0.0
2023-11-01,equity_max_sharpe,MS,9.367769915503322e-17
2023-12-01,equity_max_sharpe,MS,0.0
2021-01-04,equity_max_sharpe,NEE,3.126614553131567e-17
2021-02-01,equity_max_sharpe,NEE,3.9723972831077025e-18
2021-03-01,equity_max_sharpe,NEE,0.0
2021-04-01,equity_max_sharpe,NEE,2.955894055244325e-17
2021-05-03,equity_max_sharpe,NEE,8.279214238235914e-18
2021-06-01,equity_max_sharpe,NEE,1.8636648980575928e-17
2021-07-01,equity_max_sharpe,NEE,0.0
2021-08-02,equity_max_sharpe,NEE,1.6709780572094637e-17
2021-09-01,equity_max_sharpe,NEE,1.7654592528450176e-17
2021-10-01,equity_max_sharpe,NEE,3.692933494022888e-17
2021-11-01,equity_max_sharpe,NEE,0.0
2021-12-01,equity_max_sharpe,NEE,9.260830298346014e-17
2022-01-03,equity_max_sharpe,NEE,0.0
2022-02-01,equity_max_sharpe,NEE,0.0
2022-03-01,equity_max_sharpe,NEE,9.717134818884516e-17
2022-04-01,equity_max_sharpe,NEE,6.304728722603913e-17
2022-05-02,equity_max_sharpe,NEE,0.0
2022-06-01,equity_max_sharpe,NEE,5.509740749079542e-17
2022-07-01,equity_max_sharpe,NEE,0.0
2022-08-01,equity_max_sharpe,NEE,0.0
2022-09-01,equity_max_sharpe,NEE,1.9085438841702823e-16
2022-10-03,equity_max_sharpe,NEE,0.0
2022-11-01,equity_max_sharpe,NEE,0.0
2022-12-01,equity_max_sharpe,NEE,0.0
2023-01-03,equity_max_sharpe,NEE,0.0
2023-02-01,equity_max_sharpe,NEE,0.0
2023-03-01,equity_max_sharpe,NEE,3.570093876707431e-17
2023-04-03,equity_max_sharpe,NEE,2.8929213128838955e-16
2023-05-01,equity_max_sharpe,NEE,0.0
2023-06-01,equity_max_sharpe,NEE,0.0
2023-07-03,equity_max_sharpe,NEE,3.210440697852921e-17
2023-08-01,equity_max_sharpe,NEE,0.0
2023-09-01,equity_max_sharpe,NEE,8.14787533226397e-17
2023-10-02,equity_max_sharpe,NEE,2.1059289549036785e-17
2023-11-01,equity_max_sharpe,NEE,1.3174085497711876e-16
2023-12-01,equity_max_sharpe,NEE,3.5305196665532485e-17
2021-01-04,equity_max_sharpe,NEM,0.19776521697471955
2021-02-01,equity_max_sharpe,NEM,0.15081218548701533
2021-03-01,equity_max_sharpe,NEM,0.01590017027963595
2021-04-01,equity_max_sharpe,NEM,0.01264588800066068
2021-05-03,equity_max_sharpe,NEM,4.554111664740688e-17
2021-06-01,equity_max_sharpe,NEM,6.229684836385457e-17
2021-07-01,equity_max_sharpe,NEM,9.89458014323473e-17
2021-08-02,equity_max_sharpe,NEM,8.033761312942654e-18
2021-09-01,equity_max_sharpe,NEM,0.0
2021-10-01,equity_max_sharpe,NEM,0.0
2021-11-01,equity_max_sharpe,NEM,8.896936307387638e-17
2021-12-01,equity_max_sharpe,NEM,0.0
2022-01-03,equity_max_sharpe,NEM,6.463384445439264e-17
2022-02-01,equity_max_sharpe,NEM,3.0501630361819706e-17
2022-03-01,equity_max_sharpe,NEM,0.028354589442744865
2022-04-01,equity_max_sharpe,NEM,0.07112543897051743
2022-05-02,equity_max_sharpe,NEM,9.735521953524032e-18
2022-06-01,equity_max_sharpe,NEM,7.939786905701904e-19
2022-07-01,equity_max_sharpe,NEM,1.1240926776512064e-16
2022-08-01,equity_max_sharpe,NEM,0.0
2022-09-01,equity_max_sharpe,NEM,6.748374866750055e-17
2022-10-03,equity_max_sharpe,NEM,0.0
2022-11-01,equity_max_sharpe,NEM,0.0
2022-12-01,equity_max_sharpe,NEM,2.385142938305909e-17
2023-01-03,equity_max_sharpe,NEM,0.0
2023-02-01,equity_max_sharpe,NEM,6.840153962846823e-17
2023-03-01,equity_max_sharpe,NEM,0.0
2023-04-03,equity_max_sharpe,NEM,2.7485716319335436e-16
2023-05-01,equity_max_sharpe,NEM,3.3037312166865796e-17
2023-06-01,equity_max_sharpe,NEM,0.0
2023-07-03,equity_max_sharpe,NEM,0.0
2023-08-01,equity_max_sharpe,NEM,0.0
2023-09-01,equity_max_sharpe,NEM,0.0
2023-10-02,equity_max_sharpe,NEM,0.0
2023-11-01,equity_max_sharpe,NEM,0.0
2023-12-01,equity_max_sharpe,NEM,1.4070802463379884e-16
2021-01-04,equity_max_sharpe,NKE,0.0
2021-02-01,equity_max_sharpe,NKE,7.105817063734707e-17
2021-03-01,equity_max_sharpe,NKE,0.04685252111244009
2021-04-01,equity_max_sharpe,NKE,3.7311903891299766e-17
2021-05-03,equity_max_sharpe,NKE,0.0
2021-06-01,equity_max_sharpe,NKE,0.0
2021-07-01,equity_max_sharpe,NKE,0.07896918680910037
2021-08-02,equity_max_sharpe,NKE,0.14971082216455056
2021-09-01,equity_max_sharpe,NKE,0.07769222039891795
2021-10-01,equity_max_sharpe,NKE,0.0
2021-11-01,equity_max_sharpe,NKE,0.0
2021-12-01,equity_max_sharpe,NKE,4.4032379591634745e-17
2022-01-03,equity_max_sharpe,NKE,1.6181021342605173e-17
2022-02-01,equity_max_sharpe,NKE,4.8073026645278054e-17
2022-03-01,equity_max_sharpe,NKE,0.0
2022-04-01,equity_max_sharpe,NKE,1.0633639659767648e-16
2022-05-02,equity_max_sharpe,NKE,0.0
2022-06-01,equity_max_sharpe,NKE,3.414398489374524e-17
2022-07-01,equity_max_sharpe,NKE,0.0
2022-08-01,equity_max_sharpe,NKE,0.0
2022-09-01,equity_max_sharpe,NKE,0.0
2022-10-03,equity_max_sharpe,NKE,0.0
2022-11-01,equity_max_sharpe,NKE,1.772462286844501e-17
2022-12-01,equity_max_sharpe,NKE,3.2134097421875764e-17
2023-01-03,equity_max_sharpe,NKE,2.2464582908773628e-16
2023-02-01,equity_max_sharpe,NKE,4.545339476830748e-17
2023-03-01,equity_max_sharpe,NKE,0.0
2023-04-03,equity_max_sharpe,NKE,6.62800045819848e-16
2023-05-01,equity_max_sharpe,NKE,2.1746513883301603e-17
2023-06-01,equity_max_sharpe,NKE,0.0
2023-07-03,equity_max_sharpe,NKE,0.0
2023-08-01,equity_max_sharpe,NKE,0.0
2023-09-01,equity_max_sharpe,NKE,7.776013607623981e-17
2023-10-02,equity_max_sharpe,NKE,7.715414517646137e-17
2023-11-01,equity_max_sharpe,NKE,1.024168977127326e-17
2023-12-01,equity_max_sharpe,NKE,3.83202523765717e-18
2021-01-04,equity_max_sharpe,NUE,0.0
2021-02-01,equity_max_sharpe,NUE,2.185296843811452e-17
2021-03-01,equity_max_sharpe,NUE,1.0235153454837471e-17
2021-04-01,equity_max_sharpe,NUE,0.14234678269396547
2021-05-03,equity_max_sharpe,NUE,0.0036732653536088893
2021-06-01,equity_max_sharpe,NUE,0.09801550875061182
2021-07-01,equity_max_sharpe,NUE,0.09646692234011055
2021-08-02,equity_max_sharpe,NUE,0.12479679634252275
2021-09-01,equity_max_sharpe,NUE,0.11148455243593117
2021-10-01,equity_max_sharpe,NUE,0.059887504400082045
2021-11-01,equity_max_sharpe,NUE,0.023560003393583204
2021-12-01,equity_max_sharpe,NUE,0.05252183034922568
2022-01-03,equity_max_sharpe,NUE,0.10308669162428812
2022-02-01,equity_max_sharpe,NUE,0.07254809536934824
2022-03-01,equity_max_sharpe,NUE,0.09737549636317358
2022-04-01,equity_max_sharpe,NUE,0.04231031691345192
2022-05-02,equity_max_sharpe,NUE,0.10403421203200225
2022-06-01,equity_max_sharpe,NUE,0.0
2022-07-01,equity_max_sharpe,NUE,0.0
2022-08-01,equity_max_sharpe,NUE,0.023001352013895936
2022-09-01,equity_max_sharpe,NUE,0.0
2022-10-03,equity_max_sharpe,NUE,0.0
2022-11-01,equity_max_sharpe,NUE,8.045994916614526e-16
2022-12-01,equity_max_sharpe,NUE,6.930710578111787e-16
2023-01-03,equity_max_sharpe,NUE,6.038677770035815e-16
2023-02-01,equity_max_sharpe,NUE,0.15608362857893832
2023-03-01,equity_max_sharpe,NUE,0.06563709763728075
2023-04-03,equity_max_sharpe,NUE,6.472745294682584e-16
2023-05-01,equity_max_sharpe,NUE,1.5906917841594854e-17
2023-06-01,equity_max_sharpe,NUE,0.0
2023-07-03,equity_max_sharpe,NUE,0.009150313686566072
2023-08-01,equity_max_sharpe,NUE,0.0
2023-09-01,equity_max_sharpe,NUE,1.4036398149980437e-16
2023-10-02,equity_max_sharpe,NUE,2.934236566379085e-16
2023-11-01,equity_max_sharpe,NUE,3.809105696252427e-17
2023-12-01,equity_max_sharpe,NUE,4.7121069996665646e-17
2021-01-04,equity_max_sharpe,NVDA,0.1999999999999997
2021-02-01,equity_max_sharpe,NVDA,0.19999999999999973
2021-03-01,equity_max_sharpe,NVDA,0.16744753131880122
2021-04-01,equity_max_sharpe,NVDA,0.01785620841677518
2021-05-03,equity_max_sharpe,NVDA,0.06872703796527858
2021-06-01,equity_max_sharpe,NVDA,0.05625642063444367
2021-07-01,equity_max_sharpe,NVDA,0.09639812444889492
2021-08-02,equity_max_sharpe,NVDA,0.08321935088824332
2021-09-01,equity_max_sharpe,NVDA,0.08456987262572041
2021-10-01,equity_max_sharpe,NVDA,0.1117945366356655
2021-11-01,equity_max_sharpe,NVDA,0.08006336846207361
2021-12-01,equity_max_sharpe,NVDA,0.1425944510722018
2022-01-03,equity_max_sharpe,NVDA,0.08453066730137933
2022-02-01,equity_max_sharpe,NVDA,0.06070686811048041
2022-03-01,equity_max_sharpe,NVDA,0.06074988455219552
2022-04-01,equity_max_sharpe,NVDA,0.07550928408999213
2022-05-02,equity_max_sharpe,NVDA,8.5432647930057e-17
2022-06-01,equity_max_sharpe,NVDA,0.0
2022-07-01,equity_max_sharpe,NVDA,0.0
2022-08-01,equity_max_sharpe,NVDA,0.0
2022-09-01,equity_max_sharpe,NVDA,1.0826049708347374e-16
2022-10-03,equity_max_sharpe,NVDA,0.0
2022-11-01,equity_max_sharpe,NVDA,3.487375767449406e-16
2022-12-01,equity_max_sharpe,NVDA,0.0
2023-01-03,equity_max_sharpe,NVDA,3.27406884123173e-16
2023-02-01,equity_max_sharpe,NVDA,1.2727312675044413e-17
2023-03-01,equity_max_sharpe,NVDA,0.0
2023-04-03,equity_max_sharpe,NVDA,9.756783166761993e-16
2023-05-01,equity_max_sharpe,NVDA,1.4328815911568405e-15
2023-06-01,equity_max_sharpe,NVDA,0.1581949812117111
2023-07-03,equity_max_sharpe,NVDA,0.17308930857570856
2023-08-01,equity_max_sharpe,NVDA,0.17158744399010728
2023-09-01,equity_max_sharpe,NVDA,0.19999999999999957
2023-10-02,equity_max_sharpe,NVDA,0.19191116316375442
2023-11-01,equity_max_sharpe,NVDA,0.1999999999999996
2023-12-01,equity_max_sharpe,NVDA,0.19999999999999987
2021-01-04,equity_max_sharpe,O,0.0
2021-02-01,equity_max_sharpe,O,4.385223297161348e-18
2021-03-01,equity_max_sharpe,O,2.710713286991204e-17
2021-04-01,equity_max_sharpe,O,0.0
2021-05-03,equity_max_sharpe,O,0.0
2021-06-01,equity_max_sharpe,O,0.0
2021-07-01,equity_max_sharpe,O,0.0
2021-08-02,equity_max_sharpe,O,0.0
2021-09-01,equity_max_sharpe,O,0.0
2021-10-01,equity_max_sharpe,O,0.0
2021-11-01,equity_max_sharpe,O,1.63809397098053e-17
2021-12-01,equity_max_sharpe,O,0.0
2022-01-03,equity_max_sharpe,O,2.805782014907761e-17
2022-02-01,equity_max_sharpe,O,2.9337978259643254e-17
2022-03-01,equity_max_sharpe,O,5.709469759612654e-18
2022-04-01,equity_max_sharpe,O,0.0
2022-05-02,equity_max_sharpe,O,2.2113313260855015e-18
2022-06-01,equity_max_sharpe,O,3.231149762151796e-17
2022-07-01,equity_max_sharpe,O,0.0
2022-08-01,equity_max_sharpe,O,0.0
2022-09-01,equity_max_sharpe,O,0.0
2022-10-03,equity_max_sharpe,O,4.292194634110657e-18
2022-11-01,equity_max_sharpe,O,4.758114582653575e-17
2022-12-01,equity_max_sharpe,O,0.0
2023-01-03,equity_max_sharpe,O,0.0
2023-02-01,equity_max_sharpe,O,0.0
2023-03-01,equity_max_sharpe,O,1.0740566928298608e-16
2023-04-03,equity_max_sharpe,O,2.2015885396763195e-16
2023-05-01,equity_max_sharpe,O,0.0
2023-06-01,equity_max_sharpe,O,9.801200003521758e-17
2023-07-03,equity_max_sharpe,O,6.228693412744369e-18
2023-08-01,equity_max_sharpe,O,0.0
2023-09-01,equity_max_sharpe,O,6.4288381359498355e-18
2023-10-02,equity_max_sharpe,O,0.0
2023-11-01,equity_max_sharpe,O,0.0
2023-12-01,equity_max_sharpe,O,4.6914604919025586e-18
2021-01-04,equity_max_sharpe,OXY,0.0
2021-02-01,equity_max_sharpe,OXY,0.0
2021-03-01,equity_max_sharpe,OXY,0.0
2021-04-01,equity_max_sharpe,OXY,5.182974132330457e-17
2021-05-03,equity_max_sharpe,OXY,1.1400078576373614e-16
2021-06-01,equity_max_sharpe,OXY,6.2963463845093485e-19
2021-07-01,equity_max_sharpe,OXY,3.635858406028756e-17
2021-08-02,equity_max_sharpe,OXY,2.8649642573779304e-17
2021-09-01,equity_max_sharpe,OXY,9.748713760283494e-18
2021-10-01,equity_max_sharpe,OXY,0.03295108123284358
2021-11-01,equity_max_sharpe,OXY,0.040657711668037645
2021-12-01,equity_max_sharpe,OXY,1.0668583352870254e-18
2022-01-03,equity_max_sharpe,OXY,5.762382605852201e-17
2022-02-01,equity_max_sharpe,OXY,1.2347574703193043e-16
2022-03-01,equity_max_sharpe,OXY,3.621931406264042e-19
2022-04-01,equity_max_sharpe,OXY,0.0
2022-05-02,equity_max_sharpe,OXY,0.012743811199678044
2022-06-01,equity_max_sharpe,OXY,0.06716389016223533
2022-07-01,equity_max_sharpe,OXY,0.09949527742604382
2022-08-01,equity_max_sharpe,OXY,0.1671028967947315
2022-09-01,equity_max_sharpe,OXY,0.19999999999999962
2022-10-03,equity_max_sharpe,OXY,0.19999999999999918
2022-11-01,equity_max_sharpe,OXY,0.10198347499106515
2022-12-01,equity_max_sharpe,OXY,0.08288837841118503
2023-01-03,equity_max_sharpe,OXY,0.13758605067059562
2023-02-01,equity_max_sharpe,OXY,0.07990554268026075
2023-03-01,equity_max_sharpe,OXY,0.08233101816359592
2023-04-03,equity_max_sharpe,OXY,1.2947201703985673e-15
2023-05-01,equity_max_sharpe,OXY,2.114818940682646e-16
2023-06-01,equity_max_sharpe,OXY,0.0
2023-07-03,equity_max_sharpe,OXY,0.0
2023-08-01,equity_max_sharpe,OXY,0.0
2023-09-01,equity_max_sharpe,OXY,1.113992548098639e-16
2023-10-02,equity_max_sharpe,OXY,0.0
2023-11-01,equity_max_sharpe,OXY,3.5890109096247304e-18
2023-12-01,equity_max_sharpe,OXY,2.3461126297460233e-18
2021-01-04,equity_max_sharpe,PLD,7.819135396317898e-18
2021-02-01,equity_max_sharpe,PLD,0.0
2021-03-01,equity_max_sharpe,PLD,0.0
2021-04-01,equity_max_sharpe,PLD,3.1981414890298367e-17
2021-05-03,equity_max_sharpe,PLD,2.0079471375865316e-17
2021-06-01,equity_max_sharpe,PLD,0.0
2021-07-01,equity_max_sharpe,PLD,1.7536119005802363e-17
2021-08-02,equity_max_sharpe,PLD,4.5576561910926577e-17
2021-09-01,equity_max_sharpe,PLD,4.236425508563371e-17
2021-10-01,equity_max_sharpe,PLD,0.050342112904719356
2021-11-01,equity_max_sharpe,PLD,0.12147857154679176
2021-12-01,equity_max_sharpe,PLD,0.1689047805151029
2022-01-03,equity_max_sharpe,PLD,0.19999999999999987
2022-02-01,equity_max_sharpe,PLD,0.19999999999999982
2022-03-01,equity_max_sharpe,PLD,0.11980507565289497
2022-04-01,equity_max_sharpe,PLD,0.1440917451842906
2022-05-02,equity_max_sharpe,PLD,0.19999999999999973
2022-06-01,equity_max_sharpe,PLD,7.662734301246922e-17
2022-07-01,equity_max_sharpe,PLD,4.192825019108637e-19
2022-08-01,equity_max_sharpe,PLD,0.0
2022-09-01,equity_max_sharpe,PLD,0.0
2022-10-03,equity_max_sharpe,PLD,0.0
2022-11-01,equity_max_sharpe,PLD,4.585662481690713e-17
2022-12-01,equity_max_sharpe,PLD,8.094120595628439e-18
2023-01-03,equity_max_sharpe,PLD,1.0982778036095008e-16
2023-02-01,equity_max_sharpe,PLD,3.594326799094619e-17
2023-03-01,equity_max_sharpe,PLD,0.0
2023-04-03,equity_max_sharpe,PLD,5.315095717272857e-16
2023-05-01,equity_max_sharpe,PLD,0.0
2023-06-01,equity_max_sharpe,PLD,0.0
2023-07-03,equity_max_sharpe,PLD,8.520815690432555e-17
2023-08-01,equity_max_sharpe,PLD,0.0
2023-09-01,equity_max_sharpe,PLD,0.0
2023-10-02,equity_max_sharpe,PLD,0.0
2023-11-01,equity_max_sharpe,PLD,1.1490027239896351e-16
2023-12-01,equity_max_sharpe,PLD,3.718531863379648e-17
2021-01-04,equity_max_sharpe,PSA,5.308162479280676e-17
2021-02-01,equity_max_sharpe,PSA,0.0
2021-03-01,equity_max_sharpe,PSA,2.8840743950089724e-17
2021-04-01,equity_max_sharpe,PSA,0.0030605735512229683
2021-05-03,equity_max_sharpe,PSA,0.19996922763286645
2021-06-01,equity_max_sharpe,PSA,0.19999999999999984
2021-07-01,equity_max_sharpe,PSA,0.19999999999999984
2021-08-02,equity_max_sharpe,PSA,0.19999999999999976
2021-09-01,equity_max_sharpe,PSA,0.19999999999999984
2021-10-01,equity_max_sharpe,PSA,0.1999999999999997
2021-11-01,equity_max_sharpe,PSA,0.1999999999999998
2021-12-01,equity_max_sharpe,PSA,0.1999999999999996
2022-01-03,equity_max_sharpe,PSA,0.19999999999999993
2022-02-01,equity_max_sharpe,PSA,0.1999999999999996
2022-03-01,equity_max_sharpe,PSA,0.19999999999999973
2022-04-01,equity_max_sharpe,PSA,0.1999999999999997
2022-05-02,equity_max_sharpe,PSA,0.11456052876175003
2022-06-01,equity_max_sharpe,PSA,6.67634273955926e-18
2022-07-01,equity_max_sharpe,PSA,2.6129758914818555e-16
2022-08-01,equity_max_sharpe,PSA,0.0
2022-09-01,equity_max_sharpe,PSA,0.0
2022-10-03,equity_max_sharpe,PSA,0.0
2022-11-01,equity_max_sharpe,PSA,0.0
2022-12-01,equity_max_sharpe,PSA,2.36287833125047e-19
2023-01-03,equity_max_sharpe,PSA,0.0
2023-02-01,equity_max_sharpe,PSA,6.816900497431352e-17
2023-03-01,equity_max_sharpe,PSA,0.0
2023-04-03,equity_max_sharpe,PSA,3.5031828569661585e-16
2023-05-01,equity_max_sharpe,PSA,0.0
2023-06-01,equity_max_sharpe,PSA,0.0
2023-07-03,equity_max_sharpe,PSA,8.99097706515616e-18
2023-08-01,equity_max_sharpe,PSA,3.467893137848526e-17
2023-09-01,equity_max_sharpe,PSA,0.0
2023-10-02,equity_max_sharpe,PSA,2.1175799322628062e-17
2023-11-01,equity_max_sharpe,PSA,1.3664254028775957e-16
2023-12-01,equity_max_sharpe,PSA,3.483103304952175e-17
2021-01-04,equity_max_sharpe,QCOM,0.049942715713950606
2021-02-01,equity_max_sharpe,QCOM,0.12625605492182126
2021-03-01,equity_max_sharpe,QCOM,0.011156419819599904
2021-04-01,equity_max_sharpe,QCOM,0.0
2021-05-03,equity_max_sharpe,QCOM,0.0
2021-06-01,equity_max_sharpe,QCOM,0.0
2021-07-01,equity_max_sharpe,QCOM,0.0
2021-08-02,equity_max_sharpe,QCOM,5.027941592086219e-17
2021-09-01,equity_max_sharpe,QCOM,0.0
2021-10-01,equity_max_sharpe,QCOM,0.0
2021-11-01,equity_max_sharpe,QCOM,0.0
2021-12-01,equity_max_sharpe,QCOM,3.879646836060753e-17
2022-01-03,equity_max_sharpe,QCOM,0.0
2022-02-01,equity_max_sharpe,QCOM,4.0522296642139955e-17
2022-03-01,equity_max_sharpe,QCOM,2.6247991488803205e-17
2022-04-01,equity_max_sharpe,QCOM,1.0508950046888176e-17
2022-05-02,equity_max_sharpe,QCOM,0.0
2022-06-01,equity_max_sharpe,QCOM,9.08974146813863e-18
2022-07-01,equity_max_sharpe,QCOM,6.061982850156492e-17
2022-08-01,equity_max_sharpe,QCOM,3.281621413692192e-17
2022-09-01,equity_max_sharpe,QCOM,3.4770376389568916e-17
2022-10-03,equity_max_sharpe,QCOM,5.0002052816191696e-17
2022-11-01,equity_max_sharpe,QCOM,0.0
2022-12-01,equity_max_sharpe,QCOM,1.2879476345425277e-16
2023-01-03,equity_max_sharpe,QCOM,2.0749301665518242e-16
2023-02-01,equity_max_sharpe,QCOM,1.468793637898697e-16
2023-03-01,equity_max_sharpe,QCOM,0.0
2023-04-03,equity_max_sharpe,QCOM,6.309954559939121e-16
2023-05-01,equity_max_sharpe,QCOM,1.1393555881388392e-16
2023-06-01,equity_max_sharpe,QCOM,0.0
2023-07-03,equity_max_sharpe,QCOM,6.848689744192619e-17
2023-08-01,equity_max_sharpe,QCOM,0.0
2023-09-01,equity_max_sharpe,QCOM,1.2338334372480808e-16
2023-10-02,equity_max_sharpe,QCOM,0.0
2023-11-01,equity_max_sharpe,QCOM,3.1161184025397773e-16
2023-12-01,equity_max_sharpe,QCOM,2.9412384999208855e-17
2021-01-04,equity_max_sharpe,SBUX,8.720699396696461e-17
2021-02-01,equity_max_sharpe,SBUX,0.0
2021-03-01,equity_max_sharpe,SBUX,1.295176712620062e-17
2021-04-01,equity_max_sharpe,SBUX,4.746134804454539e-18
2021-05-03,equity_max_sharpe,SBUX,4.33614526404806e-18
2021-06-01,equity_max_sharpe,SBUX,2.2664635195714898e-17
2021-07-01,equity_max_sharpe,SBUX,0.0
2021-08-02,equity_max_sharpe,SBUX,0.036364432232229696
2021-09-01,equity_max_sharpe,SBUX,9.506458508555911e-17
2021-10-01,equity_max_sharpe,SBUX,8.935711314815934e-18
2021-11-01,equity_max_sharpe,SBUX,2.6889225853161514e-18
2021-12-01,equity_max_sharpe,SBUX,0.0
2022-01-03,equity_max_sharpe,SBUX,0.0
2022-02-01,equity_max_sharpe,SBUX,1.1556085187582647e-16
2022-03-01,equity_max_sharpe,SBUX,0.0
2022-04-01,equity_max_sharpe,SBUX,0.0
2022-05-02,equity_max_sharpe,SBUX,0.0
2022-06-01,equity_max_sharpe,SBUX,7.466626340241642e-17
2022-07-01,equity_max_sharpe,SBUX,0.0
2022-08-01,equity_max_sharpe,SBUX,0.0
2022-09-01,equity_max_sharpe,SBUX,0.0
2022-10-03,equity_max_sharpe,SBUX,0.0
2022-11-01,equity_max_sharpe,SBUX,2.2815016353118992e-17
2022-12-01,equity_max_sharpe,SBUX,0.0
2023-01-03,equity_max_sharpe,SBUX,0.0
2023-02-01,equity_max_sharpe,SBUX,0.0
2023-03-01,equity_max_sharpe,SBUX,0.01620584062565933
2023-04-03,equity_max_sharpe,SBUX,0.053608606811804974
2023-05-01,equity_max_sharpe,SBUX,0.19999999999999876
2023-06-01,equity_max_sharpe,SBUX,0.0
2023-07-03,equity_max_sharpe,SBUX,0.0
2023-08-01,equity_max_sharpe,SBUX,0.0
2023-09-01,equity_max_sharpe,SBUX,0.0
2023-10-02,equity_max_sharpe,SBUX,0.0
2023-11-01,equity_max_sharpe,SBUX,1.577508756216537e-17
2023-12-01,equity_max_sharpe,SBUX,1.1444157967258713e-17
2021-01-04,equity_max_sharpe,SHW,6.174161957065007e-17
2021-02-01,equity_max_sharpe,SHW,0.0
2021-03-01,equity_max_sharpe,SHW,0.0
2021-04-01,equity_max_sharpe,SHW,0.0
2021-05-03,equity_max_sharpe,SHW,0.02918835463126913
2021-06-01,equity_max_sharpe,SHW,9.281276079573784e-19
2021-07-01,equity_max_sharpe,SHW,0.002624883713754896
2021-08-02,equity_max_sharpe,SHW,0.00961970824595421
2021-09-01,equity_max_sharpe,SHW,0.04116642724558867
2021-10-01,equity_max_sharpe,SHW,0.03680502649069553
2021-11-01,equity_max_sharpe,SHW,0.04855129033398122
2021-12-01,equity_max_sharpe,SHW,0.040498134573980424
2022-01-03,equity_max_sharpe,SHW,0.0636629975524853
2022-02-01,equity_max_sharpe,SHW,3.486372820752626e-17
2022-03-01,equity_max_sharpe,SHW,4.520211385406511e-18
2022-04-01,equity_max_sharpe,SHW,0.0
2022-05-02,equity_max_sharpe,SHW,3.2903955124624824e-17
2022-06-01,equity_max_sharpe,SHW,3.046507432941402e-17
2022-07-01,equity_max_sharpe,SHW,1.4891835727156935e-17
2022-08-01,equity_max_sharpe,SHW,0.0
2022-09-01,equity_max_sharpe,SHW,0.0
2022-10-03,equity_max_sharpe,SHW,7.692637986831352e-18
2022-11-01,equity_max_sharpe,SHW,0.0
2022-12-01,equity_max_sharpe,SHW,1.3624027890421762e-16
2023-01-03,equity_max_sharpe,SHW,2.2053398099385246e-17
2023-02-01,equity_max_sharpe,SHW,3.1275502766908896e-17
2023-03-01,equity_max_sharpe,SHW,5.953214933843436e-17
2023-04-03,equity_max_sharpe,SHW,2.5585573642539233e-16
2023-05-01,equity_max_sharpe,SHW,1.0784726206836548e-16
2023-06-01,equity_max_sharpe,SHW,0.0
2023-07-03,equity_max_sharpe,SHW,0.0
2023-08-01,equity_max_sharpe,SHW,0.0
2023-09-01,equity_max_sharpe,SHW,0.0
2023-10-02,equity_max_sharpe,SHW,0.0
2023-11-01,equity_max_sharpe,SHW,3.598628072042677e-17
2023-12-01,equity_max_sharpe,SHW,0.0
2021-01-04,equity_max_sharpe,SLB,4.526693042799267e-17
2021-02-01,equity_max_sharpe,SLB,8.173237903889578e-17
2021-03-01,equity_max_sharpe,SLB,0.0
2021-04-01,equity_max_sharpe,SLB,0.0
2021-05-03,equity_max_sharpe,SLB,7.333484346857309e-18
2021-06-01,equity_max_sharpe,SLB,0.0
2021-07-01,equity_max_sharpe,SLB,4.3855813749452045e-17
2021-08-02,equity_max_sharpe,SLB,0.0
2021-09-01,equity_max_sharpe,SLB,3.131280513394839e-17
2021-10-01,equity_max_sharpe,SLB,0.0
2021-11-01,equity_max_sharpe,SLB,1.0038152996344128e-16
2021-12-01,equity_max_sharpe,SLB,7.365734014960969e-17
2022-01-03,equity_max_sharpe,SLB,7.238434246055488e-17
2022-02-01,equity_max_sharpe,SLB,4.424293233015337e-17
2022-03-01,equity_max_sharpe,SLB,0.0
2022-04-01,equity_max_sharpe,SLB,4.0619342567547746e-17
2022-05-02,equity_max_sharpe,SLB,1.6017542168892867e-16
2022-06-01,equity_max_sharpe,SLB,0.0
2022-07-01,equity_max_sharpe,SLB,0.0
2022-08-01,equity_max_sharpe,SLB,0.0
2022-09-01,equity_max_sharpe,SLB,0.0
2022-10-03,equity_max_sharpe,SLB,0.0
2022-11-01,equity_max_sharpe,SLB,2.3124224049868242e-15
2022-12-01,equity_max_sharpe,SLB,6.514337631756776e-16
2023-01-03,equity_max_sharpe,SLB,0.01094489103694892
2023-02-01,equity_max_sharpe,SLB,0.0
2023-03-01,equity_max_sharpe,SLB,0.0
2023-04-03,equity_max_sharpe,SLB,3.789742342512838e-15
2023-05-01,equity_max_sharpe,SLB,6.446531474350574e-16
2023-06-01,equity_max_sharpe,SLB,0.0
2023-07-03,equity_max_sharpe,SLB,0.04583181573358398
2023-08-01,equity_max_sharpe,SLB,0.12376028520422473
2023-09-01,equity_max_sharpe,SLB,0.06155286360374804
2023-10-02,equity_max_sharpe,SLB,0.07608534259811843
2023-11-01,equity_max_sharpe,SLB,0.0
2023-12-01,equity_max_sharpe,SLB,0.0
2021-01-04,equity_max_sharpe,SO,4.7747659786807415e-17
2021-02-01,equity_max_sharpe,SO,3.1460497814785885e-17
2021-03-01,equity_max_sharpe,SO,0.0
2021-04-01,equity_max_sharpe,SO,5.21150577677881e-17
2021-05-03,equity_max_sharpe,SO,0.0
2021-06-01,equity_max_sharpe,SO,0.0
2021-07-01,equity_max_sharpe,SO,2.850076745335333e-17
2021-08-02,equity_max_sharpe,SO,0.0
2021-09-01,equity_max_sharpe,SO,0.0
2021-10-01,equity_max_sharpe,SO,9.222644681099138e-18
2021-11-01,equity_max_sharpe,SO,0.0
2021-12-01,equity_max_sharpe,SO,1.284465884984012e-17
2022-01-03,equity_max_sharpe,SO,1.0672934458819691e-17
2022-02-01,equity_max_sharpe,SO,0.08015924989927399
2022-03-01,equity_max_sharpe,SO,4.1777952817403e-19
2022-04-01,equity_max_sharpe,SO,0.015375419441802306
2022-05-02,equity_max_sharpe,SO,0.0
2022-06-01,equity_max_sharpe,SO,0.16655609633353335
2022-07-01,equity_max_sharpe,SO,0.19999999999999993
2022-08-01,equity_max_sharpe,SO,0.20000000000000007
2022-09-01,equity_max_sharpe,SO,0.1999999999999997
2022-10-03,equity_max_sharpe,SO,0.12125709857509154
2022-11-01,equity_max_sharpe,SO,0.0
2022-12-01,equity_max_sharpe,SO,0.0
2023-01-03,equity_max_sharpe,SO,0.0
2023-02-01,equity_max_sharpe,SO,7.49268770599548e-18
2023-03-01,equity_max_sharpe,SO,1.0312424231575295e-17
2023-04-03,equity_max_sharpe,SO,3.4356365442297486e-16
2023-05-01,equity_max_sharpe,SO,0.0
2023-06-01,equity_max_sharpe,SO,5.504197423923599e-17
2023-07-03,equity_max_sharpe,SO,1.456256086879541e-17
2023-08-01,equity_max_sharpe,SO,0.0
2023-09-01,equity_max_sharpe,SO,0.0
2023-10-02,equity_max_sharpe,SO,0.0
2023-11-01,equity_max_sharpe,SO,0.0
2023-12-01,equity_max_sharpe,SO,0.19883764161883483
2021-01-04,equity_max_sharpe,T,0.0
2021-02-01,equity_max_sharpe,T,5.868225860440406e-17
2021-03-01,equity_max_sharpe,T,0.0
2021-04-01,equity_max_sharpe,T,0.0
2021-05-03,equity_max_sharpe,T,1.433942914770308e-17
2021-06-01,equity_max_sharpe,T,2.726612751137344e-17
2021-07-01,equity_max_sharpe,T,1.797846392225754e-17
2021-08-02,equity_max_sharpe,T,5.516659376837657e-19
2021-09-01,equity_max_sharpe,T,3.641356452335161e-17
2021-10-01,equity_max_sharpe,T,0.0
2021-11-01,equity_max_sharpe,T,0.0
2021-12-01,equity_max_sharpe,T,0.0
2022-01-03,equity_max_sharpe,T,1.2592372611540081e-17
2022-02-01,equity_max_sharpe,T,1.036273381070159e-16
2022-03-01,equity_max_sharpe,T,9.699555688571338e-17
2022-04-01,equity_max_sharpe,T,1.5487124821261687e-16
2022-05-02,equity_max_sharpe,T,0.0
2022-06-01,equity_max_sharpe,T,6.681935469439969e-17
2022-07-01,equity_max_sharpe,T,1.0001452898351214e-16
2022-08-01,equity_max_sharpe,T,1.719198832129567e-17
2022-09-01,equity_max_sharpe,T,0.0
2022-10-03,equity_max_sharpe,T,0.0
2022-11-01,equity_max_sharpe,T,0.0
2022-12-01,equity_max_sharpe,T,1.6112761545556642e-17
2023-01-03,equity_max_sharpe,T,0.0
2023-02-01,equity_max_sharpe,T,3.8962764569372323e-17
2023-03-01,equity_max_sharpe,T,0.07525340878280837
2023-04-03,equity_max_sharpe,T,0.12882863182622106
2023-05-01,equity_max_sharpe,T,1.2476081595913932e-16
2023-06-01,equity_max_sharpe,T,8.384242056958916e-18
2023-07-03,equity_max_sharpe,T,0.0
2023-08-01,equity_max_sharpe,T,2.372665117246291e-17
2023-09-01,equity_max_sharpe,T,0.0
2023-10-02,equity_max_sharpe,T,0.0
2023-11-01,equity_max_sharpe,T,0.0
2023-12-01,equity_max_sharpe,T,7.794910866682947e-17
2021-01-04,equity_max_sharpe,TMUS,0.1999999999999997
2021-02-01,equity_max_sharpe,TMUS,0.08447283395355948
2021-03-01,equity_max_sharpe,TMUS,5.4318735276293756e-17
2021-04-01,equity_max_sharpe,TMUS,0.0
2021-05-03,equity_max_sharpe,TMUS,1.2236526015999473e-17
2021-06-01,equity_max_sharpe,TMUS,0.0
2021-07-01,equity_max_sharpe,TMUS,0.0
2021-08-02,equity_max_sharpe,TMUS,7.998160419940488e-17
2021-09-01,equity_max_sharpe,TMUS,7.496208146825543e-17
2021-10-01,equity_max_sharpe,TMUS,0.0
2021-11-01,equity_max_sharpe,TMUS,0.0
2021-12-01,equity_max_sharpe,TMUS,7.726090947480511e-17
2022-01-03,equity_max_sharpe,TMUS,0.0
2022-02-01,equity_max_sharpe,TMUS,0.0
2022-03-01,equity_max_sharpe,TMUS,3.02147823059016e-18
2022-04-01,equity_max_sharpe,TMUS,0.0
2022-05-02,equity_max_sharpe,TMUS,0.0
2022-06-01,equity_max_sharpe,TMUS,0.0
2022-07-01,equity_max_sharpe,TMUS,8.299316443124863e-18
2022-08-01,equity_max_sharpe,TMUS,1.9787097167274348e-17
2022-09-01,equity_max_sharpe,TMUS,3.5410176461595296e-17
2022-10-03,equity_max_sharpe,TMUS,0.0
2022-11-01,equity_max_sharpe,TMUS,0.03192597834434336
2022-12-01,equity_max_sharpe,TMUS,0.047753459563359274
2023-01-03,equity_max_sharpe,TMUS,0.0
2023-02-01,equity_max_sharpe,TMUS,0.17361237127413165
2023-03-01,equity_max_sharpe,TMUS,0.0
2023-04-03,equity_max_sharpe,TMUS,0.0
2023-05-01,equity_max_sharpe,TMUS,2.2947965013152397e-16
2023-06-01,equity_max_sharpe,TMUS,1.0128900479249955e-16
2023-07-03,equity_max_sharpe,TMUS,0.0
2023-08-01,equity_max_sharpe,TMUS,0.0
2023-09-01,equity_max_sharpe,TMUS,0.0
2023-10-02,equity_max_sharpe,TMUS,1.7045255030624292e-18
2023-11-01,equity_max_sharpe,TMUS,0.0
2023-12-01,equity_max_sharpe,TMUS,0.007770765167126116
2021-01-04,equity_max_sharpe,TTWO,0.19999999999999968
2021-02-01,equity_max_sharpe,TTWO,0.19907155952591868
2021-03-01,equity_max_sharpe,TTWO,0.19999999999999987
2021-04-01,equity_max_sharpe,TTWO,0.17535113359957097
2021-05-03,equity_max_sharpe,TTWO,0.10228190715464722
2021-06-01,equity_max_sharpe,TTWO,0.12080947611636039
2021-07-01,equity_max_sharpe,TTWO,6.855573172454971e-18
2021-08-02,equity_max_sharpe,TTWO,3.6944715390295956e-17
2021-09-01,equity_max_sharpe,TTWO,7.326285273192628e-17
2021-10-01,equity_max_sharpe,TTWO,0.0
2021-11-01,equity_max_sharpe,TTWO,0.0
2021-12-01,equity_max_sharpe,TTWO,0.0
2022-01-03,equity_max_sharpe,TTWO,0.0
2022-02-01,equity_max_sharpe,TTWO,0.0
2022-03-01,equity_max_sharpe,TTWO,1.3084609168851695e-17
2022-04-01,equity_max_sharpe,TTWO,0.0
2022-05-02,equity_max_sharpe,TTWO,0.0
2022-06-01,equity_max_sharpe,TTWO,7.700317157814373e-17
2022-07-01,equity_max_sharpe,TTWO,1.6142977438088657e-17
2022-08-01,equity_max_sharpe,TTWO,1.5264772433567762e-17
2022-09-01,equity_max_sharpe,TTWO,6.559830608083511e-17
2022-10-03,equity_max_sharpe,TTWO,4.293836402016357e-17
2022-11-01,equity_max_sharpe,TTWO,0.0
2022-12-01,equity_max_sharpe,TTWO,5.4154305062823555e-17
2023-01-03,equity_max_sharpe,TTWO,1.6477540636663129e-16
2023-02-01,equity_max_sharpe,TTWO,3.6421284419387347e-17
2023-03-01,equity_max_sharpe,TTWO,0.0
2023-04-03,equity_max_sharpe,TTWO,3.9053031847579195e-16
2023-05-01,equity_max_sharpe,TTWO,1.8493907365845096e-17
2023-06-01,equity_max_sharpe,TTWO,0.0
2023-07-03,equity_max_sharpe,TTWO,0.0
2023-08-01,equity_max_sharpe,TTWO,0.0
2023-09-01,equity_max_sharpe,TTWO,0.0
2023-10-02,equity_max_sharpe,TTWO,0.0
2023-11-01,equity_max_sharpe,TTWO,1.0143439135942009e-16
2023-12-01,equity_max_sharpe,TTWO,0.11274825306276978
2021-01-04,equity_max_sharpe,UPS,0.15229206731132974
2021-02-01,equity_max_sharpe,UPS,0.1112421650399008
2021-03-01,equity_max_sharpe,UPS,0.19999999999999993
2021-04-01,equity_max_sharpe,UPS,0.08842098587300973
2021-05-03,equity_max_sharpe,UPS,0.18471216055110284
2021-06-01,equity_max_sharpe,UPS,0.1999999999999997
2021-07-01,equity_max_sharpe,UPS,0.11400281702295245
2021-08-02,equity_max_sharpe,UPS,0.0
2021-09-01,equity_max_sharpe,UPS,0.0
2021-10-01,equity_max_sharpe,UPS,0.0
2021-11-01,equity_max_sharpe,UPS,0.0
2021-12-01,equity_max_sharpe,UPS,3.662248242949493e-17
2022-01-03,equity_max_sharpe,UPS,0.0
2022-02-01,equity_max_sharpe,UPS,1.4398385440642946e-17
2022-03-01,equity_max_sharpe,UPS,3.3495805282193e-17
2022-04-01,equity_max_sharpe,UPS,2.1776158459611218e-17
2022-05-02,equity_max_sharpe,UPS,0.0
2022-06-01,equity_max_sharpe,UPS,2.305541005835866e-17
2022-07-01,equity_max_sharpe,UPS,7.381132746307385e-17
2022-08-01,equity_max_sharpe,UPS,1.5473087229375517e-17
2022-09-01,equity_max_sharpe,UPS,9.730154779648328e-17
2022-10-03,equity_max_sharpe,UPS,1.1138308943236237e-16
2022-11-01,equity_max_sharpe,UPS,0.0
2022-12-01,equity_max_sharpe,UPS,0.0
2023-01-03,equity_max_sharpe,UPS,0.0
2023-02-01,equity_max_sharpe,UPS,7.154690179116258e-17
2023-03-01,equity_max_sharpe,UPS,5.222448313971866e-17
2023-04-03,equity_max_sharpe,UPS,3.0806980286740786e-16
2023-05-01,equity_max_sharpe,UPS,2.0243726531536865e-17
2023-06-01,equity_max_sharpe,UPS,0.0
2023-07-03,equity_max_sharpe,UPS,0.0
2023-08-01,equity_max_sharpe,UPS,0.0
2023-09-01,equity_max_sharpe,UPS,0.0
2023-10-02,equity_max_sharpe,UPS,0.0
2023-11-01,equity_max_sharpe,UPS,1.6083549568266067e-16
2023-12-01,equity_max_sharpe,UPS,0.0
2021-01-04,equity_max_sharpe,USB,0.0
2021-02-01,equity_max_sharpe,USB,0.0
2021-03-01,equity_max_sharpe,USB,1.3364513406552957e-17
2021-04-01,equity_max_sharpe,USB,1.2542169527088856e-17
2021-05-03,equity_max_sharpe,USB,0.0
2021-06-01,equity_max_sharpe,USB,0.0
2021-07-01,equity_max_sharpe,USB,0.0
2021-08-02,equity_max_sharpe,USB,2.9495696736482364e-17
2021-09-01,equity_max_sharpe,USB,1.6225605303852562e-17
2021-10-01,equity_max_sharpe,USB,0.0
2021-11-01,equity_max_sharpe,USB,2.837985399508224e-17
2021-12-01,equity_max_sharpe,USB,2.4708269194648668e-17
2022-01-03,equity_max_sharpe,USB,5.24219012159914e-17
2022-02-01,equity_max_sharpe,USB,3.6167192937830305e-17
2022-03-01,equity_max_sharpe,USB,9.667444906397815e-17
2022-04-01,equity_max_sharpe,USB,1.2464175063983502e-16
2022-05-02,equity_max_sharpe,USB,5.848575407547715e-17
2022-06-01,equity_max_sharpe,USB,2.9779922346149205e-17
2022-07-01,equity_max_sharpe,USB,0.0
2022-08-01,equity_max_sharpe,USB,2.2810712459834342e-17
2022-09-01,equity_max_sharpe,USB,0.0
2022-10-03,equity_max_sharpe,USB,0.0
2022-11-01,equity_max_sharpe,USB,4.00018286413941e-17
2022-12-01,equity_max_sharpe,USB,0.0
2023-01-03,equity_max_sharpe,USB,0.0
2023-02-01,equity_max_sharpe,USB,5.223421611959813e-17
2023-03-01,equity_max_sharpe,USB,0.0
2023-04-03,equity_max_sharpe,USB,5.637557445870168e-16
2023-05-01,equity_max_sharpe,USB,2.4146854352484675e-17
2023-06-01,equity_max_sharpe,USB,0.0
2023-07-03,equity_max_sharpe,USB,3.4553190984567756e-17
2023-08-01,equity_max_sharpe,USB,0.0
2023-09-01,equity_max_sharpe,USB,0.0
2023-10-02,equity_max_sharpe,USB,1.0770036597411418e-16
2023-11-01,equity_max_sharpe,USB,3.978070070480049e-16
2023-12-01,equity_max_sharpe,USB,1.0171742233349132e-17
2021-01-04,equity_max_sharpe,V,0.0
2021-02-01,equity_max_sharpe,V,0.0
2021-03-01,equity_max_sharpe,V,0.0
2021-04-01,equity_max_sharpe,V,0.0
2021-05-03,equity_max_sharpe,V,0.0
2021-06-01,equity_max_sharpe,V,0.0
2021-07-01,equity_max_sharpe,V,4.0834074209269823e-17
2021-08-02,equity_max_sharpe,V,0.0
2021-09-01,equity_max_sharpe,V,0.0
2021-10-01,equity_max_sharpe,V,4.8473687346854775e-17
2021-11-01,equity_max_sharpe,V,0.0
2021-12-01,equity_max_sharpe,V,1.2289088818954305e-16
2022-01-03,equity_max_sharpe,V,9.860188388219599e-17
2022-02-01,equity_max_sharpe,V,3.6501629312700595e-17
2022-03-01,equity_max_sharpe,V,2.6121376154683947e-17
2022-04-01,equity_max_sharpe,V,0.0
2022-05-02,equity_max_sharpe,V,0.0
2022-06-01,equity_max_sharpe,V,5.1624830724020607e-17
2022-07-01,equity_max_sharpe,V,0.0
2022-08-01,equity_max_sharpe,V,2.8358557668208356e-17
2022-09-01,equity_max_sharpe,V,0.0
2022-10-03,equity_max_sharpe,V,0.0
2022-11-01,equity_max_sharpe,V,0.0
2022-12-01,equity_max_sharpe,V,4.885408972201506e-17
2023-01-03,equity_max_sharpe,V,0.0
2023-02-01,equity_max_sharpe,V,6.240412367259433e-17
2023-03-01,equity_max_sharpe,V,0.0
2023-04-03,equity_max_sharpe,V,2.5800125396273185e-16
2023-05-01,equity_max_sharpe,V,1.4210805071890737e-16
2023-06-01,equity_max_sharpe,V,0.0
2023-07-03,equity_max_sharpe,V,0.0
2023-08-01,equity_max_sharpe,V,1.6318882056490875e-17
2023-09-01,equity_max_sharpe,V,1.325628457469409e-17
2023-10-02,equity_max_sharpe,V,8.32323958544834e-18
2023-11-01,equity_max_sharpe,V,0.0
2023-12-01,equity_max_sharpe,V,0.021426387461589744
2021-01-04,equity_max_sharpe,WFC,0.0
2021-02-01,equity_max_sharpe,WFC,2.800492039709287e-17
2021-03-01,equity_max_sharpe,WFC,0.0
2021-04-01,equity_max_sharpe,WFC,0.0
2021-05-03,equity_max_sharpe,WFC,1.831083781062842e-16
2021-06-01,equity_max_sharpe,WFC,7.878759812000951e-17
2021-07-01,equity_max_sharpe,WFC,0.0
2021-08-02,equity_max_sharpe,WFC,8.657298450729989e-17
2021-09-01,equity_max_sharpe,WFC,0.0
2021-10-01,equity_max_sharpe,WFC,0.005798041534263714
2021-11-01,equity_max_sharpe,WFC,0.07776513904823074
2021-12-01,equity_max_sharpe,WFC,0.061377194862388
2022-01-03,equity_max_sharpe,WFC,0.021919954250025468
2022-02-01,equity_max_sharpe,WFC,0.05974392470868778
2022-03-01,equity_max_sharpe,WFC,1.7366438497250055e-16
2022-04-01,equity_max_sharpe,WFC,0.0
2022-05-02,equity_max_sharpe,WFC,0.0
2022-06-01,equity_max_sharpe,WFC,5.362740561800778e-17
2022-07-01,equity_max_sharpe,WFC,0.0
2022-08-01,equity_max_sharpe,WFC,0.0
2022-09-01,equity_max_sharpe,WFC,0.0
2022-10-03,equity_max_sharpe,WFC,0.0
2022-11-01,equity_max_sharpe,WFC,2.354218512476291e-17
2022-12-01,equity_max_sharpe,WFC,1.5203757492916001e-16
2023-01-03,equity_max_sharpe,WFC,4.129452672740856e-17
2023-02-01,equity_max_sharpe,WFC,1.1715642134843907e-17
2023-03-01,equity_max_sharpe,WFC,0.0
2023-04-03,equity_max_sharpe,WFC,5.023421554410378e-16
2023-05-01,equity_max_sharpe,WFC,1.4797950702992871e-16
2023-06-01,equity_max_sharpe,WFC,0.0
2023-07-03,equity_max_sharpe,WFC,0.0
2023-08-01,equity_max_sharpe,WFC,0.0
2023-09-01,equity_max_sharpe,WFC,0.0
2023-10-02,equity_max_sharpe,WFC,0.0
2023-11-01,equity_max_sharpe,WFC,1.1565746908112984e-16
2023-12-01,equity_max_sharpe,WFC,4.5851624070508644e-17
2021-01-04,equity_max_sharpe,WMT,0.0
2021-02-01,equity_max_sharpe,WMT,0.0
2021-03-01,equity_max_sharpe,WMT,9.146013819001238e-17
2021-04-01,equity_max_sharpe,WMT,0.0
2021-05-03,equity_max_sharpe,WMT,6.353094723465568e-18
2021-06-01,equity_max_sharpe,WMT,4.727510959011161e-18
2021-07-01,equity_max_sharpe,WMT,3.817877513804041e-18
2021-08-02,equity_max_sharpe,WMT,0.0
2021-09-01,equity_max_sharpe,WMT,1.1213579221919516e-17
2021-10-01,equity_max_sharpe,WMT,5.776081837449184e-17
2021-11-01,equity_max_sharpe,WMT,0.0
2021-12-01,equity_max_sharpe,WMT,2.5991487485160058e-17
2022-01-03,equity_max_sharpe,WMT,7.83065548130784e-17
2022-02-01,equity_max_sharpe,WMT,0.0
2022-03-01,equity_max_sharpe,WMT,0.0
2022-04-01,equity_max_sharpe,WMT,0.0
2022-05-02,equity_max_sharpe,WMT,0.0
2022-06-01,equity_max_sharpe,WMT,0.0
2022-07-01,equity_max_sharpe,WMT,2.5210022002583858e-17
2022-08-01,equity_max_sharpe,WMT,0.0
2022-09-01,equity_max_sharpe,WMT,0.0
2022-10-03,equity_max_sharpe,WMT,1.4038819746386887e-16
2022-11-01,equity_max_sharpe,WMT,0.0
2022-12-01,equity_max_sharpe,WMT,0.0
2023-01-03,equity_max_sharpe,WMT,0.0
2023-02-01,equity_max_sharpe,WMT,1.7071596073190542e-17
2023-03-01,equity_max_sharpe,WMT,0.048185569113149064
2023-04-03,equity_max_sharpe,WMT,0.002905831995982665
2023-05-01,equity_max_sharpe,WMT,0.0
2023-06-01,equity_max_sharpe,WMT,0.1443750579793846
2023-07-03,equity_max_sharpe,WMT,0.19999999999999984
2023-08-01,equity_max_sharpe,WMT,0.16843646165073214
2023-09-01,equity_max_sharpe,WMT,0.1999999999999987
2023-10-02,equity_max_sharpe,WMT,0.09306709702524513
2023-11-01,equity_max_sharpe,WMT,0.19999999999999848
2023-12-01,equity_max_sharpe,WMT,0.001999337041694937
2021-01-04,equity_max_sharpe,XOM,2.2309476564004232e-17
2021-02-01,equity_max_sharpe,XOM,1.1327184331235733e-16
2021-03-01,equity_max_sharpe,XOM,9.189059088301632e-19
2021-04-01,equity_max_sharpe,XOM,0.0
2021-05-03,equity_max_sharpe,XOM,0.0
2021-06-01,equity_max_sharpe,XOM,0.0
2021-07-01,equity_max_sharpe,XOM,9.912984194175194e-17
2021-08-02,equity_max_sharpe,XOM,1.1531848421813084e-16
2021-09-01,equity_max_sharpe,XOM,1.9858623477093792e-16
2021-10-01,equity_max_sharpe,XOM,0.0
2021-11-01,equity_max_sharpe,XOM,0.0
2021-12-01,equity_max_sharpe,XOM,0.038957719731960015
2022-01-03,equity_max_sharpe,XOM,7.987427865012941e-18
2022-02-01,equity_max_sharpe,XOM,2.0347463024399787e-16
2022-03-01,equity_max_sharpe,XOM,0.0
2022-04-01,equity_max_sharpe,XOM,9.437386953183936e-17
2022-05-02,equity_max_sharpe,XOM,0.0
2022-06-01,equity_max_sharpe,XOM,2.4246556229660436e-17
2022-07-01,equity_max_sharpe,XOM,0.0
2022-08-01,equity_max_sharpe,XOM,0.031916484517954605
2022-09-01,equity_max_sharpe,XOM,0.0807331536608836
2022-10-03,equity_max_sharpe,XOM,0.0701881509833555
2022-11-01,equity_max_sharpe,XOM,0.19999999999999887
2022-12-01,equity_max_sharpe,XOM,0.19999999999999984
2023-01-03,equity_max_sharpe,XOM,0.1999999999999993
2023-02-01,equity_max_sharpe,XOM,0.19999999999999954
2023-03-01,equity_max_sharpe,XOM,0.19999999999999996
2023-04-03,equity_max_sharpe,XOM,0.19999999999999546
2023-05-01,equity_max_sharpe,XOM,0.1999999999999997
2023-06-01,equity_max_sharpe,XOM,0.0
2023-07-03,equity_max_sharpe,XOM,0.0
2023-08-01,equity_max_sharpe,XOM,7.287945613968533e-17
2023-09-01,equity_max_sharpe,XOM,0.0
2023-10-02,equity_max_sharpe,XOM,0.0
2023-11-01,equity_max_sharpe,XOM,0.0
2023-12-01,equity_max_sharpe,XOM,9.813196568736694e-17
2020-09-10,crypto_equal_weight,ADA-USD,0.1
2020-10-01,crypto_equal_weight,ADA-USD,0.1
2020-11-01,crypto_equal_weight,ADA-USD,0.1
2020-12-01,crypto_equal_weight,ADA-USD,0.1
2021-01-01,crypto_equal_weight,ADA-USD,0.1
2021-02-01,crypto_equal_weight,ADA-USD,0.1
2021-03-01,crypto_equal_weight,ADA-USD,0.1
2021-04-01,crypto_equal_weight,ADA-USD,0.1
2021-05-01,crypto_equal_weight,ADA-USD,0.1
2021-06-01,crypto_equal_weight,ADA-USD,0.1
2021-07-01,crypto_equal_weight,ADA-USD,0.1
2021-08-01,crypto_equal_weight,ADA-USD,0.1
2021-09-01,crypto_equal_weight,ADA-USD,0.1
2021-10-01,crypto_equal_weight,ADA-USD,0.1
2021-11-01,crypto_equal_weight,ADA-USD,0.1
2021-12-01,crypto_equal_weight,ADA-USD,0.1
2022-01-01,crypto_equal_weight,ADA-USD,0.1
2022-02-01,crypto_equal_weight,ADA-USD,0.1
2022-03-01,crypto_equal_weight,ADA-USD,0.1
2022-04-01,crypto_equal_weight,ADA-USD,0.1
2022-05-01,crypto_equal_weight,ADA-USD,0.1
2022-06-01,crypto_equal_weight,ADA-USD,0.1
2022-07-01,crypto_equal_weight,ADA-USD,0.1
2022-08-01,crypto_equal_weight,ADA-USD,0.1
2022-09-01,crypto_equal_weight,ADA-USD,0.1
2022-10-01,crypto_equal_weight,ADA-USD,0.1
2022-11-01,crypto_equal_weight,ADA-USD,0.1
2022-12-01,crypto_equal_weight,ADA-USD,0.1
2023-01-01,crypto_equal_weight,ADA-USD,0.1
2023-02-01,crypto_equal_weight,ADA-USD,0.1
2023-03-01,crypto_equal_weight,ADA-USD,0.1
2023-04-01,crypto_equal_weight,ADA-USD,0.1
2023-05-01,crypto_equal_weight,ADA-USD,0.1
2023-06-01,crypto_equal_weight,ADA-USD,0.1
2023-07-01,crypto_equal_weight,ADA-USD,0.1
2023-08-01,crypto_equal_weight,ADA-USD,0.1
2023-09-01,crypto_equal_weight,ADA-USD,0.1
2023-10-01,crypto_equal_weight,ADA-USD,0.1
2023-11-01,crypto_equal_weight,ADA-USD,0.1
2023-12-01,crypto_equal_weight,ADA-USD,0.1
2020-09-10,crypto_equal_weight,BCH-USD,0.1
2020-10-01,crypto_equal_weight,BCH-USD,0.1
2020-11-01,crypto_equal_weight,BCH-USD,0.1
2020-12-01,crypto_equal_weight,BCH-USD,0.1
2021-01-01,crypto_equal_weight,BCH-USD,0.1
2021-02-01,crypto_equal_weight,BCH-USD,0.1
2021-03-01,crypto_equal_weight,BCH-USD,0.1
2021-04-01,crypto_equal_weight,BCH-USD,0.1
2021-05-01,crypto_equal_weight,BCH-USD,0.1
2021-06-01,crypto_equal_weight,BCH-USD,0.1
2021-07-01,crypto_equal_weight,BCH-USD,0.1
2021-08-01,crypto_equal_weight,BCH-USD,0.1
2021-09-01,crypto_equal_weight,BCH-USD,0.1
2021-10-01,crypto_equal_weight,BCH-USD,0.1
2021-11-01,crypto_equal_weight,BCH-USD,0.1
2021-12-01,crypto_equal_weight,BCH-USD,0.1
2022-01-01,crypto_equal_weight,BCH-USD,0.1
2022-02-01,crypto_equal_weight,BCH-USD,0.1
2022-03-01,crypto_equal_weight,BCH-USD,0.1
2022-04-01,crypto_equal_weight,BCH-USD,0.1
2022-05-01,crypto_equal_weight,BCH-USD,0.1
2022-06-01,crypto_equal_weight,BCH-USD,0.1
2022-07-01,crypto_equal_weight,BCH-USD,0.1
2022-08-01,crypto_equal_weight,BCH-USD,0.1
2022-09-01,crypto_equal_weight,BCH-USD,0.1
2022-10-01,crypto_equal_weight,BCH-USD,0.1
2022-11-01,crypto_equal_weight,BCH-USD,0.1
2022-12-01,crypto_equal_weight,BCH-USD,0.1
2023-01-01,crypto_equal_weight,BCH-USD,0.1
2023-02-01,crypto_equal_weight,BCH-USD,0.1
2023-03-01,crypto_equal_weight,BCH-USD,0.1
2023-04-01,crypto_equal_weight,BCH-USD,0.1
2023-05-01,crypto_equal_weight,BCH-USD,0.1
2023-06-01,crypto_equal_weight,BCH-USD,0.1
2023-07-01,crypto_equal_weight,BCH-USD,0.1
2023-08-01,crypto_equal_weight,BCH-USD,0.1
2023-09-01,crypto_equal_weight,BCH-USD,0.1
2023-10-01,crypto_equal_weight,BCH-USD,0.1
2023-11-01,crypto_equal_weight,BCH-USD,0.1
2023-12-01,crypto_equal_weight,BCH-USD,0.1
2020-09-10,crypto_equal_weight,BTC-USD,0.1
2020-10-01,crypto_equal_weight,BTC-USD,0.1
2020-11-01,crypto_equal_weight,BTC-USD,0.1
2020-12-01,crypto_equal_weight,BTC-USD,0.1
2021-01-01,crypto_equal_weight,BTC-USD,0.1
2021-02-01,crypto_equal_weight,BTC-USD,0.1
2021-03-01,crypto_equal_weight,BTC-USD,0.1
2021-04-01,crypto_equal_weight,BTC-USD,0.1
2021-05-01,crypto_equal_weight,BTC-USD,0.1
2021-06-01,crypto_equal_weight,BTC-USD,0.1
2021-07-01,crypto_equal_weight,BTC-USD,0.1
2021-08-01,crypto_equal_weight,BTC-USD,0.1
2021-09-01,crypto_equal_weight,BTC-USD,0.1
2021-10-01,crypto_equal_weight,BTC-USD,0.1
2021-11-01,crypto_equal_weight,BTC-USD,0.1
2021-12-01,crypto_equal_weight,BTC-USD,0.1
2022-01-01,crypto_equal_weight,BTC-USD,0.1
2022-02-01,crypto_equal_weight,BTC-USD,0.1
2022-03-01,crypto_equal_weight,BTC-USD,0.1
2022-04-01,crypto_equal_weight,BTC-USD,0.1
2022-05-01,crypto_equal_weight,BTC-USD,0.1
2022-06-01,crypto_equal_weight,BTC-USD,0.1
2022-07-01,crypto_equal_weight,BTC-USD,0.1
2022-08-01,crypto_equal_weight,BTC-USD,0.1
2022-09-01,crypto_equal_weight,BTC-USD,0.1
2022-10-01,crypto_equal_weight,BTC-USD,0.1
2022-11-01,crypto_equal_weight,BTC-USD,0.1
2022-12-01,crypto_equal_weight,BTC-USD,0.1
2023-01-01,crypto_equal_weight,BTC-USD,0.1
2023-02-01,crypto_equal_weight,BTC-USD,0.1
2023-03-01,crypto_equal_weight,BTC-USD,0.1
2023-04-01,crypto_equal_weight,BTC-USD,0.1
2023-05-01,crypto_equal_weight,BTC-USD,0.1
2023-06-01,crypto_equal_weight,BTC-USD,0.1
2023-07-01,crypto_equal_weight,BTC-USD,0.1
2023-08-01,crypto_equal_weight,BTC-USD,0.1
2023-09-01,crypto_equal_weight,BTC-USD,0.1
2023-10-01,crypto_equal_weight,BTC-USD,0.1
2023-11-01,crypto_equal_weight,BTC-USD,0.1
2023-12-01,crypto_equal_weight,BTC-USD,0.1
2020-09-10,crypto_equal_weight,EOS-USD,0.1
2020-10-01,crypto_equal_weight,EOS-USD,0.1
2020-11-01,crypto_equal_weight,EOS-USD,0.1
2020-12-01,crypto_equal_weight,EOS-USD,0.1
2021-01-01,crypto_equal_weight,EOS-USD,0.1
2021-02-01,crypto_equal_weight,EOS-USD,0.1
2021-03-01,crypto_equal_weight,EOS-USD,0.1
2021-04-01,crypto_equal_weight,EOS-USD,0.1
2021-05-01,crypto_equal_weight,EOS-USD,0.1
2021-06-01,crypto_equal_weight,EOS-USD,0.1
2021-07-01,crypto_equal_weight,EOS-USD,0.1
2021-08-01,crypto_equal_weight,EOS-USD,0.1
2021-09-01,crypto_equal_weight,EOS-USD,0.1
2021-10-01,crypto_equal_weight,EOS-USD,0.1
2021-11-01,crypto_equal_weight,EOS-USD,0.1
2021-12-01,crypto_equal_weight,EOS-USD,0.1
2022-01-01,crypto_equal_weight,EOS-USD,0.1
2022-02-01,crypto_equal_weight,EOS-USD,0.1
2022-03-01,crypto_equal_weight,EOS-USD,0.1
2022-04-01,crypto_equal_weight,EOS-USD,0.1
2022-05-01,crypto_equal_weight,EOS-USD,0.1
2022-06-01,crypto_equal_weight,EOS-USD,0.1
2022-07-01,crypto_equal_weight,EOS-USD,0.1
2022-08-01,crypto_equal_weight,EOS-USD,0.1
2022-09-01,crypto_equal_weight,EOS-USD,0.1
2022-10-01,crypto_equal_weight,EOS-USD,0.1
2022-11-01,crypto_equal_weight,EOS-USD,0.1
2022-12-01,crypto_equal_weight,EOS-USD,0.1
2023-01-01,crypto_equal_weight,EOS-USD,0.1
2023-02-01,crypto_equal_weight,EOS-USD,0.1
2023-03-01,crypto_equal_weight,EOS-USD,0.1
2023-04-01,crypto_equal_weight,EOS-USD,0.1
2023-05-01,crypto_equal_weight,EOS-USD,0.1
2023-06-01,crypto_equal_weight,EOS-USD,0.1
2023-07-01,crypto_equal_weight,EOS-USD,0.1
2023-08-01,crypto_equal_weight,EOS-USD,0.1
2023-09-01,crypto_equal_weight,EOS-USD,0.1
2023-10-01,crypto_equal_weight,EOS-USD,0.1
2023-11-01,crypto_equal_weight,EOS-USD,0.1
2023-12-01,crypto_equal_weight,EOS-USD,0.1
2020-09-10,crypto_equal_weight,ETC-USD,0.1
2020-10-01,crypto_equal_weight,ETC-USD,0.1
2020-11-01,crypto_equal_weight,ETC-USD,0.1
2020-12-01,crypto_equal_weight,ETC-USD,0.1
2021-01-01,crypto_equal_weight,ETC-USD,0.1
2021-02-01,crypto_equal_weight,ETC-USD,0.1
2021-03-01,crypto_equal_weight,ETC-USD,0.1
2021-04-01,crypto_equal_weight,ETC-USD,0.1
2021-05-01,crypto_equal_weight,ETC-USD,0.1
2021-06-01,crypto_equal_weight,ETC-USD,0.1
2021-07-01,crypto_equal_weight,ETC-USD,0.1
2021-08-01,crypto_equal_weight,ETC-USD,0.1
2021-09-01,crypto_equal_weight,ETC-USD,0.1
2021-10-01,crypto_equal_weight,ETC-USD,0.1
2021-11-01,crypto_equal_weight,ETC-USD,0.1
2021-12-01,crypto_equal_weight,ETC-USD,0.1
2022-01-01,crypto_equal_weight,ETC-USD,0.1
2022-02-01,crypto_equal_weight,ETC-USD,0.1
2022-03-01,crypto_equal_weight,ETC-USD,0.1
2022-04-01,crypto_equal_weight,ETC-USD,0.1
2022-05-01,crypto_equal_weight,ETC-USD,0.1
2022-06-01,crypto_equal_weight,ETC-USD,0.1
2022-07-01,crypto_equal_weight,ETC-USD,0.1
2022-08-01,crypto_equal_weight,ETC-USD,0.1
2022-09-01,crypto_equal_weight,ETC-USD,0.1
2022-10-01,crypto_equal_weight,ETC-USD,0.1
2022-11-01,crypto_equal_weight,ETC-USD,0.1
2022-12-01,crypto_equal_weight,ETC-USD,0.1
2023-01-01,crypto_equal_weight,ETC-USD,0.1
2023-02-01,crypto_equal_weight,ETC-USD,0.1
2023-03-01,crypto_equal_weight,ETC-USD,0.1
2023-04-01,crypto_equal_weight,ETC-USD,0.1
2023-05-01,crypto_equal_weight,ETC-USD,0.1
2023-06-01,crypto_equal_weight,ETC-USD,0.1
2023-07-01,crypto_equal_weight,ETC-USD,0.1
2023-08-01,crypto_equal_weight,ETC-USD,0.1
2023-09-01,crypto_equal_weight,ETC-USD,0.1
2023-10-01,crypto_equal_weight,ETC-USD,0.1
2023-11-01,crypto_equal_weight,ETC-USD,0.1
2023-12-01,crypto_equal_weight,ETC-USD,0.1
2020-09-10,crypto_equal_weight,ETH-USD,0.1
2020-10-01,crypto_equal_weight,ETH-USD,0.1
2020-11-01,crypto_equal_weight,ETH-USD,0.1
2020-12-01,crypto_equal_weight,ETH-USD,0.1
2021-01-01,crypto_equal_weight,ETH-USD,0.1
2021-02-01,crypto_equal_weight,ETH-USD,0.1
2021-03-01,crypto_equal_weight,ETH-USD,0.1
2021-04-01,crypto_equal_weight,ETH-USD,0.1
2021-05-01,crypto_equal_weight,ETH-USD,0.1
2021-06-01,crypto_equal_weight,ETH-USD,0.1
2021-07-01,crypto_equal_weight,ETH-USD,0.1
2021-08-01,crypto_equal_weight,ETH-USD,0.1
2021-09-01,crypto_equal_weight,ETH-USD,0.1
2021-10-01,crypto_equal_weight,ETH-USD,0.1
2021-11-01,crypto_equal_weight,ETH-USD,0.1
2021-12-01,crypto_equal_weight,ETH-USD,0.1
2022-01-01,crypto_equal_weight,ETH-USD,0.1
2022-02-01,crypto_equal_weight,ETH-USD,0.1
2022-03-01,crypto_equal_weight,ETH-USD,0.1
2022-04-01,crypto_equal_weight,ETH-USD,0.1
2022-05-01,crypto_equal_weight,ETH-USD,0.1
2022-06-01,crypto_equal_weight,ETH-USD,0.1
2022-07-01,crypto_equal_weight,ETH-USD,0.1
2022-08-01,crypto_equal_weight,ETH-USD,0.1
2022-09-01,crypto_equal_weight,ETH-USD,0.1
2022-10-01,crypto_equal_weight,ETH-USD,0.1
2022-11-01,crypto_equal_weight,ETH-USD,0.1
2022-12-01,crypto_equal_weight,ETH-USD,0.1
2023-01-01,crypto_equal_weight,ETH-USD,0.1
2023-02-01,crypto_equal_weight,ETH-USD,0.1
2023-03-01,crypto_equal_weight,ETH-USD,0.1
2023-04-01,crypto_equal_weight,ETH-USD,0.1
2023-05-01,crypto_equal_weight,ETH-USD,0.1
2023-06-01,crypto_equal_weight,ETH-USD,0.1
2023-07-01,crypto_equal_weight,ETH-USD,0.1
2023-08-01,crypto_equal_weight,ETH-USD,0.1
2023-09-01,crypto_equal_weight,ETH-USD,0.1
2023-10-01,crypto_equal_weight,ETH-USD,0.1
2023-11-01,crypto_equal_weight,ETH-USD,0.1
2023-12-01,crypto_equal_weight,ETH-USD,0.1
2020-09-10,crypto_equal_weight,LTC-USD,0.1
2020-10-01,crypto_equal_weight,LTC-USD,0.1
2020-11-01,crypto_equal_weight,LTC-USD,0.1
2020-12-01,crypto_equal_weight,LTC-USD,0.1
2021-01-01,crypto_equal_weight,LTC-USD,0.1
2021-02-01,crypto_equal_weight,LTC-USD,0.1
2021-03-01,crypto_equal_weight,LTC-USD,0.1
2021-04-01,crypto_equal_weight,LTC-USD,0.1
2021-05-01,crypto_equal_weight,LTC-USD,0.1
2021-06-01,crypto_equal_weight,LTC-USD,0.1
2021-07-01,crypto_equal_weight,LTC-USD,0.1
2021-08-01,crypto_equal_weight,LTC-USD,0.1
2021-09-01,crypto_equal_weight,LTC-USD,0.1
2021-10-01,crypto_equal_weight,LTC-USD,0.1
2021-11-01,crypto_equal_weight,LTC-USD,0.1
2021-12-01,crypto_equal_weight,LTC-USD,0.1
2022-01-01,crypto_equal_weight,LTC-USD,0.1
2022-02-01,crypto_equal_weight,LTC-USD,0.1
2022-03-01,crypto_equal_weight,LTC-USD,0.1
2022-04-01,crypto_equal_weight,LTC-USD,0.1
2022-05-01,crypto_equal_weight,LTC-USD,0.1
2022-06-01,crypto_equal_weight,LTC-USD,0.1
2022-07-01,crypto_equal_weight,LTC-USD,0.1
2022-08-01,crypto_equal_weight,LTC-USD,0.1
2022-09-01,crypto_equal_weight,LTC-USD,0.1
2022-10-01,crypto_equal_weight,LTC-USD,0.1
2022-11-01,crypto_equal_weight,LTC-USD,0.1
2022-12-01,crypto_equal_weight,LTC-USD,0.1
2023-01-01,crypto_equal_weight,LTC-USD,0.1
2023-02-01,crypto_equal_weight,LTC-USD,0.1
2023-03-01,crypto_equal_weight,LTC-USD,0.1
2023-04-01,crypto_equal_weight,LTC-USD,0.1
2023-05-01,crypto_equal_weight,LTC-USD,0.1
2023-06-01,crypto_equal_weight,LTC-USD,0.1
2023-07-01,crypto_equal_weight,LTC-USD,0.1
2023-08-01,crypto_equal_weight,LTC-USD,0.1
2023-09-01,crypto_equal_weight,LTC-USD,0.1
2023-10-01,crypto_equal_weight,LTC-USD,0.1
2023-11-01,crypto_equal_weight,LTC-USD,0.1
2023-12-01,crypto_equal_weight,LTC-USD,0.1
2020-09-10,crypto_equal_weight,TRX-USD,0.1
2020-10-01,crypto_equal_weight,TRX-USD,0.1
2020-11-01,crypto_equal_weight,TRX-USD,0.1
2020-12-01,crypto_equal_weight,TRX-USD,0.1
2021-01-01,crypto_equal_weight,TRX-USD,0.1
2021-02-01,crypto_equal_weight,TRX-USD,0.1
2021-03-01,crypto_equal_weight,TRX-USD,0.1
2021-04-01,crypto_equal_weight,TRX-USD,0.1
2021-05-01,crypto_equal_weight,TRX-USD,0.1
2021-06-01,crypto_equal_weight,TRX-USD,0.1
2021-07-01,crypto_equal_weight,TRX-USD,0.1
2021-08-01,crypto_equal_weight,TRX-USD,0.1
2021-09-01,crypto_equal_weight,TRX-USD,0.1
2021-10-01,crypto_equal_weight,TRX-USD,0.1
2021-11-01,crypto_equal_weight,TRX-USD,0.1
2021-12-01,crypto_equal_weight,TRX-USD,0.1
2022-01-01,crypto_equal_weight,TRX-USD,0.1
2022-02-01,crypto_equal_weight,TRX-USD,0.1
2022-03-01,crypto_equal_weight,TRX-USD,0.1
2022-04-01,crypto_equal_weight,TRX-USD,0.1
2022-05-01,crypto_equal_weight,TRX-USD,0.1
2022-06-01,crypto_equal_weight,TRX-USD,0.1
2022-07-01,crypto_equal_weight,TRX-USD,0.1
2022-08-01,crypto_equal_weight,TRX-USD,0.1
2022-09-01,crypto_equal_weight,TRX-USD,0.1
2022-10-01,crypto_equal_weight,TRX-USD,0.1
2022-11-01,crypto_equal_weight,TRX-USD,0.1
2022-12-01,crypto_equal_weight,TRX-USD,0.1
2023-01-01,crypto_equal_weight,TRX-USD,0.1
2023-02-01,crypto_equal_weight,TRX-USD,0.1
2023-03-01,crypto_equal_weight,TRX-USD,0.1
2023-04-01,crypto_equal_weight,TRX-USD,0.1
2023-05-01,crypto_equal_weight,TRX-USD,0.1
2023-06-01,crypto_equal_weight,TRX-USD,0.1
2023-07-01,crypto_equal_weight,TRX-USD,0.1
2023-08-01,crypto_equal_weight,TRX-USD,0.1
2023-09-01,crypto_equal_weight,TRX-USD,0.1
2023-10-01,crypto_equal_weight,TRX-USD,0.1
2023-11-01,crypto_equal_weight,TRX-USD,0.1
2023-12-01,crypto_equal_weight,TRX-USD,0.1
2020-09-10,crypto_equal_weight,XLM-USD,0.1
2020-10-01,crypto_equal_weight,XLM-USD,0.1
2020-11-01,crypto_equal_weight,XLM-USD,0.1
2020-12-01,crypto_equal_weight,XLM-USD,0.1
2021-01-01,crypto_equal_weight,XLM-USD,0.1
2021-02-01,crypto_equal_weight,XLM-USD,0.1
2021-03-01,crypto_equal_weight,XLM-USD,0.1
2021-04-01,crypto_equal_weight,XLM-USD,0.1
2021-05-01,crypto_equal_weight,XLM-USD,0.1
2021-06-01,crypto_equal_weight,XLM-USD,0.1
2021-07-01,crypto_equal_weight,XLM-USD,0.1
2021-08-01,crypto_equal_weight,XLM-USD,0.1
2021-09-01,crypto_equal_weight,XLM-USD,0.1
2021-10-01,crypto_equal_weight,XLM-USD,0.1
2021-11-01,crypto_equal_weight,XLM-USD,0.1
2021-12-01,crypto_equal_weight,XLM-USD,0.1
2022-01-01,crypto_equal_weight,XLM-USD,0.1
2022-02-01,crypto_equal_weight,XLM-USD,0.1
2022-03-01,crypto_equal_weight,XLM-USD,0.1
2022-04-01,crypto_equal_weight,XLM-USD,0.1
2022-05-01,crypto_equal_weight,XLM-USD,0.1
2022-06-01,crypto_equal_weight,XLM-USD,0.1
2022-07-01,crypto_equal_weight,XLM-USD,0.1
2022-08-01,crypto_equal_weight,XLM-USD,0.1
2022-09-01,crypto_equal_weight,XLM-USD,0.1
2022-10-01,crypto_equal_weight,XLM-USD,0.1
2022-11-01,crypto_equal_weight,XLM-USD,0.1
2022-12-01,crypto_equal_weight,XLM-USD,0.1
2023-01-01,crypto_equal_weight,XLM-USD,0.1
2023-02-01,crypto_equal_weight,XLM-USD,0.1
2023-03-01,crypto_equal_weight,XLM-USD,0.1
2023-04-01,crypto_equal_weight,XLM-USD,0.1
2023-05-01,crypto_equal_weight,XLM-USD,0.1
2023-06-01,crypto_equal_weight,XLM-USD,0.1
2023-07-01,crypto_equal_weight,XLM-USD,0.1
2023-08-01,crypto_equal_weight,XLM-USD,0.1
2023-09-01,crypto_equal_weight,XLM-USD,0.1
2023-10-01,crypto_equal_weight,XLM-USD,0.1
2023-11-01,crypto_equal_weight,XLM-USD,0.1
2023-12-01,crypto_equal_weight,XLM-USD,0.1
2020-09-10,crypto_equal_weight,XRP-USD,0.1
2020-10-01,crypto_equal_weight,XRP-USD,0.1
2020-11-01,crypto_equal_weight,XRP-USD,0.1
2020-12-01,crypto_equal_weight,XRP-USD,0.1
2021-01-01,crypto_equal_weight,XRP-USD,0.1
2021-02-01,crypto_equal_weight,XRP-USD,0.1
2021-03-01,crypto_equal_weight,XRP-USD,0.1
2021-04-01,crypto_equal_weight,XRP-USD,0.1
2021-05-01,crypto_equal_weight,XRP-USD,0.1
2021-06-01,crypto_equal_weight,XRP-USD,0.1
2021-07-01,crypto_equal_weight,XRP-USD,0.1
2021-08-01,crypto_equal_weight,XRP-USD,0.1
2021-09-01,crypto_equal_weight,XRP-USD,0.1
2021-10-01,crypto_equal_weight,XRP-USD,0.1
2021-11-01,crypto_equal_weight,XRP-USD,0.1
2021-12-01,crypto_equal_weight,XRP-USD,0.1
2022-01-01,crypto_equal_weight,XRP-USD,0.1
2022-02-01,crypto_equal_weight,XRP-USD,0.1
2022-03-01,crypto_equal_weight,XRP-USD,0.1
2022-04-01,crypto_equal_weight,XRP-USD,0.1
2022-05-01,crypto_equal_weight,XRP-USD,0.1
2022-06-01,crypto_equal_weight,XRP-USD,0.1
2022-07-01,crypto_equal_weight,XRP-USD,0.1
2022-08-01,crypto_equal_weight,XRP-USD,0.1
2022-09-01,crypto_equal_weight,XRP-USD,0.1
2022-10-01,crypto_equal_weight,XRP-USD,0.1
2022-11-01,crypto_equal_weight,XRP-USD,0.1
2022-12-01,crypto_equal_weight,XRP-USD,0.1
2023-01-01,crypto_equal_weight,XRP-USD,0.1
2023-02-01,crypto_equal_weight,XRP-USD,0.1
2023-03-01,crypto_equal_weight,XRP-USD,0.1
2023-04-01,crypto_equal_weight,XRP-USD,0.1
2023-05-01,crypto_equal_weight,XRP-USD,0.1
2023-06-01,crypto_equal_weight,XRP-USD,0.1
2023-07-01,crypto_equal_weight,XRP-USD,0.1
2023-08-01,crypto_equal_weight,XRP-USD,0.1
2023-09-01,crypto_equal_weight,XRP-USD,0.1
2023-10-01,crypto_equal_weight,XRP-USD,0.1
2023-11-01,crypto_equal_weight,XRP-USD,0.1
2023-12-01,crypto_equal_weight,XRP-USD,0.1
2020-09-10,crypto_min_variance,ADA-USD,6.034942805746674e-09
2020-10-01,crypto_min_variance,ADA-USD,0.0
2020-11-01,crypto_min_variance,ADA-USD,1.2613593395595007e-09
2020-12-01,crypto_min_variance,ADA-USD,0.0
2021-01-01,crypto_min_variance,ADA-USD,1.7040391079462013e-12
2021-02-01,crypto_min_variance,ADA-USD,1.824921030441475e-08
2021-03-01,crypto_min_variance,ADA-USD,0.1
2021-04-01,crypto_min_variance,ADA-USD,0.08027391816163307
2021-05-01,crypto_min_variance,ADA-USD,0.1
2021-06-01,crypto_min_variance,ADA-USD,0.1
2021-07-01,crypto_min_variance,ADA-USD,0.1
2021-08-01,crypto_min_variance,ADA-USD,0.20000000220255956
2021-09-01,crypto_min_variance,ADA-USD,0.1
2021-10-01,crypto_min_variance,ADA-USD,0.1
2021-11-01,crypto_min_variance,ADA-USD,0.20000000203894405
2021-12-01,crypto_min_variance,ADA-USD,0.1
2022-01-01,crypto_min_variance,ADA-USD,0.2
2022-02-01,crypto_min_variance,ADA-USD,0.09912580060050834
2022-03-01,crypto_min_variance,ADA-USD,0.12146254068348991
2022-04-01,crypto_min_variance,ADA-USD,0.10973083499909375
2022-05-01,crypto_min_variance,ADA-USD,0.08065397613528949
2022-06-01,crypto_min_variance,ADA-USD,0.0
2022-07-01,crypto_min_variance,ADA-USD,5.0999571860329484e-11
2022-08-01,crypto_min_variance,ADA-USD,0.0
2022-09-01,crypto_min_variance,ADA-USD,5.912222567636573e-14
2022-10-01,crypto_min_variance,ADA-USD,5.202079433868708e-09
2022-11-01,crypto_min_variance,ADA-USD,0.0
2022-12-01,crypto_min_variance,ADA-USD,0.1
2023-01-01,crypto_min_variance,ADA-USD,0.0
2023-02-01,crypto_min_variance,ADA-USD,0.05213089827572656
2023-03-01,crypto_min_variance,ADA-USD,0.09886695973451277
2023-04-01,crypto_min_variance,ADA-USD,0.1123710429878495
2023-05-01,crypto_min_variance,ADA-USD,0.10760540316895338
2023-06-01,crypto_min_variance,ADA-USD,0.025463446733553746
2023-07-01,crypto_min_variance,ADA-USD,3.269808187214046e-11
2023-08-01,crypto_min_variance,ADA-USD,0.10415943450888947
2023-09-01,crypto_min_variance,ADA-USD,0.1
2023-10-01,crypto_min_variance,ADA-USD,0.12597722245647283
2023-11-01,crypto_min_variance,ADA-USD,0.1414976139362762
2023-12-01,crypto_min_variance,ADA-USD,0.13383084272099555
2020-09-10,crypto_min_variance,BCH-USD,5.423626931877824e-09
2020-10-01,crypto_min_variance,BCH-USD,0.0
2020-11-01,crypto_min_variance,BCH-USD,5.16080054068687e-10
2020-12-01,crypto_min_variance,BCH-USD,0.08524809390472286
2021-01-01,crypto_min_variance,BCH-USD,0.1355804562235238
2021-02-01,crypto_min_variance,BCH-USD,2.3456189081772573e-08
2021-03-01,crypto_min_variance,BCH-USD,0.1
2021-04-01,crypto_min_variance,BCH-USD,5.809215315893473e-09
2021-05-01,crypto_min_variance,BCH-USD,0.1
2021-06-01,crypto_min_variance,BCH-USD,0.1
2021-07-01,crypto_min_variance,BCH-USD,0.1
2021-08-01,crypto_min_variance,BCH-USD,0.0
2021-09-01,crypto_min_variance,BCH-USD,0.1
2021-10-01,crypto_min_variance,BCH-USD,0.1
2021-11-01,crypto_min_variance,BCH-USD,0.0
2021-12-01,crypto_min_variance,BCH-USD,0.1
2022-01-01,crypto_min_variance,BCH-USD,6.66274821029817e-19
2022-02-01,crypto_min_variance,BCH-USD,0.20000000392171874
2022-03-01,crypto_min_variance,BCH-USD,0.2000000038293526
2022-04-01,crypto_min_variance,BCH-USD,0.2000000003914332
2022-05-01,crypto_min_variance,BCH-USD,0.1999999987137054
2022-06-01,crypto_min_variance,BCH-USD,0.20000000043144284
2022-07-01,crypto_min_variance,BCH-USD,0.15288247000787963
2022-08-01,crypto_min_variance,BCH-USD,0.1336589359270653
2022-09-01,crypto_min_variance,BCH-USD,0.14384333280843206
2022-10-01,crypto_min_variance,BCH-USD,0.08533801638533256
2022-11-01,crypto_min_variance,BCH-USD,0.04687073076981166
2022-12-01,crypto_min_variance,BCH-USD,0.1
2023-01-01,crypto_min_variance,BCH-USD,0.16800708922887703
2023-02-01,crypto_min_variance,BCH-USD,0.10525415808508538
2023-03-01,crypto_min_variance,BCH-USD,0.08705203966703104
2023-04-01,crypto_min_variance,BCH-USD,0.13344136181029218
2023-05-01,crypto_min_variance,BCH-USD,0.1999999980037981
2023-06-01,crypto_min_variance,BCH-USD,0.1999999999524375
2023-07-01,crypto_min_variance,BCH-USD,0.03789259558313663
2023-08-01,crypto_min_variance,BCH-USD,0.1030349141319102
2023-09-01,crypto_min_variance,BCH-USD,0.1
2023-10-01,crypto_min_variance,BCH-USD,0.0
2023-11-01,crypto_min_variance,BCH-USD,0.0
2023-12-01,crypto_min_variance,BCH-USD,0.005170718660101508
2020-09-10,crypto_min_variance,BTC-USD,0.1999999805128613
2020-10-01,crypto_min_variance,BTC-USD,0.20000000390565384
2020-11-01,crypto_min_variance,BTC-USD,0.19999999820267306
2020-12-01,crypto_min_variance,BTC-USD,0.20000000961229908
2021-01-01,crypto_min_variance,BTC-USD,0.20000000330399428
2021-02-01,crypto_min_variance,BTC-USD,0.19999994115719008
2021-03-01,crypto_min_variance,BTC-USD,0.1
2021-04-01,crypto_min_variance,BTC-USD,0.1999999761050902
2021-05-01,crypto_min_variance,BTC-USD,0.1
2021-06-01,crypto_min_variance,BTC-USD,0.1
2021-07-01,crypto_min_variance,BTC-USD,0.1
2021-08-01,crypto_min_variance,BTC-USD,0.19999994286716158
2021-09-01,crypto_min_variance,BTC-USD,0.1
2021-10-01,crypto_min_variance,BTC-USD,0.1
2021-11-01,crypto_min_variance,BTC-USD,0.20000000203894405
2021-12-01,crypto_min_variance,BTC-USD,0.1
2022-01-01,crypto_min_variance,BTC-USD,0.19999999999999998
2022-02-01,crypto_min_variance,BTC-USD,0.20000000392171874
2022-03-01,crypto_min_variance,BTC-USD,0.2000000038293526
2022-04-01,crypto_min_variance,BTC-USD,0.19999999723886122
2022-05-01,crypto_min_variance,BTC-USD,0.2000000004062611
2022-06-01,crypto_min_variance,BTC-USD,0.20000000114120378
2022-07-01,crypto_min_variance,BTC-USD,0.2000000001797808
2022-08-01,crypto_min_variance,BTC-USD,0.2000000006436881
2022-09-01,crypto_min_variance,BTC-USD,0.20000000019946712
2022-10-01,crypto_min_variance,BTC-USD,0.19999999015113393
2022-11-01,crypto_min_variance,BTC-USD,0.20000000277239996
2022-12-01,crypto_min_variance,BTC-USD,0.1
2023-01-01,crypto_min_variance,BTC-USD,0.20000000359498796
2023-02-01,crypto_min_variance,BTC-USD,0.19999999707227548
2023-03-01,crypto_min_variance,BTC-USD,0.2000000025355082
2023-04-01,crypto_min_variance,BTC-USD,0.20000000462319475
2023-05-01,crypto_min_variance,BTC-USD,0.20000000107700644
2023-06-01,crypto_min_variance,BTC-USD,0.1999999992358538
2023-07-01,crypto_min_variance,BTC-USD,0.1999999998489994
2023-08-01,crypto_min_variance,BTC-USD,0.20000000642742413
2023-09-01,crypto_min_variance,BTC-USD,0.1
2023-10-01,crypto_min_variance,BTC-USD,0.20000000319815672
2023-11-01,crypto_min_variance,BTC-USD,0.20000000054288905
2023-12-01,crypto_min_variance,BTC-USD,0.19999999973875343
2020-09-10,crypto_min_variance,EOS-USD,8.253387311172555e-12
2020-10-01,crypto_min_variance,EOS-USD,0.0
2020-11-01,crypto_min_variance,EOS-USD,0.07859831005817279
2020-12-01,crypto_min_variance,EOS-USD,0.13063131227337083
2021-01-01,crypto_min_variance,EOS-USD,0.06441954185705336
2021-02-01,crypto_min_variance,EOS-USD,0.1999999809334048
2021-03-01,crypto_min_variance,EOS-USD,0.1
2021-04-01,crypto_min_variance,EOS-USD,0.054621868237857224
2021-05-01,crypto_min_variance,EOS-USD,0.1
2021-06-01,crypto_min_variance,EOS-USD,0.1
2021-07-01,crypto_min_variance,EOS-USD,0.1
2021-08-01,crypto_min_variance,EOS-USD,0.0
2021-09-01,crypto_min_variance,EOS-USD,0.1
2021-10-01,crypto_min_variance,EOS-USD,0.1
2021-11-01,crypto_min_variance,EOS-USD,0.0
2021-12-01,crypto_min_variance,EOS-USD,0.1
2022-01-01,crypto_min_variance,EOS-USD,8.795842024820949e-18
2022-02-01,crypto_min_variance,EOS-USD,0.0
2022-03-01,crypto_min_variance,EOS-USD,1.8914583756483096e-11
2022-04-01,crypto_min_variance,EOS-USD,8.655764030301609e-10
2022-05-01,crypto_min_variance,EOS-USD,8.81209117894358e-12
2022-06-01,crypto_min_variance,EOS-USD,0.0
2022-07-01,crypto_min_variance,EOS-USD,3.3027010064832676e-10
2022-08-01,crypto_min_variance,EOS-USD,0.0
2022-09-01,crypto_min_variance,EOS-USD,6.077723392466058e-10
2022-10-01,crypto_min_variance,EOS-USD,2.5495588810720877e-11
2022-11-01,crypto_min_variance,EOS-USD,0.0
2022-12-01,crypto_min_variance,EOS-USD,0.1
2023-01-01,crypto_min_variance,EOS-USD,5.118578864645195e-09
2023-02-01,crypto_min_variance,EOS-USD,5.1790858528358353e-11
2023-03-01,crypto_min_variance,EOS-USD,1.9817214278999704e-09
2023-04-01,crypto_min_variance,EOS-USD,3.949529847640287e-09
2023-05-01,crypto_min_variance,EOS-USD,3.969769737741254e-09
2023-06-01,crypto_min_variance,EOS-USD,0.13383257755456432
2023-07-01,crypto_min_variance,EOS-USD,0.04410496535584004
2023-08-01,crypto_min_variance,EOS-USD,0.141888551042339
2023-09-01,crypto_min_variance,EOS-USD,0.1
2023-10-01,crypto_min_variance,EOS-USD,0.07573498833482405
2023-11-01,crypto_min_variance,EOS-USD,0.0696178902768298
2023-12-01,crypto_min_variance,EOS-USD,0.056369330420247596
2020-09-10,crypto_min_variance,ETC-USD,0.03680030694060803
2020-10-01,crypto_min_variance,ETC-USD,0.10828555545578973
2020-11-01,crypto_min_variance,ETC-USD,0.17770738178512707
2020-12-01,crypto_min_variance,ETC-USD,0.20000000961229908
2021-01-01,crypto_min_variance,ETC-USD,0.2000000033272742
2021-02-01,crypto_min_variance,ETC-USD,0.1999999948199823
2021-03-01,crypto_min_variance,ETC-USD,0.1
2021-04-01,crypto_min_variance,ETC-USD,0.15103852907513113
2021-05-01,crypto_min_variance,ETC-USD,0.1
2021-06-01,crypto_min_variance,ETC-USD,0.1
2021-07-01,crypto_min_variance,ETC-USD,0.1
2021-08-01,crypto_min_variance,ETC-USD,3.055379603589415e-08
2021-09-01,crypto_min_variance,ETC-USD,0.1
2021-10-01,crypto_min_variance,ETC-USD,0.1
2021-11-01,crypto_min_variance,ETC-USD,0.0
2021-12-01,crypto_min_variance,ETC-USD,0.1
2022-01-01,crypto_min_variance,ETC-USD,1.0424295906359748e-17
2022-02-01,crypto_min_variance,ETC-USD,0.0
2022-03-01,crypto_min_variance,ETC-USD,2.7380656780880443e-12
2022-04-01,crypto_min_variance,ETC-USD,0.013383890353105558
2022-05-01,crypto_min_variance,ETC-USD,2.786430868513752e-09
2022-06-01,crypto_min_variance,ETC-USD,0.0
2022-07-01,crypto_min_variance,ETC-USD,6.306405081000206e-10
2022-08-01,crypto_min_variance,ETC-USD,0.0
2022-09-01,crypto_min_variance,ETC-USD,0.0
2022-10-01,crypto_min_variance,ETC-USD,8.675095440530826e-11
2022-11-01,crypto_min_variance,ETC-USD,0.0
2022-12-01,crypto_min_variance,ETC-USD,0.1
2023-01-01,crypto_min_variance,ETC-USD,0.0
2023-02-01,crypto_min_variance,ETC-USD,6.634375781902258e-10
2023-03-01,crypto_min_variance,ETC-USD,5.338970860605601e-10
2023-04-01,crypto_min_variance,ETC-USD,0.0
2023-05-01,crypto_min_variance,ETC-USD,0.0
2023-06-01,crypto_min_variance,ETC-USD,9.110771641329634e-10
2023-07-01,crypto_min_variance,ETC-USD,1.5007510215583004e-10
2023-08-01,crypto_min_variance,ETC-USD,4.119969585660025e-11
2023-09-01,crypto_min_variance,ETC-USD,0.1
2023-10-01,crypto_min_variance,ETC-USD,0.1982877706089781
2023-11-01,crypto_min_variance,ETC-USD,0.18888449079325217
2023-12-01,crypto_min_variance,ETC-USD,0.19999999999536316
2020-09-10,crypto_min_variance,ETH-USD,1.0831400275008342e-08
2020-10-01,crypto_min_variance,ETH-USD,0.0
2020-11-01,crypto_min_variance,ETH-USD,1.068242938992299e-09
2020-12-01,crypto_min_variance,ETH-USD,0.05591211207313949
2021-01-01,crypto_min_variance,ETH-USD,0.19999999486980824
2021-02-01,crypto_min_variance,ETH-USD,0.17470451266119427
2021-03-01,crypto_min_variance,ETH-USD,0.1
2021-04-01,crypto_min_variance,ETH-USD,0.20000000082957492
2021-05-01,crypto_min_variance,ETH-USD,0.1
2021-06-01,crypto_min_variance,ETH-USD,0.1
2021-07-01,crypto_min_variance,ETH-USD,0.1
2021-08-01,crypto_min_variance,ETH-USD,0.20000000220255956
2021-09-01,crypto_min_variance,ETH-USD,0.1
2021-10-01,crypto_min_variance,ETH-USD,0.1
2021-11-01,crypto_min_variance,ETH-USD,0.20000000203894405
2021-12-01,crypto_min_variance,ETH-USD,0.1
2022-01-01,crypto_min_variance,ETH-USD,0.2
2022-02-01,crypto_min_variance,ETH-USD,0.20000000392171874
2022-03-01,crypto_min_variance,ETH-USD,0.2000000038293526
2022-04-01,crypto_min_variance,ETH-USD,0.2000000003833424
2022-05-01,crypto_min_variance,ETH-USD,0.19999999408199065
2022-06-01,crypto_min_variance,ETH-USD,0.20000000114120378
2022-07-01,crypto_min_variance,ETH-USD,0.19900957891620066
2022-08-01,crypto_min_variance,ETH-USD,0.0663410615000891
2022-09-01,crypto_min_variance,ETH-USD,3.783374878732716e-10
2022-10-01,crypto_min_variance,ETH-USD,0.03332459540900915
2022-11-01,crypto_min_variance,ETH-USD,0.0
2022-12-01,crypto_min_variance,ETH-USD,0.1
2023-01-01,crypto_min_variance,ETH-USD,1.836597154806691e-09
2023-02-01,crypto_min_variance,ETH-USD,2.9005595784966265e-09
2023-03-01,crypto_min_variance,ETH-USD,0.0
2023-04-01,crypto_min_variance,ETH-USD,0.0
2023-05-01,crypto_min_variance,ETH-USD,0.0
2023-06-01,crypto_min_variance,ETH-USD,0.015406555364375286
2023-07-01,crypto_min_variance,ETH-USD,0.1978570170611118
2023-08-01,crypto_min_variance,ETH-USD,0.20000000646115637
2023-09-01,crypto_min_variance,ETH-USD,0.1
2023-10-01,crypto_min_variance,ETH-USD,0.20000000319815672
2023-11-01,crypto_min_variance,ETH-USD,0.20000000054288905
2023-12-01,crypto_min_variance,ETH-USD,0.20000000005498217
2020-09-10,crypto_min_variance,LTC-USD,0.19999999139288077
2020-10-01,crypto_min_variance,LTC-USD,0.17298305877436834
2020-11-01,crypto_min_variance,LTC-USD,0.005632664230815952
2020-12-01,crypto_min_variance,LTC-USD,0.12820844766300532
2021-01-01,crypto_min_variance,LTC-USD,3.0591268032215876e-13
2021-02-01,crypto_min_variance,LTC-USD,0.02529551967246416
2021-03-01,crypto_min_variance,LTC-USD,0.1
2021-04-01,crypto_min_variance,LTC-USD,0.09119594018517728
2021-05-01,crypto_min_variance,LTC-USD,0.1
2021-06-01,crypto_min_variance,LTC-USD,0.1
2021-07-01,crypto_min_variance,LTC-USD,0.1
2021-08-01,crypto_min_variance,LTC-USD,0.20000000220255956
2021-09-01,crypto_min_variance,LTC-USD,0.1
2021-10-01,crypto_min_variance,LTC-USD,0.1
2021-11-01,crypto_min_variance,LTC-USD,0.20000000203894405
2021-12-01,crypto_min_variance,LTC-USD,0.1
2022-01-01,crypto_min_variance,LTC-USD,0.0
2022-02-01,crypto_min_variance,LTC-USD,0.0
2022-03-01,crypto_min_variance,LTC-USD,1.1057068942642252e-11
2022-04-01,crypto_min_variance,LTC-USD,1.7096136017450905e-09
2022-05-01,crypto_min_variance,LTC-USD,5.949854433867904e-13
2022-06-01,crypto_min_variance,LTC-USD,0.0
2022-07-01,crypto_min_variance,LTC-USD,3.866824138454342e-11
2022-08-01,crypto_min_variance,LTC-USD,0.0
2022-09-01,crypto_min_variance,LTC-USD,0.056156666860653986
2022-10-01,crypto_min_variance,LTC-USD,0.10934824833422356
2022-11-01,crypto_min_variance,LTC-USD,0.15312925814058845
2022-12-01,crypto_min_variance,LTC-USD,0.1
2023-01-01,crypto_min_variance,LTC-USD,0.07391421936262303
2023-02-01,crypto_min_variance,LTC-USD,0.09650706400046959
2023-03-01,crypto_min_variance,LTC-USD,0.13221641337495138
2023-04-01,crypto_min_variance,LTC-USD,0.09795451551433161
2023-05-01,crypto_min_variance,LTC-USD,0.0827227606458187
2023-06-01,crypto_min_variance,LTC-USD,0.025297421453838044
2023-07-01,crypto_min_variance,LTC-USD,1.0685822688605096e-11
2023-08-01,crypto_min_variance,LTC-USD,0.02497710326956402
2023-09-01,crypto_min_variance,LTC-USD,0.1
2023-10-01,crypto_min_variance,LTC-USD,0.0
2023-11-01,crypto_min_variance,LTC-USD,0.0
2023-12-01,crypto_min_variance,LTC-USD,0.004629109201941524
2020-09-10,crypto_min_variance,TRX-USD,0.16319970455082874
2020-10-01,crypto_min_variance,TRX-USD,0.11873137405288055
2020-11-01,crypto_min_variance,TRX-USD,0.13806164442529067
2020-12-01,crypto_min_variance,TRX-USD,0.19999999845820698
2021-01-01,crypto_min_variance,TRX-USD,0.19999999056652626
2021-02-01,crypto_min_variance,TRX-USD,0.19999999328478263
2021-03-01,crypto_min_variance,TRX-USD,0.1
2021-04-01,crypto_min_variance,TRX-USD,0.17865478011211755
2021-05-01,crypto_min_variance,TRX-USD,0.1
2021-06-01,crypto_min_variance,TRX-USD,0.1
2021-07-01,crypto_min_variance,TRX-USD,0.1
2021-08-01,crypto_min_variance,TRX-USD,0.1914990559719106
2021-09-01,crypto_min_variance,TRX-USD,0.1
2021-10-01,crypto_min_variance,TRX-USD,0.1
2021-11-01,crypto_min_variance,TRX-USD,0.06503822249578242
2021-12-01,crypto_min_variance,TRX-USD,0.1
2022-01-01,crypto_min_variance,TRX-USD,0.2
2022-02-01,crypto_min_variance,TRX-USD,0.20000000392171874
2022-03-01,crypto_min_variance,TRX-USD,0.2000000038293526
2022-04-01,crypto_min_variance,TRX-USD,0.20000000030909984
2022-05-01,crypto_min_variance,TRX-USD,0.2000000003786486
2022-06-01,crypto_min_variance,TRX-USD,0.20000000114120378
2022-07-01,crypto_min_variance,TRX-USD,0.20000000014952943
2022-08-01,crypto_min_variance,TRX-USD,0.2000000006436881
2022-09-01,crypto_min_variance,TRX-USD,0.20000000019959188
2022-10-01,crypto_min_variance,TRX-USD,0.19999999258871146
2022-11-01,crypto_min_variance,TRX-USD,0.20000000277239996
2022-12-01,crypto_min_variance,TRX-USD,0.1
2023-01-01,crypto_min_variance,TRX-USD,0.20000000359498796
2023-02-01,crypto_min_variance,TRX-USD,0.1999999912548467
2023-03-01,crypto_min_variance,TRX-USD,0.2000000025355082
2023-04-01,crypto_min_variance,TRX-USD,0.20000000462319475
2023-05-01,crypto_min_variance,TRX-USD,0.20000000107700644
2023-06-01,crypto_min_variance,TRX-USD,0.19999999842005725
2023-07-01,crypto_min_variance,TRX-USD,0.19999999970227839
2023-08-01,crypto_min_variance,TRX-USD,0.20000000640489884
2023-09-01,crypto_min_variance,TRX-USD,0.1
2023-10-01,crypto_min_variance,TRX-USD,0.20000000319815672
2023-11-01,crypto_min_variance,TRX-USD,0.20000000054288905
2023-12-01,crypto_min_variance,TRX-USD,0.19999999915908076
2020-09-10,crypto_min_variance,XLM-USD,0.20000000188834763
2020-10-01,crypto_min_variance,XLM-USD,0.20000000390565384
2020-11-01,crypto_min_variance,XLM-USD,0.19999999986198141
2020-12-01,crypto_min_variance,XLM-USD,1.1719570587682914e-08
2021-01-01,crypto_min_variance,XLM-USD,9.84660005809285e-09
2021-02-01,crypto_min_variance,XLM-USD,9.343123590268486e-09
2021-03-01,crypto_min_variance,XLM-USD,0.1
2021-04-01,crypto_min_variance,XLM-USD,4.97859373208095e-09
2021-05-01,crypto_min_variance,XLM-USD,0.1
2021-06-01,crypto_min_variance,XLM-USD,0.1
2021-07-01,crypto_min_variance,XLM-USD,0.1
2021-08-01,crypto_min_variance,XLM-USD,2.84264051885094e-08
2021-09-01,crypto_min_variance,XLM-USD,0.1
2021-10-01,crypto_min_variance,XLM-USD,0.1
2021-11-01,crypto_min_variance,XLM-USD,0.13496176934844145
2021-12-01,crypto_min_variance,XLM-USD,0.1
2022-01-01,crypto_min_variance,XLM-USD,0.2
2022-02-01,crypto_min_variance,XLM-USD,0.10087418371261671
2022-03-01,crypto_min_variance,XLM-USD,0.07853744395739487
2022-04-01,crypto_min_variance,XLM-USD,0.06976905500085254
2022-05-01,crypto_min_variance,XLM-USD,0.00042487111910117196
2022-06-01,crypto_min_variance,XLM-USD,0.032750261487220475
2022-07-01,crypto_min_variance,XLM-USD,0.06797044275546596
2022-08-01,crypto_min_variance,XLM-USD,0.2000000006436881
2022-09-01,crypto_min_variance,XLM-USD,0.19999999958405645
2022-10-01,crypto_min_variance,XLM-USD,0.2000000007597678
2022-11-01,crypto_min_variance,XLM-USD,0.20000000277239996
2022-12-01,crypto_min_variance,XLM-USD,0.1
2023-01-01,crypto_min_variance,XLM-USD,0.1999999957750659
2023-02-01,crypto_min_variance,XLM-USD,0.20000000029733486
2023-03-01,crypto_min_variance,XLM-USD,0.1999999985523928
2023-04-01,crypto_min_variance,XLM-USD,0.19999999804209156
2023-05-01,crypto_min_variance,XLM-USD,0.19999999858555573
2023-06-01,crypto_min_variance,XLM-USD,0.19999999985761968
2023-07-01,crypto_min_variance,XLM-USD,0.20000000000418192
2023-08-01,crypto_min_variance,XLM-USD,0.023699762420823726
2023-09-01,crypto_min_variance,XLM-USD,0.1
2023-10-01,crypto_min_variance,XLM-USD,4.427454240625433e-09
2023-11-01,crypto_min_variance,XLM-USD,1.76835575301433e-09
2023-12-01,crypto_min_variance,XLM-USD,3.1207687349912415e-11
2020-09-10,crypto_min_variance,XRP-USD,0.19999999241625005
2020-10-01,crypto_min_variance,XRP-USD,0.20000000390565384
2020-11-01,crypto_min_variance,XRP-USD,0.19999999859025663
2020-12-01,crypto_min_variance,XRP-USD,4.683385820373968e-09
2021-01-01,crypto_min_variance,XRP-USD,3.2098112501963984e-12
2021-02-01,crypto_min_variance,XRP-USD,6.422458752366778e-09
2021-03-01,crypto_min_variance,XRP-USD,0.1
2021-04-01,crypto_min_variance,XRP-USD,0.044214976505609606
2021-05-01,crypto_min_variance,XRP-USD,0.1
2021-06-01,crypto_min_variance,XRP-USD,0.1
2021-07-01,crypto_min_variance,XRP-USD,0.1
2021-08-01,crypto_min_variance,XRP-USD,0.00850093557304797
2021-09-01,crypto_min_variance,XRP-USD,0.1
2021-10-01,crypto_min_variance,XRP-USD,0.1
2021-11-01,crypto_min_variance,XRP-USD,0.0
2021-12-01,crypto_min_variance,XRP-USD,0.1
2022-01-01,crypto_min_variance,XRP-USD,0.0
2022-02-01,crypto_min_variance,XRP-USD,0.0
2022-03-01,crypto_min_variance,XRP-USD,8.995015018870705e-12
2022-04-01,crypto_min_variance,XRP-USD,0.007116218749021529
2022-05-01,crypto_min_variance,XRP-USD,0.11892115636916574
2022-06-01,crypto_min_variance,XRP-USD,0.16724973465772527
2022-07-01,crypto_min_variance,XRP-USD,0.1801375069405652
2022-08-01,crypto_min_variance,XRP-USD,0.20000000064178128
2022-09-01,crypto_min_variance,XRP-USD,0.19999999936162965
2022-10-01,crypto_min_variance,XRP-USD,0.1719891510574956
2022-11-01,crypto_min_variance,XRP-USD,0.20000000277239996
2022-12-01,crypto_min_variance,XRP-USD,0.1
2023-01-01,crypto_min_variance,XRP-USD,0.15807868148828216
2023-02-01,crypto_min_variance,XRP-USD,0.14610788739847344
2023-03-01,crypto_min_variance,XRP-USD,0.08186458108447704
2023-04-01,crypto_min_variance,XRP-USD,0.05623306844951586
2023-05-01,crypto_min_variance,XRP-USD,0.009671833472091567
2023-06-01,crypto_min_variance,XRP-USD,5.16623172064039e-10
2023-07-01,crypto_min_variance,XRP-USD,0.12014542225099291
2023-08-01,crypto_min_variance,XRP-USD,0.0022402152917945003
2023-09-01,crypto_min_variance,XRP-USD,0.1
2023-10-01,crypto_min_variance,XRP-USD,4.5778005162861e-09
2023-11-01,crypto_min_variance,XRP-USD,1.5966187466912222e-09
2023-12-01,crypto_min_variance,XRP-USD,1.7326498082086264e-11
2020-09-10,crypto_risk_parity,ADA-USD,0.08865565996062665
2020-10-01,crypto_risk_parity,ADA-USD,0.08614251789113521
2020-11-01,crypto_risk_parity,ADA-USD,0.08555314729327938
2020-12-01,crypto_risk_parity,ADA-USD,0.0834285645688346
2021-01-01,crypto_risk_parity,ADA-USD,0.08400242193639249
2021-02-01,crypto_risk_parity,ADA-USD,0.08110186551834454
2021-03-01,crypto_risk_parity,ADA-USD,0.09042172703645378
2021-04-01,crypto_risk_parity,ADA-USD,0.092485204314855
2021-05-01,crypto_risk_parity,ADA-USD,0.09813426197203504
2021-06-01,crypto_risk_parity,ADA-USD,0.1025199676887849
2021-07-01,crypto_risk_parity,ADA-USD,0.10380062759851033
2021-08-01,crypto_risk_parity,ADA-USD,0.10488405655946811
2021-09-01,crypto_risk_parity,ADA-USD,0.10316514208917639
2021-10-01,crypto_risk_parity,ADA-USD,0.10797374054397482
2021-11-01,crypto_risk_parity,ADA-USD,0.10906584078696693
2021-12-01,crypto_risk_parity,ADA-USD,0.10908510642999762
2022-01-01,crypto_risk_parity,ADA-USD,0.1023916644058995
2022-02-01,crypto_risk_parity,ADA-USD,0.09552398476754889
2022-03-01,crypto_risk_parity,ADA-USD,0.09661586005510675
2022-04-01,crypto_risk_parity,ADA-USD,0.09545128706764207
2022-05-01,crypto_risk_parity,ADA-USD,0.09562472521693274
2022-06-01,crypto_risk_parity,ADA-USD,0.08564660687601436
2022-07-01,crypto_risk_parity,ADA-USD,0.08465366101182703
2022-08-01,crypto_risk_parity,ADA-USD,0.0850653656204067
2022-09-01,crypto_risk_parity,ADA-USD,0.08554007435854558
2022-10-01,crypto_risk_parity,ADA-USD,0.08905279114400651
2022-11-01,crypto_risk_parity,ADA-USD,0.08669429429277462
2022-12-01,crypto_risk_parity,ADA-USD,0.0891264755978133
2023-01-01,crypto_risk_parity,ADA-USD,0.08862936694061317
2023-02-01,crypto_risk_parity,ADA-USD,0.09209823572839315
2023-03-01,crypto_risk_parity,ADA-USD,0.09339827909802503
2023-04-01,crypto_risk_parity,ADA-USD,0.09444451942390582
2023-05-01,crypto_risk_parity,ADA-USD,0.09236920665514071
2023-06-01,crypto_risk_parity,ADA-USD,0.08984480048118
2023-07-01,crypto_risk_parity,ADA-USD,0.09145921215540935
2023-08-01,crypto_risk_parity,ADA-USD,0.0861423036322809
2023-09-01,crypto_risk_parity,ADA-USD,0.08779263766477872
2023-10-01,crypto_risk_parity,ADA-USD,0.08923060059301215
2023-11-01,crypto_risk_parity,ADA-USD,0.0911990909787594
2023-12-01,crypto_risk_parity,ADA-USD,0.08701812118016183
2020-09-10,crypto_risk_parity,BCH-USD,0.08617338910939903
2020-10-01,crypto_risk_parity,BCH-USD,0.0913319562799733
2020-11-01,crypto_risk_parity,BCH-USD,0.0924705799621336
2020-12-01,crypto_risk_parity,BCH-USD,0.09474528106704563
2021-01-01,crypto_risk_parity,BCH-USD,0.09759296523106548
2021-02-01,crypto_risk_parity,BCH-USD,0.09037361472349287
2021-03-01,crypto_risk_parity,BCH-USD,0.09106322538144224
2021-04-01,crypto_risk_parity,BCH-USD,0.0924067362837036
2021-05-01,crypto_risk_parity,BCH-USD,0.09060946769645527
2021-06-01,crypto_risk_parity,BCH-USD,0.08253181614705962
2021-07-01,crypto_risk_parity,BCH-USD,0.0844572442846401
2021-08-01,crypto_risk_parity,BCH-USD,0.08474509503754199
2021-09-01,crypto_risk_parity,BCH-USD,0.08487110717192597
2021-10-01,crypto_risk_parity,BCH-USD,0.08666189199111266
2021-11-01,crypto_risk_parity,BCH-USD,0.08548679120791443
2021-12-01,crypto_risk_parity,BCH-USD,0.08520291484982738
2022-01-01,crypto_risk_parity,BCH-USD,0.08622933917474747
2022-02-01,crypto_risk_parity,BCH-USD,0.10514146168765291
2022-03-01,crypto_risk_parity,BCH-USD,0.10521055213975639
2022-04-01,crypto_risk_parity,BCH-USD,0.10165574610270901
2022-05-01,crypto_risk_parity,BCH-USD,0.10016779681283847
2022-06-01,crypto_risk_parity,BCH-USD,0.09881540976229583
2022-07-01,crypto_risk_parity,BCH-USD,0.0989468919508248
2022-08-01,crypto_risk_parity,BCH-USD,0.09688433297205512
2022-09-01,crypto_risk_parity,BCH-USD,0.09538187935795696
2022-10-01,crypto_risk_parity,BCH-USD,0.09382200594247307
2022-11-01,crypto_risk_parity,BCH-USD,0.09238435055390684
2022-12-01,crypto_risk_parity,BCH-USD,0.095169942545627
2023-01-01,crypto_risk_parity,BCH-USD,0.09477130474942216
2023-02-01,crypto_risk_parity,BCH-USD,0.09192142019124691
2023-03-01,crypto_risk_parity,BCH-USD,0.09137164638110716
2023-04-01,crypto_risk_parity,BCH-USD,0.09373573999264785
2023-05-01,crypto_risk_parity,BCH-USD,0.09935581879206928
2023-06-01,crypto_risk_parity,BCH-USD,0.10166510184189943
2023-07-01,crypto_risk_parity,BCH-USD,0.08496907178694918
2023-08-01,crypto_risk_parity,BCH-USD,0.0933394850756596
2023-09-01,crypto_risk_parity,BCH-USD,0.08791138981938333
2023-10-01,crypto_risk_parity,BCH-USD,0.08461433078253199
2023-11-01,crypto_risk_parity,BCH-USD,0.08153604432388231
2023-12-01,crypto_risk_parity,BCH-USD,0.08033851636312149
2020-09-10,crypto_risk_parity,BTC-USD,0.12475477461855891
2020-10-01,crypto_risk_parity,BTC-USD,0.1229040736578864
2020-11-01,crypto_risk_parity,BTC-USD,0.11992806086835121
2020-12-01,crypto_risk_parity,BTC-USD,0.14692657738628495
2021-01-01,crypto_risk_parity,BTC-USD,0.16253427442123725
2021-02-01,crypto_risk_parity,BTC-USD,0.16471786133653074
2021-03-01,crypto_risk_parity,BTC-USD,0.1642112369163811
2021-04-01,crypto_risk_parity,BTC-USD,0.1601940870545077
2021-05-01,crypto_risk_parity,BTC-USD,0.1649314219008565
2021-06-01,crypto_risk_parity,BTC-USD,0.17551899251553452
2021-07-01,crypto_risk_parity,BTC-USD,0.1707081899309573
2021-08-01,crypto_risk_parity,BTC-USD,0.16742129652056773
2021-09-01,crypto_risk_parity,BTC-USD,0.16612287870503858
2021-10-01,crypto_risk_parity,BTC-USD,0.15980057369687173
2021-11-01,crypto_risk_parity,BTC-USD,0.16091460387165454
2021-12-01,crypto_risk_parity,BTC-USD,0.163008207599526
2022-01-01,crypto_risk_parity,BTC-USD,0.1556905374698833
2022-02-01,crypto_risk_parity,BTC-USD,0.13472894233159738
2022-03-01,crypto_risk_parity,BTC-USD,0.13005501126148952
2022-04-01,crypto_risk_parity,BTC-USD,0.12721894587241342
2022-05-01,crypto_risk_parity,BTC-USD,0.12680727362084934
2022-06-01,crypto_risk_parity,BTC-USD,0.1282005267676718
2022-07-01,crypto_risk_parity,BTC-USD,0.1263795344493826
2022-08-01,crypto_risk_parity,BTC-USD,0.12386620072750462
2022-09-01,crypto_risk_parity,BTC-USD,0.12409608179937896
2022-10-01,crypto_risk_parity,BTC-USD,0.12365808253072991
2022-11-01,crypto_risk_parity,BTC-USD,0.12375843251616338
2022-12-01,crypto_risk_parity,BTC-USD,0.12743048370508012
2023-01-01,crypto_risk_parity,BTC-USD,0.12704564775815325
2023-02-01,crypto_risk_parity,BTC-USD,0.11811986397015196
2023-03-01,crypto_risk_parity,BTC-USD,0.1203265256831684
2023-04-01,crypto_risk_parity,BTC-USD,0.12068991387956894
2023-05-01,crypto_risk_parity,BTC-USD,0.11951530759355392
2023-06-01,crypto_risk_parity,BTC-USD,0.11758432214302798
2023-07-01,crypto_risk_parity,BTC-USD,0.12278632567554362
2023-08-01,crypto_risk_parity,BTC-USD,0.13951131937027195
2023-09-01,crypto_risk_parity,BTC-USD,0.13694151290993048
2023-10-01,crypto_risk_parity,BTC-USD,0.1389091808328913
2023-11-01,crypto_risk_parity,BTC-USD,0.1356521231474625
2023-12-01,crypto_risk_parity,BTC-USD,0.1390532235355026
2020-09-10,crypto_risk_parity,EOS-USD,0.09318375653750285
2020-10-01,crypto_risk_parity,EOS-USD,0.09537017003705461
2020-11-01,crypto_risk_parity,EOS-USD,0.09703893980937396
2020-12-01,crypto_risk_parity,EOS-USD,0.09597998170794429
2021-01-01,crypto_risk_parity,EOS-USD,0.09478773863415653
2021-02-01,crypto_risk_parity,EOS-USD,0.09731813629195454
2021-03-01,crypto_risk_parity,EOS-USD,0.09412436294773575
2021-04-01,crypto_risk_parity,EOS-USD,0.09199667544530234
2021-05-01,crypto_risk_parity,EOS-USD,0.08871346897593921
2021-06-01,crypto_risk_parity,EOS-USD,0.07771823542214046
2021-07-01,crypto_risk_parity,EOS-USD,0.07833898188019826
2021-08-01,crypto_risk_parity,EOS-USD,0.07827440254432878
2021-09-01,crypto_risk_parity,EOS-USD,0.07681520566311388
2021-10-01,crypto_risk_parity,EOS-USD,0.07505077832238312
2021-11-01,crypto_risk_parity,EOS-USD,0.07404054438974741
2021-12-01,crypto_risk_parity,EOS-USD,0.07408843899379643
2022-01-01,crypto_risk_parity,EOS-USD,0.07442741732094037
2022-02-01,crypto_risk_parity,EOS-USD,0.08716000431929037
2022-03-01,crypto_risk_parity,EOS-USD,0.08834831498593698
2022-04-01,crypto_risk_parity,EOS-USD,0.0882375310677465
2022-05-01,crypto_risk_parity,EOS-USD,0.08541550451263778
2022-06-01,crypto_risk_parity,EOS-USD,0.08920883980648875
2022-07-01,crypto_risk_parity,EOS-USD,0.09062238107997016
2022-08-01,crypto_risk_parity,EOS-USD,0.09212819139025645
2022-09-01,crypto_risk_parity,EOS-USD,0.09164126620309346
2022-10-01,crypto_risk_parity,EOS-USD,0.08696625195188472
2022-11-01,crypto_risk_parity,EOS-USD,0.08535944613197856
2022-12-01,crypto_risk_parity,EOS-USD,0.08640483857242616
2023-01-01,crypto_risk_parity,EOS-USD,0.08779493950485023
2023-02-01,crypto_risk_parity,EOS-USD,0.08559054370465549
2023-03-01,crypto_risk_parity,EOS-USD,0.08256332647132406
2023-04-01,crypto_risk_parity,EOS-USD,0.08363533041987135
2023-05-01,crypto_risk_parity,EOS-USD,0.08554304550743644
2023-06-01,crypto_risk_parity,EOS-USD,0.0950717197884495
2023-07-01,crypto_risk_parity,EOS-USD,0.08936640685381658
2023-08-01,crypto_risk_parity,EOS-USD,0.09122156238032234
2023-09-01,crypto_risk_parity,EOS-USD,0.09004514571225732
2023-10-01,crypto_risk_parity,EOS-USD,0.08937216012918771
2023-11-01,crypto_risk_parity,EOS-USD,0.09022741816603122
2023-12-01,crypto_risk_parity,EOS-USD,0.08496056279743486
2020-09-10,crypto_risk_parity,ETC-USD,0.09386693409164716
2020-10-01,crypto_risk_parity,ETC-USD,0.09720167448643072
2020-11-01,crypto_risk_parity,ETC-USD,0.09961696456930214
2020-12-01,crypto_risk_parity,ETC-USD,0.10929805680582008
2021-01-01,crypto_risk_parity,ETC-USD,0.10720630024665116
2021-02-01,crypto_risk_parity,ETC-USD,0.11032366585823722
2021-03-01,crypto_risk_parity,ETC-USD,0.0982691348177015
2021-04-01,crypto_risk_parity,ETC-USD,0.09793701017298209
2021-05-01,crypto_risk_parity,ETC-USD,0.09640097578513811
2021-06-01,crypto_risk_parity,ETC-USD,0.08462406362717545
2021-07-01,crypto_risk_parity,ETC-USD,0.08329834384922552
2021-08-01,crypto_risk_parity,ETC-USD,0.08270582559481311
2021-09-01,crypto_risk_parity,ETC-USD,0.0814481879202441
2021-10-01,crypto_risk_parity,ETC-USD,0.0788523858141353
2021-11-01,crypto_risk_parity,ETC-USD,0.07964657667415805
2021-12-01,crypto_risk_parity,ETC-USD,0.08084209754639725
2022-01-01,crypto_risk_parity,ETC-USD,0.08077169772864407
2022-02-01,crypto_risk_parity,ETC-USD,0.09212627372213364
2022-03-01,crypto_risk_parity,ETC-USD,0.09173073766141115
2022-04-01,crypto_risk_parity,ETC-USD,0.09256448179310528
2022-05-01,crypto_risk_parity,ETC-USD,0.09020494220008987
2022-06-01,crypto_risk_parity,ETC-USD,0.08963414426198794
2022-07-01,crypto_risk_parity,ETC-USD,0.08749457593090677
2022-08-01,crypto_risk_parity,ETC-USD,0.07660317111625387
2022-09-01,crypto_risk_parity,ETC-USD,0.07401555094736284
2022-10-01,crypto_risk_parity,ETC-USD,0.07243614761825182
2022-11-01,crypto_risk_parity,ETC-USD,0.07014190975532504
2022-12-01,crypto_risk_parity,ETC-USD,0.07188903043497565
2023-01-01,crypto_risk_parity,ETC-USD,0.07136433597709231
2023-02-01,crypto_risk_parity,ETC-USD,0.06689267075687257
2023-03-01,crypto_risk_parity,ETC-USD,0.06390651833056735
2023-04-01,crypto_risk_parity,ETC-USD,0.0695814555922803
2023-05-01,crypto_risk_parity,ETC-USD,0.0764070829752761
2023-06-01,crypto_risk_parity,ETC-USD,0.07968257318490543
2023-07-01,crypto_risk_parity,ETC-USD,0.07728290085739765
2023-08-01,crypto_risk_parity,ETC-USD,0.08442772195004151
2023-09-01,crypto_risk_parity,ETC-USD,0.08775371893622828
2023-10-01,crypto_risk_parity,ETC-USD,0.09160060735811024
2023-11-01,crypto_risk_parity,ETC-USD,0.09289546846124451
2023-12-01,crypto_risk_parity,ETC-USD,0.09126946052278662
2020-09-10,crypto_risk_parity,ETH-USD,0.09217987604467041
2020-10-01,crypto_risk_parity,ETH-USD,0.0898985644374383
2020-11-01,crypto_risk_parity,ETH-USD,0.08886597539162383
2020-12-01,crypto_risk_parity,ETH-USD,0.09564074626536946
2021-01-01,crypto_risk_parity,ETH-USD,0.10504434615252912
2021-02-01,crypto_risk_parity,ETH-USD,0.09920538851447579
2021-03-01,crypto_risk_parity,ETH-USD,0.10545530445957042
2021-04-01,crypto_risk_parity,ETH-USD,0.105605884031343
2021-05-01,crypto_risk_parity,ETH-USD,0.11305906902564458
2021-06-01,crypto_risk_parity,ETH-USD,0.11736804130396088
2021-07-01,crypto_risk_parity,ETH-USD,0.11795842675120549
2021-08-01,crypto_risk_parity,ETH-USD,0.11704169868923898
2021-09-01,crypto_risk_parity,ETH-USD,0.11594595224153546
2021-10-01,crypto_risk_parity,ETH-USD,0.1168006562436183
2021-11-01,crypto_risk_parity,ETH-USD,0.11481317751350488
2021-12-01,crypto_risk_parity,ETH-USD,0.11600185303761225
2022-01-01,crypto_risk_parity,ETH-USD,0.11309374020527253
2022-02-01,crypto_risk_parity,ETH-USD,0.10365623934412933
2022-03-01,crypto_risk_parity,ETH-USD,0.10434280663024696
2022-04-01,crypto_risk_parity,ETH-USD,0.10533912941389753
2022-05-01,crypto_risk_parity,ETH-USD,0.10547466132968387
2022-06-01,crypto_risk_parity,ETH-USD,0.1066842036923093
2022-07-01,crypto_risk_parity,ETH-USD,0.10271938493445154
2022-08-01,crypto_risk_parity,ETH-USD,0.09647493824868898
2022-09-01,crypto_risk_parity,ETH-USD,0.09261729721362534
2022-10-01,crypto_risk_parity,ETH-USD,0.09295080792849307
2022-11-01,crypto_risk_parity,ETH-USD,0.09147555715905882
2022-12-01,crypto_risk_parity,ETH-USD,0.08920524490043122
2023-01-01,crypto_risk_parity,ETH-USD,0.08741900915068739
2023-02-01,crypto_risk_parity,ETH-USD,0.07958288563650624
2023-03-01,crypto_risk_parity,ETH-USD,0.0805474710143081
2023-04-01,crypto_risk_parity,ETH-USD,0.08831128520369758
2023-05-01,crypto_risk_parity,ETH-USD,0.09017400871668686
2023-06-01,crypto_risk_parity,ETH-USD,0.09139849195329644
2023-07-01,crypto_risk_parity,ETH-USD,0.09610112439501277
2023-08-01,crypto_risk_parity,ETH-USD,0.11754660770420479
2023-09-01,crypto_risk_parity,ETH-USD,0.12233187119954297
2023-10-01,crypto_risk_parity,ETH-USD,0.12364193411490211
2023-11-01,crypto_risk_parity,ETH-USD,0.12410842551344183
2023-12-01,crypto_risk_parity,ETH-USD,0.12129616925442532
2020-09-10,crypto_risk_parity,LTC-USD,0.0967356154242581
2020-10-01,crypto_risk_parity,LTC-USD,0.09717561889624847
2020-11-01,crypto_risk_parity,LTC-USD,0.09625948264836823
2020-12-01,crypto_risk_parity,LTC-USD,0.09819931470099647
2021-01-01,crypto_risk_parity,LTC-USD,0.09496567708289719
2021-02-01,crypto_risk_parity,LTC-USD,0.09578952161369868
2021-03-01,crypto_risk_parity,LTC-USD,0.0953801250655495
2021-04-01,crypto_risk_parity,LTC-USD,0.0980212868389344
2021-05-01,crypto_risk_parity,LTC-USD,0.10001361465256843
2021-06-01,crypto_risk_parity,LTC-USD,0.09882281022351781
2021-07-01,crypto_risk_parity,LTC-USD,0.0996756745148823
2021-08-01,crypto_risk_parity,LTC-USD,0.09989249375510774
2021-09-01,crypto_risk_parity,LTC-USD,0.10064591261807763
2021-10-01,crypto_risk_parity,LTC-USD,0.09890072975558248
2021-11-01,crypto_risk_parity,LTC-USD,0.09916998107927247
2021-12-01,crypto_risk_parity,LTC-USD,0.09582323492492247
2022-01-01,crypto_risk_parity,LTC-USD,0.0949156237325663
2022-02-01,crypto_risk_parity,LTC-USD,0.09330071363576616
2022-03-01,crypto_risk_parity,LTC-USD,0.09235930049199148
2022-04-01,crypto_risk_parity,LTC-USD,0.09053326315765622
2022-05-01,crypto_risk_parity,LTC-USD,0.09001793923541676
2022-06-01,crypto_risk_parity,LTC-USD,0.08951493276682339
2022-07-01,crypto_risk_parity,LTC-USD,0.08845787157312715
2022-08-01,crypto_risk_parity,LTC-USD,0.09268421292525796
2022-09-01,crypto_risk_parity,LTC-USD,0.09448626684665985
2022-10-01,crypto_risk_parity,LTC-USD,0.094980949699182
2022-11-01,crypto_risk_parity,LTC-USD,0.0955370883112592
2022-12-01,crypto_risk_parity,LTC-USD,0.09320873631104169
2023-01-01,crypto_risk_parity,LTC-USD,0.09277869435359613
2023-02-01,crypto_risk_parity,LTC-USD,0.09209352721889974
2023-03-01,crypto_risk_parity,LTC-USD,0.09402362078409035
2023-04-01,crypto_risk_parity,LTC-USD,0.09334959567554123
2023-05-01,crypto_risk_parity,LTC-USD,0.09148210830364559
2023-06-01,crypto_risk_parity,LTC-USD,0.08910701702669975
2023-07-01,crypto_risk_parity,LTC-USD,0.08322051083355024
2023-08-01,crypto_risk_parity,LTC-USD,0.08690974598992528
2023-09-01,crypto_risk_parity,LTC-USD,0.08720764146837078
2023-10-01,crypto_risk_parity,LTC-USD,0.08547963898545671
2023-11-01,crypto_risk_parity,LTC-USD,0.08370836604691934
2023-12-01,crypto_risk_parity,LTC-USD,0.08354593550573094
2020-09-10,crypto_risk_parity,TRX-USD,0.10023224683280973
2020-10-01,crypto_risk_parity,TRX-USD,0.09905577107508858
2020-11-01,crypto_risk_parity,TRX-USD,0.10128588110228265
2020-12-01,crypto_risk_parity,TRX-USD,0.1087859719643872
2021-01-01,crypto_risk_parity,TRX-USD,0.10765137584915803
2021-02-01,crypto_risk_parity,TRX-USD,0.11723751513741353
2021-03-01,crypto_risk_parity,TRX-USD,0.11043157332596289
2021-04-01,crypto_risk_parity,TRX-USD,0.1058613362166482
2021-05-01,crypto_risk_parity,TRX-USD,0.1024092244065207
2021-06-01,crypto_risk_parity,TRX-USD,0.09927410510085297
2021-07-01,crypto_risk_parity,TRX-USD,0.09873563298083246
2021-08-01,crypto_risk_parity,TRX-USD,0.09897385088719593
2021-09-01,crypto_risk_parity,TRX-USD,0.09904950479367979
2021-10-01,crypto_risk_parity,TRX-USD,0.09426125331246635
2021-11-01,crypto_risk_parity,TRX-USD,0.09484159723268748
2021-12-01,crypto_risk_parity,TRX-USD,0.0944271001410575
2022-01-01,crypto_risk_parity,TRX-USD,0.1013638460241006
2022-02-01,crypto_risk_parity,TRX-USD,0.10332510762908531
2022-03-01,crypto_risk_parity,TRX-USD,0.1079442163534489
2022-04-01,crypto_risk_parity,TRX-USD,0.11350234484525834
2022-05-01,crypto_risk_parity,TRX-USD,0.11420610617302401
2022-06-01,crypto_risk_parity,TRX-USD,0.1173601217027167
2022-07-01,crypto_risk_parity,TRX-USD,0.12081327555101266
2022-08-01,crypto_risk_parity,TRX-USD,0.131434751270035
2022-09-01,crypto_risk_parity,TRX-USD,0.13422364049391455
2022-10-01,crypto_risk_parity,TRX-USD,0.1412772339617385
2022-11-01,crypto_risk_parity,TRX-USD,0.14484963773713153
2022-12-01,crypto_risk_parity,TRX-USD,0.14549068316272373
2023-01-01,crypto_risk_parity,TRX-USD,0.14849656265945924
2023-02-01,crypto_risk_parity,TRX-USD,0.17337615906687096
2023-03-01,crypto_risk_parity,TRX-USD,0.17567167569932648
2023-04-01,crypto_risk_parity,TRX-USD,0.1570720649034589
2023-05-01,crypto_risk_parity,TRX-USD,0.15446457700838623
2023-06-01,crypto_risk_parity,TRX-USD,0.14814361013443228
2023-07-01,crypto_risk_parity,TRX-USD,0.15018824626367988
2023-08-01,crypto_risk_parity,TRX-USD,0.1556909320639422
2023-09-01,crypto_risk_parity,TRX-USD,0.158454116894519
2023-10-01,crypto_risk_parity,TRX-USD,0.15876283375382588
2023-11-01,crypto_risk_parity,TRX-USD,0.16811662025672103
2023-12-01,crypto_risk_parity,TRX-USD,0.18820818856118557
2020-09-10,crypto_risk_parity,XLM-USD,0.10768908429584527
2020-10-01,crypto_risk_parity,XLM-USD,0.10523375888900126
2020-11-01,crypto_risk_parity,XLM-USD,0.10328661976884786
2020-12-01,crypto_risk_parity,XLM-USD,0.08119394954740458
2021-01-01,crypto_risk_parity,XLM-USD,0.07487545741078024
2021-02-01,crypto_risk_parity,XLM-USD,0.06646884189566356
2021-03-01,crypto_risk_parity,XLM-USD,0.06913290406389097
2021-04-01,crypto_risk_parity,XLM-USD,0.07182078866158152
2021-05-01,crypto_risk_parity,XLM-USD,0.07145173347307847
2021-06-01,crypto_risk_parity,XLM-USD,0.08048632713439145
2021-07-01,crypto_risk_parity,XLM-USD,0.08162701841873804
2021-08-01,crypto_risk_parity,XLM-USD,0.08266621354939477
2021-09-01,crypto_risk_parity,XLM-USD,0.08678128309199995
2021-10-01,crypto_risk_parity,XLM-USD,0.09638779910552873
2021-11-01,crypto_risk_parity,XLM-USD,0.09710439131468548
2021-12-01,crypto_risk_parity,XLM-USD,0.09779058709988453
2022-01-01,crypto_risk_parity,XLM-USD,0.09934415345578172
2022-02-01,crypto_risk_parity,XLM-USD,0.09525220949293176
2022-03-01,crypto_risk_parity,XLM-USD,0.09455981466959076
2022-04-01,crypto_risk_parity,XLM-USD,0.09393985772718932
2022-05-01,crypto_risk_parity,XLM-USD,0.09468649596004255
2022-06-01,crypto_risk_parity,XLM-USD,0.09574384276012822
2022-07-01,crypto_risk_parity,XLM-USD,0.09822692042312796
2022-08-01,crypto_risk_parity,XLM-USD,0.10171277045826106
2022-09-01,crypto_risk_parity,XLM-USD,0.10340629901559617
2022-10-01,crypto_risk_parity,XLM-USD,0.10345235794692371
2022-11-01,crypto_risk_parity,XLM-USD,0.1043999002315269
2022-12-01,crypto_risk_parity,XLM-USD,0.10307658916783616
2023-01-01,crypto_risk_parity,XLM-USD,0.10361132250950536
2023-02-01,crypto_risk_parity,XLM-USD,0.10263887044357374
2023-03-01,crypto_risk_parity,XLM-USD,0.1030924601662995
2023-04-01,crypto_risk_parity,XLM-USD,0.10484501475457438
2023-05-01,crypto_risk_parity,XLM-USD,0.10143008332520724
2023-06-01,crypto_risk_parity,XLM-USD,0.1019710750496186
2023-07-01,crypto_risk_parity,XLM-USD,0.10603117968031227
2023-08-01,crypto_risk_parity,XLM-USD,0.07410032809634232
2023-09-01,crypto_risk_parity,XLM-USD,0.07211544122589715
2023-10-01,crypto_risk_parity,XLM-USD,0.07092693326511171
2023-11-01,crypto_risk_parity,XLM-USD,0.06804071485404622
2023-12-01,crypto_risk_parity,XLM-USD,0.06365345196002238
2020-09-10,crypto_risk_parity,XRP-USD,0.11652866308468167
2020-10-01,crypto_risk_parity,XRP-USD,0.11568589434974322
2020-11-01,crypto_risk_parity,XRP-USD,0.1156943485864371
2020-12-01,crypto_risk_parity,XRP-USD,0.08580155598591256
2021-01-01,crypto_risk_parity,XRP-USD,0.07133944303513257
2021-02-01,crypto_risk_parity,XRP-USD,0.07746358911018843
2021-03-01,crypto_risk_parity,XRP-USD,0.0815104059853119
2021-04-01,crypto_risk_parity,XRP-USD,0.08367099098014205
2021-05-01,crypto_risk_parity,XRP-USD,0.07427676211176366
2021-06-01,crypto_risk_parity,XRP-USD,0.08113564083658215
2021-07-01,crypto_risk_parity,XRP-USD,0.08139985979081019
2021-08-01,crypto_risk_parity,XRP-USD,0.08339506686234288
2021-09-01,crypto_risk_parity,XRP-USD,0.08515482570520828
2021-10-01,crypto_risk_parity,XRP-USD,0.08531019121432651
2021-11-01,crypto_risk_parity,XRP-USD,0.0849164959294083
2021-12-01,crypto_risk_parity,XRP-USD,0.08373045937697843
2022-01-01,crypto_risk_parity,XRP-USD,0.09177198048216427
2022-02-01,crypto_risk_parity,XRP-USD,0.08978506306986424
2022-03-01,crypto_risk_parity,XRP-USD,0.08883338575102122
2022-04-01,crypto_risk_parity,XRP-USD,0.09155741295238218
2022-05-01,crypto_risk_parity,XRP-USD,0.09739455493848442
2022-06-01,crypto_risk_parity,XRP-USD,0.09919137160356378
2022-07-01,crypto_risk_parity,XRP-USD,0.10168550309536936
2022-08-01,crypto_risk_parity,XRP-USD,0.1031460652712803
2022-09-01,crypto_risk_parity,XRP-USD,0.10459164376386633
2022-10-01,crypto_risk_parity,XRP-USD,0.10140337127631682
2022-11-01,crypto_risk_parity,XRP-USD,0.10539938331087513
2022-12-01,crypto_risk_parity,XRP-USD,0.09899797560204487
2023-01-01,crypto_risk_parity,XRP-USD,0.09808881639662081
2023-02-01,crypto_risk_parity,XRP-USD,0.09768582328282914
2023-03-01,crypto_risk_parity,XRP-USD,0.09509847637178356
2023-04-01,crypto_risk_parity,XRP-USD,0.09433508015445369
2023-05-01,crypto_risk_parity,XRP-USD,0.08925876112259765
2023-06-01,crypto_risk_parity,XRP-USD,0.08553128839649066
2023-07-01,crypto_risk_parity,XRP-USD,0.09859502149832848
2023-08-01,crypto_risk_parity,XRP-USD,0.07110999373700926
2023-09-01,crypto_risk_parity,XRP-USD,0.06944652416909182
2023-10-01,crypto_risk_parity,XRP-USD,0.06746178018497026
2023-11-01,crypto_risk_parity,XRP-USD,0.06451572825149172
2023-12-01,crypto_risk_parity,XRP-USD,0.060656370319628436
2020-09-10,crypto_max_sharpe,ADA-USD,0.19999999999999993
2020-10-01,crypto_max_sharpe,ADA-USD,0.19999999999999996
2020-11-01,crypto_max_sharpe,ADA-USD,0.19999999999999993
2020-12-01,crypto_max_sharpe,ADA-USD,0.19999999999999996
2021-01-01,crypto_max_sharpe,ADA-USD,0.20000000000000007
2021-02-01,crypto_max_sharpe,ADA-USD,0.19999999999999993
2021-03-01,crypto_max_sharpe,ADA-USD,0.2
2021-04-01,crypto_max_sharpe,ADA-USD,0.19999999999999987
2021-05-01,crypto_max_sharpe,ADA-USD,0.19999999999999998
2021-06-01,crypto_max_sharpe,ADA-USD,0.20000000000000007
2021-07-01,crypto_max_sharpe,ADA-USD,0.19999999999999998
2021-08-01,crypto_max_sharpe,ADA-USD,0.20000000000000007
2021-09-01,crypto_max_sharpe,ADA-USD,0.1999999999999998
2021-10-01,crypto_max_sharpe,ADA-USD,0.19999999999999987
2021-11-01,crypto_max_sharpe,ADA-USD,0.2
2021-12-01,crypto_max_sharpe,ADA-USD,0.19999999999999993
2022-01-01,crypto_max_sharpe,ADA-USD,0.19999999999999973
2022-02-01,crypto_max_sharpe,ADA-USD,0.19999999999999993
2022-03-01,crypto_max_sharpe,ADA-USD,0.0
2022-04-01,crypto_max_sharpe,ADA-USD,0.0
2022-05-01,crypto_max_sharpe,ADA-USD,2.7743154084921707e-16
2022-06-01,crypto_max_sharpe,ADA-USD,1.366779922688757e-16
2022-07-01,crypto_max_sharpe,ADA-USD,7.632783294297956e-17
2022-08-01,crypto_max_sharpe,ADA-USD,0.19999999999999996
2022-09-01,crypto_max_sharpe,ADA-USD,0.2
2022-10-01,crypto_max_sharpe,ADA-USD,0.0
2022-11-01,crypto_max_sharpe,ADA-USD,0.0
2022-12-01,crypto_max_sharpe,ADA-USD,0.0
2023-01-01,crypto_max_sharpe,ADA-USD,1.590067863398843e-16
2023-02-01,crypto_max_sharpe,ADA-USD,1.838806884535415e-16
2023-03-01,crypto_max_sharpe,ADA-USD,0.0
2023-04-01,crypto_max_sharpe,ADA-USD,5.763353182028281e-17
2023-05-01,crypto_max_sharpe,ADA-USD,1.529724707869853e-16
2023-06-01,crypto_max_sharpe,ADA-USD,2.231709665444536e-16
2023-07-01,crypto_max_sharpe,ADA-USD,1.3141605923762785e-16
2023-08-01,crypto_max_sharpe,ADA-USD,0.0
2023-09-01,crypto_max_sharpe,ADA-USD,1.0393484009554146e-16
2023-10-01,crypto_max_sharpe,ADA-USD,0.0
2023-11-01,crypto_max_sharpe,ADA-USD,0.0
2023-12-01,crypto_max_sharpe,ADA-USD,1.7781761678122444e-16
2020-09-10,crypto_max_sharpe,BCH-USD,0.0
2020-10-01,crypto_max_sharpe,BCH-USD,4.5098200620042563e-17
2020-11-01,crypto_max_sharpe,BCH-USD,1.5561339191782024e-16
2020-12-01,crypto_max_sharpe,BCH-USD,0.0
2021-01-01,crypto_max_sharpe,BCH-USD,8.336984291895503e-17
2021-02-01,crypto_max_sharpe,BCH-USD,0.0
2021-03-01,crypto_max_sharpe,BCH-USD,1.3662817749800773e-16
2021-04-01,crypto_max_sharpe,BCH-USD,1.2098482367090887e-16
2021-05-01,crypto_max_sharpe,BCH-USD,0.0
2021-06-01,crypto_max_sharpe,BCH-USD,4.250446983442332e-17
2021-07-01,crypto_max_sharpe,BCH-USD,2.193983725417605e-16
2021-08-01,crypto_max_sharpe,BCH-USD,0.0
2021-09-01,crypto_max_sharpe,BCH-USD,2.773044887418834e-16
2021-10-01,crypto_max_sharpe,BCH-USD,0.0
2021-11-01,crypto_max_sharpe,BCH-USD,6.858127505948381e-18
2021-12-01,crypto_max_sharpe,BCH-USD,0.0
2022-01-01,crypto_max_sharpe,BCH-USD,6.702552841823613e-16
2022-02-01,crypto_max_sharpe,BCH-USD,6.894335827057334e-17
2022-03-01,crypto_max_sharpe,BCH-USD,1.2563325179015405e-16
2022-04-01,crypto_max_sharpe,BCH-USD,8.719308979940288e-17
2022-05-01,crypto_max_sharpe,BCH-USD,9.593609717514348e-17
2022-06-01,crypto_max_sharpe,BCH-USD,1.414109266677179e-16
2022-07-01,crypto_max_sharpe,BCH-USD,1.0989167708269676e-16
2022-08-01,crypto_max_sharpe,BCH-USD,0.0
2022-09-01,crypto_max_sharpe,BCH-USD,6.709205851350155e-17
2022-10-01,crypto_max_sharpe,BCH-USD,0.0
2022-11-01,crypto_max_sharpe,BCH-USD,0.0
2022-12-01,crypto_max_sharpe,BCH-USD,7.951826269083078e-17
2023-01-01,crypto_max_sharpe,BCH-USD,3.1712107571736024e-18
2023-02-01,crypto_max_sharpe,BCH-USD,0.0
2023-03-01,crypto_max_sharpe,BCH-USD,2.1345019665051038e-17
2023-04-01,crypto_max_sharpe,BCH-USD,0.0
2023-05-01,crypto_max_sharpe,BCH-USD,1.179611963664229e-16
2023-06-01,crypto_max_sharpe,BCH-USD,0.0
2023-07-01,crypto_max_sharpe,BCH-USD,0.19999999999999984
2023-08-01,crypto_max_sharpe,BCH-USD,0.2
2023-09-01,crypto_max_sharpe,BCH-USD,0.20000000000000004
2023-10-01,crypto_max_sharpe,BCH-USD,0.19999999999999996
2023-11-01,crypto_max_sharpe,BCH-USD,0.19999999999999993
2023-12-01,crypto_max_sharpe,BCH-USD,0.20000000000000007
2020-09-10,crypto_max_sharpe,BTC-USD,0.19999999999999993
2020-10-01,crypto_max_sharpe,BTC-USD,0.1999999999999999
2020-11-01,crypto_max_sharpe,BTC-USD,0.19999999999999993
2020-12-01,crypto_max_sharpe,BTC-USD,0.19999999999999996
2021-01-01,crypto_max_sharpe,BTC-USD,0.19999999999999998
2021-02-01,crypto_max_sharpe,BTC-USD,0.19999999999999996
2021-03-01,crypto_max_sharpe,BTC-USD,0.19999999999999998
2021-04-01,crypto_max_sharpe,BTC-USD,0.19999999999999987
2021-05-01,crypto_max_sharpe,BTC-USD,0.19999999999999996
2021-06-01,crypto_max_sharpe,BTC-USD,0.20000000000000007
2021-07-01,crypto_max_sharpe,BTC-USD,0.19999999999999932
2021-08-01,crypto_max_sharpe,BTC-USD,0.20000000000000007
2021-09-01,crypto_max_sharpe,BTC-USD,0.2
2021-10-01,crypto_max_sharpe,BTC-USD,3.469446951953614e-18
2021-11-01,crypto_max_sharpe,BTC-USD,2.6020852139652106e-17
2021-12-01,crypto_max_sharpe,BTC-USD,0.0
2022-01-01,crypto_max_sharpe,BTC-USD,0.19999999999999968
2022-02-01,crypto_max_sharpe,BTC-USD,0.19999999999999993
2022-03-01,crypto_max_sharpe,BTC-USD,0.1999999999999999
2022-04-01,crypto_max_sharpe,BTC-USD,0.19999999999999984
2022-05-01,crypto_max_sharpe,BTC-USD,0.20000000000000007
2022-06-01,crypto_max_sharpe,BTC-USD,0.1999999999999998
2022-07-01,crypto_max_sharpe,BTC-USD,1.3070835879441847e-16
2022-08-01,crypto_max_sharpe,BTC-USD,2.511529882856186e-16
2022-09-01,crypto_max_sharpe,BTC-USD,0.0
2022-10-01,crypto_max_sharpe,BTC-USD,3.576896468103718e-17
2022-11-01,crypto_max_sharpe,BTC-USD,0.0
2022-12-01,crypto_max_sharpe,BTC-USD,2.8293774375374884e-16
2023-01-01,crypto_max_sharpe,BTC-USD,0.0
2023-02-01,crypto_max_sharpe,BTC-USD,0.0
2023-03-01,crypto_max_sharpe,BTC-USD,1.0030102909705621e-16
2023-04-01,crypto_max_sharpe,BTC-USD,0.19999999999999993
2023-05-01,crypto_max_sharpe,BTC-USD,0.19999999999999976
2023-06-01,crypto_max_sharpe,BTC-USD,0.19999999999999993
2023-07-01,crypto_max_sharpe,BTC-USD,0.19999999999999982
2023-08-01,crypto_max_sharpe,BTC-USD,0.2
2023-09-01,crypto_max_sharpe,BTC-USD,0.19999999999999998
2023-10-01,crypto_max_sharpe,BTC-USD,0.19999999999999996
2023-11-01,crypto_max_sharpe,BTC-USD,0.19999999999999993
2023-12-01,crypto_max_sharpe,BTC-USD,0.1999999999999999
2020-09-10,crypto_max_sharpe,EOS-USD,0.0
2020-10-01,crypto_max_sharpe,EOS-USD,1.530847369995988e-16
2020-11-01,crypto_max_sharpe,EOS-USD,1.2449164776099574e-16
2020-12-01,crypto_max_sharpe,EOS-USD,0.0
2021-01-01,crypto_max_sharpe,EOS-USD,8.022395656132534e-17
2021-02-01,crypto_max_sharpe,EOS-USD,0.0
2021-03-01,crypto_max_sharpe,EOS-USD,2.8803616777287445e-17
2021-04-01,crypto_max_sharpe,EOS-USD,0.0
2021-05-01,crypto_max_sharpe,EOS-USD,0.0
2021-06-01,crypto_max_sharpe,EOS-USD,7.658229914965058e-18
2021-07-01,crypto_max_sharpe,EOS-USD,1.4045484891810052e-16
2021-08-01,crypto_max_sharpe,EOS-USD,0.0
2021-09-01,crypto_max_sharpe,EOS-USD,2.742832182244588e-17
2021-10-01,crypto_max_sharpe,EOS-USD,0.0
2021-11-01,crypto_max_sharpe,EOS-USD,0.0
2021-12-01,crypto_max_sharpe,EOS-USD,2.2395628857265086e-17
2022-01-01,crypto_max_sharpe,EOS-USD,0.0
2022-02-01,crypto_max_sharpe,EOS-USD,2.8006523128940203e-16
2022-03-01,crypto_max_sharpe,EOS-USD,1.0750585256742073e-16
2022-04-01,crypto_max_sharpe,EOS-USD,1.2872078615385186e-16
2022-05-01,crypto_max_sharpe,EOS-USD,6.206471508179179e-17
2022-06-01,crypto_max_sharpe,EOS-USD,8.250343929849649e-17
2022-07-01,crypto_max_sharpe,EOS-USD,0.0
2022-08-01,crypto_max_sharpe,EOS-USD,0.0
2022-09-01,crypto_max_sharpe,EOS-USD,0.19999999999999996
2022-10-01,crypto_max_sharpe,EOS-USD,0.2
2022-11-01,crypto_max_sharpe,EOS-USD,0.1999999999999991
2022-12-01,crypto_max_sharpe,EOS-USD,0.0
2023-01-01,crypto_max_sharpe,EOS-USD,4.961309141293667e-16
2023-02-01,crypto_max_sharpe,EOS-USD,0.1999999999999999
2023-03-01,crypto_max_sharpe,EOS-USD,0.1724220586390771
2023-04-01,crypto_max_sharpe,EOS-USD,0.07018584937576335
2023-05-01,crypto_max_sharpe,EOS-USD,2.9476380623912746e-16
2023-06-01,crypto_max_sharpe,EOS-USD,0.0
2023-07-01,crypto_max_sharpe,EOS-USD,2.4126658069219147e-16
2023-08-01,crypto_max_sharpe,EOS-USD,0.0
2023-09-01,crypto_max_sharpe,EOS-USD,1.5060720252220067e-16
2023-10-01,crypto_max_sharpe,EOS-USD,0.0
2023-11-01,crypto_max_sharpe,EOS-USD,0.0
2023-12-01,crypto_max_sharpe,EOS-USD,6.939739953267396e-17
2020-09-10,crypto_max_sharpe,ETC-USD,0.0
2020-10-01,crypto_max_sharpe,ETC-USD,1.031655125428048e-17
2020-11-01,crypto_max_sharpe,ETC-USD,1.3566407194408698e-16
2020-12-01,crypto_max_sharpe,ETC-USD,0.0
2021-01-01,crypto_max_sharpe,ETC-USD,5.925028398434395e-17
2021-02-01,crypto_max_sharpe,ETC-USD,0.0
2021-03-01,crypto_max_sharpe,ETC-USD,6.144388107093552e-17
2021-04-01,crypto_max_sharpe,ETC-USD,0.0
2021-05-01,crypto_max_sharpe,ETC-USD,0.15881883860957033
2021-06-01,crypto_max_sharpe,ETC-USD,0.20000000000000007
2021-07-01,crypto_max_sharpe,ETC-USD,0.19999999999999987
2021-08-01,crypto_max_sharpe,ETC-USD,0.20000000000000007
2021-09-01,crypto_max_sharpe,ETC-USD,0.2
2021-10-01,crypto_max_sharpe,ETC-USD,0.2
2021-11-01,crypto_max_sharpe,ETC-USD,0.19999999999999998
2021-12-01,crypto_max_sharpe,ETC-USD,0.2
2022-01-01,crypto_max_sharpe,ETC-USD,0.19999999999999968
2022-02-01,crypto_max_sharpe,ETC-USD,7.38136972191846e-17
2022-03-01,crypto_max_sharpe,ETC-USD,4.8476956198558584e-17
2022-04-01,crypto_max_sharpe,ETC-USD,0.1999999999999999
2022-05-01,crypto_max_sharpe,ETC-USD,9.155501417339754e-17
2022-06-01,crypto_max_sharpe,ETC-USD,0.1999999999999999
2022-07-01,crypto_max_sharpe,ETC-USD,0.20000000000000015
2022-08-01,crypto_max_sharpe,ETC-USD,0.1999999999999998
2022-09-01,crypto_max_sharpe,ETC-USD,0.2
2022-10-01,crypto_max_sharpe,ETC-USD,0.2
2022-11-01,crypto_max_sharpe,ETC-USD,0.2
2022-12-01,crypto_max_sharpe,ETC-USD,0.19999999999999987
2023-01-01,crypto_max_sharpe,ETC-USD,0.19999999999999987
2023-02-01,crypto_max_sharpe,ETC-USD,0.19999999999999996
2023-03-01,crypto_max_sharpe,ETC-USD,0.19999999999999984
2023-04-01,crypto_max_sharpe,ETC-USD,1.5784745040100068e-16
2023-05-01,crypto_max_sharpe,ETC-USD,1.011209287396012e-16
2023-06-01,crypto_max_sharpe,ETC-USD,9.439011217190519e-17
2023-07-01,crypto_max_sharpe,ETC-USD,2.4760916340123167e-16
2023-08-01,crypto_max_sharpe,ETC-USD,0.0
2023-09-01,crypto_max_sharpe,ETC-USD,8.366703573364055e-17
2023-10-01,crypto_max_sharpe,ETC-USD,0.0
2023-11-01,crypto_max_sharpe,ETC-USD,5.2609336768633646e-17
2023-12-01,crypto_max_sharpe,ETC-USD,1.3745082788921889e-16
2020-09-10,crypto_max_sharpe,ETH-USD,0.19999999999999993
2020-10-01,crypto_max_sharpe,ETH-USD,0.19999999999999993
2020-11-01,crypto_max_sharpe,ETH-USD,0.19999999999999993
2020-12-01,crypto_max_sharpe,ETH-USD,0.19999999999999993
2021-01-01,crypto_max_sharpe,ETH-USD,0.19999999999999998
2021-02-01,crypto_max_sharpe,ETH-USD,0.19999999999999993
2021-03-01,crypto_max_sharpe,ETH-USD,0.20000000000000004
2021-04-01,crypto_max_sharpe,ETH-USD,0.19999999999999987
2021-05-01,crypto_max_sharpe,ETH-USD,0.2
2021-06-01,crypto_max_sharpe,ETH-USD,0.19999999999999987
2021-07-01,crypto_max_sharpe,ETH-USD,0.1999999999999999
2021-08-01,crypto_max_sharpe,ETH-USD,0.20000000000000007
2021-09-01,crypto_max_sharpe,ETH-USD,0.1999999999999999
2021-10-01,crypto_max_sharpe,ETH-USD,0.2
2021-11-01,crypto_max_sharpe,ETH-USD,0.19999999999999996
2021-12-01,crypto_max_sharpe,ETH-USD,0.2
2022-01-01,crypto_max_sharpe,ETH-USD,0.19999999999999984
2022-02-01,crypto_max_sharpe,ETH-USD,0.19999999999999976
2022-03-01,crypto_max_sharpe,ETH-USD,0.19999999999999993
2022-04-01,crypto_max_sharpe,ETH-USD,0.19999999999999987
2022-05-01,crypto_max_sharpe,ETH-USD,0.2
2022-06-01,crypto_max_sharpe,ETH-USD,0.1999999999999999
2022-07-01,crypto_max_sharpe,ETH-USD,0.0
2022-08-01,crypto_max_sharpe,ETH-USD,0.19999999999999996
2022-09-01,crypto_max_sharpe,ETH-USD,0.2
2022-10-01,crypto_max_sharpe,ETH-USD,0.0
2022-11-01,crypto_max_sharpe,ETH-USD,0.19999999999999968
2022-12-01,crypto_max_sharpe,ETH-USD,0.19999999999999993
2023-01-01,crypto_max_sharpe,ETH-USD,0.19999999999999996
2023-02-01,crypto_max_sharpe,ETH-USD,0.19999999999999996
2023-03-01,crypto_max_sharpe,ETH-USD,0.19999999999999993
2023-04-01,crypto_max_sharpe,ETH-USD,0.19999999999999993
2023-05-01,crypto_max_sharpe,ETH-USD,0.19999999999999973
2023-06-01,crypto_max_sharpe,ETH-USD,0.2
2023-07-01,crypto_max_sharpe,ETH-USD,0.1999999999999999
2023-08-01,crypto_max_sharpe,ETH-USD,0.2
2023-09-01,crypto_max_sharpe,ETH-USD,0.20000000000000007
2023-10-01,crypto_max_sharpe,ETH-USD,0.0883142292130901
2023-11-01,crypto_max_sharpe,ETH-USD,0.19061153988323637
2023-12-01,crypto_max_sharpe,ETH-USD,0.19999999999999918
2020-09-10,crypto_max_sharpe,LTC-USD,0.0
2020-10-01,crypto_max_sharpe,LTC-USD,3.291449326868597e-17
2020-11-01,crypto_max_sharpe,LTC-USD,1.5821547713178548e-16
2020-12-01,crypto_max_sharpe,LTC-USD,0.0
2021-01-01,crypto_max_sharpe,LTC-USD,0.19999999999999976
2021-02-01,crypto_max_sharpe,LTC-USD,0.13435599870782608
2021-03-01,crypto_max_sharpe,LTC-USD,0.13840482077754374
2021-04-01,crypto_max_sharpe,LTC-USD,0.14282247471528886
2021-05-01,crypto_max_sharpe,LTC-USD,0.0
2021-06-01,crypto_max_sharpe,LTC-USD,0.03294785188363076
2021-07-01,crypto_max_sharpe,LTC-USD,7.611162516695611e-17
2021-08-01,crypto_max_sharpe,LTC-USD,0.0
2021-09-01,crypto_max_sharpe,LTC-USD,3.8519615743134714e-16
2021-10-01,crypto_max_sharpe,LTC-USD,0.0
2021-11-01,crypto_max_sharpe,LTC-USD,0.0
2021-12-01,crypto_max_sharpe,LTC-USD,0.0
2022-01-01,crypto_max_sharpe,LTC-USD,2.912182046814293e-16
2022-02-01,crypto_max_sharpe,LTC-USD,0.0
2022-03-01,crypto_max_sharpe,LTC-USD,0.19999999999999993
2022-04-01,crypto_max_sharpe,LTC-USD,0.0
2022-05-01,crypto_max_sharpe,LTC-USD,0.20000000000000015
2022-06-01,crypto_max_sharpe,LTC-USD,2.5934115965853266e-16
2022-07-01,crypto_max_sharpe,LTC-USD,0.19999999999999904
2022-08-01,crypto_max_sharpe,LTC-USD,0.0
2022-09-01,crypto_max_sharpe,LTC-USD,0.0
2022-10-01,crypto_max_sharpe,LTC-USD,0.0
2022-11-01,crypto_max_sharpe,LTC-USD,0.0
2022-12-01,crypto_max_sharpe,LTC-USD,0.1999999999999999
2023-01-01,crypto_max_sharpe,LTC-USD,0.19999999999999976
2023-02-01,crypto_max_sharpe,LTC-USD,0.19999999999999996
2023-03-01,crypto_max_sharpe,LTC-USD,0.19999999999999996
2023-04-01,crypto_max_sharpe,LTC-USD,0.1999999999999999
2023-05-01,crypto_max_sharpe,LTC-USD,0.19999999999999996
2023-06-01,crypto_max_sharpe,LTC-USD,0.19999999999999993
2023-07-01,crypto_max_sharpe,LTC-USD,0.19999999999999976
2023-08-01,crypto_max_sharpe,LTC-USD,0.012918948092008288
2023-09-01,crypto_max_sharpe,LTC-USD,2.8588294821956033e-17
2023-10-01,crypto_max_sharpe,LTC-USD,0.0
2023-11-01,crypto_max_sharpe,LTC-USD,4.531352176665148e-17
2023-12-01,crypto_max_sharpe,LTC-USD,2.888399192437401e-16
2020-09-10,crypto_max_sharpe,TRX-USD,0.19999999999999982
2020-10-01,crypto_max_sharpe,TRX-USD,0.19999999999999996
2020-11-01,crypto_max_sharpe,TRX-USD,0.1999999999999999
2020-12-01,crypto_max_sharpe,TRX-USD,0.09420648791668698
2021-01-01,crypto_max_sharpe,TRX-USD,0.19654712933054097
2021-02-01,crypto_max_sharpe,TRX-USD,0.13243533978372243
2021-03-01,crypto_max_sharpe,TRX-USD,0.17353191703041407
2021-04-01,crypto_max_sharpe,TRX-USD,0.19999999999999987
2021-05-01,crypto_max_sharpe,TRX-USD,0.15310682622933394
2021-06-01,crypto_max_sharpe,TRX-USD,4.6073019641205686e-17
2021-07-01,crypto_max_sharpe,TRX-USD,0.036255211771951325
2021-08-01,crypto_max_sharpe,TRX-USD,0.06379348420264386
2021-09-01,crypto_max_sharpe,TRX-USD,0.09406180683188999
2021-10-01,crypto_max_sharpe,TRX-USD,0.2
2021-11-01,crypto_max_sharpe,TRX-USD,0.19999999999999996
2021-12-01,crypto_max_sharpe,TRX-USD,0.2
2022-01-01,crypto_max_sharpe,TRX-USD,0.0
2022-02-01,crypto_max_sharpe,TRX-USD,0.1999999999999999
2022-03-01,crypto_max_sharpe,TRX-USD,0.19999999999999993
2022-04-01,crypto_max_sharpe,TRX-USD,0.19999999999999996
2022-05-01,crypto_max_sharpe,TRX-USD,0.19999999999999987
2022-06-01,crypto_max_sharpe,TRX-USD,0.19999999999999984
2022-07-01,crypto_max_sharpe,TRX-USD,0.20000000000000015
2022-08-01,crypto_max_sharpe,TRX-USD,0.19999999999999996
2022-09-01,crypto_max_sharpe,TRX-USD,0.19999999999999998
2022-10-01,crypto_max_sharpe,TRX-USD,0.2
2022-11-01,crypto_max_sharpe,TRX-USD,0.2
2022-12-01,crypto_max_sharpe,TRX-USD,0.19999999999999987
2023-01-01,crypto_max_sharpe,TRX-USD,0.19999999999999987
2023-02-01,crypto_max_sharpe,TRX-USD,0.0
2023-03-01,crypto_max_sharpe,TRX-USD,0.1311994844227309
2023-04-01,crypto_max_sharpe,TRX-USD,0.12981415062423682
2023-05-01,crypto_max_sharpe,TRX-USD,0.19999999999999957
2023-06-01,crypto_max_sharpe,TRX-USD,0.19999999999999996
2023-07-01,crypto_max_sharpe,TRX-USD,0.1999999999999998
2023-08-01,crypto_max_sharpe,TRX-USD,0.2
2023-09-01,crypto_max_sharpe,TRX-USD,0.20000000000000007
2023-10-01,crypto_max_sharpe,TRX-USD,0.19999999999999996
2023-11-01,crypto_max_sharpe,TRX-USD,0.19999999999999984
2023-12-01,crypto_max_sharpe,TRX-USD,0.20000000000000007
2020-09-10,crypto_max_sharpe,XLM-USD,0.19999999999999993
2020-10-01,crypto_max_sharpe,XLM-USD,0.19999999999999996
2020-11-01,crypto_max_sharpe,XLM-USD,0.19999999999999982
2020-12-01,crypto_max_sharpe,XLM-USD,0.1844221795314179
2021-01-01,crypto_max_sharpe,XLM-USD,0.0034528706694591255
2021-02-01,crypto_max_sharpe,XLM-USD,0.08572959906944674
2021-03-01,crypto_max_sharpe,XLM-USD,0.07859681311269355
2021-04-01,crypto_max_sharpe,XLM-USD,0.0
2021-05-01,crypto_max_sharpe,XLM-USD,1.7569228323697014e-17
2021-06-01,crypto_max_sharpe,XLM-USD,0.039987221168591894
2021-07-01,crypto_max_sharpe,XLM-USD,0.030431264960535158
2021-08-01,crypto_max_sharpe,XLM-USD,0.07783003187558302
2021-09-01,crypto_max_sharpe,XLM-USD,1.423749279295907e-16
2021-10-01,crypto_max_sharpe,XLM-USD,3.071979285004598e-17
2021-11-01,crypto_max_sharpe,XLM-USD,9.942645262542703e-17
2021-12-01,crypto_max_sharpe,XLM-USD,0.0
2022-01-01,crypto_max_sharpe,XLM-USD,2.8688139599148726e-16
2022-02-01,crypto_max_sharpe,XLM-USD,1.3127641236091637e-16
2022-03-01,crypto_max_sharpe,XLM-USD,1.27582971841144e-16
2022-04-01,crypto_max_sharpe,XLM-USD,1.3479956747370502e-16
2022-05-01,crypto_max_sharpe,XLM-USD,4.857225732735063e-17
2022-06-01,crypto_max_sharpe,XLM-USD,0.2
2022-07-01,crypto_max_sharpe,XLM-USD,0.20000000000000015
2022-08-01,crypto_max_sharpe,XLM-USD,0.0
2022-09-01,crypto_max_sharpe,XLM-USD,0.0
2022-10-01,crypto_max_sharpe,XLM-USD,0.19999999999999996
2022-11-01,crypto_max_sharpe,XLM-USD,1.2836953722228372e-15
2022-12-01,crypto_max_sharpe,XLM-USD,2.1956469297734709e-16
2023-01-01,crypto_max_sharpe,XLM-USD,0.0
2023-02-01,crypto_max_sharpe,XLM-USD,1.1519922318767295e-17
2023-03-01,crypto_max_sharpe,XLM-USD,0.0
2023-04-01,crypto_max_sharpe,XLM-USD,0.0
2023-05-01,crypto_max_sharpe,XLM-USD,2.547057049043335e-16
2023-06-01,crypto_max_sharpe,XLM-USD,0.0
2023-07-01,crypto_max_sharpe,XLM-USD,7.755205264688032e-17
2023-08-01,crypto_max_sharpe,XLM-USD,0.0
2023-09-01,crypto_max_sharpe,XLM-USD,0.1173849183800428
2023-10-01,crypto_max_sharpe,XLM-USD,0.1116857707869104
2023-11-01,crypto_max_sharpe,XLM-USD,0.00938846011676414
2023-12-01,crypto_max_sharpe,XLM-USD,0.0
2020-09-10,crypto_max_sharpe,XRP-USD,3.330669073875468e-16
2020-10-01,crypto_max_sharpe,XRP-USD,0.0
2020-11-01,crypto_max_sharpe,XRP-USD,0.0
2020-12-01,crypto_max_sharpe,XRP-USD,0.1213713325518952
2021-01-01,crypto_max_sharpe,XRP-USD,0.0
2021-02-01,crypto_max_sharpe,XRP-USD,0.04747906243900483
2021-03-01,crypto_max_sharpe,XRP-USD,0.009466449079348484
2021-04-01,crypto_max_sharpe,XRP-USD,0.05717752528471147
2021-05-01,crypto_max_sharpe,XRP-USD,0.08807433516109583
2021-06-01,crypto_max_sharpe,XRP-USD,0.1270649269477772
2021-07-01,crypto_max_sharpe,XRP-USD,0.13331352326751397
2021-08-01,crypto_max_sharpe,XRP-USD,0.05837648392177277
2021-09-01,crypto_max_sharpe,XRP-USD,0.10593819316810953
2021-10-01,crypto_max_sharpe,XRP-USD,0.2
2021-11-01,crypto_max_sharpe,XRP-USD,0.2
2021-12-01,crypto_max_sharpe,XRP-USD,0.2
2022-01-01,crypto_max_sharpe,XRP-USD,0.19999999999999984
2022-02-01,crypto_max_sharpe,XRP-USD,0.19999999999999993
2022-03-01,crypto_max_sharpe,XRP-USD,0.19999999999999993
2022-04-01,crypto_max_sharpe,XRP-USD,0.19999999999999996
2022-05-01,crypto_max_sharpe,XRP-USD,0.19999999999999948
2022-06-01,crypto_max_sharpe,XRP-USD,0.0
2022-07-01,crypto_max_sharpe,XRP-USD,0.20000000000000015
2022-08-01,crypto_max_sharpe,XRP-USD,0.19999999999999996
2022-09-01,crypto_max_sharpe,XRP-USD,0.0
2022-10-01,crypto_max_sharpe,XRP-USD,0.2
2022-11-01,crypto_max_sharpe,XRP-USD,0.2
2022-12-01,crypto_max_sharpe,XRP-USD,0.19999999999999993
2023-01-01,crypto_max_sharpe,XRP-USD,0.19999999999999996
2023-02-01,crypto_max_sharpe,XRP-USD,0.19999999999999996
2023-03-01,crypto_max_sharpe,XRP-USD,0.09637845693819194
2023-04-01,crypto_max_sharpe,XRP-USD,0.19999999999999987
2023-05-01,crypto_max_sharpe,XRP-USD,0.20000000000000007
2023-06-01,crypto_max_sharpe,XRP-USD,0.19999999999999993
2023-07-01,crypto_max_sharpe,XRP-USD,7.654467337747661e-17
2023-08-01,crypto_max_sharpe,XRP-USD,0.18708105190799185
2023-09-01,crypto_max_sharpe,XRP-USD,0.08261508161995672
2023-10-01,crypto_max_sharpe,XRP-USD,0.19999999999999965
2023-11-01,crypto_max_sharpe,XRP-USD,0.19999999999999976
2023-12-01,crypto_max_sharpe,XRP-USD,0.20000000000000007
2021-01-04,combined_equal_weight,EQ_ABBV,0.016666666666666666
2021-02-01,combined_equal_weight,EQ_ABBV,0.016666666666666666
2021-03-01,combined_equal_weight,EQ_ABBV,0.016666666666666666
2021-04-01,combined_equal_weight,EQ_ABBV,0.016666666666666666
2021-05-03,combined_equal_weight,EQ_ABBV,0.016666666666666666
2021-06-01,combined_equal_weight,EQ_ABBV,0.016666666666666666
2021-07-01,combined_equal_weight,EQ_ABBV,0.016666666666666666
2021-08-02,combined_equal_weight,EQ_ABBV,0.016666666666666666
2021-09-01,combined_equal_weight,EQ_ABBV,0.016666666666666666
2021-10-01,combined_equal_weight,EQ_ABBV,0.016666666666666666
2021-11-01,combined_equal_weight,EQ_ABBV,0.016666666666666666
2021-12-01,combined_equal_weight,EQ_ABBV,0.016666666666666666
2022-01-03,combined_equal_weight,EQ_ABBV,0.016666666666666666
2022-02-01,combined_equal_weight,EQ_ABBV,0.016666666666666666
2022-03-01,combined_equal_weight,EQ_ABBV,0.016666666666666666
2022-04-01,combined_equal_weight,EQ_ABBV,0.016666666666666666
2022-05-02,combined_equal_weight,EQ_ABBV,0.016666666666666666
2022-06-01,combined_equal_weight,EQ_ABBV,0.016666666666666666
2022-07-01,combined_equal_weight,EQ_ABBV,0.016666666666666666
2022-08-01,combined_equal_weight,EQ_ABBV,0.016666666666666666
2022-09-01,combined_equal_weight,EQ_ABBV,0.016666666666666666
2022-10-03,combined_equal_weight,EQ_ABBV,0.016666666666666666
2022-11-01,combined_equal_weight,EQ_ABBV,0.016666666666666666
2022-12-01,combined_equal_weight,EQ_ABBV,0.016666666666666666
2023-01-03,combined_equal_weight,EQ_ABBV,0.016666666666666666
2023-02-01,combined_equal_weight,EQ_ABBV,0.016666666666666666
2023-03-01,combined_equal_weight,EQ_ABBV,0.016666666666666666
2023-04-03,combined_equal_weight,EQ_ABBV,0.016666666666666666
2023-05-01,combined_equal_weight,EQ_ABBV,0.016666666666666666
2023-06-01,combined_equal_weight,EQ_ABBV,0.016666666666666666
2023-07-03,combined_equal_weight,EQ_ABBV,0.016666666666666666
2023-08-01,combined_equal_weight,EQ_ABBV,0.016666666666666666
2023-09-01,combined_equal_weight,EQ_ABBV,0.016666666666666666
2023-10-02,combined_equal_weight,EQ_ABBV,0.016666666666666666
2023-11-01,combined_equal_weight,EQ_ABBV,0.016666666666666666
2023-12-01,combined_equal_weight,EQ_ABBV,0.016666666666666666
2021-01-04,combined_equal_weight,EQ_ABT,0.016666666666666666
2021-02-01,combined_equal_weight,EQ_ABT,0.016666666666666666
2021-03-01,combined_equal_weight,EQ_ABT,0.016666666666666666
2021-04-01,combined_equal_weight,EQ_ABT,0.016666666666666666
2021-05-03,combined_equal_weight,EQ_ABT,0.016666666666666666
2021-06-01,combined_equal_weight,EQ_ABT,0.016666666666666666
2021-07-01,combined_equal_weight,EQ_ABT,0.016666666666666666
2021-08-02,combined_equal_weight,EQ_ABT,0.016666666666666666
2021-09-01,combined_equal_weight,EQ_ABT,0.016666666666666666
2021-10-01,combined_equal_weight,EQ_ABT,0.016666666666666666
2021-11-01,combined_equal_weight,EQ_ABT,0.016666666666666666
2021-12-01,combined_equal_weight,EQ_ABT,0.016666666666666666
2022-01-03,combined_equal_weight,EQ_ABT,0.016666666666666666
2022-02-01,combined_equal_weight,EQ_ABT,0.016666666666666666
2022-03-01,combined_equal_weight,EQ_ABT,0.016666666666666666
2022-04-01,combined_equal_weight,EQ_ABT,0.016666666666666666
2022-05-02,combined_equal_weight,EQ_ABT,0.016666666666666666
2022-06-01,combined_equal_weight,EQ_ABT,0.016666666666666666
2022-07-01,combined_equal_weight,EQ_ABT,0.016666666666666666
2022-08-01,combined_equal_weight,EQ_ABT,0.016666666666666666
2022-09-01,combined_equal_weight,EQ_ABT,0.016666666666666666
2022-10-03,combined_equal_weight,EQ_ABT,0.016666666666666666
2022-11-01,combined_equal_weight,EQ_ABT,0.016666666666666666
2022-12-01,combined_equal_weight,EQ_ABT,0.016666666666666666
2023-01-03,combined_equal_weight,EQ_ABT,0.016666666666666666
2023-02-01,combined_equal_weight,EQ_ABT,0.016666666666666666
2023-03-01,combined_equal_weight,EQ_ABT,0.016666666666666666
2023-04-03,combined_equal_weight,EQ_ABT,0.016666666666666666
2023-05-01,combined_equal_weight,EQ_ABT,0.016666666666666666
2023-06-01,combined_equal_weight,EQ_ABT,0.016666666666666666
2023-07-03,combined_equal_weight,EQ_ABT,0.016666666666666666
2023-08-01,combined_equal_weight,EQ_ABT,0.016666666666666666
2023-09-01,combined_equal_weight,EQ_ABT,0.016666666666666666
2023-10-02,combined_equal_weight,EQ_ABT,0.016666666666666666
2023-11-01,combined_equal_weight,EQ_ABT,0.016666666666666666
2023-12-01,combined_equal_weight,EQ_ABT,0.016666666666666666
2021-01-04,combined_equal_weight,EQ_ADBE,0.016666666666666666
2021-02-01,combined_equal_weight,EQ_ADBE,0.016666666666666666
2021-03-01,combined_equal_weight,EQ_ADBE,0.016666666666666666
2021-04-01,combined_equal_weight,EQ_ADBE,0.016666666666666666
2021-05-03,combined_equal_weight,EQ_ADBE,0.016666666666666666
2021-06-01,combined_equal_weight,EQ_ADBE,0.016666666666666666
2021-07-01,combined_equal_weight,EQ_ADBE,0.016666666666666666
2021-08-02,combined_equal_weight,EQ_ADBE,0.016666666666666666
2021-09-01,combined_equal_weight,EQ_ADBE,0.016666666666666666
2021-10-01,combined_equal_weight,EQ_ADBE,0.016666666666666666
2021-11-01,combined_equal_weight,EQ_ADBE,0.016666666666666666
2021-12-01,combined_equal_weight,EQ_ADBE,0.016666666666666666
2022-01-03,combined_equal_weight,EQ_ADBE,0.016666666666666666
2022-02-01,combined_equal_weight,EQ_ADBE,0.016666666666666666
2022-03-01,combined_equal_weight,EQ_ADBE,0.016666666666666666
2022-04-01,combined_equal_weight,EQ_ADBE,0.016666666666666666
2022-05-02,combined_equal_weight,EQ_ADBE,0.016666666666666666
2022-06-01,combined_equal_weight,EQ_ADBE,0.016666666666666666
2022-07-01,combined_equal_weight,EQ_ADBE,0.016666666666666666
2022-08-01,combined_equal_weight,EQ_ADBE,0.016666666666666666
2022-09-01,combined_equal_weight,EQ_ADBE,0.016666666666666666
2022-10-03,combined_equal_weight,EQ_ADBE,0.016666666666666666
2022-11-01,combined_equal_weight,EQ_ADBE,0.016666666666666666
2022-12-01,combined_equal_weight,EQ_ADBE,0.016666666666666666
2023-01-03,combined_equal_weight,EQ_ADBE,0.016666666666666666
2023-02-01,combined_equal_weight,EQ_ADBE,0.016666666666666666
2023-03-01,combined_equal_weight,EQ_ADBE,0.016666666666666666
2023-04-03,combined_equal_weight,EQ_ADBE,0.016666666666666666
2023-05-01,combined_equal_weight,EQ_ADBE,0.016666666666666666
2023-06-01,combined_equal_weight,EQ_ADBE,0.016666666666666666
2023-07-03,combined_equal_weight,EQ_ADBE,0.016666666666666666
2023-08-01,combined_equal_weight,EQ_ADBE,0.016666666666666666
2023-09-01,combined_equal_weight,EQ_ADBE,0.016666666666666666
2023-10-02,combined_equal_weight,EQ_ADBE,0.016666666666666666
2023-11-01,combined_equal_weight,EQ_ADBE,0.016666666666666666
2023-12-01,combined_equal_weight,EQ_ADBE,0.016666666666666666
2021-01-04,combined_equal_weight,EQ_AEP,0.016666666666666666
2021-02-01,combined_equal_weight,EQ_AEP,0.016666666666666666
2021-03-01,combined_equal_weight,EQ_AEP,0.016666666666666666
2021-04-01,combined_equal_weight,EQ_AEP,0.016666666666666666
2021-05-03,combined_equal_weight,EQ_AEP,0.016666666666666666
2021-06-01,combined_equal_weight,EQ_AEP,0.016666666666666666
2021-07-01,combined_equal_weight,EQ_AEP,0.016666666666666666
2021-08-02,combined_equal_weight,EQ_AEP,0.016666666666666666
2021-09-01,combined_equal_weight,EQ_AEP,0.016666666666666666
2021-10-01,combined_equal_weight,EQ_AEP,0.016666666666666666
2021-11-01,combined_equal_weight,EQ_AEP,0.016666666666666666
2021-12-01,combined_equal_weight,EQ_AEP,0.016666666666666666
2022-01-03,combined_equal_weight,EQ_AEP,0.016666666666666666
2022-02-01,combined_equal_weight,EQ_AEP,0.016666666666666666
2022-03-01,combined_equal_weight,EQ_AEP,0.016666666666666666
2022-04-01,combined_equal_weight,EQ_AEP,0.016666666666666666
2022-05-02,combined_equal_weight,EQ_AEP,0.016666666666666666
2022-06-01,combined_equal_weight,EQ_AEP,0.016666666666666666
2022-07-01,combined_equal_weight,EQ_AEP,0.016666666666666666
2022-08-01,combined_equal_weight,EQ_AEP,0.016666666666666666
2022-09-01,combined_equal_weight,EQ_AEP,0.016666666666666666
2022-10-03,combined_equal_weight,EQ_AEP,0.016666666666666666
2022-11-01,combined_equal_weight,EQ_AEP,0.016666666666666666
2022-12-01,combined_equal_weight,EQ_AEP,0.016666666666666666
2023-01-03,combined_equal_weight,EQ_AEP,0.016666666666666666
2023-02-01,combined_equal_weight,EQ_AEP,0.016666666666666666
2023-03-01,combined_equal_weight,EQ_AEP,0.016666666666666666
2023-04-03,combined_equal_weight,EQ_AEP,0.016666666666666666
2023-05-01,combined_equal_weight,EQ_AEP,0.016666666666666666
2023-06-01,combined_equal_weight,EQ_AEP,0.016666666666666666
2023-07-03,combined_equal_weight,EQ_AEP,0.016666666666666666
2023-08-01,combined_equal_weight,EQ_AEP,0.016666666666666666
2023-09-01,combined_equal_weight,EQ_AEP,0.016666666666666666
2023-10-02,combined_equal_weight,EQ_AEP,0.016666666666666666
2023-11-01,combined_equal_weight,EQ_AEP,0.016666666666666666
2023-12-01,combined_equal_weight,EQ_AEP,0.016666666666666666
2021-01-04,combined_equal_weight,EQ_AMD,0.016666666666666666
2021-02-01,combined_equal_weight,EQ_AMD,0.016666666666666666
2021-03-01,combined_equal_weight,EQ_AMD,0.016666666666666666
2021-04-01,combined_equal_weight,EQ_AMD,0.016666666666666666
2021-05-03,combined_equal_weight,EQ_AMD,0.016666666666666666
2021-06-01,combined_equal_weight,EQ_AMD,0.016666666666666666
2021-07-01,combined_equal_weight,EQ_AMD,0.016666666666666666
2021-08-02,combined_equal_weight,EQ_AMD,0.016666666666666666
2021-09-01,combined_equal_weight,EQ_AMD,0.016666666666666666
2021-10-01,combined_equal_weight,EQ_AMD,0.016666666666666666
2021-11-01,combined_equal_weight,EQ_AMD,0.016666666666666666
2021-12-01,combined_equal_weight,EQ_AMD,0.016666666666666666
2022-01-03,combined_equal_weight,EQ_AMD,0.016666666666666666
2022-02-01,combined_equal_weight,EQ_AMD,0.016666666666666666
2022-03-01,combined_equal_weight,EQ_AMD,0.016666666666666666
2022-04-01,combined_equal_weight,EQ_AMD,0.016666666666666666
2022-05-02,combined_equal_weight,EQ_AMD,0.016666666666666666
2022-06-01,combined_equal_weight,EQ_AMD,0.016666666666666666
2022-07-01,combined_equal_weight,EQ_AMD,0.016666666666666666
2022-08-01,combined_equal_weight,EQ_AMD,0.016666666666666666
2022-09-01,combined_equal_weight,EQ_AMD,0.016666666666666666
2022-10-03,combined_equal_weight,EQ_AMD,0.016666666666666666
2022-11-01,combined_equal_weight,EQ_AMD,0.016666666666666666
2022-12-01,combined_equal_weight,EQ_AMD,0.016666666666666666
2023-01-03,combined_equal_weight,EQ_AMD,0.016666666666666666
2023-02-01,combined_equal_weight,EQ_AMD,0.016666666666666666
2023-03-01,combined_equal_weight,EQ_AMD,0.016666666666666666
2023-04-03,combined_equal_weight,EQ_AMD,0.016666666666666666
2023-05-01,combined_equal_weight,EQ_AMD,0.016666666666666666
2023-06-01,combined_equal_weight,EQ_AMD,0.016666666666666666
2023-07-03,combined_equal_weight,EQ_AMD,0.016666666666666666
2023-08-01,combined_equal_weight,EQ_AMD,0.016666666666666666
2023-09-01,combined_equal_weight,EQ_AMD,0.016666666666666666
2023-10-02,combined_equal_weight,EQ_AMD,0.016666666666666666
2023-11-01,combined_equal_weight,EQ_AMD,0.016666666666666666
2023-12-01,combined_equal_weight,EQ_AMD,0.016666666666666666
2021-01-04,combined_equal_weight,EQ_AMGN,0.016666666666666666
2021-02-01,combined_equal_weight,EQ_AMGN,0.016666666666666666
2021-03-01,combined_equal_weight,EQ_AMGN,0.016666666666666666
2021-04-01,combined_equal_weight,EQ_AMGN,0.016666666666666666
2021-05-03,combined_equal_weight,EQ_AMGN,0.016666666666666666
2021-06-01,combined_equal_weight,EQ_AMGN,0.016666666666666666
2021-07-01,combined_equal_weight,EQ_AMGN,0.016666666666666666
2021-08-02,combined_equal_weight,EQ_AMGN,0.016666666666666666
2021-09-01,combined_equal_weight,EQ_AMGN,0.016666666666666666
2021-10-01,combined_equal_weight,EQ_AMGN,0.016666666666666666
2021-11-01,combined_equal_weight,EQ_AMGN,0.016666666666666666
2021-12-01,combined_equal_weight,EQ_AMGN,0.016666666666666666
2022-01-03,combined_equal_weight,EQ_AMGN,0.016666666666666666
2022-02-01,combined_equal_weight,EQ_AMGN,0.016666666666666666
2022-03-01,combined_equal_weight,EQ_AMGN,0.016666666666666666
2022-04-01,combined_equal_weight,EQ_AMGN,0.016666666666666666
2022-05-02,combined_equal_weight,EQ_AMGN,0.016666666666666666
2022-06-01,combined_equal_weight,EQ_AMGN,0.016666666666666666
2022-07-01,combined_equal_weight,EQ_AMGN,0.016666666666666666
2022-08-01,combined_equal_weight,EQ_AMGN,0.016666666666666666
2022-09-01,combined_equal_weight,EQ_AMGN,0.016666666666666666
2022-10-03,combined_equal_weight,EQ_AMGN,0.016666666666666666
2022-11-01,combined_equal_weight,EQ_AMGN,0.016666666666666666
2022-12-01,combined_equal_weight,EQ_AMGN,0.016666666666666666
2023-01-03,combined_equal_weight,EQ_AMGN,0.016666666666666666
2023-02-01,combined_equal_weight,EQ_AMGN,0.016666666666666666
2023-03-01,combined_equal_weight,EQ_AMGN,0.016666666666666666
2023-04-03,combined_equal_weight,EQ_AMGN,0.016666666666666666
2023-05-01,combined_equal_weight,EQ_AMGN,0.016666666666666666
2023-06-01,combined_equal_weight,EQ_AMGN,0.016666666666666666
2023-07-03,combined_equal_weight,EQ_AMGN,0.016666666666666666
2023-08-01,combined_equal_weight,EQ_AMGN,0.016666666666666666
2023-09-01,combined_equal_weight,EQ_AMGN,0.016666666666666666
2023-10-02,combined_equal_weight,EQ_AMGN,0.016666666666666666
2023-11-01,combined_equal_weight,EQ_AMGN,0.016666666666666666
2023-12-01,combined_equal_weight,EQ_AMGN,0.016666666666666666
2021-01-04,combined_equal_weight,EQ_AMT,0.016666666666666666
2021-02-01,combined_equal_weight,EQ_AMT,0.016666666666666666
2021-03-01,combined_equal_weight,EQ_AMT,0.016666666666666666
2021-04-01,combined_equal_weight,EQ_AMT,0.016666666666666666
2021-05-03,combined_equal_weight,EQ_AMT,0.016666666666666666
2021-06-01,combined_equal_weight,EQ_AMT,0.016666666666666666
2021-07-01,combined_equal_weight,EQ_AMT,0.016666666666666666
2021-08-02,combined_equal_weight,EQ_AMT,0.016666666666666666
2021-09-01,combined_equal_weight,EQ_AMT,0.016666666666666666
2021-10-01,combined_equal_weight,EQ_AMT,0.016666666666666666
2021-11-01,combined_equal_weight,EQ_AMT,0.016666666666666666
2021-12-01,combined_equal_weight,EQ_AMT,0.016666666666666666
2022-01-03,combined_equal_weight,EQ_AMT,0.016666666666666666
2022-02-01,combined_equal_weight,EQ_AMT,0.016666666666666666
2022-03-01,combined_equal_weight,EQ_AMT,0.016666666666666666
2022-04-01,combined_equal_weight,EQ_AMT,0.016666666666666666
2022-05-02,combined_equal_weight,EQ_AMT,0.016666666666666666
2022-06-01,combined_equal_weight,EQ_AMT,0.016666666666666666
2022-07-01,combined_equal_weight,EQ_AMT,0.016666666666666666
2022-08-01,combined_equal_weight,EQ_AMT,0.016666666666666666
2022-09-01,combined_equal_weight,EQ_AMT,0.016666666666666666
2022-10-03,combined_equal_weight,EQ_AMT,0.016666666666666666
2022-11-01,combined_equal_weight,EQ_AMT,0.016666666666666666
2022-12-01,combined_equal_weight,EQ_AMT,0.016666666666666666
2023-01-03,combined_equal_weight,EQ_AMT,0.016666666666666666
2023-02-01,combined_equal_weight,EQ_AMT,0.016666666666666666
2023-03-01,combined_equal_weight,EQ_AMT,0.016666666666666666
2023-04-03,combined_equal_weight,EQ_AMT,0.016666666666666666
2023-05-01,combined_equal_weight,EQ_AMT,0.016666666666666666
2023-06-01,combined_equal_weight,EQ_AMT,0.016666666666666666
2023-07-03,combined_equal_weight,EQ_AMT,0.016666666666666666
2023-08-01,combined_equal_weight,EQ_AMT,0.016666666666666666
2023-09-01,combined_equal_weight,EQ_AMT,0.016666666666666666
2023-10-02,combined_equal_weight,EQ_AMT,0.016666666666666666
2023-11-01,combined_equal_weight,EQ_AMT,0.016666666666666666
2023-12-01,combined_equal_weight,EQ_AMT,0.016666666666666666
2021-01-04,combined_equal_weight,EQ_BA,0.016666666666666666
2021-02-01,combined_equal_weight,EQ_BA,0.016666666666666666
2021-03-01,combined_equal_weight,EQ_BA,0.016666666666666666
2021-04-01,combined_equal_weight,EQ_BA,0.016666666666666666
2021-05-03,combined_equal_weight,EQ_BA,0.016666666666666666
2021-06-01,combined_equal_weight,EQ_BA,0.016666666666666666
2021-07-01,combined_equal_weight,EQ_BA,0.016666666666666666
2021-08-02,combined_equal_weight,EQ_BA,0.016666666666666666
2021-09-01,combined_equal_weight,EQ_BA,0.016666666666666666
2021-10-01,combined_equal_weight,EQ_BA,0.016666666666666666
2021-11-01,combined_equal_weight,EQ_BA,0.016666666666666666
2021-12-01,combined_equal_weight,EQ_BA,0.016666666666666666
2022-01-03,combined_equal_weight,EQ_BA,0.016666666666666666
2022-02-01,combined_equal_weight,EQ_BA,0.016666666666666666
2022-03-01,combined_equal_weight,EQ_BA,0.016666666666666666
2022-04-01,combined_equal_weight,EQ_BA,0.016666666666666666
2022-05-02,combined_equal_weight,EQ_BA,0.016666666666666666
2022-06-01,combined_equal_weight,EQ_BA,0.016666666666666666
2022-07-01,combined_equal_weight,EQ_BA,0.016666666666666666
2022-08-01,combined_equal_weight,EQ_BA,0.016666666666666666
2022-09-01,combined_equal_weight,EQ_BA,0.016666666666666666
2022-10-03,combined_equal_weight,EQ_BA,0.016666666666666666
2022-11-01,combined_equal_weight,EQ_BA,0.016666666666666666
2022-12-01,combined_equal_weight,EQ_BA,0.016666666666666666
2023-01-03,combined_equal_weight,EQ_BA,0.016666666666666666
2023-02-01,combined_equal_weight,EQ_BA,0.016666666666666666
2023-03-01,combined_equal_weight,EQ_BA,0.016666666666666666
2023-04-03,combined_equal_weight,EQ_BA,0.016666666666666666
2023-05-01,combined_equal_weight,EQ_BA,0.016666666666666666
2023-06-01,combined_equal_weight,EQ_BA,0.016666666666666666
2023-07-03,combined_equal_weight,EQ_BA,0.016666666666666666
2023-08-01,combined_equal_weight,EQ_BA,0.016666666666666666
2023-09-01,combined_equal_weight,EQ_BA,0.016666666666666666
2023-10-02,combined_equal_weight,EQ_BA,0.016666666666666666
2023-11-01,combined_equal_weight,EQ_BA,0.016666666666666666
2023-12-01,combined_equal_weight,EQ_BA,0.016666666666666666
2021-01-04,combined_equal_weight,EQ_CAT,0.016666666666666666
2021-02-01,combined_equal_weight,EQ_CAT,0.016666666666666666
2021-03-01,combined_equal_weight,EQ_CAT,0.016666666666666666
2021-04-01,combined_equal_weight,EQ_CAT,0.016666666666666666
2021-05-03,combined_equal_weight,EQ_CAT,0.016666666666666666
2021-06-01,combined_equal_weight,EQ_CAT,0.016666666666666666
2021-07-01,combined_equal_weight,EQ_CAT,0.016666666666666666
2021-08-02,combined_equal_weight,EQ_CAT,0.016666666666666666
2021-09-01,combined_equal_weight,EQ_CAT,0.016666666666666666
2021-10-01,combined_equal_weight,EQ_CAT,0.016666666666666666
2021-11-01,combined_equal_weight,EQ_CAT,0.016666666666666666
2021-12-01,combined_equal_weight,EQ_CAT,0.016666666666666666
2022-01-03,combined_equal_weight,EQ_CAT,0.016666666666666666
2022-02-01,combined_equal_weight,EQ_CAT,0.016666666666666666
2022-03-01,combined_equal_weight,EQ_CAT,0.016666666666666666
2022-04-01,combined_equal_weight,EQ_CAT,0.016666666666666666
2022-05-02,combined_equal_weight,EQ_CAT,0.016666666666666666
2022-06-01,combined_equal_weight,EQ_CAT,0.016666666666666666
2022-07-01,combined_equal_weight,EQ_CAT,0.016666666666666666
2022-08-01,combined_equal_weight,EQ_CAT,0.016666666666666666
2022-09-01,combined_equal_weight,EQ_CAT,0.016666666666666666
2022-10-03,combined_equal_weight,EQ_CAT,0.016666666666666666
2022-11-01,combined_equal_weight,EQ_CAT,0.016666666666666666
2022-12-01,combined_equal_weight,EQ_CAT,0.016666666666666666
2023-01-03,combined_equal_weight,EQ_CAT,0.016666666666666666
2023-02-01,combined_equal_weight,EQ_CAT,0.016666666666666666
2023-03-01,combined_equal_weight,EQ_CAT,0.016666666666666666
2023-04-03,combined_equal_weight,EQ_CAT,0.016666666666666666
2023-05-01,combined_equal_weight,EQ_CAT,0.016666666666666666
2023-06-01,combined_equal_weight,EQ_CAT,0.016666666666666666
2023-07-03,combined_equal_weight,EQ_CAT,0.016666666666666666
2023-08-01,combined_equal_weight,EQ_CAT,0.016666666666666666
2023-09-01,combined_equal_weight,EQ_CAT,0.016666666666666666
2023-10-02,combined_equal_weight,EQ_CAT,0.016666666666666666
2023-11-01,combined_equal_weight,EQ_CAT,0.016666666666666666
2023-12-01,combined_equal_weight,EQ_CAT,0.016666666666666666
2021-01-04,combined_equal_weight,EQ_CCI,0.016666666666666666
2021-02-01,combined_equal_weight,EQ_CCI,0.016666666666666666
2021-03-01,combined_equal_weight,EQ_CCI,0.016666666666666666
2021-04-01,combined_equal_weight,EQ_CCI,0.016666666666666666
2021-05-03,combined_equal_weight,EQ_CCI,0.016666666666666666
2021-06-01,combined_equal_weight,EQ_CCI,0.016666666666666666
2021-07-01,combined_equal_weight,EQ_CCI,0.016666666666666666
2021-08-02,combined_equal_weight,EQ_CCI,0.016666666666666666
2021-09-01,combined_equal_weight,EQ_CCI,0.016666666666666666
2021-10-01,combined_equal_weight,EQ_CCI,0.016666666666666666
2021-11-01,combined_equal_weight,EQ_CCI,0.016666666666666666
2021-12-01,combined_equal_weight,EQ_CCI,0.016666666666666666
2022-01-03,combined_equal_weight,EQ_CCI,0.016666666666666666
2022-02-01,combined_equal_weight,EQ_CCI,0.016666666666666666
2022-03-01,combined_equal_weight,EQ_CCI,0.016666666666666666
2022-04-01,combined_equal_weight,EQ_CCI,0.016666666666666666
2022-05-02,combined_equal_weight,EQ_CCI,0.016666666666666666
2022-06-01,combined_equal_weight,EQ_CCI,0.016666666666666666
2022-07-01,combined_equal_weight,EQ_CCI,0.016666666666666666
2022-08-01,combined_equal_weight,EQ_CCI,0.016666666666666666
2022-09-01,combined_equal_weight,EQ_CCI,0.016666666666666666
2022-10-03,combined_equal_weight,EQ_CCI,0.016666666666666666
2022-11-01,combined_equal_weight,EQ_CCI,0.016666666666666666
2022-12-01,combined_equal_weight,EQ_CCI,0.016666666666666666
2023-01-03,combined_equal_weight,EQ_CCI,0.016666666666666666
2023-02-01,combined_equal_weight,EQ_CCI,0.016666666666666666
2023-03-01,combined_equal_weight,EQ_CCI,0.016666666666666666
2023-04-03,combined_equal_weight,EQ_CCI,0.016666666666666666
2023-05-01,combined_equal_weight,EQ_CCI,0.016666666666666666
2023-06-01,combined_equal_weight,EQ_CCI,0.016666666666666666
2023-07-03,combined_equal_weight,EQ_CCI,0.016666666666666666
2023-08-01,combined_equal_weight,EQ_CCI,0.016666666666666666
2023-09-01,combined_equal_weight,EQ_CCI,0.016666666666666666
2023-10-02,combined_equal_weight,EQ_CCI,0.016666666666666666
2023-11-01,combined_equal_weight,EQ_CCI,0.016666666666666666
2023-12-01,combined_equal_weight,EQ_CCI,0.016666666666666666
2021-01-04,combined_equal_weight,EQ_CMCSA,0.016666666666666666
2021-02-01,combined_equal_weight,EQ_CMCSA,0.016666666666666666
2021-03-01,combined_equal_weight,EQ_CMCSA,0.016666666666666666
2021-04-01,combined_equal_weight,EQ_CMCSA,0.016666666666666666
2021-05-03,combined_equal_weight,EQ_CMCSA,0.016666666666666666
2021-06-01,combined_equal_weight,EQ_CMCSA,0.016666666666666666
2021-07-01,combined_equal_weight,EQ_CMCSA,0.016666666666666666
2021-08-02,combined_equal_weight,EQ_CMCSA,0.016666666666666666
2021-09-01,combined_equal_weight,EQ_CMCSA,0.016666666666666666
2021-10-01,combined_equal_weight,EQ_CMCSA,0.016666666666666666
2021-11-01,combined_equal_weight,EQ_CMCSA,0.016666666666666666
2021-12-01,combined_equal_weight,EQ_CMCSA,0.016666666666666666
2022-01-03,combined_equal_weight,EQ_CMCSA,0.016666666666666666
2022-02-01,combined_equal_weight,EQ_CMCSA,0.016666666666666666
2022-03-01,combined_equal_weight,EQ_CMCSA,0.016666666666666666
2022-04-01,combined_equal_weight,EQ_CMCSA,0.016666666666666666
2022-05-02,combined_equal_weight,EQ_CMCSA,0.016666666666666666
2022-06-01,combined_equal_weight,EQ_CMCSA,0.016666666666666666
2022-07-01,combined_equal_weight,EQ_CMCSA,0.016666666666666666
2022-08-01,combined_equal_weight,EQ_CMCSA,0.016666666666666666
2022-09-01,combined_equal_weight,EQ_CMCSA,0.016666666666666666
2022-10-03,combined_equal_weight,EQ_CMCSA,0.016666666666666666
2022-11-01,combined_equal_weight,EQ_CMCSA,0.016666666666666666
2022-12-01,combined_equal_weight,EQ_CMCSA,0.016666666666666666
2023-01-03,combined_equal_weight,EQ_CMCSA,0.016666666666666666
2023-02-01,combined_equal_weight,EQ_CMCSA,0.016666666666666666
2023-03-01,combined_equal_weight,EQ_CMCSA,0.016666666666666666
2023-04-03,combined_equal_weight,EQ_CMCSA,0.016666666666666666
2023-05-01,combined_equal_weight,EQ_CMCSA,0.016666666666666666
2023-06-01,combined_equal_weight,EQ_CMCSA,0.016666666666666666
2023-07-03,combined_equal_weight,EQ_CMCSA,0.016666666666666666
2023-08-01,combined_equal_weight,EQ_CMCSA,0.016666666666666666
2023-09-01,combined_equal_weight,EQ_CMCSA,0.016666666666666666
2023-10-02,combined_equal_weight,EQ_CMCSA,0.016666666666666666
2023-11-01,combined_equal_weight,EQ_CMCSA,0.016666666666666666
2023-12-01,combined_equal_weight,EQ_CMCSA,0.016666666666666666
2021-01-04,combined_equal_weight,EQ_COP,0.016666666666666666
2021-02-01,combined_equal_weight,EQ_COP,0.016666666666666666
2021-03-01,combined_equal_weight,EQ_COP,0.016666666666666666
2021-04-01,combined_equal_weight,EQ_COP,0.016666666666666666
2021-05-03,combined_equal_weight,EQ_COP,0.016666666666666666
2021-06-01,combined_equal_weight,EQ_COP,0.016666666666666666
2021-07-01,combined_equal_weight,EQ_COP,0.016666666666666666
2021-08-02,combined_equal_weight,EQ_COP,0.016666666666666666
2021-09-01,combined_equal_weight,EQ_COP,0.016666666666666666
2021-10-01,combined_equal_weight,EQ_COP,0.016666666666666666
2021-11-01,combined_equal_weight,EQ_COP,0.016666666666666666
2021-12-01,combined_equal_weight,EQ_COP,0.016666666666666666
2022-01-03,combined_equal_weight,EQ_COP,0.016666666666666666
2022-02-01,combined_equal_weight,EQ_COP,0.016666666666666666
2022-03-01,combined_equal_weight,EQ_COP,0.016666666666666666
2022-04-01,combined_equal_weight,EQ_COP,0.016666666666666666
2022-05-02,combined_equal_weight,EQ_COP,0.016666666666666666
2022-06-01,combined_equal_weight,EQ_COP,0.016666666666666666
2022-07-01,combined_equal_weight,EQ_COP,0.016666666666666666
2022-08-01,combined_equal_weight,EQ_COP,0.016666666666666666
2022-09-01,combined_equal_weight,EQ_COP,0.016666666666666666
2022-10-03,combined_equal_weight,EQ_COP,0.016666666666666666
2022-11-01,combined_equal_weight,EQ_COP,0.016666666666666666
2022-12-01,combined_equal_weight,EQ_COP,0.016666666666666666
2023-01-03,combined_equal_weight,EQ_COP,0.016666666666666666
2023-02-01,combined_equal_weight,EQ_COP,0.016666666666666666
2023-03-01,combined_equal_weight,EQ_COP,0.016666666666666666
2023-04-03,combined_equal_weight,EQ_COP,0.016666666666666666
2023-05-01,combined_equal_weight,EQ_COP,0.016666666666666666
2023-06-01,combined_equal_weight,EQ_COP,0.016666666666666666
2023-07-03,combined_equal_weight,EQ_COP,0.016666666666666666
2023-08-01,combined_equal_weight,EQ_COP,0.016666666666666666
2023-09-01,combined_equal_weight,EQ_COP,0.016666666666666666
2023-10-02,combined_equal_weight,EQ_COP,0.016666666666666666
2023-11-01,combined_equal_weight,EQ_COP,0.016666666666666666
2023-12-01,combined_equal_weight,EQ_COP,0.016666666666666666
2021-01-04,combined_equal_weight,EQ_CVX,0.016666666666666666
2021-02-01,combined_equal_weight,EQ_CVX,0.016666666666666666
2021-03-01,combined_equal_weight,EQ_CVX,0.016666666666666666
2021-04-01,combined_equal_weight,EQ_CVX,0.016666666666666666
2021-05-03,combined_equal_weight,EQ_CVX,0.016666666666666666
2021-06-01,combined_equal_weight,EQ_CVX,0.016666666666666666
2021-07-01,combined_equal_weight,EQ_CVX,0.016666666666666666
2021-08-02,combined_equal_weight,EQ_CVX,0.016666666666666666
2021-09-01,combined_equal_weight,EQ_CVX,0.016666666666666666
2021-10-01,combined_equal_weight,EQ_CVX,0.016666666666666666
2021-11-01,combined_equal_weight,EQ_CVX,0.016666666666666666
2021-12-01,combined_equal_weight,EQ_CVX,0.016666666666666666
2022-01-03,combined_equal_weight,EQ_CVX,0.016666666666666666
2022-02-01,combined_equal_weight,EQ_CVX,0.016666666666666666
2022-03-01,combined_equal_weight,EQ_CVX,0.016666666666666666
2022-04-01,combined_equal_weight,EQ_CVX,0.016666666666666666
2022-05-02,combined_equal_weight,EQ_CVX,0.016666666666666666
2022-06-01,combined_equal_weight,EQ_CVX,0.016666666666666666
2022-07-01,combined_equal_weight,EQ_CVX,0.016666666666666666
2022-08-01,combined_equal_weight,EQ_CVX,0.016666666666666666
2022-09-01,combined_equal_weight,EQ_CVX,0.016666666666666666
2022-10-03,combined_equal_weight,EQ_CVX,0.016666666666666666
2022-11-01,combined_equal_weight,EQ_CVX,0.016666666666666666
2022-12-01,combined_equal_weight,EQ_CVX,0.016666666666666666
2023-01-03,combined_equal_weight,EQ_CVX,0.016666666666666666
2023-02-01,combined_equal_weight,EQ_CVX,0.016666666666666666
2023-03-01,combined_equal_weight,EQ_CVX,0.016666666666666666
2023-04-03,combined_equal_weight,EQ_CVX,0.016666666666666666
2023-05-01,combined_equal_weight,EQ_CVX,0.016666666666666666
2023-06-01,combined_equal_weight,EQ_CVX,0.016666666666666666
2023-07-03,combined_equal_weight,EQ_CVX,0.016666666666666666
2023-08-01,combined_equal_weight,EQ_CVX,0.016666666666666666
2023-09-01,combined_equal_weight,EQ_CVX,0.016666666666666666
2023-10-02,combined_equal_weight,EQ_CVX,0.016666666666666666
2023-11-01,combined_equal_weight,EQ_CVX,0.016666666666666666
2023-12-01,combined_equal_weight,EQ_CVX,0.016666666666666666
2021-01-04,combined_equal_weight,EQ_D,0.016666666666666666
2021-02-01,combined_equal_weight,EQ_D,0.016666666666666666
2021-03-01,combined_equal_weight,EQ_D,0.016666666666666666
2021-04-01,combined_equal_weight,EQ_D,0.016666666666666666
2021-05-03,combined_equal_weight,EQ_D,0.016666666666666666
2021-06-01,combined_equal_weight,EQ_D,0.016666666666666666
2021-07-01,combined_equal_weight,EQ_D,0.016666666666666666
2021-08-02,combined_equal_weight,EQ_D,0.016666666666666666
2021-09-01,combined_equal_weight,EQ_D,0.016666666666666666
2021-10-01,combined_equal_weight,EQ_D,0.016666666666666666
2021-11-01,combined_equal_weight,EQ_D,0.016666666666666666
2021-12-01,combined_equal_weight,EQ_D,0.016666666666666666
2022-01-03,combined_equal_weight,EQ_D,0.016666666666666666
2022-02-01,combined_equal_weight,EQ_D,0.016666666666666666
2022-03-01,combined_equal_weight,EQ_D,0.016666666666666666
2022-04-01,combined_equal_weight,EQ_D,0.016666666666666666
2022-05-02,combined_equal_weight,EQ_D,0.016666666666666666
2022-06-01,combined_equal_weight,EQ_D,0.016666666666666666
2022-07-01,combined_equal_weight,EQ_D,0.016666666666666666
2022-08-01,combined_equal_weight,EQ_D,0.016666666666666666
2022-09-01,combined_equal_weight,EQ_D,0.016666666666666666
2022-10-03,combined_equal_weight,EQ_D,0.016666666666666666
2022-11-01,combined_equal_weight,EQ_D,0.016666666666666666
2022-12-01,combined_equal_weight,EQ_D,0.016666666666666666
2023-01-03,combined_equal_weight,EQ_D,0.016666666666666666
2023-02-01,combined_equal_weight,EQ_D,0.016666666666666666
2023-03-01,combined_equal_weight,EQ_D,0.016666666666666666
2023-04-03,combined_equal_weight,EQ_D,0.016666666666666666
2023-05-01,combined_equal_weight,EQ_D,0.016666666666666666
2023-06-01,combined_equal_weight,EQ_D,0.016666666666666666
2023-07-03,combined_equal_weight,EQ_D,0.016666666666666666
2023-08-01,combined_equal_weight,EQ_D,0.016666666666666666
2023-09-01,combined_equal_weight,EQ_D,0.016666666666666666
2023-10-02,combined_equal_weight,EQ_D,0.016666666666666666
2023-11-01,combined_equal_weight,EQ_D,0.016666666666666666
2023-12-01,combined_equal_weight,EQ_D,0.016666666666666666
2021-01-04,combined_equal_weight,EQ_DD,0.016666666666666666
2021-02-01,combined_equal_weight,EQ_DD,0.016666666666666666
2021-03-01,combined_equal_weight,EQ_DD,0.016666666666666666
2021-04-01,combined_equal_weight,EQ_DD,0.016666666666666666
2021-05-03,combined_equal_weight,EQ_DD,0.016666666666666666
2021-06-01,combined_equal_weight,EQ_DD,0.016666666666666666
2021-07-01,combined_equal_weight,EQ_DD,0.016666666666666666
2021-08-02,combined_equal_weight,EQ_DD,0.016666666666666666
2021-09-01,combined_equal_weight,EQ_DD,0.016666666666666666
2021-10-01,combined_equal_weight,EQ_DD,0.016666666666666666
2021-11-01,combined_equal_weight,EQ_DD,0.016666666666666666
2021-12-01,combined_equal_weight,EQ_DD,0.016666666666666666
2022-01-03,combined_equal_weight,EQ_DD,0.016666666666666666
2022-02-01,combined_equal_weight,EQ_DD,0.016666666666666666
2022-03-01,combined_equal_weight,EQ_DD,0.016666666666666666
2022-04-01,combined_equal_weight,EQ_DD,0.016666666666666666
2022-05-02,combined_equal_weight,EQ_DD,0.016666666666666666
2022-06-01,combined_equal_weight,EQ_DD,0.016666666666666666
2022-07-01,combined_equal_weight,EQ_DD,0.016666666666666666
2022-08-01,combined_equal_weight,EQ_DD,0.016666666666666666
2022-09-01,combined_equal_weight,EQ_DD,0.016666666666666666
2022-10-03,combined_equal_weight,EQ_DD,0.016666666666666666
2022-11-01,combined_equal_weight,EQ_DD,0.016666666666666666
2022-12-01,combined_equal_weight,EQ_DD,0.016666666666666666
2023-01-03,combined_equal_weight,EQ_DD,0.016666666666666666
2023-02-01,combined_equal_weight,EQ_DD,0.016666666666666666
2023-03-01,combined_equal_weight,EQ_DD,0.016666666666666666
2023-04-03,combined_equal_weight,EQ_DD,0.016666666666666666
2023-05-01,combined_equal_weight,EQ_DD,0.016666666666666666
2023-06-01,combined_equal_weight,EQ_DD,0.016666666666666666
2023-07-03,combined_equal_weight,EQ_DD,0.016666666666666666
2023-08-01,combined_equal_weight,EQ_DD,0.016666666666666666
2023-09-01,combined_equal_weight,EQ_DD,0.016666666666666666
2023-10-02,combined_equal_weight,EQ_DD,0.016666666666666666
2023-11-01,combined_equal_weight,EQ_DD,0.016666666666666666
2023-12-01,combined_equal_weight,EQ_DD,0.016666666666666666
2021-01-04,combined_equal_weight,EQ_DIS,0.016666666666666666
2021-02-01,combined_equal_weight,EQ_DIS,0.016666666666666666
2021-03-01,combined_equal_weight,EQ_DIS,0.016666666666666666
2021-04-01,combined_equal_weight,EQ_DIS,0.016666666666666666
2021-05-03,combined_equal_weight,EQ_DIS,0.016666666666666666
2021-06-01,combined_equal_weight,EQ_DIS,0.016666666666666666
2021-07-01,combined_equal_weight,EQ_DIS,0.016666666666666666
2021-08-02,combined_equal_weight,EQ_DIS,0.016666666666666666
2021-09-01,combined_equal_weight,EQ_DIS,0.016666666666666666
2021-10-01,combined_equal_weight,EQ_DIS,0.016666666666666666
2021-11-01,combined_equal_weight,EQ_DIS,0.016666666666666666
2021-12-01,combined_equal_weight,EQ_DIS,0.016666666666666666
2022-01-03,combined_equal_weight,EQ_DIS,0.016666666666666666
2022-02-01,combined_equal_weight,EQ_DIS,0.016666666666666666
2022-03-01,combined_equal_weight,EQ_DIS,0.016666666666666666
2022-04-01,combined_equal_weight,EQ_DIS,0.016666666666666666
2022-05-02,combined_equal_weight,EQ_DIS,0.016666666666666666
2022-06-01,combined_equal_weight,EQ_DIS,0.016666666666666666
2022-07-01,combined_equal_weight,EQ_DIS,0.016666666666666666
2022-08-01,combined_equal_weight,EQ_DIS,0.016666666666666666
2022-09-01,combined_equal_weight,EQ_DIS,0.016666666666666666
2022-10-03,combined_equal_weight,EQ_DIS,0.016666666666666666
2022-11-01,combined_equal_weight,EQ_DIS,0.016666666666666666
2022-12-01,combined_equal_weight,EQ_DIS,0.016666666666666666
2023-01-03,combined_equal_weight,EQ_DIS,0.016666666666666666
2023-02-01,combined_equal_weight,EQ_DIS,0.016666666666666666
2023-03-01,combined_equal_weight,EQ_DIS,0.016666666666666666
2023-04-03,combined_equal_weight,EQ_DIS,0.016666666666666666
2023-05-01,combined_equal_weight,EQ_DIS,0.016666666666666666
2023-06-01,combined_equal_weight,EQ_DIS,0.016666666666666666
2023-07-03,combined_equal_weight,EQ_DIS,0.016666666666666666
2023-08-01,combined_equal_weight,EQ_DIS,0.016666666666666666
2023-09-01,combined_equal_weight,EQ_DIS,0.016666666666666666
2023-10-02,combined_equal_weight,EQ_DIS,0.016666666666666666
2023-11-01,combined_equal_weight,EQ_DIS,0.016666666666666666
2023-12-01,combined_equal_weight,EQ_DIS,0.016666666666666666
2021-01-04,combined_equal_weight,EQ_DOW,0.016666666666666666
2021-02-01,combined_equal_weight,EQ_DOW,0.016666666666666666
2021-03-01,combined_equal_weight,EQ_DOW,0.016666666666666666
2021-04-01,combined_equal_weight,EQ_DOW,0.016666666666666666
2021-05-03,combined_equal_weight,EQ_DOW,0.016666666666666666
2021-06-01,combined_equal_weight,EQ_DOW,0.016666666666666666
2021-07-01,combined_equal_weight,EQ_DOW,0.016666666666666666
2021-08-02,combined_equal_weight,EQ_DOW,0.016666666666666666
2021-09-01,combined_equal_weight,EQ_DOW,0.016666666666666666
2021-10-01,combined_equal_weight,EQ_DOW,0.016666666666666666
2021-11-01,combined_equal_weight,EQ_DOW,0.016666666666666666
2021-12-01,combined_equal_weight,EQ_DOW,0.016666666666666666
2022-01-03,combined_equal_weight,EQ_DOW,0.016666666666666666
2022-02-01,combined_equal_weight,EQ_DOW,0.016666666666666666
2022-03-01,combined_equal_weight,EQ_DOW,0.016666666666666666
2022-04-01,combined_equal_weight,EQ_DOW,0.016666666666666666
2022-05-02,combined_equal_weight,EQ_DOW,0.016666666666666666
2022-06-01,combined_equal_weight,EQ_DOW,0.016666666666666666
2022-07-01,combined_equal_weight,EQ_DOW,0.016666666666666666
2022-08-01,combined_equal_weight,EQ_DOW,0.016666666666666666
2022-09-01,combined_equal_weight,EQ_DOW,0.016666666666666666
2022-10-03,combined_equal_weight,EQ_DOW,0.016666666666666666
2022-11-01,combined_equal_weight,EQ_DOW,0.016666666666666666
2022-12-01,combined_equal_weight,EQ_DOW,0.016666666666666666
2023-01-03,combined_equal_weight,EQ_DOW,0.016666666666666666
2023-02-01,combined_equal_weight,EQ_DOW,0.016666666666666666
2023-03-01,combined_equal_weight,EQ_DOW,0.016666666666666666
2023-04-03,combined_equal_weight,EQ_DOW,0.016666666666666666
2023-05-01,combined_equal_weight,EQ_DOW,0.016666666666666666
2023-06-01,combined_equal_weight,EQ_DOW,0.016666666666666666
2023-07-03,combined_equal_weight,EQ_DOW,0.016666666666666666
2023-08-01,combined_equal_weight,EQ_DOW,0.016666666666666666
2023-09-01,combined_equal_weight,EQ_DOW,0.016666666666666666
2023-10-02,combined_equal_weight,EQ_DOW,0.016666666666666666
2023-11-01,combined_equal_weight,EQ_DOW,0.016666666666666666
2023-12-01,combined_equal_weight,EQ_DOW,0.016666666666666666
2021-01-04,combined_equal_weight,EQ_DUK,0.016666666666666666
2021-02-01,combined_equal_weight,EQ_DUK,0.016666666666666666
2021-03-01,combined_equal_weight,EQ_DUK,0.016666666666666666
2021-04-01,combined_equal_weight,EQ_DUK,0.016666666666666666
2021-05-03,combined_equal_weight,EQ_DUK,0.016666666666666666
2021-06-01,combined_equal_weight,EQ_DUK,0.016666666666666666
2021-07-01,combined_equal_weight,EQ_DUK,0.016666666666666666
2021-08-02,combined_equal_weight,EQ_DUK,0.016666666666666666
2021-09-01,combined_equal_weight,EQ_DUK,0.016666666666666666
2021-10-01,combined_equal_weight,EQ_DUK,0.016666666666666666
2021-11-01,combined_equal_weight,EQ_DUK,0.016666666666666666
2021-12-01,combined_equal_weight,EQ_DUK,0.016666666666666666
2022-01-03,combined_equal_weight,EQ_DUK,0.016666666666666666
2022-02-01,combined_equal_weight,EQ_DUK,0.016666666666666666
2022-03-01,combined_equal_weight,EQ_DUK,0.016666666666666666
2022-04-01,combined_equal_weight,EQ_DUK,0.016666666666666666
2022-05-02,combined_equal_weight,EQ_DUK,0.016666666666666666
2022-06-01,combined_equal_weight,EQ_DUK,0.016666666666666666
2022-07-01,combined_equal_weight,EQ_DUK,0.016666666666666666
2022-08-01,combined_equal_weight,EQ_DUK,0.016666666666666666
2022-09-01,combined_equal_weight,EQ_DUK,0.016666666666666666
2022-10-03,combined_equal_weight,EQ_DUK,0.016666666666666666
2022-11-01,combined_equal_weight,EQ_DUK,0.016666666666666666
2022-12-01,combined_equal_weight,EQ_DUK,0.016666666666666666
2023-01-03,combined_equal_weight,EQ_DUK,0.016666666666666666
2023-02-01,combined_equal_weight,EQ_DUK,0.016666666666666666
2023-03-01,combined_equal_weight,EQ_DUK,0.016666666666666666
2023-04-03,combined_equal_weight,EQ_DUK,0.016666666666666666
2023-05-01,combined_equal_weight,EQ_DUK,0.016666666666666666
2023-06-01,combined_equal_weight,EQ_DUK,0.016666666666666666
2023-07-03,combined_equal_weight,EQ_DUK,0.016666666666666666
2023-08-01,combined_equal_weight,EQ_DUK,0.016666666666666666
2023-09-01,combined_equal_weight,EQ_DUK,0.016666666666666666
2023-10-02,combined_equal_weight,EQ_DUK,0.016666666666666666
2023-11-01,combined_equal_weight,EQ_DUK,0.016666666666666666
2023-12-01,combined_equal_weight,EQ_DUK,0.016666666666666666
2021-01-04,combined_equal_weight,EQ_EA,0.016666666666666666
2021-02-01,combined_equal_weight,EQ_EA,0.016666666666666666
2021-03-01,combined_equal_weight,EQ_EA,0.016666666666666666
2021-04-01,combined_equal_weight,EQ_EA,0.016666666666666666
2021-05-03,combined_equal_weight,EQ_EA,0.016666666666666666
2021-06-01,combined_equal_weight,EQ_EA,0.016666666666666666
2021-07-01,combined_equal_weight,EQ_EA,0.016666666666666666
2021-08-02,combined_equal_weight,EQ_EA,0.016666666666666666
2021-09-01,combined_equal_weight,EQ_EA,0.016666666666666666
2021-10-01,combined_equal_weight,EQ_EA,0.016666666666666666
2021-11-01,combined_equal_weight,EQ_EA,0.016666666666666666
2021-12-01,combined_equal_weight,EQ_EA,0.016666666666666666
2022-01-03,combined_equal_weight,EQ_EA,0.016666666666666666
2022-02-01,combined_equal_weight,EQ_EA,0.016666666666666666
2022-03-01,combined_equal_weight,EQ_EA,0.016666666666666666
2022-04-01,combined_equal_weight,EQ_EA,0.016666666666666666
2022-05-02,combined_equal_weight,EQ_EA,0.016666666666666666
2022-06-01,combined_equal_weight,EQ_EA,0.016666666666666666
2022-07-01,combined_equal_weight,EQ_EA,0.016666666666666666
2022-08-01,combined_equal_weight,EQ_EA,0.016666666666666666
2022-09-01,combined_equal_weight,EQ_EA,0.016666666666666666
2022-10-03,combined_equal_weight,EQ_EA,0.016666666666666666
2022-11-01,combined_equal_weight,EQ_EA,0.016666666666666666
2022-12-01,combined_equal_weight,EQ_EA,0.016666666666666666
2023-01-03,combined_equal_weight,EQ_EA,0.016666666666666666
2023-02-01,combined_equal_weight,EQ_EA,0.016666666666666666
2023-03-01,combined_equal_weight,EQ_EA,0.016666666666666666
2023-04-03,combined_equal_weight,EQ_EA,0.016666666666666666
2023-05-01,combined_equal_weight,EQ_EA,0.016666666666666666
2023-06-01,combined_equal_weight,EQ_EA,0.016666666666666666
2023-07-03,combined_equal_weight,EQ_EA,0.016666666666666666
2023-08-01,combined_equal_weight,EQ_EA,0.016666666666666666
2023-09-01,combined_equal_weight,EQ_EA,0.016666666666666666
2023-10-02,combined_equal_weight,EQ_EA,0.016666666666666666
2023-11-01,combined_equal_weight,EQ_EA,0.016666666666666666
2023-12-01,combined_equal_weight,EQ_EA,0.016666666666666666
2021-01-04,combined_equal_weight,EQ_GE,0.016666666666666666
2021-02-01,combined_equal_weight,EQ_GE,0.016666666666666666
2021-03-01,combined_equal_weight,EQ_GE,0.016666666666666666
2021-04-01,combined_equal_weight,EQ_GE,0.016666666666666666
2021-05-03,combined_equal_weight,EQ_GE,0.016666666666666666
2021-06-01,combined_equal_weight,EQ_GE,0.016666666666666666
2021-07-01,combined_equal_weight,EQ_GE,0.016666666666666666
2021-08-02,combined_equal_weight,EQ_GE,0.016666666666666666
2021-09-01,combined_equal_weight,EQ_GE,0.016666666666666666
2021-10-01,combined_equal_weight,EQ_GE,0.016666666666666666
2021-11-01,combined_equal_weight,EQ_GE,0.016666666666666666
2021-12-01,combined_equal_weight,EQ_GE,0.016666666666666666
2022-01-03,combined_equal_weight,EQ_GE,0.016666666666666666
2022-02-01,combined_equal_weight,EQ_GE,0.016666666666666666
2022-03-01,combined_equal_weight,EQ_GE,0.016666666666666666
2022-04-01,combined_equal_weight,EQ_GE,0.016666666666666666
2022-05-02,combined_equal_weight,EQ_GE,0.016666666666666666
2022-06-01,combined_equal_weight,EQ_GE,0.016666666666666666
2022-07-01,combined_equal_weight,EQ_GE,0.016666666666666666
2022-08-01,combined_equal_weight,EQ_GE,0.016666666666666666
2022-09-01,combined_equal_weight,EQ_GE,0.016666666666666666
2022-10-03,combined_equal_weight,EQ_GE,0.016666666666666666
2022-11-01,combined_equal_weight,EQ_GE,0.016666666666666666
2022-12-01,combined_equal_weight,EQ_GE,0.016666666666666666
2023-01-03,combined_equal_weight,EQ_GE,0.016666666666666666
2023-02-01,combined_equal_weight,EQ_GE,0.016666666666666666
2023-03-01,combined_equal_weight,EQ_GE,0.016666666666666666
2023-04-03,combined_equal_weight,EQ_GE,0.016666666666666666
2023-05-01,combined_equal_weight,EQ_GE,0.016666666666666666
2023-06-01,combined_equal_weight,EQ_GE,0.016666666666666666
2023-07-03,combined_equal_weight,EQ_GE,0.016666666666666666
2023-08-01,combined_equal_weight,EQ_GE,0.016666666666666666
2023-09-01,combined_equal_weight,EQ_GE,0.016666666666666666
2023-10-02,combined_equal_weight,EQ_GE,0.016666666666666666
2023-11-01,combined_equal_weight,EQ_GE,0.016666666666666666
2023-12-01,combined_equal_weight,EQ_GE,0.016666666666666666
2021-01-04,combined_equal_weight,EQ_GILD,0.016666666666666666
2021-02-01,combined_equal_weight,EQ_GILD,0.016666666666666666
2021-03-01,combined_equal_weight,EQ_GILD,0.016666666666666666
2021-04-01,combined_equal_weight,EQ_GILD,0.016666666666666666
2021-05-03,combined_equal_weight,EQ_GILD,0.016666666666666666
2021-06-01,combined_equal_weight,EQ_GILD,0.016666666666666666
2021-07-01,combined_equal_weight,EQ_GILD,0.016666666666666666
2021-08-02,combined_equal_weight,EQ_GILD,0.016666666666666666
2021-09-01,combined_equal_weight,EQ_GILD,0.016666666666666666
2021-10-01,combined_equal_weight,EQ_GILD,0.016666666666666666
2021-11-01,combined_equal_weight,EQ_GILD,0.016666666666666666
2021-12-01,combined_equal_weight,EQ_GILD,0.016666666666666666
2022-01-03,combined_equal_weight,EQ_GILD,0.016666666666666666
2022-02-01,combined_equal_weight,EQ_GILD,0.016666666666666666
2022-03-01,combined_equal_weight,EQ_GILD,0.016666666666666666
2022-04-01,combined_equal_weight,EQ_GILD,0.016666666666666666
2022-05-02,combined_equal_weight,EQ_GILD,0.016666666666666666
2022-06-01,combined_equal_weight,EQ_GILD,0.016666666666666666
2022-07-01,combined_equal_weight,EQ_GILD,0.016666666666666666
2022-08-01,combined_equal_weight,EQ_GILD,0.016666666666666666
2022-09-01,combined_equal_weight,EQ_GILD,0.016666666666666666
2022-10-03,combined_equal_weight,EQ_GILD,0.016666666666666666
2022-11-01,combined_equal_weight,EQ_GILD,0.016666666666666666
2022-12-01,combined_equal_weight,EQ_GILD,0.016666666666666666
2023-01-03,combined_equal_weight,EQ_GILD,0.016666666666666666
2023-02-01,combined_equal_weight,EQ_GILD,0.016666666666666666
2023-03-01,combined_equal_weight,EQ_GILD,0.016666666666666666
2023-04-03,combined_equal_weight,EQ_GILD,0.016666666666666666
2023-05-01,combined_equal_weight,EQ_GILD,0.016666666666666666
2023-06-01,combined_equal_weight,EQ_GILD,0.016666666666666666
2023-07-03,combined_equal_weight,EQ_GILD,0.016666666666666666
2023-08-01,combined_equal_weight,EQ_GILD,0.016666666666666666
2023-09-01,combined_equal_weight,EQ_GILD,0.016666666666666666
2023-10-02,combined_equal_weight,EQ_GILD,0.016666666666666666
2023-11-01,combined_equal_weight,EQ_GILD,0.016666666666666666
2023-12-01,combined_equal_weight,EQ_GILD,0.016666666666666666
2021-01-04,combined_equal_weight,EQ_GS,0.016666666666666666
2021-02-01,combined_equal_weight,EQ_GS,0.016666666666666666
2021-03-01,combined_equal_weight,EQ_GS,0.016666666666666666
2021-04-01,combined_equal_weight,EQ_GS,0.016666666666666666
2021-05-03,combined_equal_weight,EQ_GS,0.016666666666666666
2021-06-01,combined_equal_weight,EQ_GS,0.016666666666666666
2021-07-01,combined_equal_weight,EQ_GS,0.016666666666666666
2021-08-02,combined_equal_weight,EQ_GS,0.016666666666666666
2021-09-01,combined_equal_weight,EQ_GS,0.016666666666666666
2021-10-01,combined_equal_weight,EQ_GS,0.016666666666666666
2021-11-01,combined_equal_weight,EQ_GS,0.016666666666666666
2021-12-01,combined_equal_weight,EQ_GS,0.016666666666666666
2022-01-03,combined_equal_weight,EQ_GS,0.016666666666666666
2022-02-01,combined_equal_weight,EQ_GS,0.016666666666666666
2022-03-01,combined_equal_weight,EQ_GS,0.016666666666666666
2022-04-01,combined_equal_weight,EQ_GS,0.016666666666666666
2022-05-02,combined_equal_weight,EQ_GS,0.016666666666666666
2022-06-01,combined_equal_weight,EQ_GS,0.016666666666666666
2022-07-01,combined_equal_weight,EQ_GS,0.016666666666666666
2022-08-01,combined_equal_weight,EQ_GS,0.016666666666666666
2022-09-01,combined_equal_weight,EQ_GS,0.016666666666666666
2022-10-03,combined_equal_weight,EQ_GS,0.016666666666666666
2022-11-01,combined_equal_weight,EQ_GS,0.016666666666666666
2022-12-01,combined_equal_weight,EQ_GS,0.016666666666666666
2023-01-03,combined_equal_weight,EQ_GS,0.016666666666666666
2023-02-01,combined_equal_weight,EQ_GS,0.016666666666666666
2023-03-01,combined_equal_weight,EQ_GS,0.016666666666666666
2023-04-03,combined_equal_weight,EQ_GS,0.016666666666666666
2023-05-01,combined_equal_weight,EQ_GS,0.016666666666666666
2023-06-01,combined_equal_weight,EQ_GS,0.016666666666666666
2023-07-03,combined_equal_weight,EQ_GS,0.016666666666666666
2023-08-01,combined_equal_weight,EQ_GS,0.016666666666666666
2023-09-01,combined_equal_weight,EQ_GS,0.016666666666666666
2023-10-02,combined_equal_weight,EQ_GS,0.016666666666666666
2023-11-01,combined_equal_weight,EQ_GS,0.016666666666666666
2023-12-01,combined_equal_weight,EQ_GS,0.016666666666666666
2021-01-04,combined_equal_weight,EQ_INTC,0.016666666666666666
2021-02-01,combined_equal_weight,EQ_INTC,0.016666666666666666
2021-03-01,combined_equal_weight,EQ_INTC,0.016666666666666666
2021-04-01,combined_equal_weight,EQ_INTC,0.016666666666666666
2021-05-03,combined_equal_weight,EQ_INTC,0.016666666666666666
2021-06-01,combined_equal_weight,EQ_INTC,0.016666666666666666
2021-07-01,combined_equal_weight,EQ_INTC,0.016666666666666666
2021-08-02,combined_equal_weight,EQ_INTC,0.016666666666666666
2021-09-01,combined_equal_weight,EQ_INTC,0.016666666666666666
2021-10-01,combined_equal_weight,EQ_INTC,0.016666666666666666
2021-11-01,combined_equal_weight,EQ_INTC,0.016666666666666666
2021-12-01,combined_equal_weight,EQ_INTC,0.016666666666666666
2022-01-03,combined_equal_weight,EQ_INTC,0.016666666666666666
2022-02-01,combined_equal_weight,EQ_INTC,0.016666666666666666
2022-03-01,combined_equal_weight,EQ_INTC,0.016666666666666666
2022-04-01,combined_equal_weight,EQ_INTC,0.016666666666666666
2022-05-02,combined_equal_weight,EQ_INTC,0.016666666666666666
2022-06-01,combined_equal_weight,EQ_INTC,0.016666666666666666
2022-07-01,combined_equal_weight,EQ_INTC,0.016666666666666666
2022-08-01,combined_equal_weight,EQ_INTC,0.016666666666666666
2022-09-01,combined_equal_weight,EQ_INTC,0.016666666666666666
2022-10-03,combined_equal_weight,EQ_INTC,0.016666666666666666
2022-11-01,combined_equal_weight,EQ_INTC,0.016666666666666666
2022-12-01,combined_equal_weight,EQ_INTC,0.016666666666666666
2023-01-03,combined_equal_weight,EQ_INTC,0.016666666666666666
2023-02-01,combined_equal_weight,EQ_INTC,0.016666666666666666
2023-03-01,combined_equal_weight,EQ_INTC,0.016666666666666666
2023-04-03,combined_equal_weight,EQ_INTC,0.016666666666666666
2023-05-01,combined_equal_weight,EQ_INTC,0.016666666666666666
2023-06-01,combined_equal_weight,EQ_INTC,0.016666666666666666
2023-07-03,combined_equal_weight,EQ_INTC,0.016666666666666666
2023-08-01,combined_equal_weight,EQ_INTC,0.016666666666666666
2023-09-01,combined_equal_weight,EQ_INTC,0.016666666666666666
2023-10-02,combined_equal_weight,EQ_INTC,0.016666666666666666
2023-11-01,combined_equal_weight,EQ_INTC,0.016666666666666666
2023-12-01,combined_equal_weight,EQ_INTC,0.016666666666666666
2021-01-04,combined_equal_weight,EQ_KO,0.016666666666666666
2021-02-01,combined_equal_weight,EQ_KO,0.016666666666666666
2021-03-01,combined_equal_weight,EQ_KO,0.016666666666666666
2021-04-01,combined_equal_weight,EQ_KO,0.016666666666666666
2021-05-03,combined_equal_weight,EQ_KO,0.016666666666666666
2021-06-01,combined_equal_weight,EQ_KO,0.016666666666666666
2021-07-01,combined_equal_weight,EQ_KO,0.016666666666666666
2021-08-02,combined_equal_weight,EQ_KO,0.016666666666666666
2021-09-01,combined_equal_weight,EQ_KO,0.016666666666666666
2021-10-01,combined_equal_weight,EQ_KO,0.016666666666666666
2021-11-01,combined_equal_weight,EQ_KO,0.016666666666666666
2021-12-01,combined_equal_weight,EQ_KO,0.016666666666666666
2022-01-03,combined_equal_weight,EQ_KO,0.016666666666666666
2022-02-01,combined_equal_weight,EQ_KO,0.016666666666666666
2022-03-01,combined_equal_weight,EQ_KO,0.016666666666666666
2022-04-01,combined_equal_weight,EQ_KO,0.016666666666666666
2022-05-02,combined_equal_weight,EQ_KO,0.016666666666666666
2022-06-01,combined_equal_weight,EQ_KO,0.016666666666666666
2022-07-01,combined_equal_weight,EQ_KO,0.016666666666666666
2022-08-01,combined_equal_weight,EQ_KO,0.016666666666666666
2022-09-01,combined_equal_weight,EQ_KO,0.016666666666666666
2022-10-03,combined_equal_weight,EQ_KO,0.016666666666666666
2022-11-01,combined_equal_weight,EQ_KO,0.016666666666666666
2022-12-01,combined_equal_weight,EQ_KO,0.016666666666666666
2023-01-03,combined_equal_weight,EQ_KO,0.016666666666666666
2023-02-01,combined_equal_weight,EQ_KO,0.016666666666666666
2023-03-01,combined_equal_weight,EQ_KO,0.016666666666666666
2023-04-03,combined_equal_weight,EQ_KO,0.016666666666666666
2023-05-01,combined_equal_weight,EQ_KO,0.016666666666666666
2023-06-01,combined_equal_weight,EQ_KO,0.016666666666666666
2023-07-03,combined_equal_weight,EQ_KO,0.016666666666666666
2023-08-01,combined_equal_weight,EQ_KO,0.016666666666666666
2023-09-01,combined_equal_weight,EQ_KO,0.016666666666666666
2023-10-02,combined_equal_weight,EQ_KO,0.016666666666666666
2023-11-01,combined_equal_weight,EQ_KO,0.016666666666666666
2023-12-01,combined_equal_weight,EQ_KO,0.016666666666666666
2021-01-04,combined_equal_weight,EQ_MMM,0.016666666666666666
2021-02-01,combined_equal_weight,EQ_MMM,0.016666666666666666
2021-03-01,combined_equal_weight,EQ_MMM,0.016666666666666666
2021-04-01,combined_equal_weight,EQ_MMM,0.016666666666666666
2021-05-03,combined_equal_weight,EQ_MMM,0.016666666666666666
2021-06-01,combined_equal_weight,EQ_MMM,0.016666666666666666
2021-07-01,combined_equal_weight,EQ_MMM,0.016666666666666666
2021-08-02,combined_equal_weight,EQ_MMM,0.016666666666666666
2021-09-01,combined_equal_weight,EQ_MMM,0.016666666666666666
2021-10-01,combined_equal_weight,EQ_MMM,0.016666666666666666
2021-11-01,combined_equal_weight,EQ_MMM,0.016666666666666666
2021-12-01,combined_equal_weight,EQ_MMM,0.016666666666666666
2022-01-03,combined_equal_weight,EQ_MMM,0.016666666666666666
2022-02-01,combined_equal_weight,EQ_MMM,0.016666666666666666
2022-03-01,combined_equal_weight,EQ_MMM,0.016666666666666666
2022-04-01,combined_equal_weight,EQ_MMM,0.016666666666666666
2022-05-02,combined_equal_weight,EQ_MMM,0.016666666666666666
2022-06-01,combined_equal_weight,EQ_MMM,0.016666666666666666
2022-07-01,combined_equal_weight,EQ_MMM,0.016666666666666666
2022-08-01,combined_equal_weight,EQ_MMM,0.016666666666666666
2022-09-01,combined_equal_weight,EQ_MMM,0.016666666666666666
2022-10-03,combined_equal_weight,EQ_MMM,0.016666666666666666
2022-11-01,combined_equal_weight,EQ_MMM,0.016666666666666666
2022-12-01,combined_equal_weight,EQ_MMM,0.016666666666666666
2023-01-03,combined_equal_weight,EQ_MMM,0.016666666666666666
2023-02-01,combined_equal_weight,EQ_MMM,0.016666666666666666
2023-03-01,combined_equal_weight,EQ_MMM,0.016666666666666666
2023-04-03,combined_equal_weight,EQ_MMM,0.016666666666666666
2023-05-01,combined_equal_weight,EQ_MMM,0.016666666666666666
2023-06-01,combined_equal_weight,EQ_MMM,0.016666666666666666
2023-07-03,combined_equal_weight,EQ_MMM,0.016666666666666666
2023-08-01,combined_equal_weight,EQ_MMM,0.016666666666666666
2023-09-01,combined_equal_weight,EQ_MMM,0.016666666666666666
2023-10-02,combined_equal_weight,EQ_MMM,0.016666666666666666
2023-11-01,combined_equal_weight,EQ_MMM,0.016666666666666666
2023-12-01,combined_equal_weight,EQ_MMM,0.016666666666666666
2021-01-04,combined_equal_weight,EQ_MRK,0.016666666666666666
2021-02-01,combined_equal_weight,EQ_MRK,0.016666666666666666
2021-03-01,combined_equal_weight,EQ_MRK,0.016666666666666666
2021-04-01,combined_equal_weight,EQ_MRK,0.016666666666666666
2021-05-03,combined_equal_weight,EQ_MRK,0.016666666666666666
2021-06-01,combined_equal_weight,EQ_MRK,0.016666666666666666
2021-07-01,combined_equal_weight,EQ_MRK,0.016666666666666666
2021-08-02,combined_equal_weight,EQ_MRK,0.016666666666666666
2021-09-01,combined_equal_weight,EQ_MRK,0.016666666666666666
2021-10-01,combined_equal_weight,EQ_MRK,0.016666666666666666
2021-11-01,combined_equal_weight,EQ_MRK,0.016666666666666666
2021-12-01,combined_equal_weight,EQ_MRK,0.016666666666666666
2022-01-03,combined_equal_weight,EQ_MRK,0.016666666666666666
2022-02-01,combined_equal_weight,EQ_MRK,0.016666666666666666
2022-03-01,combined_equal_weight,EQ_MRK,0.016666666666666666
2022-04-01,combined_equal_weight,EQ_MRK,0.016666666666666666
2022-05-02,combined_equal_weight,EQ_MRK,0.016666666666666666
2022-06-01,combined_equal_weight,EQ_MRK,0.016666666666666666
2022-07-01,combined_equal_weight,EQ_MRK,0.016666666666666666
2022-08-01,combined_equal_weight,EQ_MRK,0.016666666666666666
2022-09-01,combined_equal_weight,EQ_MRK,0.016666666666666666
2022-10-03,combined_equal_weight,EQ_MRK,0.016666666666666666
2022-11-01,combined_equal_weight,EQ_MRK,0.016666666666666666
2022-12-01,combined_equal_weight,EQ_MRK,0.016666666666666666
2023-01-03,combined_equal_weight,EQ_MRK,0.016666666666666666
2023-02-01,combined_equal_weight,EQ_MRK,0.016666666666666666
2023-03-01,combined_equal_weight,EQ_MRK,0.016666666666666666
2023-04-03,combined_equal_weight,EQ_MRK,0.016666666666666666
2023-05-01,combined_equal_weight,EQ_MRK,0.016666666666666666
2023-06-01,combined_equal_weight,EQ_MRK,0.016666666666666666
2023-07-03,combined_equal_weight,EQ_MRK,0.016666666666666666
2023-08-01,combined_equal_weight,EQ_MRK,0.016666666666666666
2023-09-01,combined_equal_weight,EQ_MRK,0.016666666666666666
2023-10-02,combined_equal_weight,EQ_MRK,0.016666666666666666
2023-11-01,combined_equal_weight,EQ_MRK,0.016666666666666666
2023-12-01,combined_equal_weight,EQ_MRK,0.016666666666666666
2021-01-04,combined_equal_weight,EQ_MS,0.016666666666666666
2021-02-01,combined_equal_weight,EQ_MS,0.016666666666666666
2021-03-01,combined_equal_weight,EQ_MS,0.016666666666666666
2021-04-01,combined_equal_weight,EQ_MS,0.016666666666666666
2021-05-03,combined_equal_weight,EQ_MS,0.016666666666666666
2021-06-01,combined_equal_weight,EQ_MS,0.016666666666666666
2021-07-01,combined_equal_weight,EQ_MS,0.016666666666666666
2021-08-02,combined_equal_weight,EQ_MS,0.016666666666666666
2021-09-01,combined_equal_weight,EQ_MS,0.016666666666666666
2021-10-01,combined_equal_weight,EQ_MS,0.016666666666666666
2021-11-01,combined_equal_weight,EQ_MS,0.016666666666666666
2021-12-01,combined_equal_weight,EQ_MS,0.016666666666666666
2022-01-03,combined_equal_weight,EQ_MS,0.016666666666666666
2022-02-01,combined_equal_weight,EQ_MS,0.016666666666666666
2022-03-01,combined_equal_weight,EQ_MS,0.016666666666666666
2022-04-01,combined_equal_weight,EQ_MS,0.016666666666666666
2022-05-02,combined_equal_weight,EQ_MS,0.016666666666666666
2022-06-01,combined_equal_weight,EQ_MS,0.016666666666666666
2022-07-01,combined_equal_weight,EQ_MS,0.016666666666666666
2022-08-01,combined_equal_weight,EQ_MS,0.016666666666666666
2022-09-01,combined_equal_weight,EQ_MS,0.016666666666666666
2022-10-03,combined_equal_weight,EQ_MS,0.016666666666666666
2022-11-01,combined_equal_weight,EQ_MS,0.016666666666666666
2022-12-01,combined_equal_weight,EQ_MS,0.016666666666666666
2023-01-03,combined_equal_weight,EQ_MS,0.016666666666666666
2023-02-01,combined_equal_weight,EQ_MS,0.016666666666666666
2023-03-01,combined_equal_weight,EQ_MS,0.016666666666666666
2023-04-03,combined_equal_weight,EQ_MS,0.016666666666666666
2023-05-01,combined_equal_weight,EQ_MS,0.016666666666666666
2023-06-01,combined_equal_weight,EQ_MS,0.016666666666666666
2023-07-03,combined_equal_weight,EQ_MS,0.016666666666666666
2023-08-01,combined_equal_weight,EQ_MS,0.016666666666666666
2023-09-01,combined_equal_weight,EQ_MS,0.016666666666666666
2023-10-02,combined_equal_weight,EQ_MS,0.016666666666666666
2023-11-01,combined_equal_weight,EQ_MS,0.016666666666666666
2023-12-01,combined_equal_weight,EQ_MS,0.016666666666666666
2021-01-04,combined_equal_weight,EQ_NEE,0.016666666666666666
2021-02-01,combined_equal_weight,EQ_NEE,0.016666666666666666
2021-03-01,combined_equal_weight,EQ_NEE,0.016666666666666666
2021-04-01,combined_equal_weight,EQ_NEE,0.016666666666666666
2021-05-03,combined_equal_weight,EQ_NEE,0.016666666666666666
2021-06-01,combined_equal_weight,EQ_NEE,0.016666666666666666
2021-07-01,combined_equal_weight,EQ_NEE,0.016666666666666666
2021-08-02,combined_equal_weight,EQ_NEE,0.016666666666666666
2021-09-01,combined_equal_weight,EQ_NEE,0.016666666666666666
2021-10-01,combined_equal_weight,EQ_NEE,0.016666666666666666
2021-11-01,combined_equal_weight,EQ_NEE,0.016666666666666666
2021-12-01,combined_equal_weight,EQ_NEE,0.016666666666666666
2022-01-03,combined_equal_weight,EQ_NEE,0.016666666666666666
2022-02-01,combined_equal_weight,EQ_NEE,0.016666666666666666
2022-03-01,combined_equal_weight,EQ_NEE,0.016666666666666666
2022-04-01,combined_equal_weight,EQ_NEE,0.016666666666666666
2022-05-02,combined_equal_weight,EQ_NEE,0.016666666666666666
2022-06-01,combined_equal_weight,EQ_NEE,0.016666666666666666
2022-07-01,combined_equal_weight,EQ_NEE,0.016666666666666666
2022-08-01,combined_equal_weight,EQ_NEE,0.016666666666666666
2022-09-01,combined_equal_weight,EQ_NEE,0.016666666666666666
2022-10-03,combined_equal_weight,EQ_NEE,0.016666666666666666
2022-11-01,combined_equal_weight,EQ_NEE,0.016666666666666666
2022-12-01,combined_equal_weight,EQ_NEE,0.016666666666666666
2023-01-03,combined_equal_weight,EQ_NEE,0.016666666666666666
2023-02-01,combined_equal_weight,EQ_NEE,0.016666666666666666
2023-03-01,combined_equal_weight,EQ_NEE,0.016666666666666666
2023-04-03,combined_equal_weight,EQ_NEE,0.016666666666666666
2023-05-01,combined_equal_weight,EQ_NEE,0.016666666666666666
2023-06-01,combined_equal_weight,EQ_NEE,0.016666666666666666
2023-07-03,combined_equal_weight,EQ_NEE,0.016666666666666666
2023-08-01,combined_equal_weight,EQ_NEE,0.016666666666666666
2023-09-01,combined_equal_weight,EQ_NEE,0.016666666666666666
2023-10-02,combined_equal_weight,EQ_NEE,0.016666666666666666
2023-11-01,combined_equal_weight,EQ_NEE,0.016666666666666666
2023-12-01,combined_equal_weight,EQ_NEE,0.016666666666666666
2021-01-04,combined_equal_weight,EQ_NEM,0.016666666666666666
2021-02-01,combined_equal_weight,EQ_NEM,0.016666666666666666
2021-03-01,combined_equal_weight,EQ_NEM,0.016666666666666666
2021-04-01,combined_equal_weight,EQ_NEM,0.016666666666666666
2021-05-03,combined_equal_weight,EQ_NEM,0.016666666666666666
2021-06-01,combined_equal_weight,EQ_NEM,0.016666666666666666
2021-07-01,combined_equal_weight,EQ_NEM,0.016666666666666666
2021-08-02,combined_equal_weight,EQ_NEM,0.016666666666666666
2021-09-01,combined_equal_weight,EQ_NEM,0.016666666666666666
2021-10-01,combined_equal_weight,EQ_NEM,0.016666666666666666
2021-11-01,combined_equal_weight,EQ_NEM,0.016666666666666666
2021-12-01,combined_equal_weight,EQ_NEM,0.016666666666666666
2022-01-03,combined_equal_weight,EQ_NEM,0.016666666666666666
2022-02-01,combined_equal_weight,EQ_NEM,0.016666666666666666
2022-03-01,combined_equal_weight,EQ_NEM,0.016666666666666666
2022-04-01,combined_equal_weight,EQ_NEM,0.016666666666666666
2022-05-02,combined_equal_weight,EQ_NEM,0.016666666666666666
2022-06-01,combined_equal_weight,EQ_NEM,0.016666666666666666
2022-07-01,combined_equal_weight,EQ_NEM,0.016666666666666666
2022-08-01,combined_equal_weight,EQ_NEM,0.016666666666666666
2022-09-01,combined_equal_weight,EQ_NEM,0.016666666666666666
2022-10-03,combined_equal_weight,EQ_NEM,0.016666666666666666
2022-11-01,combined_equal_weight,EQ_NEM,0.016666666666666666
2022-12-01,combined_equal_weight,EQ_NEM,0.016666666666666666
2023-01-03,combined_equal_weight,EQ_NEM,0.016666666666666666
2023-02-01,combined_equal_weight,EQ_NEM,0.016666666666666666
2023-03-01,combined_equal_weight,EQ_NEM,0.016666666666666666
2023-04-03,combined_equal_weight,EQ_NEM,0.016666666666666666
2023-05-01,combined_equal_weight,EQ_NEM,0.016666666666666666
2023-06-01,combined_equal_weight,EQ_NEM,0.016666666666666666
2023-07-03,combined_equal_weight,EQ_NEM,0.016666666666666666
2023-08-01,combined_equal_weight,EQ_NEM,0.016666666666666666
2023-09-01,combined_equal_weight,EQ_NEM,0.016666666666666666
2023-10-02,combined_equal_weight,EQ_NEM,0.016666666666666666
2023-11-01,combined_equal_weight,EQ_NEM,0.016666666666666666
2023-12-01,combined_equal_weight,EQ_NEM,0.016666666666666666
2021-01-04,combined_equal_weight,EQ_NKE,0.016666666666666666
2021-02-01,combined_equal_weight,EQ_NKE,0.016666666666666666
2021-03-01,combined_equal_weight,EQ_NKE,0.016666666666666666
2021-04-01,combined_equal_weight,EQ_NKE,0.016666666666666666
2021-05-03,combined_equal_weight,EQ_NKE,0.016666666666666666
2021-06-01,combined_equal_weight,EQ_NKE,0.016666666666666666
2021-07-01,combined_equal_weight,EQ_NKE,0.016666666666666666
2021-08-02,combined_equal_weight,EQ_NKE,0.016666666666666666
2021-09-01,combined_equal_weight,EQ_NKE,0.016666666666666666
2021-10-01,combined_equal_weight,EQ_NKE,0.016666666666666666
2021-11-01,combined_equal_weight,EQ_NKE,0.016666666666666666
2021-12-01,combined_equal_weight,EQ_NKE,0.016666666666666666
2022-01-03,combined_equal_weight,EQ_NKE,0.016666666666666666
2022-02-01,combined_equal_weight,EQ_NKE,0.016666666666666666
2022-03-01,combined_equal_weight,EQ_NKE,0.016666666666666666
2022-04-01,combined_equal_weight,EQ_NKE,0.016666666666666666
2022-05-02,combined_equal_weight,EQ_NKE,0.016666666666666666
2022-06-01,combined_equal_weight,EQ_NKE,0.016666666666666666
2022-07-01,combined_equal_weight,EQ_NKE,0.016666666666666666
2022-08-01,combined_equal_weight,EQ_NKE,0.016666666666666666
2022-09-01,combined_equal_weight,EQ_NKE,0.016666666666666666
2022-10-03,combined_equal_weight,EQ_NKE,0.016666666666666666
2022-11-01,combined_equal_weight,EQ_NKE,0.016666666666666666
2022-12-01,combined_equal_weight,EQ_NKE,0.016666666666666666
2023-01-03,combined_equal_weight,EQ_NKE,0.016666666666666666
2023-02-01,combined_equal_weight,EQ_NKE,0.016666666666666666
2023-03-01,combined_equal_weight,EQ_NKE,0.016666666666666666
2023-04-03,combined_equal_weight,EQ_NKE,0.016666666666666666
2023-05-01,combined_equal_weight,EQ_NKE,0.016666666666666666
2023-06-01,combined_equal_weight,EQ_NKE,0.016666666666666666
2023-07-03,combined_equal_weight,EQ_NKE,0.016666666666666666
2023-08-01,combined_equal_weight,EQ_NKE,0.016666666666666666
2023-09-01,combined_equal_weight,EQ_NKE,0.016666666666666666
2023-10-02,combined_equal_weight,EQ_NKE,0.016666666666666666
2023-11-01,combined_equal_weight,EQ_NKE,0.016666666666666666
2023-12-01,combined_equal_weight,EQ_NKE,0.016666666666666666
2021-01-04,combined_equal_weight,EQ_NUE,0.016666666666666666
2021-02-01,combined_equal_weight,EQ_NUE,0.016666666666666666
2021-03-01,combined_equal_weight,EQ_NUE,0.016666666666666666
2021-04-01,combined_equal_weight,EQ_NUE,0.016666666666666666
2021-05-03,combined_equal_weight,EQ_NUE,0.016666666666666666
2021-06-01,combined_equal_weight,EQ_NUE,0.016666666666666666
2021-07-01,combined_equal_weight,EQ_NUE,0.016666666666666666
2021-08-02,combined_equal_weight,EQ_NUE,0.016666666666666666
2021-09-01,combined_equal_weight,EQ_NUE,0.016666666666666666
2021-10-01,combined_equal_weight,EQ_NUE,0.016666666666666666
2021-11-01,combined_equal_weight,EQ_NUE,0.016666666666666666
2021-12-01,combined_equal_weight,EQ_NUE,0.016666666666666666
2022-01-03,combined_equal_weight,EQ_NUE,0.016666666666666666
2022-02-01,combined_equal_weight,EQ_NUE,0.016666666666666666
2022-03-01,combined_equal_weight,EQ_NUE,0.016666666666666666
2022-04-01,combined_equal_weight,EQ_NUE,0.016666666666666666
2022-05-02,combined_equal_weight,EQ_NUE,0.016666666666666666
2022-06-01,combined_equal_weight,EQ_NUE,0.016666666666666666
2022-07-01,combined_equal_weight,EQ_NUE,0.016666666666666666
2022-08-01,combined_equal_weight,EQ_NUE,0.016666666666666666
2022-09-01,combined_equal_weight,EQ_NUE,0.016666666666666666
2022-10-03,combined_equal_weight,EQ_NUE,0.016666666666666666
2022-11-01,combined_equal_weight,EQ_NUE,0.016666666666666666
2022-12-01,combined_equal_weight,EQ_NUE,0.016666666666666666
2023-01-03,combined_equal_weight,EQ_NUE,0.016666666666666666
2023-02-01,combined_equal_weight,EQ_NUE,0.016666666666666666
2023-03-01,combined_equal_weight,EQ_NUE,0.016666666666666666
2023-04-03,combined_equal_weight,EQ_NUE,0.016666666666666666
2023-05-01,combined_equal_weight,EQ_NUE,0.016666666666666666
2023-06-01,combined_equal_weight,EQ_NUE,0.016666666666666666
2023-07-03,combined_equal_weight,EQ_NUE,0.016666666666666666
2023-08-01,combined_equal_weight,EQ_NUE,0.016666666666666666
2023-09-01,combined_equal_weight,EQ_NUE,0.016666666666666666
2023-10-02,combined_equal_weight,EQ_NUE,0.016666666666666666
2023-11-01,combined_equal_weight,EQ_NUE,0.016666666666666666
2023-12-01,combined_equal_weight,EQ_NUE,0.016666666666666666
2021-01-04,combined_equal_weight,EQ_NVDA,0.016666666666666666
2021-02-01,combined_equal_weight,EQ_NVDA,0.016666666666666666
2021-03-01,combined_equal_weight,EQ_NVDA,0.016666666666666666
2021-04-01,combined_equal_weight,EQ_NVDA,0.016666666666666666
2021-05-03,combined_equal_weight,EQ_NVDA,0.016666666666666666
2021-06-01,combined_equal_weight,EQ_NVDA,0.016666666666666666
2021-07-01,combined_equal_weight,EQ_NVDA,0.016666666666666666
2021-08-02,combined_equal_weight,EQ_NVDA,0.016666666666666666
2021-09-01,combined_equal_weight,EQ_NVDA,0.016666666666666666
2021-10-01,combined_equal_weight,EQ_NVDA,0.016666666666666666
2021-11-01,combined_equal_weight,EQ_NVDA,0.016666666666666666
2021-12-01,combined_equal_weight,EQ_NVDA,0.016666666666666666
2022-01-03,combined_equal_weight,EQ_NVDA,0.016666666666666666
2022-02-01,combined_equal_weight,EQ_NVDA,0.016666666666666666
2022-03-01,combined_equal_weight,EQ_NVDA,0.016666666666666666
2022-04-01,combined_equal_weight,EQ_NVDA,0.016666666666666666
2022-05-02,combined_equal_weight,EQ_NVDA,0.016666666666666666
2022-06-01,combined_equal_weight,EQ_NVDA,0.016666666666666666
2022-07-01,combined_equal_weight,EQ_NVDA,0.016666666666666666
2022-08-01,combined_equal_weight,EQ_NVDA,0.016666666666666666
2022-09-01,combined_equal_weight,EQ_NVDA,0.016666666666666666
2022-10-03,combined_equal_weight,EQ_NVDA,0.016666666666666666
2022-11-01,combined_equal_weight,EQ_NVDA,0.016666666666666666
2022-12-01,combined_equal_weight,EQ_NVDA,0.016666666666666666
2023-01-03,combined_equal_weight,EQ_NVDA,0.016666666666666666
2023-02-01,combined_equal_weight,EQ_NVDA,0.016666666666666666
2023-03-01,combined_equal_weight,EQ_NVDA,0.016666666666666666
2023-04-03,combined_equal_weight,EQ_NVDA,0.016666666666666666
2023-05-01,combined_equal_weight,EQ_NVDA,0.016666666666666666
2023-06-01,combined_equal_weight,EQ_NVDA,0.016666666666666666
2023-07-03,combined_equal_weight,EQ_NVDA,0.016666666666666666
2023-08-01,combined_equal_weight,EQ_NVDA,0.016666666666666666
2023-09-01,combined_equal_weight,EQ_NVDA,0.016666666666666666
2023-10-02,combined_equal_weight,EQ_NVDA,0.016666666666666666
2023-11-01,combined_equal_weight,EQ_NVDA,0.016666666666666666
2023-12-01,combined_equal_weight,EQ_NVDA,0.016666666666666666
2021-01-04,combined_equal_weight,EQ_O,0.016666666666666666
2021-02-01,combined_equal_weight,EQ_O,0.016666666666666666
2021-03-01,combined_equal_weight,EQ_O,0.016666666666666666
2021-04-01,combined_equal_weight,EQ_O,0.016666666666666666
2021-05-03,combined_equal_weight,EQ_O,0.016666666666666666
2021-06-01,combined_equal_weight,EQ_O,0.016666666666666666
2021-07-01,combined_equal_weight,EQ_O,0.016666666666666666
2021-08-02,combined_equal_weight,EQ_O,0.016666666666666666
2021-09-01,combined_equal_weight,EQ_O,0.016666666666666666
2021-10-01,combined_equal_weight,EQ_O,0.016666666666666666
2021-11-01,combined_equal_weight,EQ_O,0.016666666666666666
2021-12-01,combined_equal_weight,EQ_O,0.016666666666666666
2022-01-03,combined_equal_weight,EQ_O,0.016666666666666666
2022-02-01,combined_equal_weight,EQ_O,0.016666666666666666
2022-03-01,combined_equal_weight,EQ_O,0.016666666666666666
2022-04-01,combined_equal_weight,EQ_O,0.016666666666666666
2022-05-02,combined_equal_weight,EQ_O,0.016666666666666666
2022-06-01,combined_equal_weight,EQ_O,0.016666666666666666
2022-07-01,combined_equal_weight,EQ_O,0.016666666666666666
2022-08-01,combined_equal_weight,EQ_O,0.016666666666666666
2022-09-01,combined_equal_weight,EQ_O,0.016666666666666666
2022-10-03,combined_equal_weight,EQ_O,0.016666666666666666
2022-11-01,combined_equal_weight,EQ_O,0.016666666666666666
2022-12-01,combined_equal_weight,EQ_O,0.016666666666666666
2023-01-03,combined_equal_weight,EQ_O,0.016666666666666666
2023-02-01,combined_equal_weight,EQ_O,0.016666666666666666
2023-03-01,combined_equal_weight,EQ_O,0.016666666666666666
2023-04-03,combined_equal_weight,EQ_O,0.016666666666666666
2023-05-01,combined_equal_weight,EQ_O,0.016666666666666666
2023-06-01,combined_equal_weight,EQ_O,0.016666666666666666
2023-07-03,combined_equal_weight,EQ_O,0.016666666666666666
2023-08-01,combined_equal_weight,EQ_O,0.016666666666666666
2023-09-01,combined_equal_weight,EQ_O,0.016666666666666666
2023-10-02,combined_equal_weight,EQ_O,0.016666666666666666
2023-11-01,combined_equal_weight,EQ_O,0.016666666666666666
2023-12-01,combined_equal_weight,EQ_O,0.016666666666666666
2021-01-04,combined_equal_weight,EQ_OXY,0.016666666666666666
2021-02-01,combined_equal_weight,EQ_OXY,0.016666666666666666
2021-03-01,combined_equal_weight,EQ_OXY,0.016666666666666666
2021-04-01,combined_equal_weight,EQ_OXY,0.016666666666666666
2021-05-03,combined_equal_weight,EQ_OXY,0.016666666666666666
2021-06-01,combined_equal_weight,EQ_OXY,0.016666666666666666
2021-07-01,combined_equal_weight,EQ_OXY,0.016666666666666666
2021-08-02,combined_equal_weight,EQ_OXY,0.016666666666666666
2021-09-01,combined_equal_weight,EQ_OXY,0.016666666666666666
2021-10-01,combined_equal_weight,EQ_OXY,0.016666666666666666
2021-11-01,combined_equal_weight,EQ_OXY,0.016666666666666666
2021-12-01,combined_equal_weight,EQ_OXY,0.016666666666666666
2022-01-03,combined_equal_weight,EQ_OXY,0.016666666666666666
2022-02-01,combined_equal_weight,EQ_OXY,0.016666666666666666
2022-03-01,combined_equal_weight,EQ_OXY,0.016666666666666666
2022-04-01,combined_equal_weight,EQ_OXY,0.016666666666666666
2022-05-02,combined_equal_weight,EQ_OXY,0.016666666666666666
2022-06-01,combined_equal_weight,EQ_OXY,0.016666666666666666
2022-07-01,combined_equal_weight,EQ_OXY,0.016666666666666666
2022-08-01,combined_equal_weight,EQ_OXY,0.016666666666666666
2022-09-01,combined_equal_weight,EQ_OXY,0.016666666666666666
2022-10-03,combined_equal_weight,EQ_OXY,0.016666666666666666
2022-11-01,combined_equal_weight,EQ_OXY,0.016666666666666666
2022-12-01,combined_equal_weight,EQ_OXY,0.016666666666666666
2023-01-03,combined_equal_weight,EQ_OXY,0.016666666666666666
2023-02-01,combined_equal_weight,EQ_OXY,0.016666666666666666
2023-03-01,combined_equal_weight,EQ_OXY,0.016666666666666666
2023-04-03,combined_equal_weight,EQ_OXY,0.016666666666666666
2023-05-01,combined_equal_weight,EQ_OXY,0.016666666666666666
2023-06-01,combined_equal_weight,EQ_OXY,0.016666666666666666
2023-07-03,combined_equal_weight,EQ_OXY,0.016666666666666666
2023-08-01,combined_equal_weight,EQ_OXY,0.016666666666666666
2023-09-01,combined_equal_weight,EQ_OXY,0.016666666666666666
2023-10-02,combined_equal_weight,EQ_OXY,0.016666666666666666
2023-11-01,combined_equal_weight,EQ_OXY,0.016666666666666666
2023-12-01,combined_equal_weight,EQ_OXY,0.016666666666666666
2021-01-04,combined_equal_weight,EQ_PLD,0.016666666666666666
2021-02-01,combined_equal_weight,EQ_PLD,0.016666666666666666
2021-03-01,combined_equal_weight,EQ_PLD,0.016666666666666666
2021-04-01,combined_equal_weight,EQ_PLD,0.016666666666666666
2021-05-03,combined_equal_weight,EQ_PLD,0.016666666666666666
2021-06-01,combined_equal_weight,EQ_PLD,0.016666666666666666
2021-07-01,combined_equal_weight,EQ_PLD,0.016666666666666666
2021-08-02,combined_equal_weight,EQ_PLD,0.016666666666666666
2021-09-01,combined_equal_weight,EQ_PLD,0.016666666666666666
2021-10-01,combined_equal_weight,EQ_PLD,0.016666666666666666
2021-11-01,combined_equal_weight,EQ_PLD,0.016666666666666666
2021-12-01,combined_equal_weight,EQ_PLD,0.016666666666666666
2022-01-03,combined_equal_weight,EQ_PLD,0.016666666666666666
2022-02-01,combined_equal_weight,EQ_PLD,0.016666666666666666
2022-03-01,combined_equal_weight,EQ_PLD,0.016666666666666666
2022-04-01,combined_equal_weight,EQ_PLD,0.016666666666666666
2022-05-02,combined_equal_weight,EQ_PLD,0.016666666666666666
2022-06-01,combined_equal_weight,EQ_PLD,0.016666666666666666
2022-07-01,combined_equal_weight,EQ_PLD,0.016666666666666666
2022-08-01,combined_equal_weight,EQ_PLD,0.016666666666666666
2022-09-01,combined_equal_weight,EQ_PLD,0.016666666666666666
2022-10-03,combined_equal_weight,EQ_PLD,0.016666666666666666
2022-11-01,combined_equal_weight,EQ_PLD,0.016666666666666666
2022-12-01,combined_equal_weight,EQ_PLD,0.016666666666666666
2023-01-03,combined_equal_weight,EQ_PLD,0.016666666666666666
2023-02-01,combined_equal_weight,EQ_PLD,0.016666666666666666
2023-03-01,combined_equal_weight,EQ_PLD,0.016666666666666666
2023-04-03,combined_equal_weight,EQ_PLD,0.016666666666666666
2023-05-01,combined_equal_weight,EQ_PLD,0.016666666666666666
2023-06-01,combined_equal_weight,EQ_PLD,0.016666666666666666
2023-07-03,combined_equal_weight,EQ_PLD,0.016666666666666666
2023-08-01,combined_equal_weight,EQ_PLD,0.016666666666666666
2023-09-01,combined_equal_weight,EQ_PLD,0.016666666666666666
2023-10-02,combined_equal_weight,EQ_PLD,0.016666666666666666
2023-11-01,combined_equal_weight,EQ_PLD,0.016666666666666666
2023-12-01,combined_equal_weight,EQ_PLD,0.016666666666666666
2021-01-04,combined_equal_weight,EQ_PSA,0.016666666666666666
2021-02-01,combined_equal_weight,EQ_PSA,0.016666666666666666
2021-03-01,combined_equal_weight,EQ_PSA,0.016666666666666666
2021-04-01,combined_equal_weight,EQ_PSA,0.016666666666666666
2021-05-03,combined_equal_weight,EQ_PSA,0.016666666666666666
2021-06-01,combined_equal_weight,EQ_PSA,0.016666666666666666
2021-07-01,combined_equal_weight,EQ_PSA,0.016666666666666666
2021-08-02,combined_equal_weight,EQ_PSA,0.016666666666666666
2021-09-01,combined_equal_weight,EQ_PSA,0.016666666666666666
2021-10-01,combined_equal_weight,EQ_PSA,0.016666666666666666
2021-11-01,combined_equal_weight,EQ_PSA,0.016666666666666666
2021-12-01,combined_equal_weight,EQ_PSA,0.016666666666666666
2022-01-03,combined_equal_weight,EQ_PSA,0.016666666666666666
2022-02-01,combined_equal_weight,EQ_PSA,0.016666666666666666
2022-03-01,combined_equal_weight,EQ_PSA,0.016666666666666666
2022-04-01,combined_equal_weight,EQ_PSA,0.016666666666666666
2022-05-02,combined_equal_weight,EQ_PSA,0.016666666666666666
2022-06-01,combined_equal_weight,EQ_PSA,0.016666666666666666
2022-07-01,combined_equal_weight,EQ_PSA,0.016666666666666666
2022-08-01,combined_equal_weight,EQ_PSA,0.016666666666666666
2022-09-01,combined_equal_weight,EQ_PSA,0.016666666666666666
2022-10-03,combined_equal_weight,EQ_PSA,0.016666666666666666
2022-11-01,combined_equal_weight,EQ_PSA,0.016666666666666666
2022-12-01,combined_equal_weight,EQ_PSA,0.016666666666666666
2023-01-03,combined_equal_weight,EQ_PSA,0.016666666666666666
2023-02-01,combined_equal_weight,EQ_PSA,0.016666666666666666
2023-03-01,combined_equal_weight,EQ_PSA,0.016666666666666666
2023-04-03,combined_equal_weight,EQ_PSA,0.016666666666666666
2023-05-01,combined_equal_weight,EQ_PSA,0.016666666666666666
2023-06-01,combined_equal_weight,EQ_PSA,0.016666666666666666
2023-07-03,combined_equal_weight,EQ_PSA,0.016666666666666666
2023-08-01,combined_equal_weight,EQ_PSA,0.016666666666666666
2023-09-01,combined_equal_weight,EQ_PSA,0.016666666666666666
2023-10-02,combined_equal_weight,EQ_PSA,0.016666666666666666
2023-11-01,combined_equal_weight,EQ_PSA,0.016666666666666666
2023-12-01,combined_equal_weight,EQ_PSA,0.016666666666666666
2021-01-04,combined_equal_weight,EQ_QCOM,0.016666666666666666
2021-02-01,combined_equal_weight,EQ_QCOM,0.016666666666666666
2021-03-01,combined_equal_weight,EQ_QCOM,0.016666666666666666
2021-04-01,combined_equal_weight,EQ_QCOM,0.016666666666666666
2021-05-03,combined_equal_weight,EQ_QCOM,0.016666666666666666
2021-06-01,combined_equal_weight,EQ_QCOM,0.016666666666666666
2021-07-01,combined_equal_weight,EQ_QCOM,0.016666666666666666
2021-08-02,combined_equal_weight,EQ_QCOM,0.016666666666666666
2021-09-01,combined_equal_weight,EQ_QCOM,0.016666666666666666
2021-10-01,combined_equal_weight,EQ_QCOM,0.016666666666666666
2021-11-01,combined_equal_weight,EQ_QCOM,0.016666666666666666
2021-12-01,combined_equal_weight,EQ_QCOM,0.016666666666666666
2022-01-03,combined_equal_weight,EQ_QCOM,0.016666666666666666
2022-02-01,combined_equal_weight,EQ_QCOM,0.016666666666666666
2022-03-01,combined_equal_weight,EQ_QCOM,0.016666666666666666
2022-04-01,combined_equal_weight,EQ_QCOM,0.016666666666666666
2022-05-02,combined_equal_weight,EQ_QCOM,0.016666666666666666
2022-06-01,combined_equal_weight,EQ_QCOM,0.016666666666666666
2022-07-01,combined_equal_weight,EQ_QCOM,0.016666666666666666
2022-08-01,combined_equal_weight,EQ_QCOM,0.016666666666666666
2022-09-01,combined_equal_weight,EQ_QCOM,0.016666666666666666
2022-10-03,combined_equal_weight,EQ_QCOM,0.016666666666666666
2022-11-01,combined_equal_weight,EQ_QCOM,0.016666666666666666
2022-12-01,combined_equal_weight,EQ_QCOM,0.016666666666666666
2023-01-03,combined_equal_weight,EQ_QCOM,0.016666666666666666
2023-02-01,combined_equal_weight,EQ_QCOM,0.016666666666666666
2023-03-01,combined_equal_weight,EQ_QCOM,0.016666666666666666
2023-04-03,combined_equal_weight,EQ_QCOM,0.016666666666666666
2023-05-01,combined_equal_weight,EQ_QCOM,0.016666666666666666
2023-06-01,combined_equal_weight,EQ_QCOM,0.016666666666666666
2023-07-03,combined_equal_weight,EQ_QCOM,0.016666666666666666
2023-08-01,combined_equal_weight,EQ_QCOM,0.016666666666666666
2023-09-01,combined_equal_weight,EQ_QCOM,0.016666666666666666
2023-10-02,combined_equal_weight,EQ_QCOM,0.016666666666666666
2023-11-01,combined_equal_weight,EQ_QCOM,0.016666666666666666
2023-12-01,combined_equal_weight,EQ_QCOM,0.016666666666666666
2021-01-04,combined_equal_weight,EQ_SBUX,0.016666666666666666
2021-02-01,combined_equal_weight,EQ_SBUX,0.016666666666666666
2021-03-01,combined_equal_weight,EQ_SBUX,0.016666666666666666
2021-04-01,combined_equal_weight,EQ_SBUX,0.016666666666666666
2021-05-03,combined_equal_weight,EQ_SBUX,0.016666666666666666
2021-06-01,combined_equal_weight,EQ_SBUX,0.016666666666666666
2021-07-01,combined_equal_weight,EQ_SBUX,0.016666666666666666
2021-08-02,combined_equal_weight,EQ_SBUX,0.016666666666666666
2021-09-01,combined_equal_weight,EQ_SBUX,0.016666666666666666
2021-10-01,combined_equal_weight,EQ_SBUX,0.016666666666666666
2021-11-01,combined_equal_weight,EQ_SBUX,0.016666666666666666
2021-12-01,combined_equal_weight,EQ_SBUX,0.016666666666666666
2022-01-03,combined_equal_weight,EQ_SBUX,0.016666666666666666
2022-02-01,combined_equal_weight,EQ_SBUX,0.016666666666666666
2022-03-01,combined_equal_weight,EQ_SBUX,0.016666666666666666
2022-04-01,combined_equal_weight,EQ_SBUX,0.016666666666666666
2022-05-02,combined_equal_weight,EQ_SBUX,0.016666666666666666
2022-06-01,combined_equal_weight,EQ_SBUX,0.016666666666666666
2022-07-01,combined_equal_weight,EQ_SBUX,0.016666666666666666
2022-08-01,combined_equal_weight,EQ_SBUX,0.016666666666666666
2022-09-01,combined_equal_weight,EQ_SBUX,0.016666666666666666
2022-10-03,combined_equal_weight,EQ_SBUX,0.016666666666666666
2022-11-01,combined_equal_weight,EQ_SBUX,0.016666666666666666
2022-12-01,combined_equal_weight,EQ_SBUX,0.016666666666666666
2023-01-03,combined_equal_weight,EQ_SBUX,0.016666666666666666
2023-02-01,combined_equal_weight,EQ_SBUX,0.016666666666666666
2023-03-01,combined_equal_weight,EQ_SBUX,0.016666666666666666
2023-04-03,combined_equal_weight,EQ_SBUX,0.016666666666666666
2023-05-01,combined_equal_weight,EQ_SBUX,0.016666666666666666
2023-06-01,combined_equal_weight,EQ_SBUX,0.016666666666666666
2023-07-03,combined_equal_weight,EQ_SBUX,0.016666666666666666
2023-08-01,combined_equal_weight,EQ_SBUX,0.016666666666666666
2023-09-01,combined_equal_weight,EQ_SBUX,0.016666666666666666
2023-10-02,combined_equal_weight,EQ_SBUX,0.016666666666666666
2023-11-01,combined_equal_weight,EQ_SBUX,0.016666666666666666
2023-12-01,combined_equal_weight,EQ_SBUX,0.016666666666666666
2021-01-04,combined_equal_weight,EQ_SHW,0.016666666666666666
2021-02-01,combined_equal_weight,EQ_SHW,0.016666666666666666
2021-03-01,combined_equal_weight,EQ_SHW,0.016666666666666666
2021-04-01,combined_equal_weight,EQ_SHW,0.016666666666666666
2021-05-03,combined_equal_weight,EQ_SHW,0.016666666666666666
2021-06-01,combined_equal_weight,EQ_SHW,0.016666666666666666
2021-07-01,combined_equal_weight,EQ_SHW,0.016666666666666666
2021-08-02,combined_equal_weight,EQ_SHW,0.016666666666666666
2021-09-01,combined_equal_weight,EQ_SHW,0.016666666666666666
2021-10-01,combined_equal_weight,EQ_SHW,0.016666666666666666
2021-11-01,combined_equal_weight,EQ_SHW,0.016666666666666666
2021-12-01,combined_equal_weight,EQ_SHW,0.016666666666666666
2022-01-03,combined_equal_weight,EQ_SHW,0.016666666666666666
2022-02-01,combined_equal_weight,EQ_SHW,0.016666666666666666
2022-03-01,combined_equal_weight,EQ_SHW,0.016666666666666666
2022-04-01,combined_equal_weight,EQ_SHW,0.016666666666666666
2022-05-02,combined_equal_weight,EQ_SHW,0.016666666666666666
2022-06-01,combined_equal_weight,EQ_SHW,0.016666666666666666
2022-07-01,combined_equal_weight,EQ_SHW,0.016666666666666666
2022-08-01,combined_equal_weight,EQ_SHW,0.016666666666666666
2022-09-01,combined_equal_weight,EQ_SHW,0.016666666666666666
2022-10-03,combined_equal_weight,EQ_SHW,0.016666666666666666
2022-11-01,combined_equal_weight,EQ_SHW,0.016666666666666666
2022-12-01,combined_equal_weight,EQ_SHW,0.016666666666666666
2023-01-03,combined_equal_weight,EQ_SHW,0.016666666666666666
2023-02-01,combined_equal_weight,EQ_SHW,0.016666666666666666
2023-03-01,combined_equal_weight,EQ_SHW,0.016666666666666666
2023-04-03,combined_equal_weight,EQ_SHW,0.016666666666666666
2023-05-01,combined_equal_weight,EQ_SHW,0.016666666666666666
2023-06-01,combined_equal_weight,EQ_SHW,0.016666666666666666
2023-07-03,combined_equal_weight,EQ_SHW,0.016666666666666666
2023-08-01,combined_equal_weight,EQ_SHW,0.016666666666666666
2023-09-01,combined_equal_weight,EQ_SHW,0.016666666666666666
2023-10-02,combined_equal_weight,EQ_SHW,0.016666666666666666
2023-11-01,combined_equal_weight,EQ_SHW,0.016666666666666666
2023-12-01,combined_equal_weight,EQ_SHW,0.016666666666666666
2021-01-04,combined_equal_weight,EQ_SLB,0.016666666666666666
2021-02-01,combined_equal_weight,EQ_SLB,0.016666666666666666
2021-03-01,combined_equal_weight,EQ_SLB,0.016666666666666666
2021-04-01,combined_equal_weight,EQ_SLB,0.016666666666666666
2021-05-03,combined_equal_weight,EQ_SLB,0.016666666666666666
2021-06-01,combined_equal_weight,EQ_SLB,0.016666666666666666
2021-07-01,combined_equal_weight,EQ_SLB,0.016666666666666666
2021-08-02,combined_equal_weight,EQ_SLB,0.016666666666666666
2021-09-01,combined_equal_weight,EQ_SLB,0.016666666666666666
2021-10-01,combined_equal_weight,EQ_SLB,0.016666666666666666
2021-11-01,combined_equal_weight,EQ_SLB,0.016666666666666666
2021-12-01,combined_equal_weight,EQ_SLB,0.016666666666666666
2022-01-03,combined_equal_weight,EQ_SLB,0.016666666666666666
2022-02-01,combined_equal_weight,EQ_SLB,0.016666666666666666
2022-03-01,combined_equal_weight,EQ_SLB,0.016666666666666666
2022-04-01,combined_equal_weight,EQ_SLB,0.016666666666666666
2022-05-02,combined_equal_weight,EQ_SLB,0.016666666666666666
2022-06-01,combined_equal_weight,EQ_SLB,0.016666666666666666
2022-07-01,combined_equal_weight,EQ_SLB,0.016666666666666666
2022-08-01,combined_equal_weight,EQ_SLB,0.016666666666666666
2022-09-01,combined_equal_weight,EQ_SLB,0.016666666666666666
2022-10-03,combined_equal_weight,EQ_SLB,0.016666666666666666
2022-11-01,combined_equal_weight,EQ_SLB,0.016666666666666666
2022-12-01,combined_equal_weight,EQ_SLB,0.016666666666666666
2023-01-03,combined_equal_weight,EQ_SLB,0.016666666666666666
2023-02-01,combined_equal_weight,EQ_SLB,0.016666666666666666
2023-03-01,combined_equal_weight,EQ_SLB,0.016666666666666666
2023-04-03,combined_equal_weight,EQ_SLB,0.016666666666666666
2023-05-01,combined_equal_weight,EQ_SLB,0.016666666666666666
2023-06-01,combined_equal_weight,EQ_SLB,0.016666666666666666
2023-07-03,combined_equal_weight,EQ_SLB,0.016666666666666666
2023-08-01,combined_equal_weight,EQ_SLB,0.016666666666666666
2023-09-01,combined_equal_weight,EQ_SLB,0.016666666666666666
2023-10-02,combined_equal_weight,EQ_SLB,0.016666666666666666
2023-11-01,combined_equal_weight,EQ_SLB,0.016666666666666666
2023-12-01,combined_equal_weight,EQ_SLB,0.016666666666666666
2021-01-04,combined_equal_weight,EQ_SO,0.016666666666666666
2021-02-01,combined_equal_weight,EQ_SO,0.016666666666666666
2021-03-01,combined_equal_weight,EQ_SO,0.016666666666666666
2021-04-01,combined_equal_weight,EQ_SO,0.016666666666666666
2021-05-03,combined_equal_weight,EQ_SO,0.016666666666666666
2021-06-01,combined_equal_weight,EQ_SO,0.016666666666666666
2021-07-01,combined_equal_weight,EQ_SO,0.016666666666666666
2021-08-02,combined_equal_weight,EQ_SO,0.016666666666666666
2021-09-01,combined_equal_weight,EQ_SO,0.016666666666666666
2021-10-01,combined_equal_weight,EQ_SO,0.016666666666666666
2021-11-01,combined_equal_weight,EQ_SO,0.016666666666666666
2021-12-01,combined_equal_weight,EQ_SO,0.016666666666666666
2022-01-03,combined_equal_weight,EQ_SO,0.016666666666666666
2022-02-01,combined_equal_weight,EQ_SO,0.016666666666666666
2022-03-01,combined_equal_weight,EQ_SO,0.016666666666666666
2022-04-01,combined_equal_weight,EQ_SO,0.016666666666666666
2022-05-02,combined_equal_weight,EQ_SO,0.016666666666666666
2022-06-01,combined_equal_weight,EQ_SO,0.016666666666666666
2022-07-01,combined_equal_weight,EQ_SO,0.016666666666666666
2022-08-01,combined_equal_weight,EQ_SO,0.016666666666666666
2022-09-01,combined_equal_weight,EQ_SO,0.016666666666666666
2022-10-03,combined_equal_weight,EQ_SO,0.016666666666666666
2022-11-01,combined_equal_weight,EQ_SO,0.016666666666666666
2022-12-01,combined_equal_weight,EQ_SO,0.016666666666666666
2023-01-03,combined_equal_weight,EQ_SO,0.016666666666666666
2023-02-01,combined_equal_weight,EQ_SO,0.016666666666666666
2023-03-01,combined_equal_weight,EQ_SO,0.016666666666666666
2023-04-03,combined_equal_weight,EQ_SO,0.016666666666666666
2023-05-01,combined_equal_weight,EQ_SO,0.016666666666666666
2023-06-01,combined_equal_weight,EQ_SO,0.016666666666666666
2023-07-03,combined_equal_weight,EQ_SO,0.016666666666666666
2023-08-01,combined_equal_weight,EQ_SO,0.016666666666666666
2023-09-01,combined_equal_weight,EQ_SO,0.016666666666666666
2023-10-02,combined_equal_weight,EQ_SO,0.016666666666666666
2023-11-01,combined_equal_weight,EQ_SO,0.016666666666666666
2023-12-01,combined_equal_weight,EQ_SO,0.016666666666666666
2021-01-04,combined_equal_weight,EQ_T,0.016666666666666666
2021-02-01,combined_equal_weight,EQ_T,0.016666666666666666
2021-03-01,combined_equal_weight,EQ_T,0.016666666666666666
2021-04-01,combined_equal_weight,EQ_T,0.016666666666666666
2021-05-03,combined_equal_weight,EQ_T,0.016666666666666666
2021-06-01,combined_equal_weight,EQ_T,0.016666666666666666
2021-07-01,combined_equal_weight,EQ_T,0.016666666666666666
2021-08-02,combined_equal_weight,EQ_T,0.016666666666666666
2021-09-01,combined_equal_weight,EQ_T,0.016666666666666666
2021-10-01,combined_equal_weight,EQ_T,0.016666666666666666
2021-11-01,combined_equal_weight,EQ_T,0.016666666666666666
2021-12-01,combined_equal_weight,EQ_T,0.016666666666666666
2022-01-03,combined_equal_weight,EQ_T,0.016666666666666666
2022-02-01,combined_equal_weight,EQ_T,0.016666666666666666
2022-03-01,combined_equal_weight,EQ_T,0.016666666666666666
2022-04-01,combined_equal_weight,EQ_T,0.016666666666666666
2022-05-02,combined_equal_weight,EQ_T,0.016666666666666666
2022-06-01,combined_equal_weight,EQ_T,0.016666666666666666
2022-07-01,combined_equal_weight,EQ_T,0.016666666666666666
2022-08-01,combined_equal_weight,EQ_T,0.016666666666666666
2022-09-01,combined_equal_weight,EQ_T,0.016666666666666666
2022-10-03,combined_equal_weight,EQ_T,0.016666666666666666
2022-11-01,combined_equal_weight,EQ_T,0.016666666666666666
2022-12-01,combined_equal_weight,EQ_T,0.016666666666666666
2023-01-03,combined_equal_weight,EQ_T,0.016666666666666666
2023-02-01,combined_equal_weight,EQ_T,0.016666666666666666
2023-03-01,combined_equal_weight,EQ_T,0.016666666666666666
2023-04-03,combined_equal_weight,EQ_T,0.016666666666666666
2023-05-01,combined_equal_weight,EQ_T,0.016666666666666666
2023-06-01,combined_equal_weight,EQ_T,0.016666666666666666
2023-07-03,combined_equal_weight,EQ_T,0.016666666666666666
2023-08-01,combined_equal_weight,EQ_T,0.016666666666666666
2023-09-01,combined_equal_weight,EQ_T,0.016666666666666666
2023-10-02,combined_equal_weight,EQ_T,0.016666666666666666
2023-11-01,combined_equal_weight,EQ_T,0.016666666666666666
2023-12-01,combined_equal_weight,EQ_T,0.016666666666666666
2021-01-04,combined_equal_weight,EQ_TMUS,0.016666666666666666
2021-02-01,combined_equal_weight,EQ_TMUS,0.016666666666666666
2021-03-01,combined_equal_weight,EQ_TMUS,0.016666666666666666
2021-04-01,combined_equal_weight,EQ_TMUS,0.016666666666666666
2021-05-03,combined_equal_weight,EQ_TMUS,0.016666666666666666
2021-06-01,combined_equal_weight,EQ_TMUS,0.016666666666666666
2021-07-01,combined_equal_weight,EQ_TMUS,0.016666666666666666
2021-08-02,combined_equal_weight,EQ_TMUS,0.016666666666666666
2021-09-01,combined_equal_weight,EQ_TMUS,0.016666666666666666
2021-10-01,combined_equal_weight,EQ_TMUS,0.016666666666666666
2021-11-01,combined_equal_weight,EQ_TMUS,0.016666666666666666
2021-12-01,combined_equal_weight,EQ_TMUS,0.016666666666666666
2022-01-03,combined_equal_weight,EQ_TMUS,0.016666666666666666
2022-02-01,combined_equal_weight,EQ_TMUS,0.016666666666666666
2022-03-01,combined_equal_weight,EQ_TMUS,0.016666666666666666
2022-04-01,combined_equal_weight,EQ_TMUS,0.016666666666666666
2022-05-02,combined_equal_weight,EQ_TMUS,0.016666666666666666
2022-06-01,combined_equal_weight,EQ_TMUS,0.016666666666666666
2022-07-01,combined_equal_weight,EQ_TMUS,0.016666666666666666
2022-08-01,combined_equal_weight,EQ_TMUS,0.016666666666666666
2022-09-01,combined_equal_weight,EQ_TMUS,0.016666666666666666
2022-10-03,combined_equal_weight,EQ_TMUS,0.016666666666666666
2022-11-01,combined_equal_weight,EQ_TMUS,0.016666666666666666
2022-12-01,combined_equal_weight,EQ_TMUS,0.016666666666666666
2023-01-03,combined_equal_weight,EQ_TMUS,0.016666666666666666
2023-02-01,combined_equal_weight,EQ_TMUS,0.016666666666666666
2023-03-01,combined_equal_weight,EQ_TMUS,0.016666666666666666
2023-04-03,combined_equal_weight,EQ_TMUS,0.016666666666666666
2023-05-01,combined_equal_weight,EQ_TMUS,0.016666666666666666
2023-06-01,combined_equal_weight,EQ_TMUS,0.016666666666666666
2023-07-03,combined_equal_weight,EQ_TMUS,0.016666666666666666
2023-08-01,combined_equal_weight,EQ_TMUS,0.016666666666666666
2023-09-01,combined_equal_weight,EQ_TMUS,0.016666666666666666
2023-10-02,combined_equal_weight,EQ_TMUS,0.016666666666666666
2023-11-01,combined_equal_weight,EQ_TMUS,0.016666666666666666
2023-12-01,combined_equal_weight,EQ_TMUS,0.016666666666666666
2021-01-04,combined_equal_weight,EQ_TTWO,0.016666666666666666
2021-02-01,combined_equal_weight,EQ_TTWO,0.016666666666666666
2021-03-01,combined_equal_weight,EQ_TTWO,0.016666666666666666
2021-04-01,combined_equal_weight,EQ_TTWO,0.016666666666666666
2021-05-03,combined_equal_weight,EQ_TTWO,0.016666666666666666
2021-06-01,combined_equal_weight,EQ_TTWO,0.016666666666666666
2021-07-01,combined_equal_weight,EQ_TTWO,0.016666666666666666
2021-08-02,combined_equal_weight,EQ_TTWO,0.016666666666666666
2021-09-01,combined_equal_weight,EQ_TTWO,0.016666666666666666
2021-10-01,combined_equal_weight,EQ_TTWO,0.016666666666666666
2021-11-01,combined_equal_weight,EQ_TTWO,0.016666666666666666
2021-12-01,combined_equal_weight,EQ_TTWO,0.016666666666666666
2022-01-03,combined_equal_weight,EQ_TTWO,0.016666666666666666
2022-02-01,combined_equal_weight,EQ_TTWO,0.016666666666666666
2022-03-01,combined_equal_weight,EQ_TTWO,0.016666666666666666
2022-04-01,combined_equal_weight,EQ_TTWO,0.016666666666666666
2022-05-02,combined_equal_weight,EQ_TTWO,0.016666666666666666
2022-06-01,combined_equal_weight,EQ_TTWO,0.016666666666666666
2022-07-01,combined_equal_weight,EQ_TTWO,0.016666666666666666
2022-08-01,combined_equal_weight,EQ_TTWO,0.016666666666666666
2022-09-01,combined_equal_weight,EQ_TTWO,0.016666666666666666
2022-10-03,combined_equal_weight,EQ_TTWO,0.016666666666666666
2022-11-01,combined_equal_weight,EQ_TTWO,0.016666666666666666
2022-12-01,combined_equal_weight,EQ_TTWO,0.016666666666666666
2023-01-03,combined_equal_weight,EQ_TTWO,0.016666666666666666
2023-02-01,combined_equal_weight,EQ_TTWO,0.016666666666666666
2023-03-01,combined_equal_weight,EQ_TTWO,0.016666666666666666
2023-04-03,combined_equal_weight,EQ_TTWO,0.016666666666666666
2023-05-01,combined_equal_weight,EQ_TTWO,0.016666666666666666
2023-06-01,combined_equal_weight,EQ_TTWO,0.016666666666666666
2023-07-03,combined_equal_weight,EQ_TTWO,0.016666666666666666
2023-08-01,combined_equal_weight,EQ_TTWO,0.016666666666666666
2023-09-01,combined_equal_weight,EQ_TTWO,0.016666666666666666
2023-10-02,combined_equal_weight,EQ_TTWO,0.016666666666666666
2023-11-01,combined_equal_weight,EQ_TTWO,0.016666666666666666
2023-12-01,combined_equal_weight,EQ_TTWO,0.016666666666666666
2021-01-04,combined_equal_weight,EQ_UPS,0.016666666666666666
2021-02-01,combined_equal_weight,EQ_UPS,0.016666666666666666
2021-03-01,combined_equal_weight,EQ_UPS,0.016666666666666666
2021-04-01,combined_equal_weight,EQ_UPS,0.016666666666666666
2021-05-03,combined_equal_weight,EQ_UPS,0.016666666666666666
2021-06-01,combined_equal_weight,EQ_UPS,0.016666666666666666
2021-07-01,combined_equal_weight,EQ_UPS,0.016666666666666666
2021-08-02,combined_equal_weight,EQ_UPS,0.016666666666666666
2021-09-01,combined_equal_weight,EQ_UPS,0.016666666666666666
2021-10-01,combined_equal_weight,EQ_UPS,0.016666666666666666
2021-11-01,combined_equal_weight,EQ_UPS,0.016666666666666666
2021-12-01,combined_equal_weight,EQ_UPS,0.016666666666666666
2022-01-03,combined_equal_weight,EQ_UPS,0.016666666666666666
2022-02-01,combined_equal_weight,EQ_UPS,0.016666666666666666
2022-03-01,combined_equal_weight,EQ_UPS,0.016666666666666666
2022-04-01,combined_equal_weight,EQ_UPS,0.016666666666666666
2022-05-02,combined_equal_weight,EQ_UPS,0.016666666666666666
2022-06-01,combined_equal_weight,EQ_UPS,0.016666666666666666
2022-07-01,combined_equal_weight,EQ_UPS,0.016666666666666666
2022-08-01,combined_equal_weight,EQ_UPS,0.016666666666666666
2022-09-01,combined_equal_weight,EQ_UPS,0.016666666666666666
2022-10-03,combined_equal_weight,EQ_UPS,0.016666666666666666
2022-11-01,combined_equal_weight,EQ_UPS,0.016666666666666666
2022-12-01,combined_equal_weight,EQ_UPS,0.016666666666666666
2023-01-03,combined_equal_weight,EQ_UPS,0.016666666666666666
2023-02-01,combined_equal_weight,EQ_UPS,0.016666666666666666
2023-03-01,combined_equal_weight,EQ_UPS,0.016666666666666666
2023-04-03,combined_equal_weight,EQ_UPS,0.016666666666666666
2023-05-01,combined_equal_weight,EQ_UPS,0.016666666666666666
2023-06-01,combined_equal_weight,EQ_UPS,0.016666666666666666
2023-07-03,combined_equal_weight,EQ_UPS,0.016666666666666666
2023-08-01,combined_equal_weight,EQ_UPS,0.016666666666666666
2023-09-01,combined_equal_weight,EQ_UPS,0.016666666666666666
2023-10-02,combined_equal_weight,EQ_UPS,0.016666666666666666
2023-11-01,combined_equal_weight,EQ_UPS,0.016666666666666666
2023-12-01,combined_equal_weight,EQ_UPS,0.016666666666666666
2021-01-04,combined_equal_weight,EQ_USB,0.016666666666666666
2021-02-01,combined_equal_weight,EQ_USB,0.016666666666666666
2021-03-01,combined_equal_weight,EQ_USB,0.016666666666666666
2021-04-01,combined_equal_weight,EQ_USB,0.016666666666666666
2021-05-03,combined_equal_weight,EQ_USB,0.016666666666666666
2021-06-01,combined_equal_weight,EQ_USB,0.016666666666666666
2021-07-01,combined_equal_weight,EQ_USB,0.016666666666666666
2021-08-02,combined_equal_weight,EQ_USB,0.016666666666666666
2021-09-01,combined_equal_weight,EQ_USB,0.016666666666666666
2021-10-01,combined_equal_weight,EQ_USB,0.016666666666666666
2021-11-01,combined_equal_weight,EQ_USB,0.016666666666666666
2021-12-01,combined_equal_weight,EQ_USB,0.016666666666666666
2022-01-03,combined_equal_weight,EQ_USB,0.016666666666666666
2022-02-01,combined_equal_weight,EQ_USB,0.016666666666666666
2022-03-01,combined_equal_weight,EQ_USB,0.016666666666666666
2022-04-01,combined_equal_weight,EQ_USB,0.016666666666666666
2022-05-02,combined_equal_weight,EQ_USB,0.016666666666666666
2022-06-01,combined_equal_weight,EQ_USB,0.016666666666666666
2022-07-01,combined_equal_weight,EQ_USB,0.016666666666666666
2022-08-01,combined_equal_weight,EQ_USB,0.016666666666666666
2022-09-01,combined_equal_weight,EQ_USB,0.016666666666666666
2022-10-03,combined_equal_weight,EQ_USB,0.016666666666666666
2022-11-01,combined_equal_weight,EQ_USB,0.016666666666666666
2022-12-01,combined_equal_weight,EQ_USB,0.016666666666666666
2023-01-03,combined_equal_weight,EQ_USB,0.016666666666666666
2023-02-01,combined_equal_weight,EQ_USB,0.016666666666666666
2023-03-01,combined_equal_weight,EQ_USB,0.016666666666666666
2023-04-03,combined_equal_weight,EQ_USB,0.016666666666666666
2023-05-01,combined_equal_weight,EQ_USB,0.016666666666666666
2023-06-01,combined_equal_weight,EQ_USB,0.016666666666666666
2023-07-03,combined_equal_weight,EQ_USB,0.016666666666666666
2023-08-01,combined_equal_weight,EQ_USB,0.016666666666666666
2023-09-01,combined_equal_weight,EQ_USB,0.016666666666666666
2023-10-02,combined_equal_weight,EQ_USB,0.016666666666666666
2023-11-01,combined_equal_weight,EQ_USB,0.016666666666666666
2023-12-01,combined_equal_weight,EQ_USB,0.016666666666666666
2021-01-04,combined_equal_weight,EQ_V,0.016666666666666666
2021-02-01,combined_equal_weight,EQ_V,0.016666666666666666
2021-03-01,combined_equal_weight,EQ_V,0.016666666666666666
2021-04-01,combined_equal_weight,EQ_V,0.016666666666666666
2021-05-03,combined_equal_weight,EQ_V,0.016666666666666666
2021-06-01,combined_equal_weight,EQ_V,0.016666666666666666
2021-07-01,combined_equal_weight,EQ_V,0.016666666666666666
2021-08-02,combined_equal_weight,EQ_V,0.016666666666666666
2021-09-01,combined_equal_weight,EQ_V,0.016666666666666666
2021-10-01,combined_equal_weight,EQ_V,0.016666666666666666
2021-11-01,combined_equal_weight,EQ_V,0.016666666666666666
2021-12-01,combined_equal_weight,EQ_V,0.016666666666666666
2022-01-03,combined_equal_weight,EQ_V,0.016666666666666666
2022-02-01,combined_equal_weight,EQ_V,0.016666666666666666
2022-03-01,combined_equal_weight,EQ_V,0.016666666666666666
2022-04-01,combined_equal_weight,EQ_V,0.016666666666666666
2022-05-02,combined_equal_weight,EQ_V,0.016666666666666666
2022-06-01,combined_equal_weight,EQ_V,0.016666666666666666
2022-07-01,combined_equal_weight,EQ_V,0.016666666666666666
2022-08-01,combined_equal_weight,EQ_V,0.016666666666666666
2022-09-01,combined_equal_weight,EQ_V,0.016666666666666666
2022-10-03,combined_equal_weight,EQ_V,0.016666666666666666
2022-11-01,combined_equal_weight,EQ_V,0.016666666666666666
2022-12-01,combined_equal_weight,EQ_V,0.016666666666666666
2023-01-03,combined_equal_weight,EQ_V,0.016666666666666666
2023-02-01,combined_equal_weight,EQ_V,0.016666666666666666
2023-03-01,combined_equal_weight,EQ_V,0.016666666666666666
2023-04-03,combined_equal_weight,EQ_V,0.016666666666666666
2023-05-01,combined_equal_weight,EQ_V,0.016666666666666666
2023-06-01,combined_equal_weight,EQ_V,0.016666666666666666
2023-07-03,combined_equal_weight,EQ_V,0.016666666666666666
2023-08-01,combined_equal_weight,EQ_V,0.016666666666666666
2023-09-01,combined_equal_weight,EQ_V,0.016666666666666666
2023-10-02,combined_equal_weight,EQ_V,0.016666666666666666
2023-11-01,combined_equal_weight,EQ_V,0.016666666666666666
2023-12-01,combined_equal_weight,EQ_V,0.016666666666666666
2021-01-04,combined_equal_weight,EQ_WFC,0.016666666666666666
2021-02-01,combined_equal_weight,EQ_WFC,0.016666666666666666
2021-03-01,combined_equal_weight,EQ_WFC,0.016666666666666666
2021-04-01,combined_equal_weight,EQ_WFC,0.016666666666666666
2021-05-03,combined_equal_weight,EQ_WFC,0.016666666666666666
2021-06-01,combined_equal_weight,EQ_WFC,0.016666666666666666
2021-07-01,combined_equal_weight,EQ_WFC,0.016666666666666666
2021-08-02,combined_equal_weight,EQ_WFC,0.016666666666666666
2021-09-01,combined_equal_weight,EQ_WFC,0.016666666666666666
2021-10-01,combined_equal_weight,EQ_WFC,0.016666666666666666
2021-11-01,combined_equal_weight,EQ_WFC,0.016666666666666666
2021-12-01,combined_equal_weight,EQ_WFC,0.016666666666666666
2022-01-03,combined_equal_weight,EQ_WFC,0.016666666666666666
2022-02-01,combined_equal_weight,EQ_WFC,0.016666666666666666
2022-03-01,combined_equal_weight,EQ_WFC,0.016666666666666666
2022-04-01,combined_equal_weight,EQ_WFC,0.016666666666666666
2022-05-02,combined_equal_weight,EQ_WFC,0.016666666666666666
2022-06-01,combined_equal_weight,EQ_WFC,0.016666666666666666
2022-07-01,combined_equal_weight,EQ_WFC,0.016666666666666666
2022-08-01,combined_equal_weight,EQ_WFC,0.016666666666666666
2022-09-01,combined_equal_weight,EQ_WFC,0.016666666666666666
2022-10-03,combined_equal_weight,EQ_WFC,0.016666666666666666
2022-11-01,combined_equal_weight,EQ_WFC,0.016666666666666666
2022-12-01,combined_equal_weight,EQ_WFC,0.016666666666666666
2023-01-03,combined_equal_weight,EQ_WFC,0.016666666666666666
2023-02-01,combined_equal_weight,EQ_WFC,0.016666666666666666
2023-03-01,combined_equal_weight,EQ_WFC,0.016666666666666666
2023-04-03,combined_equal_weight,EQ_WFC,0.016666666666666666
2023-05-01,combined_equal_weight,EQ_WFC,0.016666666666666666
2023-06-01,combined_equal_weight,EQ_WFC,0.016666666666666666
2023-07-03,combined_equal_weight,EQ_WFC,0.016666666666666666
2023-08-01,combined_equal_weight,EQ_WFC,0.016666666666666666
2023-09-01,combined_equal_weight,EQ_WFC,0.016666666666666666
2023-10-02,combined_equal_weight,EQ_WFC,0.016666666666666666
2023-11-01,combined_equal_weight,EQ_WFC,0.016666666666666666
2023-12-01,combined_equal_weight,EQ_WFC,0.016666666666666666
2021-01-04,combined_equal_weight,EQ_WMT,0.016666666666666666
2021-02-01,combined_equal_weight,EQ_WMT,0.016666666666666666
2021-03-01,combined_equal_weight,EQ_WMT,0.016666666666666666
2021-04-01,combined_equal_weight,EQ_WMT,0.016666666666666666
2021-05-03,combined_equal_weight,EQ_WMT,0.016666666666666666
2021-06-01,combined_equal_weight,EQ_WMT,0.016666666666666666
2021-07-01,combined_equal_weight,EQ_WMT,0.016666666666666666
2021-08-02,combined_equal_weight,EQ_WMT,0.016666666666666666
2021-09-01,combined_equal_weight,EQ_WMT,0.016666666666666666
2021-10-01,combined_equal_weight,EQ_WMT,0.016666666666666666
2021-11-01,combined_equal_weight,EQ_WMT,0.016666666666666666
2021-12-01,combined_equal_weight,EQ_WMT,0.016666666666666666
2022-01-03,combined_equal_weight,EQ_WMT,0.016666666666666666
2022-02-01,combined_equal_weight,EQ_WMT,0.016666666666666666
2022-03-01,combined_equal_weight,EQ_WMT,0.016666666666666666
2022-04-01,combined_equal_weight,EQ_WMT,0.016666666666666666
2022-05-02,combined_equal_weight,EQ_WMT,0.016666666666666666
2022-06-01,combined_equal_weight,EQ_WMT,0.016666666666666666
2022-07-01,combined_equal_weight,EQ_WMT,0.016666666666666666
2022-08-01,combined_equal_weight,EQ_WMT,0.016666666666666666
2022-09-01,combined_equal_weight,EQ_WMT,0.016666666666666666
2022-10-03,combined_equal_weight,EQ_WMT,0.016666666666666666
2022-11-01,combined_equal_weight,EQ_WMT,0.016666666666666666
2022-12-01,combined_equal_weight,EQ_WMT,0.016666666666666666
2023-01-03,combined_equal_weight,EQ_WMT,0.016666666666666666
2023-02-01,combined_equal_weight,EQ_WMT,0.016666666666666666
2023-03-01,combined_equal_weight,EQ_WMT,0.016666666666666666
2023-04-03,combined_equal_weight,EQ_WMT,0.016666666666666666
2023-05-01,combined_equal_weight,EQ_WMT,0.016666666666666666
2023-06-01,combined_equal_weight,EQ_WMT,0.016666666666666666
2023-07-03,combined_equal_weight,EQ_WMT,0.016666666666666666
2023-08-01,combined_equal_weight,EQ_WMT,0.016666666666666666
2023-09-01,combined_equal_weight,EQ_WMT,0.016666666666666666
2023-10-02,combined_equal_weight,EQ_WMT,0.016666666666666666
2023-11-01,combined_equal_weight,EQ_WMT,0.016666666666666666
2023-12-01,combined_equal_weight,EQ_WMT,0.016666666666666666
2021-01-04,combined_equal_weight,EQ_XOM,0.016666666666666666
2021-02-01,combined_equal_weight,EQ_XOM,0.016666666666666666
2021-03-01,combined_equal_weight,EQ_XOM,0.016666666666666666
2021-04-01,combined_equal_weight,EQ_XOM,0.016666666666666666
2021-05-03,combined_equal_weight,EQ_XOM,0.016666666666666666
2021-06-01,combined_equal_weight,EQ_XOM,0.016666666666666666
2021-07-01,combined_equal_weight,EQ_XOM,0.016666666666666666
2021-08-02,combined_equal_weight,EQ_XOM,0.016666666666666666
2021-09-01,combined_equal_weight,EQ_XOM,0.016666666666666666
2021-10-01,combined_equal_weight,EQ_XOM,0.016666666666666666
2021-11-01,combined_equal_weight,EQ_XOM,0.016666666666666666
2021-12-01,combined_equal_weight,EQ_XOM,0.016666666666666666
2022-01-03,combined_equal_weight,EQ_XOM,0.016666666666666666
2022-02-01,combined_equal_weight,EQ_XOM,0.016666666666666666
2022-03-01,combined_equal_weight,EQ_XOM,0.016666666666666666
2022-04-01,combined_equal_weight,EQ_XOM,0.016666666666666666
2022-05-02,combined_equal_weight,EQ_XOM,0.016666666666666666
2022-06-01,combined_equal_weight,EQ_XOM,0.016666666666666666
2022-07-01,combined_equal_weight,EQ_XOM,0.016666666666666666
2022-08-01,combined_equal_weight,EQ_XOM,0.016666666666666666
2022-09-01,combined_equal_weight,EQ_XOM,0.016666666666666666
2022-10-03,combined_equal_weight,EQ_XOM,0.016666666666666666
2022-11-01,combined_equal_weight,EQ_XOM,0.016666666666666666
2022-12-01,combined_equal_weight,EQ_XOM,0.016666666666666666
2023-01-03,combined_equal_weight,EQ_XOM,0.016666666666666666
2023-02-01,combined_equal_weight,EQ_XOM,0.016666666666666666
2023-03-01,combined_equal_weight,EQ_XOM,0.016666666666666666
2023-04-03,combined_equal_weight,EQ_XOM,0.016666666666666666
2023-05-01,combined_equal_weight,EQ_XOM,0.016666666666666666
2023-06-01,combined_equal_weight,EQ_XOM,0.016666666666666666
2023-07-03,combined_equal_weight,EQ_XOM,0.016666666666666666
2023-08-01,combined_equal_weight,EQ_XOM,0.016666666666666666
2023-09-01,combined_equal_weight,EQ_XOM,0.016666666666666666
2023-10-02,combined_equal_weight,EQ_XOM,0.016666666666666666
2023-11-01,combined_equal_weight,EQ_XOM,0.016666666666666666
2023-12-01,combined_equal_weight,EQ_XOM,0.016666666666666666
2021-01-04,combined_equal_weight,CR_ADA-USD,0.016666666666666666
2021-02-01,combined_equal_weight,CR_ADA-USD,0.016666666666666666
2021-03-01,combined_equal_weight,CR_ADA-USD,0.016666666666666666
2021-04-01,combined_equal_weight,CR_ADA-USD,0.016666666666666666
2021-05-03,combined_equal_weight,CR_ADA-USD,0.016666666666666666
2021-06-01,combined_equal_weight,CR_ADA-USD,0.016666666666666666
2021-07-01,combined_equal_weight,CR_ADA-USD,0.016666666666666666
2021-08-02,combined_equal_weight,CR_ADA-USD,0.016666666666666666
2021-09-01,combined_equal_weight,CR_ADA-USD,0.016666666666666666
2021-10-01,combined_equal_weight,CR_ADA-USD,0.016666666666666666
2021-11-01,combined_equal_weight,CR_ADA-USD,0.016666666666666666
2021-12-01,combined_equal_weight,CR_ADA-USD,0.016666666666666666
2022-01-03,combined_equal_weight,CR_ADA-USD,0.016666666666666666
2022-02-01,combined_equal_weight,CR_ADA-USD,0.016666666666666666
2022-03-01,combined_equal_weight,CR_ADA-USD,0.016666666666666666
2022-04-01,combined_equal_weight,CR_ADA-USD,0.016666666666666666
2022-05-02,combined_equal_weight,CR_ADA-USD,0.016666666666666666
2022-06-01,combined_equal_weight,CR_ADA-USD,0.016666666666666666
2022-07-01,combined_equal_weight,CR_ADA-USD,0.016666666666666666
2022-08-01,combined_equal_weight,CR_ADA-USD,0.016666666666666666
2022-09-01,combined_equal_weight,CR_ADA-USD,0.016666666666666666
2022-10-03,combined_equal_weight,CR_ADA-USD,0.016666666666666666
2022-11-01,combined_equal_weight,CR_ADA-USD,0.016666666666666666
2022-12-01,combined_equal_weight,CR_ADA-USD,0.016666666666666666
2023-01-03,combined_equal_weight,CR_ADA-USD,0.016666666666666666
2023-02-01,combined_equal_weight,CR_ADA-USD,0.016666666666666666
2023-03-01,combined_equal_weight,CR_ADA-USD,0.016666666666666666
2023-04-03,combined_equal_weight,CR_ADA-USD,0.016666666666666666
2023-05-01,combined_equal_weight,CR_ADA-USD,0.016666666666666666
2023-06-01,combined_equal_weight,CR_ADA-USD,0.016666666666666666
2023-07-03,combined_equal_weight,CR_ADA-USD,0.016666666666666666
2023-08-01,combined_equal_weight,CR_ADA-USD,0.016666666666666666
2023-09-01,combined_equal_weight,CR_ADA-USD,0.016666666666666666
2023-10-02,combined_equal_weight,CR_ADA-USD,0.016666666666666666
2023-11-01,combined_equal_weight,CR_ADA-USD,0.016666666666666666
2023-12-01,combined_equal_weight,CR_ADA-USD,0.016666666666666666
2021-01-04,combined_equal_weight,CR_BCH-USD,0.016666666666666666
2021-02-01,combined_equal_weight,CR_BCH-USD,0.016666666666666666
2021-03-01,combined_equal_weight,CR_BCH-USD,0.016666666666666666
2021-04-01,combined_equal_weight,CR_BCH-USD,0.016666666666666666
2021-05-03,combined_equal_weight,CR_BCH-USD,0.016666666666666666
2021-06-01,combined_equal_weight,CR_BCH-USD,0.016666666666666666
2021-07-01,combined_equal_weight,CR_BCH-USD,0.016666666666666666
2021-08-02,combined_equal_weight,CR_BCH-USD,0.016666666666666666
2021-09-01,combined_equal_weight,CR_BCH-USD,0.016666666666666666
2021-10-01,combined_equal_weight,CR_BCH-USD,0.016666666666666666
2021-11-01,combined_equal_weight,CR_BCH-USD,0.016666666666666666
2021-12-01,combined_equal_weight,CR_BCH-USD,0.016666666666666666
2022-01-03,combined_equal_weight,CR_BCH-USD,0.016666666666666666
2022-02-01,combined_equal_weight,CR_BCH-USD,0.016666666666666666
2022-03-01,combined_equal_weight,CR_BCH-USD,0.016666666666666666
2022-04-01,combined_equal_weight,CR_BCH-USD,0.016666666666666666
2022-05-02,combined_equal_weight,CR_BCH-USD,0.016666666666666666
2022-06-01,combined_equal_weight,CR_BCH-USD,0.016666666666666666
2022-07-01,combined_equal_weight,CR_BCH-USD,0.016666666666666666
2022-08-01,combined_equal_weight,CR_BCH-USD,0.016666666666666666
2022-09-01,combined_equal_weight,CR_BCH-USD,0.016666666666666666
2022-10-03,combined_equal_weight,CR_BCH-USD,0.016666666666666666
2022-11-01,combined_equal_weight,CR_BCH-USD,0.016666666666666666
2022-12-01,combined_equal_weight,CR_BCH-USD,0.016666666666666666
2023-01-03,combined_equal_weight,CR_BCH-USD,0.016666666666666666
2023-02-01,combined_equal_weight,CR_BCH-USD,0.016666666666666666
2023-03-01,combined_equal_weight,CR_BCH-USD,0.016666666666666666
2023-04-03,combined_equal_weight,CR_BCH-USD,0.016666666666666666
2023-05-01,combined_equal_weight,CR_BCH-USD,0.016666666666666666
2023-06-01,combined_equal_weight,CR_BCH-USD,0.016666666666666666
2023-07-03,combined_equal_weight,CR_BCH-USD,0.016666666666666666
2023-08-01,combined_equal_weight,CR_BCH-USD,0.016666666666666666
2023-09-01,combined_equal_weight,CR_BCH-USD,0.016666666666666666
2023-10-02,combined_equal_weight,CR_BCH-USD,0.016666666666666666
2023-11-01,combined_equal_weight,CR_BCH-USD,0.016666666666666666
2023-12-01,combined_equal_weight,CR_BCH-USD,0.016666666666666666
2021-01-04,combined_equal_weight,CR_BTC-USD,0.016666666666666666
2021-02-01,combined_equal_weight,CR_BTC-USD,0.016666666666666666
2021-03-01,combined_equal_weight,CR_BTC-USD,0.016666666666666666
2021-04-01,combined_equal_weight,CR_BTC-USD,0.016666666666666666
2021-05-03,combined_equal_weight,CR_BTC-USD,0.016666666666666666
2021-06-01,combined_equal_weight,CR_BTC-USD,0.016666666666666666
2021-07-01,combined_equal_weight,CR_BTC-USD,0.016666666666666666
2021-08-02,combined_equal_weight,CR_BTC-USD,0.016666666666666666
2021-09-01,combined_equal_weight,CR_BTC-USD,0.016666666666666666
2021-10-01,combined_equal_weight,CR_BTC-USD,0.016666666666666666
2021-11-01,combined_equal_weight,CR_BTC-USD,0.016666666666666666
2021-12-01,combined_equal_weight,CR_BTC-USD,0.016666666666666666
2022-01-03,combined_equal_weight,CR_BTC-USD,0.016666666666666666
2022-02-01,combined_equal_weight,CR_BTC-USD,0.016666666666666666
2022-03-01,combined_equal_weight,CR_BTC-USD,0.016666666666666666
2022-04-01,combined_equal_weight,CR_BTC-USD,0.016666666666666666
2022-05-02,combined_equal_weight,CR_BTC-USD,0.016666666666666666
2022-06-01,combined_equal_weight,CR_BTC-USD,0.016666666666666666
2022-07-01,combined_equal_weight,CR_BTC-USD,0.016666666666666666
2022-08-01,combined_equal_weight,CR_BTC-USD,0.016666666666666666
2022-09-01,combined_equal_weight,CR_BTC-USD,0.016666666666666666
2022-10-03,combined_equal_weight,CR_BTC-USD,0.016666666666666666
2022-11-01,combined_equal_weight,CR_BTC-USD,0.016666666666666666
2022-12-01,combined_equal_weight,CR_BTC-USD,0.016666666666666666
2023-01-03,combined_equal_weight,CR_BTC-USD,0.016666666666666666
2023-02-01,combined_equal_weight,CR_BTC-USD,0.016666666666666666
2023-03-01,combined_equal_weight,CR_BTC-USD,0.016666666666666666
2023-04-03,combined_equal_weight,CR_BTC-USD,0.016666666666666666
2023-05-01,combined_equal_weight,CR_BTC-USD,0.016666666666666666
2023-06-01,combined_equal_weight,CR_BTC-USD,0.016666666666666666
2023-07-03,combined_equal_weight,CR_BTC-USD,0.016666666666666666
2023-08-01,combined_equal_weight,CR_BTC-USD,0.016666666666666666
2023-09-01,combined_equal_weight,CR_BTC-USD,0.016666666666666666
2023-10-02,combined_equal_weight,CR_BTC-USD,0.016666666666666666
2023-11-01,combined_equal_weight,CR_BTC-USD,0.016666666666666666
2023-12-01,combined_equal_weight,CR_BTC-USD,0.016666666666666666
2021-01-04,combined_equal_weight,CR_EOS-USD,0.016666666666666666
2021-02-01,combined_equal_weight,CR_EOS-USD,0.016666666666666666
2021-03-01,combined_equal_weight,CR_EOS-USD,0.016666666666666666
2021-04-01,combined_equal_weight,CR_EOS-USD,0.016666666666666666
2021-05-03,combined_equal_weight,CR_EOS-USD,0.016666666666666666
2021-06-01,combined_equal_weight,CR_EOS-USD,0.016666666666666666
2021-07-01,combined_equal_weight,CR_EOS-USD,0.016666666666666666
2021-08-02,combined_equal_weight,CR_EOS-USD,0.016666666666666666
2021-09-01,combined_equal_weight,CR_EOS-USD,0.016666666666666666
2021-10-01,combined_equal_weight,CR_EOS-USD,0.016666666666666666
2021-11-01,combined_equal_weight,CR_EOS-USD,0.016666666666666666
2021-12-01,combined_equal_weight,CR_EOS-USD,0.016666666666666666
2022-01-03,combined_equal_weight,CR_EOS-USD,0.016666666666666666
2022-02-01,combined_equal_weight,CR_EOS-USD,0.016666666666666666
2022-03-01,combined_equal_weight,CR_EOS-USD,0.016666666666666666
2022-04-01,combined_equal_weight,CR_EOS-USD,0.016666666666666666
2022-05-02,combined_equal_weight,CR_EOS-USD,0.016666666666666666
2022-06-01,combined_equal_weight,CR_EOS-USD,0.016666666666666666
2022-07-01,combined_equal_weight,CR_EOS-USD,0.016666666666666666
2022-08-01,combined_equal_weight,CR_EOS-USD,0.016666666666666666
2022-09-01,combined_equal_weight,CR_EOS-USD,0.016666666666666666
2022-10-03,combined_equal_weight,CR_EOS-USD,0.016666666666666666
2022-11-01,combined_equal_weight,CR_EOS-USD,0.016666666666666666
2022-12-01,combined_equal_weight,CR_EOS-USD,0.016666666666666666
2023-01-03,combined_equal_weight,CR_EOS-USD,0.016666666666666666
2023-02-01,combined_equal_weight,CR_EOS-USD,0.016666666666666666
2023-03-01,combined_equal_weight,CR_EOS-USD,0.016666666666666666
2023-04-03,combined_equal_weight,CR_EOS-USD,0.016666666666666666
2023-05-01,combined_equal_weight,CR_EOS-USD,0.016666666666666666
2023-06-01,combined_equal_weight,CR_EOS-USD,0.016666666666666666
2023-07-03,combined_equal_weight,CR_EOS-USD,0.016666666666666666
2023-08-01,combined_equal_weight,CR_EOS-USD,0.016666666666666666
2023-09-01,combined_equal_weight,CR_EOS-USD,0.016666666666666666
2023-10-02,combined_equal_weight,CR_EOS-USD,0.016666666666666666
2023-11-01,combined_equal_weight,CR_EOS-USD,0.016666666666666666
2023-12-01,combined_equal_weight,CR_EOS-USD,0.016666666666666666
2021-01-04,combined_equal_weight,CR_ETC-USD,0.016666666666666666
2021-02-01,combined_equal_weight,CR_ETC-USD,0.016666666666666666
2021-03-01,combined_equal_weight,CR_ETC-USD,0.016666666666666666
2021-04-01,combined_equal_weight,CR_ETC-USD,0.016666666666666666
2021-05-03,combined_equal_weight,CR_ETC-USD,0.016666666666666666
2021-06-01,combined_equal_weight,CR_ETC-USD,0.016666666666666666
2021-07-01,combined_equal_weight,CR_ETC-USD,0.016666666666666666
2021-08-02,combined_equal_weight,CR_ETC-USD,0.016666666666666666
2021-09-01,combined_equal_weight,CR_ETC-USD,0.016666666666666666
2021-10-01,combined_equal_weight,CR_ETC-USD,0.016666666666666666
2021-11-01,combined_equal_weight,CR_ETC-USD,0.016666666666666666
2021-12-01,combined_equal_weight,CR_ETC-USD,0.016666666666666666
2022-01-03,combined_equal_weight,CR_ETC-USD,0.016666666666666666
2022-02-01,combined_equal_weight,CR_ETC-USD,0.016666666666666666
2022-03-01,combined_equal_weight,CR_ETC-USD,0.016666666666666666
2022-04-01,combined_equal_weight,CR_ETC-USD,0.016666666666666666
2022-05-02,combined_equal_weight,CR_ETC-USD,0.016666666666666666
2022-06-01,combined_equal_weight,CR_ETC-USD,0.016666666666666666
2022-07-01,combined_equal_weight,CR_ETC-USD,0.016666666666666666
2022-08-01,combined_equal_weight,CR_ETC-USD,0.016666666666666666
2022-09-01,combined_equal_weight,CR_ETC-USD,0.016666666666666666
2022-10-03,combined_equal_weight,CR_ETC-USD,0.016666666666666666
2022-11-01,combined_equal_weight,CR_ETC-USD,0.016666666666666666
2022-12-01,combined_equal_weight,CR_ETC-USD,0.016666666666666666
2023-01-03,combined_equal_weight,CR_ETC-USD,0.016666666666666666
2023-02-01,combined_equal_weight,CR_ETC-USD,0.016666666666666666
2023-03-01,combined_equal_weight,CR_ETC-USD,0.016666666666666666
2023-04-03,combined_equal_weight,CR_ETC-USD,0.016666666666666666
2023-05-01,combined_equal_weight,CR_ETC-USD,0.016666666666666666
2023-06-01,combined_equal_weight,CR_ETC-USD,0.016666666666666666
2023-07-03,combined_equal_weight,CR_ETC-USD,0.016666666666666666
2023-08-01,combined_equal_weight,CR_ETC-USD,0.016666666666666666
2023-09-01,combined_equal_weight,CR_ETC-USD,0.016666666666666666
2023-10-02,combined_equal_weight,CR_ETC-USD,0.016666666666666666
2023-11-01,combined_equal_weight,CR_ETC-USD,0.016666666666666666
2023-12-01,combined_equal_weight,CR_ETC-USD,0.016666666666666666
2021-01-04,combined_equal_weight,CR_ETH-USD,0.016666666666666666
2021-02-01,combined_equal_weight,CR_ETH-USD,0.016666666666666666
2021-03-01,combined_equal_weight,CR_ETH-USD,0.016666666666666666
2021-04-01,combined_equal_weight,CR_ETH-USD,0.016666666666666666
2021-05-03,combined_equal_weight,CR_ETH-USD,0.016666666666666666
2021-06-01,combined_equal_weight,CR_ETH-USD,0.016666666666666666
2021-07-01,combined_equal_weight,CR_ETH-USD,0.016666666666666666
2021-08-02,combined_equal_weight,CR_ETH-USD,0.016666666666666666
2021-09-01,combined_equal_weight,CR_ETH-USD,0.016666666666666666
2021-10-01,combined_equal_weight,CR_ETH-USD,0.016666666666666666
2021-11-01,combined_equal_weight,CR_ETH-USD,0.016666666666666666
2021-12-01,combined_equal_weight,CR_ETH-USD,0.016666666666666666
2022-01-03,combined_equal_weight,CR_ETH-USD,0.016666666666666666
2022-02-01,combined_equal_weight,CR_ETH-USD,0.016666666666666666
2022-03-01,combined_equal_weight,CR_ETH-USD,0.016666666666666666
2022-04-01,combined_equal_weight,CR_ETH-USD,0.016666666666666666
2022-05-02,combined_equal_weight,CR_ETH-USD,0.016666666666666666
2022-06-01,combined_equal_weight,CR_ETH-USD,0.016666666666666666
2022-07-01,combined_equal_weight,CR_ETH-USD,0.016666666666666666
2022-08-01,combined_equal_weight,CR_ETH-USD,0.016666666666666666
2022-09-01,combined_equal_weight,CR_ETH-USD,0.016666666666666666
2022-10-03,combined_equal_weight,CR_ETH-USD,0.016666666666666666
2022-11-01,combined_equal_weight,CR_ETH-USD,0.016666666666666666
2022-12-01,combined_equal_weight,CR_ETH-USD,0.016666666666666666
2023-01-03,combined_equal_weight,CR_ETH-USD,0.016666666666666666
2023-02-01,combined_equal_weight,CR_ETH-USD,0.016666666666666666
2023-03-01,combined_equal_weight,CR_ETH-USD,0.016666666666666666
2023-04-03,combined_equal_weight,CR_ETH-USD,0.016666666666666666
2023-05-01,combined_equal_weight,CR_ETH-USD,0.016666666666666666
2023-06-01,combined_equal_weight,CR_ETH-USD,0.016666666666666666
2023-07-03,combined_equal_weight,CR_ETH-USD,0.016666666666666666
2023-08-01,combined_equal_weight,CR_ETH-USD,0.016666666666666666
2023-09-01,combined_equal_weight,CR_ETH-USD,0.016666666666666666
2023-10-02,combined_equal_weight,CR_ETH-USD,0.016666666666666666
2023-11-01,combined_equal_weight,CR_ETH-USD,0.016666666666666666
2023-12-01,combined_equal_weight,CR_ETH-USD,0.016666666666666666
2021-01-04,combined_equal_weight,CR_LTC-USD,0.016666666666666666
2021-02-01,combined_equal_weight,CR_LTC-USD,0.016666666666666666
2021-03-01,combined_equal_weight,CR_LTC-USD,0.016666666666666666
2021-04-01,combined_equal_weight,CR_LTC-USD,0.016666666666666666
2021-05-03,combined_equal_weight,CR_LTC-USD,0.016666666666666666
2021-06-01,combined_equal_weight,CR_LTC-USD,0.016666666666666666
2021-07-01,combined_equal_weight,CR_LTC-USD,0.016666666666666666
2021-08-02,combined_equal_weight,CR_LTC-USD,0.016666666666666666
2021-09-01,combined_equal_weight,CR_LTC-USD,0.016666666666666666
2021-10-01,combined_equal_weight,CR_LTC-USD,0.016666666666666666
2021-11-01,combined_equal_weight,CR_LTC-USD,0.016666666666666666
2021-12-01,combined_equal_weight,CR_LTC-USD,0.016666666666666666
2022-01-03,combined_equal_weight,CR_LTC-USD,0.016666666666666666
2022-02-01,combined_equal_weight,CR_LTC-USD,0.016666666666666666
2022-03-01,combined_equal_weight,CR_LTC-USD,0.016666666666666666
2022-04-01,combined_equal_weight,CR_LTC-USD,0.016666666666666666
2022-05-02,combined_equal_weight,CR_LTC-USD,0.016666666666666666
2022-06-01,combined_equal_weight,CR_LTC-USD,0.016666666666666666
2022-07-01,combined_equal_weight,CR_LTC-USD,0.016666666666666666
2022-08-01,combined_equal_weight,CR_LTC-USD,0.016666666666666666
2022-09-01,combined_equal_weight,CR_LTC-USD,0.016666666666666666
2022-10-03,combined_equal_weight,CR_LTC-USD,0.016666666666666666
2022-11-01,combined_equal_weight,CR_LTC-USD,0.016666666666666666
2022-12-01,combined_equal_weight,CR_LTC-USD,0.016666666666666666
2023-01-03,combined_equal_weight,CR_LTC-USD,0.016666666666666666
2023-02-01,combined_equal_weight,CR_LTC-USD,0.016666666666666666
2023-03-01,combined_equal_weight,CR_LTC-USD,0.016666666666666666
2023-04-03,combined_equal_weight,CR_LTC-USD,0.016666666666666666
2023-05-01,combined_equal_weight,CR_LTC-USD,0.016666666666666666
2023-06-01,combined_equal_weight,CR_LTC-USD,0.016666666666666666
2023-07-03,combined_equal_weight,CR_LTC-USD,0.016666666666666666
2023-08-01,combined_equal_weight,CR_LTC-USD,0.016666666666666666
2023-09-01,combined_equal_weight,CR_LTC-USD,0.016666666666666666
2023-10-02,combined_equal_weight,CR_LTC-USD,0.016666666666666666
2023-11-01,combined_equal_weight,CR_LTC-USD,0.016666666666666666
2023-12-01,combined_equal_weight,CR_LTC-USD,0.016666666666666666
2021-01-04,combined_equal_weight,CR_TRX-USD,0.016666666666666666
2021-02-01,combined_equal_weight,CR_TRX-USD,0.016666666666666666
2021-03-01,combined_equal_weight,CR_TRX-USD,0.016666666666666666
2021-04-01,combined_equal_weight,CR_TRX-USD,0.016666666666666666
2021-05-03,combined_equal_weight,CR_TRX-USD,0.016666666666666666
2021-06-01,combined_equal_weight,CR_TRX-USD,0.016666666666666666
2021-07-01,combined_equal_weight,CR_TRX-USD,0.016666666666666666
2021-08-02,combined_equal_weight,CR_TRX-USD,0.016666666666666666
2021-09-01,combined_equal_weight,CR_TRX-USD,0.016666666666666666
2021-10-01,combined_equal_weight,CR_TRX-USD,0.016666666666666666
2021-11-01,combined_equal_weight,CR_TRX-USD,0.016666666666666666
2021-12-01,combined_equal_weight,CR_TRX-USD,0.016666666666666666
2022-01-03,combined_equal_weight,CR_TRX-USD,0.016666666666666666
2022-02-01,combined_equal_weight,CR_TRX-USD,0.016666666666666666
2022-03-01,combined_equal_weight,CR_TRX-USD,0.016666666666666666
2022-04-01,combined_equal_weight,CR_TRX-USD,0.016666666666666666
2022-05-02,combined_equal_weight,CR_TRX-USD,0.016666666666666666
2022-06-01,combined_equal_weight,CR_TRX-USD,0.016666666666666666
2022-07-01,combined_equal_weight,CR_TRX-USD,0.016666666666666666
2022-08-01,combined_equal_weight,CR_TRX-USD,0.016666666666666666
2022-09-01,combined_equal_weight,CR_TRX-USD,0.016666666666666666
2022-10-03,combined_equal_weight,CR_TRX-USD,0.016666666666666666
2022-11-01,combined_equal_weight,CR_TRX-USD,0.016666666666666666
2022-12-01,combined_equal_weight,CR_TRX-USD,0.016666666666666666
2023-01-03,combined_equal_weight,CR_TRX-USD,0.016666666666666666
2023-02-01,combined_equal_weight,CR_TRX-USD,0.016666666666666666
2023-03-01,combined_equal_weight,CR_TRX-USD,0.016666666666666666
2023-04-03,combined_equal_weight,CR_TRX-USD,0.016666666666666666
2023-05-01,combined_equal_weight,CR_TRX-USD,0.016666666666666666
2023-06-01,combined_equal_weight,CR_TRX-USD,0.016666666666666666
2023-07-03,combined_equal_weight,CR_TRX-USD,0.016666666666666666
2023-08-01,combined_equal_weight,CR_TRX-USD,0.016666666666666666
2023-09-01,combined_equal_weight,CR_TRX-USD,0.016666666666666666
2023-10-02,combined_equal_weight,CR_TRX-USD,0.016666666666666666
2023-11-01,combined_equal_weight,CR_TRX-USD,0.016666666666666666
2023-12-01,combined_equal_weight,CR_TRX-USD,0.016666666666666666
2021-01-04,combined_equal_weight,CR_XLM-USD,0.016666666666666666
2021-02-01,combined_equal_weight,CR_XLM-USD,0.016666666666666666
2021-03-01,combined_equal_weight,CR_XLM-USD,0.016666666666666666
2021-04-01,combined_equal_weight,CR_XLM-USD,0.016666666666666666
2021-05-03,combined_equal_weight,CR_XLM-USD,0.016666666666666666
2021-06-01,combined_equal_weight,CR_XLM-USD,0.016666666666666666
2021-07-01,combined_equal_weight,CR_XLM-USD,0.016666666666666666
2021-08-02,combined_equal_weight,CR_XLM-USD,0.016666666666666666
2021-09-01,combined_equal_weight,CR_XLM-USD,0.016666666666666666
2021-10-01,combined_equal_weight,CR_XLM-USD,0.016666666666666666
2021-11-01,combined_equal_weight,CR_XLM-USD,0.016666666666666666
2021-12-01,combined_equal_weight,CR_XLM-USD,0.016666666666666666
2022-01-03,combined_equal_weight,CR_XLM-USD,0.016666666666666666
2022-02-01,combined_equal_weight,CR_XLM-USD,0.016666666666666666
2022-03-01,combined_equal_weight,CR_XLM-USD,0.016666666666666666
2022-04-01,combined_equal_weight,CR_XLM-USD,0.016666666666666666
2022-05-02,combined_equal_weight,CR_XLM-USD,0.016666666666666666
2022-06-01,combined_equal_weight,CR_XLM-USD,0.016666666666666666
2022-07-01,combined_equal_weight,CR_XLM-USD,0.016666666666666666
2022-08-01,combined_equal_weight,CR_XLM-USD,0.016666666666666666
2022-09-01,combined_equal_weight,CR_XLM-USD,0.016666666666666666
2022-10-03,combined_equal_weight,CR_XLM-USD,0.016666666666666666
2022-11-01,combined_equal_weight,CR_XLM-USD,0.016666666666666666
2022-12-01,combined_equal_weight,CR_XLM-USD,0.016666666666666666
2023-01-03,combined_equal_weight,CR_XLM-USD,0.016666666666666666
2023-02-01,combined_equal_weight,CR_XLM-USD,0.016666666666666666
2023-03-01,combined_equal_weight,CR_XLM-USD,0.016666666666666666
2023-04-03,combined_equal_weight,CR_XLM-USD,0.016666666666666666
2023-05-01,combined_equal_weight,CR_XLM-USD,0.016666666666666666
2023-06-01,combined_equal_weight,CR_XLM-USD,0.016666666666666666
2023-07-03,combined_equal_weight,CR_XLM-USD,0.016666666666666666
2023-08-01,combined_equal_weight,CR_XLM-USD,0.016666666666666666
2023-09-01,combined_equal_weight,CR_XLM-USD,0.016666666666666666
2023-10-02,combined_equal_weight,CR_XLM-USD,0.016666666666666666
2023-11-01,combined_equal_weight,CR_XLM-USD,0.016666666666666666
2023-12-01,combined_equal_weight,CR_XLM-USD,0.016666666666666666
2021-01-04,combined_equal_weight,CR_XRP-USD,0.016666666666666666
2021-02-01,combined_equal_weight,CR_XRP-USD,0.016666666666666666
2021-03-01,combined_equal_weight,CR_XRP-USD,0.016666666666666666
2021-04-01,combined_equal_weight,CR_XRP-USD,0.016666666666666666
2021-05-03,combined_equal_weight,CR_XRP-USD,0.016666666666666666
2021-06-01,combined_equal_weight,CR_XRP-USD,0.016666666666666666
2021-07-01,combined_equal_weight,CR_XRP-USD,0.016666666666666666
2021-08-02,combined_equal_weight,CR_XRP-USD,0.016666666666666666
2021-09-01,combined_equal_weight,CR_XRP-USD,0.016666666666666666
2021-10-01,combined_equal_weight,CR_XRP-USD,0.016666666666666666
2021-11-01,combined_equal_weight,CR_XRP-USD,0.016666666666666666
2021-12-01,combined_equal_weight,CR_XRP-USD,0.016666666666666666
2022-01-03,combined_equal_weight,CR_XRP-USD,0.016666666666666666
2022-02-01,combined_equal_weight,CR_XRP-USD,0.016666666666666666
2022-03-01,combined_equal_weight,CR_XRP-USD,0.016666666666666666
2022-04-01,combined_equal_weight,CR_XRP-USD,0.016666666666666666
2022-05-02,combined_equal_weight,CR_XRP-USD,0.016666666666666666
2022-06-01,combined_equal_weight,CR_XRP-USD,0.016666666666666666
2022-07-01,combined_equal_weight,CR_XRP-USD,0.016666666666666666
2022-08-01,combined_equal_weight,CR_XRP-USD,0.016666666666666666
2022-09-01,combined_equal_weight,CR_XRP-USD,0.016666666666666666
2022-10-03,combined_equal_weight,CR_XRP-USD,0.016666666666666666
2022-11-01,combined_equal_weight,CR_XRP-USD,0.016666666666666666
2022-12-01,combined_equal_weight,CR_XRP-USD,0.016666666666666666
2023-01-03,combined_equal_weight,CR_XRP-USD,0.016666666666666666
2023-02-01,combined_equal_weight,CR_XRP-USD,0.016666666666666666
2023-03-01,combined_equal_weight,CR_XRP-USD,0.016666666666666666
2023-04-03,combined_equal_weight,CR_XRP-USD,0.016666666666666666
2023-05-01,combined_equal_weight,CR_XRP-USD,0.016666666666666666
2023-06-01,combined_equal_weight,CR_XRP-USD,0.016666666666666666
2023-07-03,combined_equal_weight,CR_XRP-USD,0.016666666666666666
2023-08-01,combined_equal_weight,CR_XRP-USD,0.016666666666666666
2023-09-01,combined_equal_weight,CR_XRP-USD,0.016666666666666666
2023-10-02,combined_equal_weight,CR_XRP-USD,0.016666666666666666
2023-11-01,combined_equal_weight,CR_XRP-USD,0.016666666666666666
2023-12-01,combined_equal_weight,CR_XRP-USD,0.016666666666666666
2021-01-04,combined_min_variance,EQ_ABBV,0.16325916713062139
2021-02-01,combined_min_variance,EQ_ABBV,0.14916113942139841
2021-03-01,combined_min_variance,EQ_ABBV,0.18036300901846208
2021-04-01,combined_min_variance,EQ_ABBV,0.11479777116287429
2021-05-03,combined_min_variance,EQ_ABBV,0.08967939150495544
2021-06-01,combined_min_variance,EQ_ABBV,0.04967555513049671
2021-07-01,combined_min_variance,EQ_ABBV,0.040187700587808
2021-08-02,combined_min_variance,EQ_ABBV,0.03265996589915526
2021-09-01,combined_min_variance,EQ_ABBV,0.024268819917858
2021-10-01,combined_min_variance,EQ_ABBV,1.6000574421889892e-11
2021-11-01,combined_min_variance,EQ_ABBV,0.015937775765838585
2021-12-01,combined_min_variance,EQ_ABBV,0.0311923219064058
2022-01-03,combined_min_variance,EQ_ABBV,0.021793727441223244
2022-02-01,combined_min_variance,EQ_ABBV,0.04750472901588758
2022-03-01,combined_min_variance,EQ_ABBV,0.034488659970918496
2022-04-01,combined_min_variance,EQ_ABBV,0.04533807811847715
2022-05-02,combined_min_variance,EQ_ABBV,0.018805836344228735
2022-06-01,combined_min_variance,EQ_ABBV,0.06545777406429366
2022-07-01,combined_min_variance,EQ_ABBV,0.04341825476491584
2022-08-01,combined_min_variance,EQ_ABBV,0.054508504140224526
2022-09-01,combined_min_variance,EQ_ABBV,0.05364426925140934
2022-10-03,combined_min_variance,EQ_ABBV,0.07325421173107352
2022-11-01,combined_min_variance,EQ_ABBV,0.08777381140631661
2022-12-01,combined_min_variance,EQ_ABBV,0.07441716918442054
2023-01-03,combined_min_variance,EQ_ABBV,0.08362043068379811
2023-02-01,combined_min_variance,EQ_ABBV,0.06585532975615464
2023-03-01,combined_min_variance,EQ_ABBV,0.05072500987567913
2023-04-03,combined_min_variance,EQ_ABBV,0.05540906752838504
2023-05-01,combined_min_variance,EQ_ABBV,0.07679861619742005
2023-06-01,combined_min_variance,EQ_ABBV,0.059560184395803656
2023-07-03,combined_min_variance,EQ_ABBV,0.09015296663900506
2023-08-01,combined_min_variance,EQ_ABBV,0.0897493610391011
2023-09-01,combined_min_variance,EQ_ABBV,0.08141173168935613
2023-10-02,combined_min_variance,EQ_ABBV,0.07263229759885244
2023-11-01,combined_min_variance,EQ_ABBV,0.07636797174990209
2023-12-01,combined_min_variance,EQ_ABBV,0.08932422905087302
2021-01-04,combined_min_variance,EQ_ABT,5.8119022927131566e-11
2021-02-01,combined_min_variance,EQ_ABT,4.844020835368197e-12
2021-03-01,combined_min_variance,EQ_ABT,0.0
2021-04-01,combined_min_variance,EQ_ABT,1.0932439078687444e-14
2021-05-03,combined_min_variance,EQ_ABT,1.0622284190706044e-11
2021-06-01,combined_min_variance,EQ_ABT,2.8367291828112584e-14
2021-07-01,combined_min_variance,EQ_ABT,2.496751234501458e-13
2021-08-02,combined_min_variance,EQ_ABT,0.0074478909536431406
2021-09-01,combined_min_variance,EQ_ABT,0.006027731269643172
2021-10-01,combined_min_variance,EQ_ABT,0.03342528250065239
2021-11-01,combined_min_variance,EQ_ABT,0.055758297576216184
2021-12-01,combined_min_variance,EQ_ABT,0.07819665760904915
2022-01-03,combined_min_variance,EQ_ABT,0.06922182278514377
2022-02-01,combined_min_variance,EQ_ABT,0.035838385344664415
2022-03-01,combined_min_variance,EQ_ABT,0.012880820266964771
2022-04-01,combined_min_variance,EQ_ABT,1.308421659776378e-12
2022-05-02,combined_min_variance,EQ_ABT,1.599242256477765e-13
2022-06-01,combined_min_variance,EQ_ABT,5.190392886805805e-14
2022-07-01,combined_min_variance,EQ_ABT,1.5737124926117477e-13
2022-08-01,combined_min_variance,EQ_ABT,3.8127530287271446e-12
2022-09-01,combined_min_variance,EQ_ABT,1.2219003692347265e-12
2022-10-03,combined_min_variance,EQ_ABT,2.2406373939787233e-11
2022-11-01,combined_min_variance,EQ_ABT,1.855347835947712e-11
2022-12-01,combined_min_variance,EQ_ABT,3.1045573398061536e-12
2023-01-03,combined_min_variance,EQ_ABT,8.166778529824077e-11
2023-02-01,combined_min_variance,EQ_ABT,0.0
2023-03-01,combined_min_variance,EQ_ABT,1.4305552918988497e-11
2023-04-03,combined_min_variance,EQ_ABT,3.5320880100532525e-12
2023-05-01,combined_min_variance,EQ_ABT,4.0197797986268785e-11
2023-06-01,combined_min_variance,EQ_ABT,1.7014759602685203e-14
2023-07-03,combined_min_variance,EQ_ABT,1.569035888205123e-11
2023-08-01,combined_min_variance,EQ_ABT,2.07882327927834e-13
2023-09-01,combined_min_variance,EQ_ABT,1.1758031924110179e-11
2023-10-02,combined_min_variance,EQ_ABT,5.194151955908372e-13
2023-11-01,combined_min_variance,EQ_ABT,2.2557043459281398e-13
2023-12-01,combined_min_variance,EQ_ABT,0.017642633881526464
2021-01-04,combined_min_variance,EQ_ADBE,8.84882953093664e-11
2021-02-01,combined_min_variance,EQ_ADBE,2.937099589352051e-11
2021-03-01,combined_min_variance,EQ_ADBE,0.0
2021-04-01,combined_min_variance,EQ_ADBE,7.428947685412479e-14
2021-05-03,combined_min_variance,EQ_ADBE,7.517150160251332e-12
2021-06-01,combined_min_variance,EQ_ADBE,2.0557757191321816e-14
2021-07-01,combined_min_variance,EQ_ADBE,2.6591880505083233e-13
2021-08-02,combined_min_variance,EQ_ADBE,0.0
2021-09-01,combined_min_variance,EQ_ADBE,1.4104447912727414e-14
2021-10-01,combined_min_variance,EQ_ADBE,1.1055741970284437e-11
2021-11-01,combined_min_variance,EQ_ADBE,0.0
2021-12-01,combined_min_variance,EQ_ADBE,0.0
2022-01-03,combined_min_variance,EQ_ADBE,0.011227907069609484
2022-02-01,combined_min_variance,EQ_ADBE,0.006710281080998108
2022-03-01,combined_min_variance,EQ_ADBE,0.010108702992744243
2022-04-01,combined_min_variance,EQ_ADBE,0.010229334744899874
2022-05-02,combined_min_variance,EQ_ADBE,0.016337931383107435
2022-06-01,combined_min_variance,EQ_ADBE,7.187040693940843e-13
2022-07-01,combined_min_variance,EQ_ADBE,2.3009786346191556e-13
2022-08-01,combined_min_variance,EQ_ADBE,6.905577530679852e-14
2022-09-01,combined_min_variance,EQ_ADBE,0.0
2022-10-03,combined_min_variance,EQ_ADBE,1.6340565614106042e-11
2022-11-01,combined_min_variance,EQ_ADBE,1.4232087880680225e-11
2022-12-01,combined_min_variance,EQ_ADBE,4.6670795367946214e-12
2023-01-03,combined_min_variance,EQ_ADBE,1.240115127573547e-10
2023-02-01,combined_min_variance,EQ_ADBE,0.0
2023-03-01,combined_min_variance,EQ_ADBE,3.198205060752026e-11
2023-04-03,combined_min_variance,EQ_ADBE,7.91297757738801e-12
2023-05-01,combined_min_variance,EQ_ADBE,2.3614181231357146e-10
2023-06-01,combined_min_variance,EQ_ADBE,0.0
2023-07-03,combined_min_variance,EQ_ADBE,4.3330488967275105e-11
2023-08-01,combined_min_variance,EQ_ADBE,2.352460408661175e-13
2023-09-01,combined_min_variance,EQ_ADBE,2.949406880263386e-11
2023-10-02,combined_min_variance,EQ_ADBE,2.2289904121867629e-13
2023-11-01,combined_min_variance,EQ_ADBE,7.465878841006954e-13
2023-12-01,combined_min_variance,EQ_ADBE,3.232160736940706e-14
2021-01-04,combined_min_variance,EQ_AEP,0.0
2021-02-01,combined_min_variance,EQ_AEP,1.2671275316224903e-09
2021-03-01,combined_min_variance,EQ_AEP,7.102447355429774e-10
2021-04-01,combined_min_variance,EQ_AEP,2.7977520879873966e-11
2021-05-03,combined_min_variance,EQ_AEP,0.058574617601849385
2021-06-01,combined_min_variance,EQ_AEP,0.09202261815006266
2021-07-01,combined_min_variance,EQ_AEP,0.07217353299828563
2021-08-02,combined_min_variance,EQ_AEP,0.08375869264785885
2021-09-01,combined_min_variance,EQ_AEP,0.09377206838806015
2021-10-01,combined_min_variance,EQ_AEP,0.0542110460695213
2021-11-01,combined_min_variance,EQ_AEP,0.04799023043022508
2021-12-01,combined_min_variance,EQ_AEP,0.0564486190479515
2022-01-03,combined_min_variance,EQ_AEP,0.05579136025962143
2022-02-01,combined_min_variance,EQ_AEP,0.035222253330456255
2022-03-01,combined_min_variance,EQ_AEP,0.04149926315681178
2022-04-01,combined_min_variance,EQ_AEP,0.011437993019398534
2022-05-02,combined_min_variance,EQ_AEP,2.2220070732502027e-13
2022-06-01,combined_min_variance,EQ_AEP,1.2927412435142067e-13
2022-07-01,combined_min_variance,EQ_AEP,4.1361894971289604e-13
2022-08-01,combined_min_variance,EQ_AEP,3.334283244169102e-13
2022-09-01,combined_min_variance,EQ_AEP,0.0
2022-10-03,combined_min_variance,EQ_AEP,3.2637192720368817e-13
2022-11-01,combined_min_variance,EQ_AEP,2.3319497171796715e-12
2022-12-01,combined_min_variance,EQ_AEP,1.1656499528411493e-12
2023-01-03,combined_min_variance,EQ_AEP,3.5044482434382685e-11
2023-02-01,combined_min_variance,EQ_AEP,4.613294249568659e-14
2023-03-01,combined_min_variance,EQ_AEP,1.522690131156149e-11
2023-04-03,combined_min_variance,EQ_AEP,5.032839813936377e-12
2023-05-01,combined_min_variance,EQ_AEP,1.0613713096318824e-10
2023-06-01,combined_min_variance,EQ_AEP,0.0
2023-07-03,combined_min_variance,EQ_AEP,7.240117479581354e-11
2023-08-01,combined_min_variance,EQ_AEP,1.5821798280990471e-13
2023-09-01,combined_min_variance,EQ_AEP,1.1940294591364845e-10
2023-10-02,combined_min_variance,EQ_AEP,2.652492194939378e-12
2023-11-01,combined_min_variance,EQ_AEP,5.05129792983401e-12
2023-12-01,combined_min_variance,EQ_AEP,2.5513536516298444e-14
2021-01-04,combined_min_variance,EQ_AMD,1.5455581906953756e-10
2021-02-01,combined_min_variance,EQ_AMD,7.675763761264224e-11
2021-03-01,combined_min_variance,EQ_AMD,0.0
2021-04-01,combined_min_variance,EQ_AMD,2.420070027196718e-13
2021-05-03,combined_min_variance,EQ_AMD,2.880904638931456e-11
2021-06-01,combined_min_variance,EQ_AMD,1.1062954156951933e-14
2021-07-01,combined_min_variance,EQ_AMD,0.005730374477657378
2021-08-02,combined_min_variance,EQ_AMD,0.0003993285693976202
2021-09-01,combined_min_variance,EQ_AMD,0.009509104039315222
2021-10-01,combined_min_variance,EQ_AMD,0.019671815373320103
2021-11-01,combined_min_variance,EQ_AMD,0.03525137164290588
2021-12-01,combined_min_variance,EQ_AMD,0.025591291072472325
2022-01-03,combined_min_variance,EQ_AMD,0.022537739946699505
2022-02-01,combined_min_variance,EQ_AMD,0.008683361419489466
2022-03-01,combined_min_variance,EQ_AMD,2.3336055996382298e-14
2022-04-01,combined_min_variance,EQ_AMD,0.0026648081792944567
2022-05-02,combined_min_variance,EQ_AMD,1.2429919731188152e-13
2022-06-01,combined_min_variance,EQ_AMD,1.7981419752338108e-13
2022-07-01,combined_min_variance,EQ_AMD,5.468100068012064e-13
2022-08-01,combined_min_variance,EQ_AMD,3.6368509907891964e-12
2022-09-01,combined_min_variance,EQ_AMD,0.0
2022-10-03,combined_min_variance,EQ_AMD,5.90814241717889e-11
2022-11-01,combined_min_variance,EQ_AMD,7.235694013863985e-11
2022-12-01,combined_min_variance,EQ_AMD,9.538255503940305e-12
2023-01-03,combined_min_variance,EQ_AMD,2.33717621085425e-10
2023-02-01,combined_min_variance,EQ_AMD,0.0
2023-03-01,combined_min_variance,EQ_AMD,4.301484932075598e-11
2023-04-03,combined_min_variance,EQ_AMD,9.003335702207507e-12
2023-05-01,combined_min_variance,EQ_AMD,1.6857923742494273e-10
2023-06-01,combined_min_variance,EQ_AMD,0.0
2023-07-03,combined_min_variance,EQ_AMD,0.0
2023-08-01,combined_min_variance,EQ_AMD,9.928845552316848e-11
2023-09-01,combined_min_variance,EQ_AMD,4.364196771623431e-15
2023-10-02,combined_min_variance,EQ_AMD,1.1009134817032572e-14
2023-11-01,combined_min_variance,EQ_AMD,5.877846535719608e-13
2023-12-01,combined_min_variance,EQ_AMD,0.0074019595428314496
2021-01-04,combined_min_variance,EQ_AMGN,5.955977531492266e-11
2021-02-01,combined_min_variance,EQ_AMGN,4.3755590399167134e-12
2021-03-01,combined_min_variance,EQ_AMGN,0.0
2021-04-01,combined_min_variance,EQ_AMGN,2.5282601784985975e-10
2021-05-03,combined_min_variance,EQ_AMGN,3.570040874726455e-11
2021-06-01,combined_min_variance,EQ_AMGN,1.6089995677617367e-14
2021-07-01,combined_min_variance,EQ_AMGN,0.0
2021-08-02,combined_min_variance,EQ_AMGN,6.377864077505227e-12
2021-09-01,combined_min_variance,EQ_AMGN,2.282255519385929e-13
2021-10-01,combined_min_variance,EQ_AMGN,3.3640019401091485e-21
2021-11-01,combined_min_variance,EQ_AMGN,0.0
2021-12-01,combined_min_variance,EQ_AMGN,8.75080262691036e-14
2022-01-03,combined_min_variance,EQ_AMGN,4.356436606883637e-11
2022-02-01,combined_min_variance,EQ_AMGN,5.895258005944478e-11
2022-03-01,combined_min_variance,EQ_AMGN,1.1703892291562907e-14
2022-04-01,combined_min_variance,EQ_AMGN,4.594863549647556e-13
2022-05-02,combined_min_variance,EQ_AMGN,0.008944622422397129
2022-06-01,combined_min_variance,EQ_AMGN,0.03364734828786468
2022-07-01,combined_min_variance,EQ_AMGN,0.06977934030636575
2022-08-01,combined_min_variance,EQ_AMGN,0.07513719725840089
2022-09-01,combined_min_variance,EQ_AMGN,0.1337691324274373
2022-10-03,combined_min_variance,EQ_AMGN,0.164836914553528
2022-11-01,combined_min_variance,EQ_AMGN,0.1744670762200083
2022-12-01,combined_min_variance,EQ_AMGN,0.17616006767376458
2023-01-03,combined_min_variance,EQ_AMGN,0.1792885958879036
2023-02-01,combined_min_variance,EQ_AMGN,0.1829977933135048
2023-03-01,combined_min_variance,EQ_AMGN,0.19999999990823222
2023-04-03,combined_min_variance,EQ_AMGN,0.19057649691731796
2023-05-01,combined_min_variance,EQ_AMGN,0.17919088669655694
2023-06-01,combined_min_variance,EQ_AMGN,0.08808816910110205
2023-07-03,combined_min_variance,EQ_AMGN,0.013990034801918738
2023-08-01,combined_min_variance,EQ_AMGN,0.01534009897756841
2023-09-01,combined_min_variance,EQ_AMGN,0.03758575910562311
2023-10-02,combined_min_variance,EQ_AMGN,0.04352818517955878
2023-11-01,combined_min_variance,EQ_AMGN,0.033152996859970266
2023-12-01,combined_min_variance,EQ_AMGN,0.00889376002654765
2021-01-04,combined_min_variance,EQ_AMT,8.420711801331936e-11
2021-02-01,combined_min_variance,EQ_AMT,2.889431916315366e-11
2021-03-01,combined_min_variance,EQ_AMT,0.0
2021-04-01,combined_min_variance,EQ_AMT,4.485139472193987e-14
2021-05-03,combined_min_variance,EQ_AMT,1.542956823411627e-11
2021-06-01,combined_min_variance,EQ_AMT,1.8394655415112334e-14
2021-07-01,combined_min_variance,EQ_AMT,0.0
2021-08-02,combined_min_variance,EQ_AMT,5.262732919828099e-12
2021-09-01,combined_min_variance,EQ_AMT,0.0
2021-10-01,combined_min_variance,EQ_AMT,8.413903881996806e-20
2021-11-01,combined_min_variance,EQ_AMT,3.9210122450251544e-11
2021-12-01,combined_min_variance,EQ_AMT,3.193079452603253e-14
2022-01-03,combined_min_variance,EQ_AMT,4.9263195038459894e-11
2022-02-01,combined_min_variance,EQ_AMT,5.7721626258945056e-11
2022-03-01,combined_min_variance,EQ_AMT,2.01464141808945e-14
2022-04-01,combined_min_variance,EQ_AMT,1.1003381085859232e-12
2022-05-02,combined_min_variance,EQ_AMT,1.9601917042899747e-13
2022-06-01,combined_min_variance,EQ_AMT,1.3565056001531795e-14
2022-07-01,combined_min_variance,EQ_AMT,2.1219850263670754e-11
2022-08-01,combined_min_variance,EQ_AMT,8.588635816353484e-12
2022-09-01,combined_min_variance,EQ_AMT,8.6872401416781e-12
2022-10-03,combined_min_variance,EQ_AMT,1.0072728156167485e-10
2022-11-01,combined_min_variance,EQ_AMT,3.364739771930235e-11
2022-12-01,combined_min_variance,EQ_AMT,3.2882542941740574e-12
2023-01-03,combined_min_variance,EQ_AMT,8.128730675170197e-11
2023-02-01,combined_min_variance,EQ_AMT,0.0
2023-03-01,combined_min_variance,EQ_AMT,3.371092536076574e-11
2023-04-03,combined_min_variance,EQ_AMT,9.134023701087487e-12
2023-05-01,combined_min_variance,EQ_AMT,1.9147749484049701e-10
2023-06-01,combined_min_variance,EQ_AMT,0.0
2023-07-03,combined_min_variance,EQ_AMT,4.26961503786708e-11
2023-08-01,combined_min_variance,EQ_AMT,3.840228299779752e-14
2023-09-01,combined_min_variance,EQ_AMT,1.5749996664865202e-11
2023-10-02,combined_min_variance,EQ_AMT,9.148964714749885e-13
2023-11-01,combined_min_variance,EQ_AMT,2.8862715254585675e-12
2023-12-01,combined_min_variance,EQ_AMT,1.2394003621187359e-14
2021-01-04,combined_min_variance,EQ_BA,1.3222780929441017e-11
2021-02-01,combined_min_variance,EQ_BA,8.499408761847064e-11
2021-03-01,combined_min_variance,EQ_BA,0.0
2021-04-01,combined_min_variance,EQ_BA,3.2585895022727427e-13
2021-05-03,combined_min_variance,EQ_BA,6.126029488433091e-11
2021-06-01,combined_min_variance,EQ_BA,6.442650038550125e-14
2021-07-01,combined_min_variance,EQ_BA,0.0
2021-08-02,combined_min_variance,EQ_BA,3.218831147345068e-11
2021-09-01,combined_min_variance,EQ_BA,4.4045768548842236e-13
2021-10-01,combined_min_variance,EQ_BA,5.169144175168887e-20
2021-11-01,combined_min_variance,EQ_BA,0.0
2021-12-01,combined_min_variance,EQ_BA,8.906594690707546e-14
2022-01-03,combined_min_variance,EQ_BA,6.892998801936968e-11
2022-02-01,combined_min_variance,EQ_BA,8.372079816797602e-11
2022-03-01,combined_min_variance,EQ_BA,1.726891697261212e-14
2022-04-01,combined_min_variance,EQ_BA,0.0
2022-05-02,combined_min_variance,EQ_BA,4.022679388336174e-14
2022-06-01,combined_min_variance,EQ_BA,5.321467633371018e-13
2022-07-01,combined_min_variance,EQ_BA,7.736691670435818e-14
2022-08-01,combined_min_variance,EQ_BA,5.81764264798479e-14
2022-09-01,combined_min_variance,EQ_BA,0.0
2022-10-03,combined_min_variance,EQ_BA,4.464173882495341e-14
2022-11-01,combined_min_variance,EQ_BA,2.592814942970506e-13
2022-12-01,combined_min_variance,EQ_BA,1.8941806357108866e-11
2023-01-03,combined_min_variance,EQ_BA,6.438220514505473e-14
2023-02-01,combined_min_variance,EQ_BA,4.764961760967466e-13
2023-03-01,combined_min_variance,EQ_BA,3.950476910747826e-12
2023-04-03,combined_min_variance,EQ_BA,3.006450545437793e-12
2023-05-01,combined_min_variance,EQ_BA,1.2776020975085131e-11
2023-06-01,combined_min_variance,EQ_BA,0.0
2023-07-03,combined_min_variance,EQ_BA,3.2761644622441356e-11
2023-08-01,combined_min_variance,EQ_BA,1.8803523459960652e-13
2023-09-01,combined_min_variance,EQ_BA,6.615578342724217e-11
2023-10-02,combined_min_variance,EQ_BA,3.588347112347004e-13
2023-11-01,combined_min_variance,EQ_BA,8.763831081178374e-13
2023-12-01,combined_min_variance,EQ_BA,4.849893784577256e-14
2021-01-04,combined_min_variance,EQ_CAT,0.0
2021-02-01,combined_min_variance,EQ_CAT,2.384278220510627e-09
2021-03-01,combined_min_variance,EQ_CAT,1.9541222877608154e-09
2021-04-01,combined_min_variance,EQ_CAT,5.07979836264471e-11
2021-05-03,combined_min_variance,EQ_CAT,4.839422446070406e-12
2021-06-01,combined_min_variance,EQ_CAT,1.9753996575758273e-11
2021-07-01,combined_min_variance,EQ_CAT,4.870151363038797e-13
2021-08-02,combined_min_variance,EQ_CAT,0.002719645422248589
2021-09-01,combined_min_variance,EQ_CAT,0.0002012688061449536
2021-10-01,combined_min_variance,EQ_CAT,2.6683248609692514e-11
2021-11-01,combined_min_variance,EQ_CAT,0.0
2021-12-01,combined_min_variance,EQ_CAT,5.31677736880364e-14
2022-01-03,combined_min_variance,EQ_CAT,6.859202185598582e-11
2022-02-01,combined_min_variance,EQ_CAT,0.016433978093585617
2022-03-01,combined_min_variance,EQ_CAT,0.013184016590714095
2022-04-01,combined_min_variance,EQ_CAT,0.02798759166864114
2022-05-02,combined_min_variance,EQ_CAT,0.04310881441875743
2022-06-01,combined_min_variance,EQ_CAT,0.0155364006646772
2022-07-01,combined_min_variance,EQ_CAT,0.008210984534928571
2022-08-01,combined_min_variance,EQ_CAT,3.1529431366813243e-13
2022-09-01,combined_min_variance,EQ_CAT,0.0
2022-10-03,combined_min_variance,EQ_CAT,1.852248002818702e-13
2022-11-01,combined_min_variance,EQ_CAT,4.5922783374283464e-12
2022-12-01,combined_min_variance,EQ_CAT,9.912167584045157e-12
2023-01-03,combined_min_variance,EQ_CAT,3.670634840923916e-13
2023-02-01,combined_min_variance,EQ_CAT,7.008937076525968e-12
2023-03-01,combined_min_variance,EQ_CAT,3.708704335439803e-12
2023-04-03,combined_min_variance,EQ_CAT,1.7245708341552143e-12
2023-05-01,combined_min_variance,EQ_CAT,7.904410771292002e-16
2023-06-01,combined_min_variance,EQ_CAT,0.0
2023-07-03,combined_min_variance,EQ_CAT,2.6473843952161246e-11
2023-08-01,combined_min_variance,EQ_CAT,1.3446531693328955e-14
2023-09-01,combined_min_variance,EQ_CAT,6.96672516777073e-14
2023-10-02,combined_min_variance,EQ_CAT,7.600222357326924e-14
2023-11-01,combined_min_variance,EQ_CAT,2.160776862789565e-13
2023-12-01,combined_min_variance,EQ_CAT,6.487136312493528e-16
2021-01-04,combined_min_variance,EQ_CCI,6.525805099259634e-11
2021-02-01,combined_min_variance,EQ_CCI,1.0469654629406634e-11
2021-03-01,combined_min_variance,EQ_CCI,0.0
2021-04-01,combined_min_variance,EQ_CCI,4.185595644528684e-15
2021-05-03,combined_min_variance,EQ_CCI,1.015948460169812e-11
2021-06-01,combined_min_variance,EQ_CCI,3.2425311995670686e-14
2021-07-01,combined_min_variance,EQ_CCI,0.053076874956423055
2021-08-02,combined_min_variance,EQ_CCI,0.0647302302724326
2021-09-01,combined_min_variance,EQ_CCI,0.06840935746593092
2021-10-01,combined_min_variance,EQ_CCI,0.09101556688872772
2021-11-01,combined_min_variance,EQ_CCI,0.05539342980295684
2021-12-01,combined_min_variance,EQ_CCI,0.0004488054469720186
2022-01-03,combined_min_variance,EQ_CCI,1.0830387206096597e-10
2022-02-01,combined_min_variance,EQ_CCI,5.6487578008597736e-11
2022-03-01,combined_min_variance,EQ_CCI,1.878210138356096e-14
2022-04-01,combined_min_variance,EQ_CCI,9.876601380445384e-13
2022-05-02,combined_min_variance,EQ_CCI,2.0732843323128274e-13
2022-06-01,combined_min_variance,EQ_CCI,5.256804292612266e-14
2022-07-01,combined_min_variance,EQ_CCI,2.0839849304352388e-11
2022-08-01,combined_min_variance,EQ_CCI,7.922155009827226e-12
2022-09-01,combined_min_variance,EQ_CCI,8.36502050042379e-12
2022-10-03,combined_min_variance,EQ_CCI,1.0562447784811898e-10
2022-11-01,combined_min_variance,EQ_CCI,2.4270236624506468e-11
2022-12-01,combined_min_variance,EQ_CCI,2.7106873198594846e-12
2023-01-03,combined_min_variance,EQ_CCI,5.861685123603036e-11
2023-02-01,combined_min_variance,EQ_CCI,0.0
2023-03-01,combined_min_variance,EQ_CCI,3.2931415861678916e-11
2023-04-03,combined_min_variance,EQ_CCI,8.569838245350673e-12
2023-05-01,combined_min_variance,EQ_CCI,2.2483125341131944e-10
2023-06-01,combined_min_variance,EQ_CCI,0.0
2023-07-03,combined_min_variance,EQ_CCI,4.141444184770428e-11
2023-08-01,combined_min_variance,EQ_CCI,3.8370438890424704e-14
2023-09-01,combined_min_variance,EQ_CCI,1.7846019594422933e-11
2023-10-02,combined_min_variance,EQ_CCI,4.450904873526481e-13
2023-11-01,combined_min_variance,EQ_CCI,3.598319621611091e-12
2023-12-01,combined_min_variance,EQ_CCI,1.7487001430263465e-14
2021-01-04,combined_min_variance,EQ_CMCSA,0.0
2021-02-01,combined_min_variance,EQ_CMCSA,1.3880543357538824e-09
2021-03-01,combined_min_variance,EQ_CMCSA,1.0086037646806832e-09
2021-04-01,combined_min_variance,EQ_CMCSA,4.6689683269023256e-15
2021-05-03,combined_min_variance,EQ_CMCSA,2.791534981550755e-13
2021-06-01,combined_min_variance,EQ_CMCSA,4.829711415831428e-12
2021-07-01,combined_min_variance,EQ_CMCSA,0.0
2021-08-02,combined_min_variance,EQ_CMCSA,5.569198518517821e-13
2021-09-01,combined_min_variance,EQ_CMCSA,0.0
2021-10-01,combined_min_variance,EQ_CMCSA,1.2036864486127536e-20
2021-11-01,combined_min_variance,EQ_CMCSA,0.0
2021-12-01,combined_min_variance,EQ_CMCSA,2.5009771999908655e-14
2022-01-03,combined_min_variance,EQ_CMCSA,1.912915026980653e-11
2022-02-01,combined_min_variance,EQ_CMCSA,3.8450797830642236e-11
2022-03-01,combined_min_variance,EQ_CMCSA,2.718671515019354e-13
2022-04-01,combined_min_variance,EQ_CMCSA,4.5023335605094983e-13
2022-05-02,combined_min_variance,EQ_CMCSA,1.2346871147810932e-13
2022-06-01,combined_min_variance,EQ_CMCSA,3.2143430521328925e-14
2022-07-01,combined_min_variance,EQ_CMCSA,3.0067566310041636e-13
2022-08-01,combined_min_variance,EQ_CMCSA,2.7562225845841626e-13
2022-09-01,combined_min_variance,EQ_CMCSA,0.0
2022-10-03,combined_min_variance,EQ_CMCSA,2.2022947096229278e-11
2022-11-01,combined_min_variance,EQ_CMCSA,9.535255988847697e-13
2022-12-01,combined_min_variance,EQ_CMCSA,1.110075328667529e-12
2023-01-03,combined_min_variance,EQ_CMCSA,3.0993184683626756e-11
2023-02-01,combined_min_variance,EQ_CMCSA,1.6815496557107444e-14
2023-03-01,combined_min_variance,EQ_CMCSA,7.350112308775746e-12
2023-04-03,combined_min_variance,EQ_CMCSA,2.8081076241908066e-12
2023-05-01,combined_min_variance,EQ_CMCSA,4.575182121758537e-12
2023-06-01,combined_min_variance,EQ_CMCSA,0.0
2023-07-03,combined_min_variance,EQ_CMCSA,2.5898098606115686e-11
2023-08-01,combined_min_variance,EQ_CMCSA,2.847745245593356e-14
2023-09-01,combined_min_variance,EQ_CMCSA,7.226335243042237e-12
2023-10-02,combined_min_variance,EQ_CMCSA,1.5466707560103927e-13
2023-11-01,combined_min_variance,EQ_CMCSA,0.0002771298488431583
2023-12-01,combined_min_variance,EQ_CMCSA,5.085419395844381e-12
2021-01-04,combined_min_variance,EQ_COP,1.72359702313311e-11
2021-02-01,combined_min_variance,EQ_COP,6.117976298519061e-11
2021-03-01,combined_min_variance,EQ_COP,0.0
2021-04-01,combined_min_variance,EQ_COP,1.0457082186654531e-13
2021-05-03,combined_min_variance,EQ_COP,2.6669378955006742e-11
2021-06-01,combined_min_variance,EQ_COP,1.5709587634345223e-14
2021-07-01,combined_min_variance,EQ_COP,0.0
2021-08-02,combined_min_variance,EQ_COP,2.663640141779504e-12
2021-09-01,combined_min_variance,EQ_COP,0.0
2021-10-01,combined_min_variance,EQ_COP,2.6076035489048873e-11
2021-11-01,combined_min_variance,EQ_COP,0.0004922583734457798
2021-12-01,combined_min_variance,EQ_COP,0.011931234216017498
2022-01-03,combined_min_variance,EQ_COP,9.040039265396258e-11
2022-02-01,combined_min_variance,EQ_COP,7.485514954245208e-11
2022-03-01,combined_min_variance,EQ_COP,5.259115231567419e-15
2022-04-01,combined_min_variance,EQ_COP,7.231898711591968e-14
2022-05-02,combined_min_variance,EQ_COP,3.7539243648689123e-13
2022-06-01,combined_min_variance,EQ_COP,4.258795180115336e-14
2022-07-01,combined_min_variance,EQ_COP,1.5908619428392546e-11
2022-08-01,combined_min_variance,EQ_COP,4.456642762057196e-12
2022-09-01,combined_min_variance,EQ_COP,2.4950242764618786e-12
2022-10-03,combined_min_variance,EQ_COP,3.788813477375501e-11
2022-11-01,combined_min_variance,EQ_COP,2.82100671270426e-11
2022-12-01,combined_min_variance,EQ_COP,1.2639059183916944e-13
2023-01-03,combined_min_variance,EQ_COP,5.7188892792859834e-11
2023-02-01,combined_min_variance,EQ_COP,3.489709651891166e-11
2023-03-01,combined_min_variance,EQ_COP,9.812236024850604e-12
2023-04-03,combined_min_variance,EQ_COP,6.534556267264444e-13
2023-05-01,combined_min_variance,EQ_COP,2.7129672789464915e-16
2023-06-01,combined_min_variance,EQ_COP,3.7534287027405424e-12
2023-07-03,combined_min_variance,EQ_COP,0.0
2023-08-01,combined_min_variance,EQ_COP,6.250372375214684e-14
2023-09-01,combined_min_variance,EQ_COP,1.0864950661126129e-11
2023-10-02,combined_min_variance,EQ_COP,3.0615853254795315e-13
2023-11-01,combined_min_variance,EQ_COP,4.812195567226245e-14
2023-12-01,combined_min_variance,EQ_COP,1.23204899483253e-14
2021-01-04,combined_min_variance,EQ_CVX,2.6799760546368606e-11
2021-02-01,combined_min_variance,EQ_CVX,5.0903491968065845e-11
2021-03-01,combined_min_variance,EQ_CVX,0.0
2021-04-01,combined_min_variance,EQ_CVX,9.179392265818654e-14
2021-05-03,combined_min_variance,EQ_CVX,1.7935492427330103e-11
2021-06-01,combined_min_variance,EQ_CVX,3.260145862519999e-15
2021-07-01,combined_min_variance,EQ_CVX,0.0
2021-08-02,combined_min_variance,EQ_CVX,0.0
2021-09-01,combined_min_variance,EQ_CVX,0.0
2021-10-01,combined_min_variance,EQ_CVX,2.3436157994310565e-11
2021-11-01,combined_min_variance,EQ_CVX,0.0
2021-12-01,combined_min_variance,EQ_CVX,0.014369885332676299
2022-01-03,combined_min_variance,EQ_CVX,0.01808362379002409
2022-02-01,combined_min_variance,EQ_CVX,0.07630291407093827
2022-03-01,combined_min_variance,EQ_CVX,0.05851228595760786
2022-04-01,combined_min_variance,EQ_CVX,0.08604678796617753
2022-05-02,combined_min_variance,EQ_CVX,0.06458694224976176
2022-06-01,combined_min_variance,EQ_CVX,0.03473876625525591
2022-07-01,combined_min_variance,EQ_CVX,0.047277727269637825
2022-08-01,combined_min_variance,EQ_CVX,0.0480281338135474
2022-09-01,combined_min_variance,EQ_CVX,0.07396853397622652
2022-10-03,combined_min_variance,EQ_CVX,0.07774465566389213
2022-11-01,combined_min_variance,EQ_CVX,0.07048705990870463
2022-12-01,combined_min_variance,EQ_CVX,0.06310930946767425
2023-01-03,combined_min_variance,EQ_CVX,0.054531462268405925
2023-02-01,combined_min_variance,EQ_CVX,0.0524071162737801
2023-03-01,combined_min_variance,EQ_CVX,0.06123284936648438
2023-04-03,combined_min_variance,EQ_CVX,0.0322263024251998
2023-05-01,combined_min_variance,EQ_CVX,0.0416422490247365
2023-06-01,combined_min_variance,EQ_CVX,0.04208847696075847
2023-07-03,combined_min_variance,EQ_CVX,0.019483574481332425
2023-08-01,combined_min_variance,EQ_CVX,0.015792727558076026
2023-09-01,combined_min_variance,EQ_CVX,2.0425587723908618e-13
2023-10-02,combined_min_variance,EQ_CVX,0.03973274274290283
2023-11-01,combined_min_variance,EQ_CVX,0.04687903493652384
2023-12-01,combined_min_variance,EQ_CVX,0.028196507195708258
2021-01-04,combined_min_variance,EQ_D,8.148474134379395e-11
2021-02-01,combined_min_variance,EQ_D,2.30050562169017e-11
2021-03-01,combined_min_variance,EQ_D,0.0
2021-04-01,combined_min_variance,EQ_D,0.0644073376554127
2021-05-03,combined_min_variance,EQ_D,0.08439225967445818
2021-06-01,combined_min_variance,EQ_D,0.05258124365002512
2021-07-01,combined_min_variance,EQ_D,0.025234689208763574
2021-08-02,combined_min_variance,EQ_D,4.344719236318633e-11
2021-09-01,combined_min_variance,EQ_D,1.5185782545601362e-12
2021-10-01,combined_min_variance,EQ_D,6.820358776674397e-20
2021-11-01,combined_min_variance,EQ_D,4.4475488212859793e-11
2021-12-01,combined_min_variance,EQ_D,0.0
2022-01-03,combined_min_variance,EQ_D,1.3183575391834533e-10
2022-02-01,combined_min_variance,EQ_D,1.3536204405346807e-18
2022-03-01,combined_min_variance,EQ_D,6.46969562682707e-11
2022-04-01,combined_min_variance,EQ_D,0.0
2022-05-02,combined_min_variance,EQ_D,9.916588988113704e-12
2022-06-01,combined_min_variance,EQ_D,2.666411433421485e-13
2022-07-01,combined_min_variance,EQ_D,3.739328474444821e-13
2022-08-01,combined_min_variance,EQ_D,2.7774894254993223e-13
2022-09-01,combined_min_variance,EQ_D,0.0
2022-10-03,combined_min_variance,EQ_D,1.5230994455664248e-11
2022-11-01,combined_min_variance,EQ_D,3.2913849537443943e-12
2022-12-01,combined_min_variance,EQ_D,0.005318509532981556
2023-01-03,combined_min_variance,EQ_D,0.01748199944814465
2023-02-01,combined_min_variance,EQ_D,0.03480834005699831
2023-03-01,combined_min_variance,EQ_D,0.004613410343827915
2023-04-03,combined_min_variance,EQ_D,0.016512263504138897
2023-05-01,combined_min_variance,EQ_D,0.007230750484164445
2023-06-01,combined_min_variance,EQ_D,0.0
2023-07-03,combined_min_variance,EQ_D,9.808277323584467e-12
2023-08-01,combined_min_variance,EQ_D,2.844940211212368e-13
2023-09-01,combined_min_variance,EQ_D,2.1743702371932804e-11
2023-10-02,combined_min_variance,EQ_D,7.75056350351309e-13
2023-11-01,combined_min_variance,EQ_D,4.153429912516986e-13
2023-12-01,combined_min_variance,EQ_D,8.514641507594537e-17
2021-01-04,combined_min_variance,EQ_DD,0.0
2021-02-01,combined_min_variance,EQ_DD,6.867445658186893e-10
2021-03-01,combined_min_variance,EQ_DD,7.951718537681749e-10
2021-04-01,combined_min_variance,EQ_DD,9.845640750496312e-12
2021-05-03,combined_min_variance,EQ_DD,1.3417823990174432e-11
2021-06-01,combined_min_variance,EQ_DD,1.9022907742808376e-15
2021-07-01,combined_min_variance,EQ_DD,0.0
2021-08-02,combined_min_variance,EQ_DD,3.17357012902696e-12
2021-09-01,combined_min_variance,EQ_DD,0.0
2021-10-01,combined_min_variance,EQ_DD,0.0008494020257318447
2021-11-01,combined_min_variance,EQ_DD,0.0
2021-12-01,combined_min_variance,EQ_DD,6.739446025057448e-14
2022-01-03,combined_min_variance,EQ_DD,5.904106417583071e-11
2022-02-01,combined_min_variance,EQ_DD,5.823414057999123e-11
2022-03-01,combined_min_variance,EQ_DD,2.356964356198475e-15
2022-04-01,combined_min_variance,EQ_DD,0.0
2022-05-02,combined_min_variance,EQ_DD,5.264306024240084e-12
2022-06-01,combined_min_variance,EQ_DD,4.665823866029271e-14
2022-07-01,combined_min_variance,EQ_DD,8.253628830420475e-12
2022-08-01,combined_min_variance,EQ_DD,3.299578352954053e-12
2022-09-01,combined_min_variance,EQ_DD,4.375680085933566e-12
2022-10-03,combined_min_variance,EQ_DD,8.016005255798191e-11
2022-11-01,combined_min_variance,EQ_DD,4.0546380810978835e-11
2022-12-01,combined_min_variance,EQ_DD,2.400870884622682e-12
2023-01-03,combined_min_variance,EQ_DD,5.7523256986701345e-11
2023-02-01,combined_min_variance,EQ_DD,0.0
2023-03-01,combined_min_variance,EQ_DD,1.168776884943671e-11
2023-04-03,combined_min_variance,EQ_DD,2.1914187498858124e-12
2023-05-01,combined_min_variance,EQ_DD,2.037301386926446e-11
2023-06-01,combined_min_variance,EQ_DD,2.023923318601074e-12
2023-07-03,combined_min_variance,EQ_DD,1.0020583428265129e-11
2023-08-01,combined_min_variance,EQ_DD,3.825435467338571e-12
2023-09-01,combined_min_variance,EQ_DD,8.444005142275009e-14
2023-10-02,combined_min_variance,EQ_DD,1.2776897247786612e-13
2023-11-01,combined_min_variance,EQ_DD,0.01818741576222852
2023-12-01,combined_min_variance,EQ_DD,0.0035731170036488085
2021-01-04,combined_min_variance,EQ_DIS,0.0
2021-02-01,combined_min_variance,EQ_DIS,3.622922546138033e-09
2021-03-01,combined_min_variance,EQ_DIS,2.4960527821818058e-09
2021-04-01,combined_min_variance,EQ_DIS,0.003473522135821873
2021-05-03,combined_min_variance,EQ_DIS,2.92887835450857e-14
2021-06-01,combined_min_variance,EQ_DIS,0.009073062157236333
2021-07-01,combined_min_variance,EQ_DIS,0.01383280977577001
2021-08-02,combined_min_variance,EQ_DIS,0.014049232182077818
2021-09-01,combined_min_variance,EQ_DIS,0.013153270974237293
2021-10-01,combined_min_variance,EQ_DIS,0.007537148178697872
2021-11-01,combined_min_variance,EQ_DIS,0.0
2021-12-01,combined_min_variance,EQ_DIS,0.004958804740076142
2022-01-03,combined_min_variance,EQ_DIS,0.024785147604499007
2022-02-01,combined_min_variance,EQ_DIS,0.014686012985243219
2022-03-01,combined_min_variance,EQ_DIS,0.06778890744330458
2022-04-01,combined_min_variance,EQ_DIS,0.04912471485750075
2022-05-02,combined_min_variance,EQ_DIS,0.03937434349395509
2022-06-01,combined_min_variance,EQ_DIS,0.05408382308432111
2022-07-01,combined_min_variance,EQ_DIS,0.05260638636807261
2022-08-01,combined_min_variance,EQ_DIS,0.051881933472784275
2022-09-01,combined_min_variance,EQ_DIS,0.02985921429493611
2022-10-03,combined_min_variance,EQ_DIS,3.018928378890769e-13
2022-11-01,combined_min_variance,EQ_DIS,2.7581548559850064e-13
2022-12-01,combined_min_variance,EQ_DIS,1.548356836326119e-13
2023-01-03,combined_min_variance,EQ_DIS,1.135777607555369e-11
2023-02-01,combined_min_variance,EQ_DIS,9.640278522790544e-12
2023-03-01,combined_min_variance,EQ_DIS,1.8693257971237953e-12
2023-04-03,combined_min_variance,EQ_DIS,8.671518062203149e-13
2023-05-01,combined_min_variance,EQ_DIS,1.9524740292706662e-11
2023-06-01,combined_min_variance,EQ_DIS,0.0
2023-07-03,combined_min_variance,EQ_DIS,5.860974589229938e-11
2023-08-01,combined_min_variance,EQ_DIS,3.132178263138806e-13
2023-09-01,combined_min_variance,EQ_DIS,5.805376616510859e-11
2023-10-02,combined_min_variance,EQ_DIS,1.1408722482807197e-12
2023-11-01,combined_min_variance,EQ_DIS,3.242765095446875e-13
2023-12-01,combined_min_variance,EQ_DIS,7.448472370549919e-12
2021-01-04,combined_min_variance,EQ_DOW,7.064251205322451e-11
2021-02-01,combined_min_variance,EQ_DOW,7.70753778422374e-11
2021-03-01,combined_min_variance,EQ_DOW,0.0
2021-04-01,combined_min_variance,EQ_DOW,1.7769978820054425e-13
2021-05-03,combined_min_variance,EQ_DOW,3.2501099943759175e-11
2021-06-01,combined_min_variance,EQ_DOW,8.139430380483556e-15
2021-07-01,combined_min_variance,EQ_DOW,0.0
2021-08-02,combined_min_variance,EQ_DOW,0.0
2021-09-01,combined_min_variance,EQ_DOW,0.0
2021-10-01,combined_min_variance,EQ_DOW,2.7111299843519605e-11
2021-11-01,combined_min_variance,EQ_DOW,0.0
2021-12-01,combined_min_variance,EQ_DOW,1.894332204804436e-14
2022-01-03,combined_min_variance,EQ_DOW,4.73341503724389e-11
2022-02-01,combined_min_variance,EQ_DOW,4.514441195768453e-11
2022-03-01,combined_min_variance,EQ_DOW,1.219438603853016e-16
2022-04-01,combined_min_variance,EQ_DOW,0.0
2022-05-02,combined_min_variance,EQ_DOW,7.777053540994247e-14
2022-06-01,combined_min_variance,EQ_DOW,1.5452073791897284e-13
2022-07-01,combined_min_variance,EQ_DOW,2.8495499053040784e-13
2022-08-01,combined_min_variance,EQ_DOW,2.4715891137530867e-13
2022-09-01,combined_min_variance,EQ_DOW,0.0
2022-10-03,combined_min_variance,EQ_DOW,1.1831502620199658e-13
2022-11-01,combined_min_variance,EQ_DOW,1.5794278672215207e-13
2022-12-01,combined_min_variance,EQ_DOW,1.4786429532233812e-11
2023-01-03,combined_min_variance,EQ_DOW,3.909437946351207e-13
2023-02-01,combined_min_variance,EQ_DOW,2.6559193277146137e-11
2023-03-01,combined_min_variance,EQ_DOW,0.0
2023-04-03,combined_min_variance,EQ_DOW,1.874974593486696e-12
2023-05-01,combined_min_variance,EQ_DOW,7.547021509221766e-16
2023-06-01,combined_min_variance,EQ_DOW,2.5092205317972e-12
2023-07-03,combined_min_variance,EQ_DOW,0.0
2023-08-01,combined_min_variance,EQ_DOW,2.667372879378678e-11
2023-09-01,combined_min_variance,EQ_DOW,1.230510235827625e-13
2023-10-02,combined_min_variance,EQ_DOW,1.4113909108943046e-13
2023-11-01,combined_min_variance,EQ_DOW,1.5769967170588805e-13
2023-12-01,combined_min_variance,EQ_DOW,1.449254649593336e-11
2021-01-04,combined_min_variance,EQ_DUK,3.9910084176925924e-11
2021-02-01,combined_min_variance,EQ_DUK,3.1124374033444684e-13
2021-03-01,combined_min_variance,EQ_DUK,0.0
2021-04-01,combined_min_variance,EQ_DUK,2.399773967775897e-11
2021-05-03,combined_min_variance,EQ_DUK,0.009006969232954205
2021-06-01,combined_min_variance,EQ_DUK,0.010268816669120238
2021-07-01,combined_min_variance,EQ_DUK,6.299966364757217e-13
2021-08-02,combined_min_variance,EQ_DUK,0.0077972481419323475
2021-09-01,combined_min_variance,EQ_DUK,0.0069573384252167286
2021-10-01,combined_min_variance,EQ_DUK,0.04354448146288547
2021-11-01,combined_min_variance,EQ_DUK,0.0532014977797287
2021-12-01,combined_min_variance,EQ_DUK,0.06556302566847728
2022-01-03,combined_min_variance,EQ_DUK,0.07221419100390816
2022-02-01,combined_min_variance,EQ_DUK,0.05556649346242175
2022-03-01,combined_min_variance,EQ_DUK,0.0037411312926404995
2022-04-01,combined_min_variance,EQ_DUK,0.012146207032594034
2022-05-02,combined_min_variance,EQ_DUK,0.09004516443228582
2022-06-01,combined_min_variance,EQ_DUK,0.16481528420113023
2022-07-01,combined_min_variance,EQ_DUK,0.17847776592811626
2022-08-01,combined_min_variance,EQ_DUK,0.16425491112240947
2022-09-01,combined_min_variance,EQ_DUK,0.11685339599101509
2022-10-03,combined_min_variance,EQ_DUK,0.057856201390852326
2022-11-01,combined_min_variance,EQ_DUK,0.02350752477661187
2022-12-01,combined_min_variance,EQ_DUK,0.017228459756432793
2023-01-03,combined_min_variance,EQ_DUK,0.020332687601431903
2023-02-01,combined_min_variance,EQ_DUK,0.008275814418096699
2023-03-01,combined_min_variance,EQ_DUK,0.04954426314419524
2023-04-03,combined_min_variance,EQ_DUK,0.008232626992119425
2023-05-01,combined_min_variance,EQ_DUK,2.9343262159837906e-16
2023-06-01,combined_min_variance,EQ_DUK,0.0
2023-07-03,combined_min_variance,EQ_DUK,2.0955993807442673e-11
2023-08-01,combined_min_variance,EQ_DUK,2.6345597013860953e-13
2023-09-01,combined_min_variance,EQ_DUK,2.1260526344349627e-11
2023-10-02,combined_min_variance,EQ_DUK,4.855252560099838e-13
2023-11-01,combined_min_variance,EQ_DUK,1.7746834466575402e-13
2023-12-01,combined_min_variance,EQ_DUK,0.00205409244358766
2021-01-04,combined_min_variance,EQ_EA,0.07660978881040637
2021-02-01,combined_min_variance,EQ_EA,0.08964734082330923
2021-03-01,combined_min_variance,EQ_EA,0.09409718041174694
2021-04-01,combined_min_variance,EQ_EA,0.09492913626519761
2021-05-03,combined_min_variance,EQ_EA,0.06372743458731493
2021-06-01,combined_min_variance,EQ_EA,0.06149001101175275
2021-07-01,combined_min_variance,EQ_EA,0.0241673791275636
2021-08-02,combined_min_variance,EQ_EA,0.020830423725883777
2021-09-01,combined_min_variance,EQ_EA,0.020003419738447905
2021-10-01,combined_min_variance,EQ_EA,0.04549889607684299
2021-11-01,combined_min_variance,EQ_EA,0.052669505294130746
2021-12-01,combined_min_variance,EQ_EA,0.06809891311827977
2022-01-03,combined_min_variance,EQ_EA,0.05977118681433171
2022-02-01,combined_min_variance,EQ_EA,0.06327763825909356
2022-03-01,combined_min_variance,EQ_EA,0.06825758172864212
2022-04-01,combined_min_variance,EQ_EA,0.07479340386973539
2022-05-02,combined_min_variance,EQ_EA,0.09419421932043254
2022-06-01,combined_min_variance,EQ_EA,0.09355979479646706
2022-07-01,combined_min_variance,EQ_EA,0.0911654815704647
2022-08-01,combined_min_variance,EQ_EA,0.09566751782329702
2022-09-01,combined_min_variance,EQ_EA,0.10190943091805636
2022-10-03,combined_min_variance,EQ_EA,0.09468999921912619
2022-11-01,combined_min_variance,EQ_EA,0.10603442766343546
2022-12-01,combined_min_variance,EQ_EA,0.10923318672920289
2023-01-03,combined_min_variance,EQ_EA,0.10696738291537201
2023-02-01,combined_min_variance,EQ_EA,0.13475570058386643
2023-03-01,combined_min_variance,EQ_EA,0.09495942617681793
2023-04-03,combined_min_variance,EQ_EA,0.10578949696700318
2023-05-01,combined_min_variance,EQ_EA,0.07952245792121942
2023-06-01,combined_min_variance,EQ_EA,0.13275748807472082
2023-07-03,combined_min_variance,EQ_EA,0.1221735024735241
2023-08-01,combined_min_variance,EQ_EA,0.11522191410309311
2023-09-01,combined_min_variance,EQ_EA,0.0797588860383396
2023-10-02,combined_min_variance,EQ_EA,0.08161739141531202
2023-11-01,combined_min_variance,EQ_EA,0.06616228357399496
2023-12-01,combined_min_variance,EQ_EA,0.04055509709433293
2021-01-04,combined_min_variance,EQ_GE,0.0
2021-02-01,combined_min_variance,EQ_GE,3.5687270907798957e-09
2021-03-01,combined_min_variance,EQ_GE,2.8224740572117507e-09
2021-04-01,combined_min_variance,EQ_GE,8.598636050456713e-11
2021-05-03,combined_min_variance,EQ_GE,1.492314214447452e-11
2021-06-01,combined_min_variance,EQ_GE,4.564049131120687e-15
2021-07-01,combined_min_variance,EQ_GE,0.0
2021-08-02,combined_min_variance,EQ_GE,9.427382804053014e-12
2021-09-01,combined_min_variance,EQ_GE,7.699048858714051e-13
2021-10-01,combined_min_variance,EQ_GE,4.425509820635098e-19
2021-11-01,combined_min_variance,EQ_GE,0.0
2021-12-01,combined_min_variance,EQ_GE,9.182645820632857e-14
2022-01-03,combined_min_variance,EQ_GE,7.080892759944309e-11
2022-02-01,combined_min_variance,EQ_GE,6.136671705928679e-11
2022-03-01,combined_min_variance,EQ_GE,5.7564144717536564e-12
2022-04-01,combined_min_variance,EQ_GE,3.349943369518953e-13
2022-05-02,combined_min_variance,EQ_GE,5.665554795008456e-12
2022-06-01,combined_min_variance,EQ_GE,4.804577747073778e-14
2022-07-01,combined_min_variance,EQ_GE,1.1273002575021689e-13
2022-08-01,combined_min_variance,EQ_GE,2.369789829742965e-14
2022-09-01,combined_min_variance,EQ_GE,1.0177693641018626e-13
2022-10-03,combined_min_variance,EQ_GE,6.939403377126347e-14
2022-11-01,combined_min_variance,EQ_GE,1.772055520213135e-11
2022-12-01,combined_min_variance,EQ_GE,1.2413726522834663e-12
2023-01-03,combined_min_variance,EQ_GE,4.692777204817239e-11
2023-02-01,combined_min_variance,EQ_GE,0.0
2023-03-01,combined_min_variance,EQ_GE,0.0
2023-04-03,combined_min_variance,EQ_GE,4.951161824762494e-13
2023-05-01,combined_min_variance,EQ_GE,1.098465129210846e-15
2023-06-01,combined_min_variance,EQ_GE,5.3134940977476184e-12
2023-07-03,combined_min_variance,EQ_GE,0.0
2023-08-01,combined_min_variance,EQ_GE,5.051226922216118e-11
2023-09-01,combined_min_variance,EQ_GE,2.0309159638630328e-13
2023-10-02,combined_min_variance,EQ_GE,0.004829983876200331
2023-11-01,combined_min_variance,EQ_GE,0.008119046631131948
2023-12-01,combined_min_variance,EQ_GE,0.013311831411474262
2021-01-04,combined_min_variance,EQ_GILD,0.13337651539244322
2021-02-01,combined_min_variance,EQ_GILD,0.12552531441433346
2021-03-01,combined_min_variance,EQ_GILD,0.1342432555450779
2021-04-01,combined_min_variance,EQ_GILD,0.05601419607386718
2021-05-03,combined_min_variance,EQ_GILD,0.043782648478849544
2021-06-01,combined_min_variance,EQ_GILD,0.05831964957960393
2021-07-01,combined_min_variance,EQ_GILD,0.029377264940865875
2021-08-02,combined_min_variance,EQ_GILD,0.024439137994250727
2021-09-01,combined_min_variance,EQ_GILD,0.019810631617318258
2021-10-01,combined_min_variance,EQ_GILD,0.006242806503924331
2021-11-01,combined_min_variance,EQ_GILD,0.044984479148457476
2021-12-01,combined_min_variance,EQ_GILD,0.03934537367188792
2022-01-03,combined_min_variance,EQ_GILD,0.06951391717325224
2022-02-01,combined_min_variance,EQ_GILD,0.06833748974060541
2022-03-01,combined_min_variance,EQ_GILD,0.1411239976685382
2022-04-01,combined_min_variance,EQ_GILD,0.14259092879761892
2022-05-02,combined_min_variance,EQ_GILD,0.12896494907577016
2022-06-01,combined_min_variance,EQ_GILD,0.1747260696904621
2022-07-01,combined_min_variance,EQ_GILD,0.17564006521502767
2022-08-01,combined_min_variance,EQ_GILD,0.1690233196171364
2022-09-01,combined_min_variance,EQ_GILD,0.14252691867099568
2022-10-03,combined_min_variance,EQ_GILD,0.09747196392420031
2022-11-01,combined_min_variance,EQ_GILD,0.03805127934935376
2022-12-01,combined_min_variance,EQ_GILD,0.031656164431256066
2023-01-03,combined_min_variance,EQ_GILD,0.012041106312196776
2023-02-01,combined_min_variance,EQ_GILD,4.792176471890885e-10
2023-03-01,combined_min_variance,EQ_GILD,8.204767546126212e-12
2023-04-03,combined_min_variance,EQ_GILD,4.305771284401609e-12
2023-05-01,combined_min_variance,EQ_GILD,4.905874414665064e-16
2023-06-01,combined_min_variance,EQ_GILD,0.0
2023-07-03,combined_min_variance,EQ_GILD,3.892217711606213e-11
2023-08-01,combined_min_variance,EQ_GILD,1.4379206590256203e-13
2023-09-01,combined_min_variance,EQ_GILD,6.60423753880381e-11
2023-10-02,combined_min_variance,EQ_GILD,1.2032494640830824e-12
2023-11-01,combined_min_variance,EQ_GILD,7.313505352174096e-13
2023-12-01,combined_min_variance,EQ_GILD,1.5512481434693274e-16
2021-01-04,combined_min_variance,EQ_GS,9.95930482339004e-13
2021-02-01,combined_min_variance,EQ_GS,1.1487000902372532e-10
2021-03-01,combined_min_variance,EQ_GS,2.0865883579166188e-10
2021-04-01,combined_min_variance,EQ_GS,8.473169107080082e-11
2021-05-03,combined_min_variance,EQ_GS,1.846965461662866e-14
2021-06-01,combined_min_variance,EQ_GS,3.820682187501466e-11
2021-07-01,combined_min_variance,EQ_GS,0.020066394458990475
2021-08-02,combined_min_variance,EQ_GS,0.023061238185591953
2021-09-01,combined_min_variance,EQ_GS,0.030673216022942696
2021-10-01,combined_min_variance,EQ_GS,0.044150230962208464
2021-11-01,combined_min_variance,EQ_GS,0.06295346965037754
2021-12-01,combined_min_variance,EQ_GS,0.05158079120436533
2022-01-03,combined_min_variance,EQ_GS,0.044653810042411514
2022-02-01,combined_min_variance,EQ_GS,0.0023740168791384782
2022-03-01,combined_min_variance,EQ_GS,0.0011231662035979643
2022-04-01,combined_min_variance,EQ_GS,1.256168071119106e-12
2022-05-02,combined_min_variance,EQ_GS,2.1317532011761525e-14
2022-06-01,combined_min_variance,EQ_GS,3.5079095226855793e-13
2022-07-01,combined_min_variance,EQ_GS,2.769879299359943e-13
2022-08-01,combined_min_variance,EQ_GS,1.8094296360753832e-13
2022-09-01,combined_min_variance,EQ_GS,0.0
2022-10-03,combined_min_variance,EQ_GS,1.7683901854018036e-13
2022-11-01,combined_min_variance,EQ_GS,5.208436575122409e-12
2022-12-01,combined_min_variance,EQ_GS,5.977259159870945e-12
2023-01-03,combined_min_variance,EQ_GS,3.4857720463978264e-13
2023-02-01,combined_min_variance,EQ_GS,4.9181740928660896e-11
2023-03-01,combined_min_variance,EQ_GS,0.0
2023-04-03,combined_min_variance,EQ_GS,1.2831731581691318e-12
2023-05-01,combined_min_variance,EQ_GS,7.93433595663798e-16
2023-06-01,combined_min_variance,EQ_GS,0.0
2023-07-03,combined_min_variance,EQ_GS,0.0
2023-08-01,combined_min_variance,EQ_GS,4.469428583880221e-11
2023-09-01,combined_min_variance,EQ_GS,1.8854776747509033e-13
2023-10-02,combined_min_variance,EQ_GS,1.7642504168464535e-13
2023-11-01,combined_min_variance,EQ_GS,0.005408743370000246
2023-12-01,combined_min_variance,EQ_GS,4.133475409055151e-12
2021-01-04,combined_min_variance,EQ_INTC,1.1925815245627154e-10
2021-02-01,combined_min_variance,EQ_INTC,6.915676314341423e-11
2021-03-01,combined_min_variance,EQ_INTC,0.0
2021-04-01,combined_min_variance,EQ_INTC,9.693386288395645e-15
2021-05-03,combined_min_variance,EQ_INTC,8.420840000251224e-12
2021-06-01,combined_min_variance,EQ_INTC,1.6383399506343302e-14
2021-07-01,combined_min_variance,EQ_INTC,0.0
2021-08-02,combined_min_variance,EQ_INTC,0.0
2021-09-01,combined_min_variance,EQ_INTC,0.0
2021-10-01,combined_min_variance,EQ_INTC,0.0020575270628940164
2021-11-01,combined_min_variance,EQ_INTC,7.184245160365746e-05
2021-12-01,combined_min_variance,EQ_INTC,0.006508225324370407
2022-01-03,combined_min_variance,EQ_INTC,0.007757148070139803
2022-02-01,combined_min_variance,EQ_INTC,0.013727823998381796
2022-03-01,combined_min_variance,EQ_INTC,1.1340818850228414e-05
2022-04-01,combined_min_variance,EQ_INTC,0.0014423091258517738
2022-05-02,combined_min_variance,EQ_INTC,1.8115341614285996e-13
2022-06-01,combined_min_variance,EQ_INTC,0.0010865970017140416
2022-07-01,combined_min_variance,EQ_INTC,3.6813662784853236e-13
2022-08-01,combined_min_variance,EQ_INTC,2.697650111734683e-13
2022-09-01,combined_min_variance,EQ_INTC,0.0
2022-10-03,combined_min_variance,EQ_INTC,6.235143432779933e-15
2022-11-01,combined_min_variance,EQ_INTC,2.9376716820116384e-11
2022-12-01,combined_min_variance,EQ_INTC,4.598439081271177e-12
2023-01-03,combined_min_variance,EQ_INTC,9.916492292357216e-11
2023-02-01,combined_min_variance,EQ_INTC,0.0
2023-03-01,combined_min_variance,EQ_INTC,3.422577379955784e-11
2023-04-03,combined_min_variance,EQ_INTC,8.448853844499346e-12
2023-05-01,combined_min_variance,EQ_INTC,2.143858961782339e-10
2023-06-01,combined_min_variance,EQ_INTC,0.0
2023-07-03,combined_min_variance,EQ_INTC,5.46153810304216e-11
2023-08-01,combined_min_variance,EQ_INTC,3.3051339619275105e-13
2023-09-01,combined_min_variance,EQ_INTC,8.360438535935285e-11
2023-10-02,combined_min_variance,EQ_INTC,2.2380568405864674e-12
2023-11-01,combined_min_variance,EQ_INTC,7.684624572991073e-14
2023-12-01,combined_min_variance,EQ_INTC,0.003003879928850912
2021-01-04,combined_min_variance,EQ_KO,0.0
2021-02-01,combined_min_variance,EQ_KO,6.102784072053144e-09
2021-03-01,combined_min_variance,EQ_KO,2.88954039539808e-09
2021-04-01,combined_min_variance,EQ_KO,8.508074927714961e-15
2021-05-03,combined_min_variance,EQ_KO,2.4453586812812657e-14
2021-06-01,combined_min_variance,EQ_KO,2.628723927792059e-14
2021-07-01,combined_min_variance,EQ_KO,6.763379440085833e-14
2021-08-02,combined_min_variance,EQ_KO,0.0
2021-09-01,combined_min_variance,EQ_KO,0.0
2021-10-01,combined_min_variance,EQ_KO,1.8781729795845665e-11
2021-11-01,combined_min_variance,EQ_KO,0.06522919024549219
2021-12-01,combined_min_variance,EQ_KO,0.032832240643014945
2022-01-03,combined_min_variance,EQ_KO,0.02435014491239217
2022-02-01,combined_min_variance,EQ_KO,0.02931517007921239
2022-03-01,combined_min_variance,EQ_KO,0.08961631082266573
2022-04-01,combined_min_variance,EQ_KO,0.08700945713061324
2022-05-02,combined_min_variance,EQ_KO,0.11074329698390205
2022-06-01,combined_min_variance,EQ_KO,1.9347295123585281e-13
2022-07-01,combined_min_variance,EQ_KO,0.029654605529451757
2022-08-01,combined_min_variance,EQ_KO,0.026065284953213842
2022-09-01,combined_min_variance,EQ_KO,0.032369345096400104
2022-10-03,combined_min_variance,EQ_KO,0.06299364965927827
2022-11-01,combined_min_variance,EQ_KO,0.08031309737106136
2022-12-01,combined_min_variance,EQ_KO,0.0987379373338433
2023-01-03,combined_min_variance,EQ_KO,0.09383997092759938
2023-02-01,combined_min_variance,EQ_KO,0.07750763248696356
2023-03-01,combined_min_variance,EQ_KO,0.08438075930954891
2023-04-03,combined_min_variance,EQ_KO,0.13575194904816973
2023-05-01,combined_min_variance,EQ_KO,0.15462873167612295
2023-06-01,combined_min_variance,EQ_KO,0.1999999999614059
2023-07-03,combined_min_variance,EQ_KO,0.1999999997605472
2023-08-01,combined_min_variance,EQ_KO,0.19999999975050065
2023-09-01,combined_min_variance,EQ_KO,0.19999999972221505
2023-10-02,combined_min_variance,EQ_KO,0.1999999999909778
2023-11-01,combined_min_variance,EQ_KO,0.17826839382771492
2023-12-01,combined_min_variance,EQ_KO,0.18490198545128825
2021-01-04,combined_min_variance,EQ_MMM,0.08162627173997031
2021-02-01,combined_min_variance,EQ_MMM,0.1030897824380742
2021-03-01,combined_min_variance,EQ_MMM,0.0783091290772176
2021-04-01,combined_min_variance,EQ_MMM,0.10888934297627614
2021-05-03,combined_min_variance,EQ_MMM,0.07392842736092997
2021-06-01,combined_min_variance,EQ_MMM,0.08642621372809532
2021-07-01,combined_min_variance,EQ_MMM,0.09760254904604465
2021-08-02,combined_min_variance,EQ_MMM,0.08661811014420713
2021-09-01,combined_min_variance,EQ_MMM,0.08049679108446522
2021-10-01,combined_min_variance,EQ_MMM,0.08285964304911919
2021-11-01,combined_min_variance,EQ_MMM,0.06318659942952035
2021-12-01,combined_min_variance,EQ_MMM,0.06330560670732602
2022-01-03,combined_min_variance,EQ_MMM,0.07630213509193585
2022-02-01,combined_min_variance,EQ_MMM,0.017345300093624873
2022-03-01,combined_min_variance,EQ_MMM,1.44394886881806e-14
2022-04-01,combined_min_variance,EQ_MMM,1.5553871970535234e-13
2022-05-02,combined_min_variance,EQ_MMM,2.1614991508892332e-12
2022-06-01,combined_min_variance,EQ_MMM,4.5909190734859486e-14
2022-07-01,combined_min_variance,EQ_MMM,0.00256777204117696
2022-08-01,combined_min_variance,EQ_MMM,0.03210615917869833
2022-09-01,combined_min_variance,EQ_MMM,0.0
2022-10-03,combined_min_variance,EQ_MMM,0.020458356785772836
2022-11-01,combined_min_variance,EQ_MMM,3.224577893174664e-13
2022-12-01,combined_min_variance,EQ_MMM,2.2402518155187427e-11
2023-01-03,combined_min_variance,EQ_MMM,7.170353719386871e-13
2023-02-01,combined_min_variance,EQ_MMM,4.135535471631638e-14
2023-03-01,combined_min_variance,EQ_MMM,0.0
2023-04-03,combined_min_variance,EQ_MMM,1.4812200612484237e-12
2023-05-01,combined_min_variance,EQ_MMM,8.493984079192312e-16
2023-06-01,combined_min_variance,EQ_MMM,3.978338616920096e-12
2023-07-03,combined_min_variance,EQ_MMM,2.1628004795748487e-12
2023-08-01,combined_min_variance,EQ_MMM,3.290662304750334e-14
2023-09-01,combined_min_variance,EQ_MMM,2.4980558648186733e-12
2023-10-02,combined_min_variance,EQ_MMM,2.528518619404258e-13
2023-11-01,combined_min_variance,EQ_MMM,1.4877740207593525e-12
2023-12-01,combined_min_variance,EQ_MMM,4.309376113383341e-14
2021-01-04,combined_min_variance,EQ_MRK,0.06199354537818527
2021-02-01,combined_min_variance,EQ_MRK,0.07009074490343907
2021-03-01,combined_min_variance,EQ_MRK,0.02324920281904963
2021-04-01,combined_min_variance,EQ_MRK,0.04504058468397668
2021-05-03,combined_min_variance,EQ_MRK,0.10256089706636286
2021-06-01,combined_min_variance,EQ_MRK,0.1166750223540647
2021-07-01,combined_min_variance,EQ_MRK,0.13245542120507459
2021-08-02,combined_min_variance,EQ_MRK,0.14140367299788584
2021-09-01,combined_min_variance,EQ_MRK,0.12803641300429092
2021-10-01,combined_min_variance,EQ_MRK,0.1459568585465259
2021-11-01,combined_min_variance,EQ_MRK,0.0729777925717298
2021-12-01,combined_min_variance,EQ_MRK,0.03318972396384464
2022-01-03,combined_min_variance,EQ_MRK,0.04845210883178876
2022-02-01,combined_min_variance,EQ_MRK,0.06284324312909759
2022-03-01,combined_min_variance,EQ_MRK,0.047343338835883084
2022-04-01,combined_min_variance,EQ_MRK,0.050679055705481584
2022-05-02,combined_min_variance,EQ_MRK,0.05524370962583121
2022-06-01,combined_min_variance,EQ_MRK,0.06934050832899608
2022-07-01,combined_min_variance,EQ_MRK,0.06168039544138931
2022-08-01,combined_min_variance,EQ_MRK,0.061998396483659145
2022-09-01,combined_min_variance,EQ_MRK,0.06466889264403994
2022-10-03,combined_min_variance,EQ_MRK,0.07849203001631928
2022-11-01,combined_min_variance,EQ_MRK,0.13405227192523708
2022-12-01,combined_min_variance,EQ_MRK,0.19999999963447107
2023-01-03,combined_min_variance,EQ_MRK,0.19999999963761808
2023-02-01,combined_min_variance,EQ_MRK,0.1999999990264894
2023-03-01,combined_min_variance,EQ_MRK,0.19999999990857464
2023-04-03,combined_min_variance,EQ_MRK,0.18903197283546616
2023-05-01,combined_min_variance,EQ_MRK,0.1770384544348668
2023-06-01,combined_min_variance,EQ_MRK,0.17191204829160872
2023-07-03,combined_min_variance,EQ_MRK,0.18013353812424587
2023-08-01,combined_min_variance,EQ_MRK,0.1624720349339169
2023-09-01,combined_min_variance,EQ_MRK,0.14631637793130114
2023-10-02,combined_min_variance,EQ_MRK,0.12601701179786257
2023-11-01,combined_min_variance,EQ_MRK,0.12115763669007695
2023-12-01,combined_min_variance,EQ_MRK,0.10219679392602182
2021-01-04,combined_min_variance,EQ_MS,6.457461119394517e-11
2021-02-01,combined_min_variance,EQ_MS,7.891108834369932e-11
2021-03-01,combined_min_variance,EQ_MS,0.0
2021-04-01,combined_min_variance,EQ_MS,5.727156769916604e-14
2021-05-03,combined_min_variance,EQ_MS,7.711190783617212e-13
2021-06-01,combined_min_variance,EQ_MS,4.5158005604118e-11
2021-07-01,combined_min_variance,EQ_MS,2.5022141829125633e-13
2021-08-02,combined_min_variance,EQ_MS,0.0
2021-09-01,combined_min_variance,EQ_MS,0.0
2021-10-01,combined_min_variance,EQ_MS,2.2157705949917734e-11
2021-11-01,combined_min_variance,EQ_MS,0.0
2021-12-01,combined_min_variance,EQ_MS,7.167668251400793e-14
2022-01-03,combined_min_variance,EQ_MS,3.0834243996703575e-11
2022-02-01,combined_min_variance,EQ_MS,0.021322195740164786
2022-03-01,combined_min_variance,EQ_MS,0.011071826784157109
2022-04-01,combined_min_variance,EQ_MS,1.2426634855531667e-12
2022-05-02,combined_min_variance,EQ_MS,6.651012384035382e-15
2022-06-01,combined_min_variance,EQ_MS,8.102761725482789e-14
2022-07-01,combined_min_variance,EQ_MS,1.354852952996181e-13
2022-08-01,combined_min_variance,EQ_MS,7.208602241294409e-14
2022-09-01,combined_min_variance,EQ_MS,0.0
2022-10-03,combined_min_variance,EQ_MS,5.3025813822693836e-14
2022-11-01,combined_min_variance,EQ_MS,1.331747383540771e-11
2022-12-01,combined_min_variance,EQ_MS,9.113639828770214e-13
2023-01-03,combined_min_variance,EQ_MS,2.3733682729099133e-11
2023-02-01,combined_min_variance,EQ_MS,0.0
2023-03-01,combined_min_variance,EQ_MS,0.0
2023-04-03,combined_min_variance,EQ_MS,7.762813425334188e-13
2023-05-01,combined_min_variance,EQ_MS,1.6896652895239786e-15
2023-06-01,combined_min_variance,EQ_MS,4.851510095436678e-12
2023-07-03,combined_min_variance,EQ_MS,0.0
2023-08-01,combined_min_variance,EQ_MS,6.465705619656738e-11
2023-09-01,combined_min_variance,EQ_MS,1.95324403676136e-13
2023-10-02,combined_min_variance,EQ_MS,1.5764257065771436e-13
2023-11-01,combined_min_variance,EQ_MS,2.2321801731994767e-13
2023-12-01,combined_min_variance,EQ_MS,2.80629545553184e-12
2021-01-04,combined_min_variance,EQ_NEE,5.602194597688808e-11
2021-02-01,combined_min_variance,EQ_NEE,1.717195118944191e-11
2021-03-01,combined_min_variance,EQ_NEE,0.0
2021-04-01,combined_min_variance,EQ_NEE,2.1958204624127892e-15
2021-05-03,combined_min_variance,EQ_NEE,1.3140239579792104e-11
2021-06-01,combined_min_variance,EQ_NEE,1.49898259393911e-14
2021-07-01,combined_min_variance,EQ_NEE,0.0
2021-08-02,combined_min_variance,EQ_NEE,9.863275141802079e-12
2021-09-01,combined_min_variance,EQ_NEE,9.879530060960581e-14
2021-10-01,combined_min_variance,EQ_NEE,3.9235480769295736e-21
2021-11-01,combined_min_variance,EQ_NEE,0.0
2021-12-01,combined_min_variance,EQ_NEE,8.439165831095812e-15
2022-01-03,combined_min_variance,EQ_NEE,3.007817924984876e-11
2022-02-01,combined_min_variance,EQ_NEE,4.026494946521632e-11
2022-03-01,combined_min_variance,EQ_NEE,2.1749135694987653e-14
2022-04-01,combined_min_variance,EQ_NEE,0.018577020682767995
2022-05-02,combined_min_variance,EQ_NEE,2.1001297193132922e-13
2022-06-01,combined_min_variance,EQ_NEE,8.440125264851009e-14
2022-07-01,combined_min_variance,EQ_NEE,2.3473976157385385e-13
2022-08-01,combined_min_variance,EQ_NEE,1.3735535503485393e-12
2022-09-01,combined_min_variance,EQ_NEE,0.0
2022-10-03,combined_min_variance,EQ_NEE,2.8892140752361323e-13
2022-11-01,combined_min_variance,EQ_NEE,2.0355892354235024e-13
2022-12-01,combined_min_variance,EQ_NEE,6.493238544018704e-13
2023-01-03,combined_min_variance,EQ_NEE,2.9342382357779116e-11
2023-02-01,combined_min_variance,EQ_NEE,3.90968586714503e-14
2023-03-01,combined_min_variance,EQ_NEE,7.270079397441147e-12
2023-04-03,combined_min_variance,EQ_NEE,2.517775145661462e-12
2023-05-01,combined_min_variance,EQ_NEE,5.144090212847919e-11
2023-06-01,combined_min_variance,EQ_NEE,0.0
2023-07-03,combined_min_variance,EQ_NEE,2.1122330054221797e-11
2023-08-01,combined_min_variance,EQ_NEE,1.0726959281049002e-13
2023-09-01,combined_min_variance,EQ_NEE,4.331510300065012e-11
2023-10-02,combined_min_variance,EQ_NEE,1.7443408752566739e-12
2023-11-01,combined_min_variance,EQ_NEE,5.1013709758257325e-12
2023-12-01,combined_min_variance,EQ_NEE,5.639802809461052e-14
2021-01-04,combined_min_variance,EQ_NEM,0.13854922851434076
2021-02-01,combined_min_variance,EQ_NEM,0.1299436889846109
2021-03-01,combined_min_variance,EQ_NEM,0.13260984974909693
2021-04-01,combined_min_variance,EQ_NEM,1.868317641086e-14
2021-05-03,combined_min_variance,EQ_NEM,3.098862746137249e-14
2021-06-01,combined_min_variance,EQ_NEM,1.9679300873780233e-14
2021-07-01,combined_min_variance,EQ_NEM,0.0
2021-08-02,combined_min_variance,EQ_NEM,1.4489216744138036e-11
2021-09-01,combined_min_variance,EQ_NEM,1.2136123845387527e-13
2021-10-01,combined_min_variance,EQ_NEM,7.918996466100031e-12
2021-11-01,combined_min_variance,EQ_NEM,0.0012079052270897199
2021-12-01,combined_min_variance,EQ_NEM,0.014433675015684903
2022-01-03,combined_min_variance,EQ_NEM,0.014042828828285892
2022-02-01,combined_min_variance,EQ_NEM,0.012808656216379822
2022-03-01,combined_min_variance,EQ_NEM,0.021572877538562057
2022-04-01,combined_min_variance,EQ_NEM,0.03481356234924703
2022-05-02,combined_min_variance,EQ_NEM,0.048006294015547166
2022-06-01,combined_min_variance,EQ_NEM,0.06280416904078912
2022-07-01,combined_min_variance,EQ_NEM,0.061769702781427786
2022-08-01,combined_min_variance,EQ_NEM,0.05946075099677543
2022-09-01,combined_min_variance,EQ_NEM,0.05949588499422887
2022-10-03,combined_min_variance,EQ_NEM,0.05562084150937374
2022-11-01,combined_min_variance,EQ_NEM,0.054860689800868404
2022-12-01,combined_min_variance,EQ_NEM,0.016170182899253396
2023-01-03,combined_min_variance,EQ_NEM,0.015286657028191942
2023-02-01,combined_min_variance,EQ_NEM,0.007056691708011773
2023-03-01,combined_min_variance,EQ_NEM,0.0012963676486301744
2023-04-03,combined_min_variance,EQ_NEM,0.005548411479368215
2023-05-01,combined_min_variance,EQ_NEM,0.004394590802459428
2023-06-01,combined_min_variance,EQ_NEM,1.843199367354314e-12
2023-07-03,combined_min_variance,EQ_NEM,5.219874604488833e-12
2023-08-01,combined_min_variance,EQ_NEM,1.2158432664962728e-11
2023-09-01,combined_min_variance,EQ_NEM,9.934783427179247e-14
2023-10-02,combined_min_variance,EQ_NEM,8.071576726472748e-14
2023-11-01,combined_min_variance,EQ_NEM,9.349738334193646e-14
2023-12-01,combined_min_variance,EQ_NEM,0.00911979201583782
2021-01-04,combined_min_variance,EQ_NKE,0.002703279236109301
2021-02-01,combined_min_variance,EQ_NKE,7.04800401089353e-09
2021-03-01,combined_min_variance,EQ_NKE,3.5944601351682067e-09
2021-04-01,combined_min_variance,EQ_NKE,6.305482996620693e-11
2021-05-03,combined_min_variance,EQ_NKE,0.02395513763751139
2021-06-01,combined_min_variance,EQ_NKE,0.024110429701419363
2021-07-01,combined_min_variance,EQ_NKE,0.03631690060240933
2021-08-02,combined_min_variance,EQ_NKE,0.033994709965207245
2021-09-01,combined_min_variance,EQ_NKE,0.030795530768523014
2021-10-01,combined_min_variance,EQ_NKE,1.7781098346069675e-11
2021-11-01,combined_min_variance,EQ_NKE,0.0
2021-12-01,combined_min_variance,EQ_NKE,0.0007977238862247308
2022-01-03,combined_min_variance,EQ_NKE,0.009151895707091167
2022-02-01,combined_min_variance,EQ_NKE,0.0173921209545275
2022-03-01,combined_min_variance,EQ_NKE,0.02212488443453647
2022-04-01,combined_min_variance,EQ_NKE,0.013381757615607857
2022-05-02,combined_min_variance,EQ_NKE,2.006962607833455e-13
2022-06-01,combined_min_variance,EQ_NKE,6.0554349137553e-13
2022-07-01,combined_min_variance,EQ_NKE,2.225517870435848e-13
2022-08-01,combined_min_variance,EQ_NKE,1.1035729825672361e-13
2022-09-01,combined_min_variance,EQ_NKE,0.0
2022-10-03,combined_min_variance,EQ_NKE,7.216527801816465e-11
2022-11-01,combined_min_variance,EQ_NKE,3.9948283042395e-11
2022-12-01,combined_min_variance,EQ_NKE,5.025489906786872e-12
2023-01-03,combined_min_variance,EQ_NKE,1.6339262073518583e-10
2023-02-01,combined_min_variance,EQ_NKE,0.0
2023-03-01,combined_min_variance,EQ_NKE,5.712847854731756e-11
2023-04-03,combined_min_variance,EQ_NKE,1.3678491759291723e-11
2023-05-01,combined_min_variance,EQ_NKE,3.482646499628969e-10
2023-06-01,combined_min_variance,EQ_NKE,0.0
2023-07-03,combined_min_variance,EQ_NKE,1.0352808027183081e-10
2023-08-01,combined_min_variance,EQ_NKE,4.990657020610511e-13
2023-09-01,combined_min_variance,EQ_NKE,1.4352206954383133e-10
2023-10-02,combined_min_variance,EQ_NKE,2.9437896990324634e-12
2023-11-01,combined_min_variance,EQ_NKE,4.037174988918607e-12
2023-12-01,combined_min_variance,EQ_NKE,5.647845046455485e-14
2021-01-04,combined_min_variance,EQ_NUE,0.0
2021-02-01,combined_min_variance,EQ_NUE,5.881843938892493e-10
2021-03-01,combined_min_variance,EQ_NUE,7.245694992918261e-10
2021-04-01,combined_min_variance,EQ_NUE,2.173960484696865e-11
2021-05-03,combined_min_variance,EQ_NUE,2.6035465564926315e-11
2021-06-01,combined_min_variance,EQ_NUE,2.564124234467303e-14
2021-07-01,combined_min_variance,EQ_NUE,0.0
2021-08-02,combined_min_variance,EQ_NUE,2.4512343573908966e-11
2021-09-01,combined_min_variance,EQ_NUE,2.2201925947829034e-13
2021-10-01,combined_min_variance,EQ_NUE,7.389126367939224e-21
2021-11-01,combined_min_variance,EQ_NUE,0.0
2021-12-01,combined_min_variance,EQ_NUE,5.2862798801671454e-14
2022-01-03,combined_min_variance,EQ_NUE,4.240493167444481e-11
2022-02-01,combined_min_variance,EQ_NUE,1.1882022215772802e-11
2022-03-01,combined_min_variance,EQ_NUE,5.350282738477726e-11
2022-04-01,combined_min_variance,EQ_NUE,0.0
2022-05-02,combined_min_variance,EQ_NUE,2.928243768950517e-11
2022-06-01,combined_min_variance,EQ_NUE,1.3244720969913642e-13
2022-07-01,combined_min_variance,EQ_NUE,4.35708445291415e-11
2022-08-01,combined_min_variance,EQ_NUE,9.750581698273293e-12
2022-09-01,combined_min_variance,EQ_NUE,7.2389892299502725e-12
2022-10-03,combined_min_variance,EQ_NUE,3.746215661432132e-11
2022-11-01,combined_min_variance,EQ_NUE,5.4208559621144205e-11
2022-12-01,combined_min_variance,EQ_NUE,4.346085683238087e-12
2023-01-03,combined_min_variance,EQ_NUE,1.5617647257629195e-10
2023-02-01,combined_min_variance,EQ_NUE,0.0
2023-03-01,combined_min_variance,EQ_NUE,3.079445876085177e-11
2023-04-03,combined_min_variance,EQ_NUE,5.8089923227599274e-12
2023-05-01,combined_min_variance,EQ_NUE,1.1178574081304979e-10
2023-06-01,combined_min_variance,EQ_NUE,0.0
2023-07-03,combined_min_variance,EQ_NUE,3.3563593135331005e-11
2023-08-01,combined_min_variance,EQ_NUE,1.5518165168671126e-13
2023-09-01,combined_min_variance,EQ_NUE,2.04079941070827e-11
2023-10-02,combined_min_variance,EQ_NUE,2.46129573563765e-12
2023-11-01,combined_min_variance,EQ_NUE,4.032726371061963e-12
2023-12-01,combined_min_variance,EQ_NUE,7.432922195470358e-14
2021-01-04,combined_min_variance,EQ_NVDA,2.100152703071866e-10
2021-02-01,combined_min_variance,EQ_NVDA,1.290448687742255e-10
2021-03-01,combined_min_variance,EQ_NVDA,0.0
2021-04-01,combined_min_variance,EQ_NVDA,3.429567336354227e-13
2021-05-03,combined_min_variance,EQ_NVDA,4.609147486150561e-11
2021-06-01,combined_min_variance,EQ_NVDA,1.2965847056900881e-14
2021-07-01,combined_min_variance,EQ_NVDA,0.0
2021-08-02,combined_min_variance,EQ_NVDA,4.681492437138829e-12
2021-09-01,combined_min_variance,EQ_NVDA,1.0471908715229558e-13
2021-10-01,combined_min_variance,EQ_NVDA,3.50241659745136e-21
2021-11-01,combined_min_variance,EQ_NVDA,0.0
2021-12-01,combined_min_variance,EQ_NVDA,3.2799842027231485e-14
2022-01-03,combined_min_variance,EQ_NVDA,8.000812840380707e-11
2022-02-01,combined_min_variance,EQ_NVDA,6.2694522180997e-11
2022-03-01,combined_min_variance,EQ_NVDA,1.480358338264988e-13
2022-04-01,combined_min_variance,EQ_NVDA,1.065104587987405e-12
2022-05-02,combined_min_variance,EQ_NVDA,3.1668942422827774e-12
2022-06-01,combined_min_variance,EQ_NVDA,6.822116402530298e-14
2022-07-01,combined_min_variance,EQ_NVDA,1.384658494950569e-12
2022-08-01,combined_min_variance,EQ_NVDA,4.8767765289286335e-12
2022-09-01,combined_min_variance,EQ_NVDA,3.930501363838916e-12
2022-10-03,combined_min_variance,EQ_NVDA,6.775135306900669e-11
2022-11-01,combined_min_variance,EQ_NVDA,7.072016982044813e-11
2022-12-01,combined_min_variance,EQ_NVDA,9.240151908576671e-12
2023-01-03,combined_min_variance,EQ_NVDA,2.350560072054288e-10
2023-02-01,combined_min_variance,EQ_NVDA,0.0
2023-03-01,combined_min_variance,EQ_NVDA,5.209764848853996e-11
2023-04-03,combined_min_variance,EQ_NVDA,1.0244241960926816e-11
2023-05-01,combined_min_variance,EQ_NVDA,3.175876649174171e-10
2023-06-01,combined_min_variance,EQ_NVDA,0.0
2023-07-03,combined_min_variance,EQ_NVDA,0.0
2023-08-01,combined_min_variance,EQ_NVDA,2.976471707493738e-11
2023-09-01,combined_min_variance,EQ_NVDA,2.5182570050251378e-14
2023-10-02,combined_min_variance,EQ_NVDA,5.783214114570197e-14
2023-11-01,combined_min_variance,EQ_NVDA,0.0037818123801178277
2023-12-01,combined_min_variance,EQ_NVDA,0.011446477351929496
2021-01-04,combined_min_variance,EQ_O,0.0
2021-02-01,combined_min_variance,EQ_O,2.7541347284907296e-09
2021-03-01,combined_min_variance,EQ_O,2.0352214259311344e-09
2021-04-01,combined_min_variance,EQ_O,2.523213978627042e-15
2021-05-03,combined_min_variance,EQ_O,4.713188366580272e-12
2021-06-01,combined_min_variance,EQ_O,1.401916932991984e-14
2021-07-01,combined_min_variance,EQ_O,0.0
2021-08-02,combined_min_variance,EQ_O,3.8163462260394835e-12
2021-09-01,combined_min_variance,EQ_O,0.0
2021-10-01,combined_min_variance,EQ_O,6.54879198541155e-12
2021-11-01,combined_min_variance,EQ_O,0.0
2021-12-01,combined_min_variance,EQ_O,0.004096327421988951
2022-01-03,combined_min_variance,EQ_O,0.006373035443077122
2022-02-01,combined_min_variance,EQ_O,0.008073100003280527
2022-03-01,combined_min_variance,EQ_O,0.005318192489895364
2022-04-01,combined_min_variance,EQ_O,0.007921108082395177
2022-05-02,combined_min_variance,EQ_O,2.316144960225582e-13
2022-06-01,combined_min_variance,EQ_O,2.306731320671246e-13
2022-07-01,combined_min_variance,EQ_O,4.0692689740266337e-13
2022-08-01,combined_min_variance,EQ_O,2.9515673640632754e-13
2022-09-01,combined_min_variance,EQ_O,0.019062637255681556
2022-10-03,combined_min_variance,EQ_O,0.07275865756890881
2022-11-01,combined_min_variance,EQ_O,0.08022655775041708
2022-12-01,combined_min_variance,EQ_O,0.04521504526326583
2023-01-03,combined_min_variance,EQ_O,0.06139748441425119
2023-02-01,combined_min_variance,EQ_O,0.07325310206210991
2023-03-01,combined_min_variance,EQ_O,0.08686693886159359
2023-04-03,combined_min_variance,EQ_O,0.07280359081469152
2023-05-01,combined_min_variance,EQ_O,0.10254043762015741
2023-06-01,combined_min_variance,EQ_O,0.11193035325167393
2023-07-03,combined_min_variance,EQ_O,0.121849195768525
2023-08-01,combined_min_variance,EQ_O,0.12471083470681238
2023-09-01,combined_min_variance,EQ_O,0.10482707269891424
2023-10-02,combined_min_variance,EQ_O,0.08075580767619277
2023-11-01,combined_min_variance,EQ_O,0.09950440269321051
2023-12-01,combined_min_variance,EQ_O,0.08476398223073284
2021-01-04,combined_min_variance,EQ_OXY,3.627382393218504e-11
2021-02-01,combined_min_variance,EQ_OXY,1.1445408145477922e-10
2021-03-01,combined_min_variance,EQ_OXY,0.0
2021-04-01,combined_min_variance,EQ_OXY,5.10351594993432e-13
2021-05-03,combined_min_variance,EQ_OXY,8.363514477520689e-11
2021-06-01,combined_min_variance,EQ_OXY,6.844254613093082e-14
2021-07-01,combined_min_variance,EQ_OXY,1.3480955994117431e-13
2021-08-02,combined_min_variance,EQ_OXY,0.0
2021-09-01,combined_min_variance,EQ_OXY,0.0
2021-10-01,combined_min_variance,EQ_OXY,0.002533796015211218
2021-11-01,combined_min_variance,EQ_OXY,0.004345818122332241
2021-12-01,combined_min_variance,EQ_OXY,0.0
2022-01-03,combined_min_variance,EQ_OXY,0.003845403641353277
2022-02-01,combined_min_variance,EQ_OXY,2.240716839758834e-18
2022-03-01,combined_min_variance,EQ_OXY,0.004199093745314678
2022-04-01,combined_min_variance,EQ_OXY,0.0
2022-05-02,combined_min_variance,EQ_OXY,5.1674506990296915e-12
2022-06-01,combined_min_variance,EQ_OXY,1.2304574447023739e-13
2022-07-01,combined_min_variance,EQ_OXY,6.368058848204024e-11
2022-08-01,combined_min_variance,EQ_OXY,1.7605241848569368e-11
2022-09-01,combined_min_variance,EQ_OXY,1.4868005510007523e-11
2022-10-03,combined_min_variance,EQ_OXY,1.0122635825761708e-10
2022-11-01,combined_min_variance,EQ_OXY,3.1919333626803535e-11
2022-12-01,combined_min_variance,EQ_OXY,4.4557116910515816e-13
2023-01-03,combined_min_variance,EQ_OXY,2.4165979536285344e-13
2023-02-01,combined_min_variance,EQ_OXY,1.0969724440468315e-14
2023-03-01,combined_min_variance,EQ_OXY,2.0731011783571148e-11
2023-04-03,combined_min_variance,EQ_OXY,3.5823691119900654e-13
2023-05-01,combined_min_variance,EQ_OXY,8.398254280364468e-17
2023-06-01,combined_min_variance,EQ_OXY,2.2789125290014804e-12
2023-07-03,combined_min_variance,EQ_OXY,0.0015925734942150553
2023-08-01,combined_min_variance,EQ_OXY,0.009419162706623121
2023-09-01,combined_min_variance,EQ_OXY,0.012970009242294375
2023-10-02,combined_min_variance,EQ_OXY,0.006236938073273905
2023-11-01,combined_min_variance,EQ_OXY,1.5061795086496642e-13
2023-12-01,combined_min_variance,EQ_OXY,0.025391998081192812
2021-01-04,combined_min_variance,EQ_PLD,6.803407636385692e-11
2021-02-01,combined_min_variance,EQ_PLD,3.2342423740573585e-11
2021-03-01,combined_min_variance,EQ_PLD,0.0
2021-04-01,combined_min_variance,EQ_PLD,1.252563521133485e-13
2021-05-03,combined_min_variance,EQ_PLD,2.2976032971560473e-11
2021-06-01,combined_min_variance,EQ_PLD,2.4423508085818107e-16
2021-07-01,combined_min_variance,EQ_PLD,0.0
2021-08-02,combined_min_variance,EQ_PLD,2.5803220755022935e-11
2021-09-01,combined_min_variance,EQ_PLD,7.008486957917965e-13
2021-10-01,combined_min_variance,EQ_PLD,3.911689619302429e-20
2021-11-01,combined_min_variance,EQ_PLD,7.795745361115025e-13
2021-12-01,combined_min_variance,EQ_PLD,2.0542777547146993e-14
2022-01-03,combined_min_variance,EQ_PLD,1.3285126439896901e-11
2022-02-01,combined_min_variance,EQ_PLD,1.796249442590248e-11
2022-03-01,combined_min_variance,EQ_PLD,1.0787671312935777e-11
2022-04-01,combined_min_variance,EQ_PLD,0.0
2022-05-02,combined_min_variance,EQ_PLD,1.3231826473041386e-11
2022-06-01,combined_min_variance,EQ_PLD,9.544283222583296e-14
2022-07-01,combined_min_variance,EQ_PLD,5.2934032887154186e-11
2022-08-01,combined_min_variance,EQ_PLD,1.8536127521009895e-11
2022-09-01,combined_min_variance,EQ_PLD,1.7249830694077562e-11
2022-10-03,combined_min_variance,EQ_PLD,1.7308459793626965e-10
2022-11-01,combined_min_variance,EQ_PLD,6.89570770185495e-11
2022-12-01,combined_min_variance,EQ_PLD,7.087366394371891e-12
2023-01-03,combined_min_variance,EQ_PLD,1.8365660940167295e-10
2023-02-01,combined_min_variance,EQ_PLD,0.0
2023-03-01,combined_min_variance,EQ_PLD,5.221750687764912e-11
2023-04-03,combined_min_variance,EQ_PLD,1.5289839768107012e-11
2023-05-01,combined_min_variance,EQ_PLD,4.480183110442609e-10
2023-06-01,combined_min_variance,EQ_PLD,0.0
2023-07-03,combined_min_variance,EQ_PLD,8.152853844982365e-11
2023-08-01,combined_min_variance,EQ_PLD,2.896461423914363e-13
2023-09-01,combined_min_variance,EQ_PLD,9.038689646149835e-11
2023-10-02,combined_min_variance,EQ_PLD,2.90528857207274e-12
2023-11-01,combined_min_variance,EQ_PLD,8.51198580531892e-12
2023-12-01,combined_min_variance,EQ_PLD,1.052478532753192e-13
2021-01-04,combined_min_variance,EQ_PSA,0.08209244473562656
2021-02-01,combined_min_variance,EQ_PSA,0.08585308862564839
2021-03-01,combined_min_variance,EQ_PSA,0.11855877504966941
2021-04-01,combined_min_variance,EQ_PSA,0.12376738405350897
2021-05-03,combined_min_variance,EQ_PSA,0.06157327664827931
2021-06-01,combined_min_variance,EQ_PSA,0.08771861635406003
2021-07-01,combined_min_variance,EQ_PSA,0.1026291581435448
2021-08-02,combined_min_variance,EQ_PSA,0.10431120937579011
2021-09-01,combined_min_variance,EQ_PSA,0.11532630517277356
2021-10-01,combined_min_variance,EQ_PSA,0.09444765271989651
2021-11-01,combined_min_variance,EQ_PSA,0.10253480622292173
2021-12-01,combined_min_variance,EQ_PSA,0.1270930091813197
2022-01-03,combined_min_variance,EQ_PSA,0.11451674774062845
2022-02-01,combined_min_variance,EQ_PSA,0.10471526504115201
2022-03-01,combined_min_variance,EQ_PSA,0.06971732735434713
2022-04-01,combined_min_variance,EQ_PSA,0.04866656285066617
2022-05-02,combined_min_variance,EQ_PSA,1.544944273134196e-13
2022-06-01,combined_min_variance,EQ_PSA,5.055860868661411e-15
2022-07-01,combined_min_variance,EQ_PSA,2.0394561597590985e-11
2022-08-01,combined_min_variance,EQ_PSA,6.789831217516773e-12
2022-09-01,combined_min_variance,EQ_PSA,8.4038807315866e-12
2022-10-03,combined_min_variance,EQ_PSA,8.511779243223734e-11
2022-11-01,combined_min_variance,EQ_PSA,2.6831179323266864e-11
2022-12-01,combined_min_variance,EQ_PSA,3.6110552675723614e-12
2023-01-03,combined_min_variance,EQ_PSA,8.850929117565314e-11
2023-02-01,combined_min_variance,EQ_PSA,0.0
2023-03-01,combined_min_variance,EQ_PSA,1.636708106504154e-11
2023-04-03,combined_min_variance,EQ_PSA,3.8875573838582426e-12
2023-05-01,combined_min_variance,EQ_PSA,5.6104757164480004e-11
2023-06-01,combined_min_variance,EQ_PSA,6.542267402351464e-12
2023-07-03,combined_min_variance,EQ_PSA,0.0
2023-08-01,combined_min_variance,EQ_PSA,8.15288133649064e-11
2023-09-01,combined_min_variance,EQ_PSA,1.631993252657837e-13
2023-10-02,combined_min_variance,EQ_PSA,1.422357972536505e-13
2023-11-01,combined_min_variance,EQ_PSA,8.603725750230458e-14
2023-12-01,combined_min_variance,EQ_PSA,2.9580663608589585e-12
2021-01-04,combined_min_variance,EQ_QCOM,7.105627103455381e-11
2021-02-01,combined_min_variance,EQ_QCOM,3.5640176554067834e-11
2021-03-01,combined_min_variance,EQ_QCOM,0.0
2021-04-01,combined_min_variance,EQ_QCOM,1.1547984086348082e-13
2021-05-03,combined_min_variance,EQ_QCOM,3.463217916922062e-11
2021-06-01,combined_min_variance,EQ_QCOM,8.10085899923445e-15
2021-07-01,combined_min_variance,EQ_QCOM,0.0
2021-08-02,combined_min_variance,EQ_QCOM,9.979645547768877e-12
2021-09-01,combined_min_variance,EQ_QCOM,3.1946764834971627e-13
2021-10-01,combined_min_variance,EQ_QCOM,2.752263456222682e-20
2021-11-01,combined_min_variance,EQ_QCOM,6.753482013383593e-12
2021-12-01,combined_min_variance,EQ_QCOM,7.15027589337834e-14
2022-01-03,combined_min_variance,EQ_QCOM,6.65746730757032e-11
2022-02-01,combined_min_variance,EQ_QCOM,6.82940754731292e-11
2022-03-01,combined_min_variance,EQ_QCOM,2.2330958988726456e-12
2022-04-01,combined_min_variance,EQ_QCOM,5.268658056184719e-13
2022-05-02,combined_min_variance,EQ_QCOM,6.564669140752778e-12
2022-06-01,combined_min_variance,EQ_QCOM,2.3844932065908774e-13
2022-07-01,combined_min_variance,EQ_QCOM,1.7764199551767588e-13
2022-08-01,combined_min_variance,EQ_QCOM,2.500508936657931e-13
2022-09-01,combined_min_variance,EQ_QCOM,0.0
2022-10-03,combined_min_variance,EQ_QCOM,2.0356235409665132e-13
2022-11-01,combined_min_variance,EQ_QCOM,1.3077940019269936e-13
2022-12-01,combined_min_variance,EQ_QCOM,3.056056157378453e-12
2023-01-03,combined_min_variance,EQ_QCOM,8.891224784544886e-11
2023-02-01,combined_min_variance,EQ_QCOM,0.0
2023-03-01,combined_min_variance,EQ_QCOM,1.6549090894102747e-11
2023-04-03,combined_min_variance,EQ_QCOM,3.4495536814647825e-12
2023-05-01,combined_min_variance,EQ_QCOM,1.2503411019486177e-10
2023-06-01,combined_min_variance,EQ_QCOM,0.0
2023-07-03,combined_min_variance,EQ_QCOM,2.6970801946129044e-11
2023-08-01,combined_min_variance,EQ_QCOM,2.574545041556621e-13
2023-09-01,combined_min_variance,EQ_QCOM,4.1806163716118274e-11
2023-10-02,combined_min_variance,EQ_QCOM,1.6453102434269558e-12
2023-11-01,combined_min_variance,EQ_QCOM,3.4181159779850473e-12
2023-12-01,combined_min_variance,EQ_QCOM,5.970229016105492e-14
2021-01-04,combined_min_variance,EQ_SBUX,0.0
2021-02-01,combined_min_variance,EQ_SBUX,7.204333572439736e-10
2021-03-01,combined_min_variance,EQ_SBUX,4.706869426128229e-10
2021-04-01,combined_min_variance,EQ_SBUX,6.853812788043443e-15
2021-05-03,combined_min_variance,EQ_SBUX,3.1567647049143055e-14
2021-06-01,combined_min_variance,EQ_SBUX,1.4930989961234988e-11
2021-07-01,combined_min_variance,EQ_SBUX,0.020935931331809488
2021-08-02,combined_min_variance,EQ_SBUX,0.013207505467052695
2021-09-01,combined_min_variance,EQ_SBUX,0.0008603492516558501
2021-10-01,combined_min_variance,EQ_SBUX,0.020333945673283463
2021-11-01,combined_min_variance,EQ_SBUX,0.01296060339608772
2021-12-01,combined_min_variance,EQ_SBUX,0.011922418421454514
2022-01-03,combined_min_variance,EQ_SBUX,6.675227748372873e-11
2022-02-01,combined_min_variance,EQ_SBUX,0.0244736726166996
2022-03-01,combined_min_variance,EQ_SBUX,1.8465742311598637e-14
2022-04-01,combined_min_variance,EQ_SBUX,8.526121619280018e-13
2022-05-02,combined_min_variance,EQ_SBUX,1.1362465649295481e-13
2022-06-01,combined_min_variance,EQ_SBUX,2.6895530565464996e-14
2022-07-01,combined_min_variance,EQ_SBUX,1.1221801688688166e-12
2022-08-01,combined_min_variance,EQ_SBUX,2.3982652181329535e-12
2022-09-01,combined_min_variance,EQ_SBUX,0.0
2022-10-03,combined_min_variance,EQ_SBUX,1.0578985897436813e-13
2022-11-01,combined_min_variance,EQ_SBUX,2.3326797551132143e-13
2022-12-01,combined_min_variance,EQ_SBUX,2.564556968473712e-11
2023-01-03,combined_min_variance,EQ_SBUX,4.0148276213836203e-13
2023-02-01,combined_min_variance,EQ_SBUX,7.307532088372615e-12
2023-03-01,combined_min_variance,EQ_SBUX,2.9045248488213797e-12
2023-04-03,combined_min_variance,EQ_SBUX,1.416482241938283e-12
2023-05-01,combined_min_variance,EQ_SBUX,0.0
2023-06-01,combined_min_variance,EQ_SBUX,2.565804951159391e-12
2023-07-03,combined_min_variance,EQ_SBUX,1.0649313666912864e-11
2023-08-01,combined_min_variance,EQ_SBUX,5.364242245579799e-13
2023-09-01,combined_min_variance,EQ_SBUX,1.0126319113169377e-13
2023-10-02,combined_min_variance,EQ_SBUX,7.250118680466638e-14
2023-11-01,combined_min_variance,EQ_SBUX,2.052365254320817e-12
2023-12-01,combined_min_variance,EQ_SBUX,3.190629858570216e-14
2021-01-04,combined_min_variance,EQ_SHW,1.9394958092350792e-11
2021-02-01,combined_min_variance,EQ_SHW,5.0672956649058855e-12
2021-03-01,combined_min_variance,EQ_SHW,0.0
2021-04-01,combined_min_variance,EQ_SHW,4.048517855539034e-14
2021-05-03,combined_min_variance,EQ_SHW,1.460679342763167e-11
2021-06-01,combined_min_variance,EQ_SHW,8.850260339493399e-15
2021-07-01,combined_min_variance,EQ_SHW,0.0
2021-08-02,combined_min_variance,EQ_SHW,0.0
2021-09-01,combined_min_variance,EQ_SHW,0.0
2021-10-01,combined_min_variance,EQ_SHW,1.4639369953899556e-11
2021-11-01,combined_min_variance,EQ_SHW,0.0
2021-12-01,combined_min_variance,EQ_SHW,0.0273257168122504
2022-01-03,combined_min_variance,EQ_SHW,0.0075103018867673154
2022-02-01,combined_min_variance,EQ_SHW,0.011383799336491848
2022-03-01,combined_min_variance,EQ_SHW,3.9622197590791014e-11
2022-04-01,combined_min_variance,EQ_SHW,0.008709688078590473
2022-05-02,combined_min_variance,EQ_SHW,0.06816821074652457
2022-06-01,combined_min_variance,EQ_SHW,0.05286990499164138
2022-07-01,combined_min_variance,EQ_SHW,0.02725198672803412
2022-08-01,combined_min_variance,EQ_SHW,0.022996041047767733
2022-09-01,combined_min_variance,EQ_SHW,0.02571712597077316
2022-10-03,combined_min_variance,EQ_SHW,0.013553764028654368
2022-11-01,combined_min_variance,EQ_SHW,3.018412824136285e-13
2022-12-01,combined_min_variance,EQ_SHW,1.5691297264827694e-12
2023-01-03,combined_min_variance,EQ_SHW,4.507432961812895e-11
2023-02-01,combined_min_variance,EQ_SHW,0.0
2023-03-01,combined_min_variance,EQ_SHW,1.320113971211923e-11
2023-04-03,combined_min_variance,EQ_SHW,4.866009739109692e-12
2023-05-01,combined_min_variance,EQ_SHW,2.039891334219341e-10
2023-06-01,combined_min_variance,EQ_SHW,0.0
2023-07-03,combined_min_variance,EQ_SHW,5.963267205071854e-11
2023-08-01,combined_min_variance,EQ_SHW,2.3894761609464007e-13
2023-09-01,combined_min_variance,EQ_SHW,9.14497859099643e-11
2023-10-02,combined_min_variance,EQ_SHW,2.945750953483819e-12
2023-11-01,combined_min_variance,EQ_SHW,3.703649325952968e-12
2023-12-01,combined_min_variance,EQ_SHW,2.5056656301886872e-14
2021-01-04,combined_min_variance,EQ_SLB,0.0
2021-02-01,combined_min_variance,EQ_SLB,1.5933734000831808e-09
2021-03-01,combined_min_variance,EQ_SLB,1.3625546236885058e-09
2021-04-01,combined_min_variance,EQ_SLB,1.8850960068232368e-13
2021-05-03,combined_min_variance,EQ_SLB,4.082930875880972e-11
2021-06-01,combined_min_variance,EQ_SLB,1.5240413528353656e-14
2021-07-01,combined_min_variance,EQ_SLB,0.0
2021-08-02,combined_min_variance,EQ_SLB,0.0
2021-09-01,combined_min_variance,EQ_SLB,2.1616377003264763e-13
2021-10-01,combined_min_variance,EQ_SLB,0.001981437481304796
2021-11-01,combined_min_variance,EQ_SLB,0.0
2021-12-01,combined_min_variance,EQ_SLB,1.107337995979099e-13
2022-01-03,combined_min_variance,EQ_SLB,5.2902991125467525e-11
2022-02-01,combined_min_variance,EQ_SLB,4.135418250821373e-11
2022-03-01,combined_min_variance,EQ_SLB,9.469020994425956e-12
2022-04-01,combined_min_variance,EQ_SLB,1.8060155780011443e-13
2022-05-02,combined_min_variance,EQ_SLB,3.6015135708574384e-14
2022-06-01,combined_min_variance,EQ_SLB,9.849121648438295e-14
2022-07-01,combined_min_variance,EQ_SLB,3.121707646288424e-11
2022-08-01,combined_min_variance,EQ_SLB,5.524488825741401e-12
2022-09-01,combined_min_variance,EQ_SLB,4.99283595867661e-12
2022-10-03,combined_min_variance,EQ_SLB,5.089727977389743e-11
2022-11-01,combined_min_variance,EQ_SLB,3.6335557535388976e-11
2022-12-01,combined_min_variance,EQ_SLB,9.127434054940855e-13
2023-01-03,combined_min_variance,EQ_SLB,1.1480789696099157e-11
2023-02-01,combined_min_variance,EQ_SLB,7.964999668727262e-12
2023-03-01,combined_min_variance,EQ_SLB,1.0539349903576244e-11
2023-04-03,combined_min_variance,EQ_SLB,3.0863546133562663e-12
2023-05-01,combined_min_variance,EQ_SLB,1.0461062575168458e-10
2023-06-01,combined_min_variance,EQ_SLB,0.0
2023-07-03,combined_min_variance,EQ_SLB,6.517806896043136e-12
2023-08-01,combined_min_variance,EQ_SLB,1.6371129657024675e-11
2023-09-01,combined_min_variance,EQ_SLB,2.998872451768631e-14
2023-10-02,combined_min_variance,EQ_SLB,6.397112615839384e-14
2023-11-01,combined_min_variance,EQ_SLB,1.710495069498157e-12
2023-12-01,combined_min_variance,EQ_SLB,2.628074819848494e-16
2021-01-04,combined_min_variance,EQ_SO,8.782282801400977e-11
2021-02-01,combined_min_variance,EQ_SO,4.0461567792612006e-11
2021-03-01,combined_min_variance,EQ_SO,0.0
2021-04-01,combined_min_variance,EQ_SO,1.785384098172785e-15
2021-05-03,combined_min_variance,EQ_SO,3.5476731318304154e-12
2021-06-01,combined_min_variance,EQ_SO,3.214619961606937e-14
2021-07-01,combined_min_variance,EQ_SO,0.0
2021-08-02,combined_min_variance,EQ_SO,0.0
2021-09-01,combined_min_variance,EQ_SO,0.0
2021-10-01,combined_min_variance,EQ_SO,1.3907039886877546e-11
2021-11-01,combined_min_variance,EQ_SO,0.0
2021-12-01,combined_min_variance,EQ_SO,0.008569078976414669
2022-01-03,combined_min_variance,EQ_SO,0.00801643205561616
2022-02-01,combined_min_variance,EQ_SO,0.10875008006195298
2022-03-01,combined_min_variance,EQ_SO,0.09248792928752593
2022-04-01,combined_min_variance,EQ_SO,0.10081346086914668
2022-05-02,combined_min_variance,EQ_SO,0.06721867221689994
2022-06-01,combined_min_variance,EQ_SO,0.05079107059776919
2022-07-01,combined_min_variance,EQ_SO,0.003281985758903403
2022-08-01,combined_min_variance,EQ_SO,0.0025354792877385437
2022-09-01,combined_min_variance,EQ_SO,0.0306231719387438
2022-10-03,combined_min_variance,EQ_SO,3.4965824481860435e-13
2022-11-01,combined_min_variance,EQ_SO,3.7282545474233867e-13
2022-12-01,combined_min_variance,EQ_SO,2.2637740586532106e-13
2023-01-03,combined_min_variance,EQ_SO,5.3888055007418556e-12
2023-02-01,combined_min_variance,EQ_SO,6.433507889271494e-14
2023-03-01,combined_min_variance,EQ_SO,4.979515009726921e-12
2023-04-03,combined_min_variance,EQ_SO,2.806391573868551e-12
2023-05-01,combined_min_variance,EQ_SO,5.221604202624373e-17
2023-06-01,combined_min_variance,EQ_SO,0.0
2023-07-03,combined_min_variance,EQ_SO,1.4199484340704131e-11
2023-08-01,combined_min_variance,EQ_SO,3.061757406133851e-13
2023-09-01,combined_min_variance,EQ_SO,2.216522226758255e-11
2023-10-02,combined_min_variance,EQ_SO,6.292700730563925e-13
2023-11-01,combined_min_variance,EQ_SO,1.265324183396399e-13
2023-12-01,combined_min_variance,EQ_SO,2.031445804827228e-15
2021-01-04,combined_min_variance,EQ_T,0.0
2021-02-01,combined_min_variance,EQ_T,2.400052914149851e-09
2021-03-01,combined_min_variance,EQ_T,1.4576479794145194e-09
2021-04-01,combined_min_variance,EQ_T,0.09551906327573179
2021-05-03,combined_min_variance,EQ_T,0.11500195417126151
2021-06-01,combined_min_variance,EQ_T,0.11681082363073594
2021-07-01,combined_min_variance,EQ_T,0.16470750485151175
2021-08-02,combined_min_variance,EQ_T,0.1658952409322116
2021-09-01,combined_min_variance,EQ_T,0.16538154744157044
2021-10-01,combined_min_variance,EQ_T,0.13467004683071507
2021-11-01,combined_min_variance,EQ_T,0.11052897180929978
2021-12-01,combined_min_variance,EQ_T,0.0883033101388382
2022-01-03,combined_min_variance,EQ_T,0.07343335709242743
2022-02-01,combined_min_variance,EQ_T,0.009090568983500157
2022-03-01,combined_min_variance,EQ_T,2.0543818757510933e-14
2022-04-01,combined_min_variance,EQ_T,3.830755427120453e-13
2022-05-02,combined_min_variance,EQ_T,1.962610758953488e-13
2022-06-01,combined_min_variance,EQ_T,7.563671551415963e-14
2022-07-01,combined_min_variance,EQ_T,9.105977928673755e-12
2022-08-01,combined_min_variance,EQ_T,2.2343366080211478e-12
2022-09-01,combined_min_variance,EQ_T,0.0
2022-10-03,combined_min_variance,EQ_T,7.877137834816028e-11
2022-11-01,combined_min_variance,EQ_T,3.210934386010367e-13
2022-12-01,combined_min_variance,EQ_T,1.2446389305510292e-10
2023-01-03,combined_min_variance,EQ_T,0.004344113747043457
2023-02-01,combined_min_variance,EQ_T,0.029386033714645973
2023-03-01,combined_min_variance,EQ_T,0.04351961313513451
2023-04-03,combined_min_variance,EQ_T,0.05101989028364798
2023-05-01,combined_min_variance,EQ_T,0.03574229027345586
2023-06-01,combined_min_variance,EQ_T,0.027982341155181386
2023-07-03,combined_min_variance,EQ_T,0.0455342045043441
2023-08-01,combined_min_variance,EQ_T,0.02851551613701326
2023-09-01,combined_min_variance,EQ_T,0.03408111029475251
2023-10-02,combined_min_variance,EQ_T,0.029657162629886522
2023-11-01,combined_min_variance,EQ_T,0.04098602663130112
2023-12-01,combined_min_variance,EQ_T,0.03474429165495205
2021-01-04,combined_min_variance,EQ_TMUS,0.0
2021-02-01,combined_min_variance,EQ_TMUS,1.0713174231716775e-09
2021-03-01,combined_min_variance,EQ_TMUS,7.077802309326956e-10
2021-04-01,combined_min_variance,EQ_TMUS,1.531280049271934e-14
2021-05-03,combined_min_variance,EQ_TMUS,1.488492333563764e-11
2021-06-01,combined_min_variance,EQ_TMUS,2.1213560117401976e-14
2021-07-01,combined_min_variance,EQ_TMUS,0.0
2021-08-02,combined_min_variance,EQ_TMUS,7.431859273148694e-12
2021-09-01,combined_min_variance,EQ_TMUS,0.0
2021-10-01,combined_min_variance,EQ_TMUS,1.2732758857380059e-11
2021-11-01,combined_min_variance,EQ_TMUS,0.0008575534734863058
2021-12-01,combined_min_variance,EQ_TMUS,0.0
2022-01-03,combined_min_variance,EQ_TMUS,4.788311086540194e-11
2022-02-01,combined_min_variance,EQ_TMUS,8.35537109560776e-11
2022-03-01,combined_min_variance,EQ_TMUS,2.51910521600749e-14
2022-04-01,combined_min_variance,EQ_TMUS,0.014572619782330848
2022-05-02,combined_min_variance,EQ_TMUS,1.6604425573913646e-13
2022-06-01,combined_min_variance,EQ_TMUS,2.0842862593532008e-14
2022-07-01,combined_min_variance,EQ_TMUS,3.159979223778925e-12
2022-08-01,combined_min_variance,EQ_TMUS,2.245120359426028e-12
2022-09-01,combined_min_variance,EQ_TMUS,0.0
2022-10-03,combined_min_variance,EQ_TMUS,1.4598808608578737e-13
2022-11-01,combined_min_variance,EQ_TMUS,1.5140653258469487e-13
2022-12-01,combined_min_variance,EQ_TMUS,1.6040186923922488e-11
2023-01-03,combined_min_variance,EQ_TMUS,7.667752169468661e-13
2023-02-01,combined_min_variance,EQ_TMUS,2.7815878348458618e-11
2023-03-01,combined_min_variance,EQ_TMUS,1.0675505672008114e-11
2023-04-03,combined_min_variance,EQ_TMUS,3.268696152860294e-12
2023-05-01,combined_min_variance,EQ_TMUS,0.0
2023-06-01,combined_min_variance,EQ_TMUS,0.0007886475077796079
2023-07-03,combined_min_variance,EQ_TMUS,0.033787090191569544
2023-08-01,combined_min_variance,EQ_TMUS,0.05680772395551533
2023-09-01,combined_min_variance,EQ_TMUS,0.0404195231351223
2023-10-02,combined_min_variance,EQ_TMUS,0.068244233368871
2023-11-01,combined_min_variance,EQ_TMUS,0.06317982433429754
2023-12-01,combined_min_variance,EQ_TMUS,0.06530347717152984
2021-01-04,combined_min_variance,EQ_TTWO,0.042192840953550644
2021-02-01,combined_min_variance,EQ_TTWO,0.03565792623341464
2021-03-01,combined_min_variance,EQ_TTWO,0.016242587133462737
2021-04-01,combined_min_variance,EQ_TTWO,0.07773177468866703
2021-05-03,combined_min_variance,EQ_TTWO,0.05848330510342983
2021-06-01,combined_min_variance,EQ_TTWO,0.05784264853659203
2021-07-01,combined_min_variance,EQ_TTWO,0.051971558539212134
2021-08-02,combined_min_variance,EQ_TTWO,0.05961189573463456
2021-09-01,combined_min_variance,EQ_TTWO,0.06171497886040323
2021-10-01,combined_min_variance,EQ_TTWO,0.040587408029372496
2021-11-01,combined_min_variance,EQ_TTWO,0.02694521454311407
2021-12-01,combined_min_variance,EQ_TTWO,0.02157319435226309
2022-01-03,combined_min_variance,EQ_TTWO,0.019374692791996585
2022-02-01,combined_min_variance,EQ_TTWO,0.031341750868209985
2022-03-01,combined_min_variance,EQ_TTWO,0.04037912662528308
2022-04-01,combined_min_variance,EQ_TTWO,0.03350208313730017
2022-05-02,combined_min_variance,EQ_TTWO,0.038624131354038256
2022-06-01,combined_min_variance,EQ_TTWO,0.02549661192185028
2022-07-01,combined_min_variance,EQ_TTWO,0.02745469125329227
2022-08-01,combined_min_variance,EQ_TTWO,0.027288135523659485
2022-09-01,combined_min_variance,EQ_TTWO,0.012174251226321903
2022-10-03,combined_min_variance,EQ_TTWO,0.013634486258201942
2022-11-01,combined_min_variance,EQ_TTWO,0.018656580400220498
2022-12-01,combined_min_variance,EQ_TTWO,0.03398912479342259
2023-01-03,combined_min_variance,EQ_TTWO,0.03325917719185007
2023-02-01,combined_min_variance,EQ_TTWO,0.021137346358147752
2023-03-01,combined_min_variance,EQ_TTWO,0.027358097050785467
2023-04-03,combined_min_variance,EQ_TTWO,0.023163535100581632
2023-05-01,combined_min_variance,EQ_TTWO,0.02215471751706373
2023-06-01,combined_min_variance,EQ_TTWO,1.7522520478358366e-11
2023-07-03,combined_min_variance,EQ_TTWO,0.0
2023-08-01,combined_min_variance,EQ_TTWO,9.821860353824998e-11
2023-09-01,combined_min_variance,EQ_TTWO,0.009931070371458014
2023-10-02,combined_min_variance,EQ_TTWO,0.009434522747550054
2023-11-01,combined_min_variance,EQ_TTWO,2.283604399862158e-13
2023-12-01,combined_min_variance,EQ_TTWO,6.384741902962567e-15
2021-01-04,combined_min_variance,EQ_UPS,0.017596916741284854
2021-02-01,combined_min_variance,EQ_UPS,0.01103093337671167
2021-03-01,combined_min_variance,EQ_UPS,0.02232698640213689
2021-04-01,combined_min_variance,EQ_UPS,3.2862359039681994e-15
2021-05-03,combined_min_variance,EQ_UPS,1.251914516847378e-11
2021-06-01,combined_min_variance,EQ_UPS,6.741036773789479e-15
2021-07-01,combined_min_variance,EQ_UPS,5.879312820897755e-14
2021-08-02,combined_min_variance,EQ_UPS,0.0
2021-09-01,combined_min_variance,EQ_UPS,0.0
2021-10-01,combined_min_variance,EQ_UPS,1.5878188346295475e-11
2021-11-01,combined_min_variance,EQ_UPS,0.007619995350716702
2021-12-01,combined_min_variance,EQ_UPS,0.00040440320935241443
2022-01-03,combined_min_variance,EQ_UPS,0.0034023371692020556
2022-02-01,combined_min_variance,EQ_UPS,0.002396145339071502
2022-03-01,combined_min_variance,EQ_UPS,0.011893351928749815
2022-04-01,combined_min_variance,EQ_UPS,1.8213934129166956e-12
2022-05-02,combined_min_variance,EQ_UPS,1.4282925768436138e-13
2022-06-01,combined_min_variance,EQ_UPS,0.0038484258614955927
2022-07-01,combined_min_variance,EQ_UPS,0.008363799346761094
2022-08-01,combined_min_variance,EQ_UPS,2.3028569212438705e-13
2022-09-01,combined_min_variance,EQ_UPS,0.004226129416880509
2022-10-03,combined_min_variance,EQ_UPS,0.0009303711851982804
2022-11-01,combined_min_variance,EQ_UPS,0.014406413136286128
2022-12-01,combined_min_variance,EQ_UPS,1.4276103239886826e-10
2023-01-03,combined_min_variance,EQ_UPS,5.937263119635837e-13
2023-02-01,combined_min_variance,EQ_UPS,5.1482700073147724e-11
2023-03-01,combined_min_variance,EQ_UPS,0.0
2023-04-03,combined_min_variance,EQ_UPS,1.9898718820867537e-12
2023-05-01,combined_min_variance,EQ_UPS,8.693677983586006e-16
2023-06-01,combined_min_variance,EQ_UPS,0.0
2023-07-03,combined_min_variance,EQ_UPS,0.0
2023-08-01,combined_min_variance,EQ_UPS,5.977794662042614e-11
2023-09-01,combined_min_variance,EQ_UPS,1.5517894567214335e-13
2023-10-02,combined_min_variance,EQ_UPS,1.140152179537998e-13
2023-11-01,combined_min_variance,EQ_UPS,1.8375733954983085e-14
2023-12-01,combined_min_variance,EQ_UPS,3.484956438511503e-16
2021-01-04,combined_min_variance,EQ_USB,0.0
2021-02-01,combined_min_variance,EQ_USB,1.3543955146939086e-09
2021-03-01,combined_min_variance,EQ_USB,9.265896886673184e-10
2021-04-01,combined_min_variance,EQ_USB,4.4632551847765465e-11
2021-05-03,combined_min_variance,EQ_USB,5.807842332610443e-15
2021-06-01,combined_min_variance,EQ_USB,2.265656971666753e-11
2021-07-01,combined_min_variance,EQ_USB,1.2942787527095857e-13
2021-08-02,combined_min_variance,EQ_USB,2.463095074540601e-12
2021-09-01,combined_min_variance,EQ_USB,0.0
2021-10-01,combined_min_variance,EQ_USB,2.020077479527089e-11
2021-11-01,combined_min_variance,EQ_USB,5.992160497850261e-11
2021-12-01,combined_min_variance,EQ_USB,1.524877939502835e-14
2022-01-03,combined_min_variance,EQ_USB,6.018986113119881e-11
2022-02-01,combined_min_variance,EQ_USB,3.3913450711935606e-18
2022-03-01,combined_min_variance,EQ_USB,1.9977958950810643e-14
2022-04-01,combined_min_variance,EQ_USB,8.530339615615085e-13
2022-05-02,combined_min_variance,EQ_USB,7.778130222741878e-14
2022-06-01,combined_min_variance,EQ_USB,4.741070457414028e-13
2022-07-01,combined_min_variance,EQ_USB,3.2263683868042926e-13
2022-08-01,combined_min_variance,EQ_USB,3.046042329039317e-13
2022-09-01,combined_min_variance,EQ_USB,0.0
2022-10-03,combined_min_variance,EQ_USB,2.8294853359313033e-13
2022-11-01,combined_min_variance,EQ_USB,3.0119258775618424e-13
2022-12-01,combined_min_variance,EQ_USB,1.7961610452125356e-11
2023-01-03,combined_min_variance,EQ_USB,5.260861486818472e-13
2023-02-01,combined_min_variance,EQ_USB,3.7165182318278356e-14
2023-03-01,combined_min_variance,EQ_USB,0.0
2023-04-03,combined_min_variance,EQ_USB,2.244360353070163e-12
2023-05-01,combined_min_variance,EQ_USB,5.940584963557049e-16
2023-06-01,combined_min_variance,EQ_USB,0.0
2023-07-03,combined_min_variance,EQ_USB,2.921149956284186e-11
2023-08-01,combined_min_variance,EQ_USB,1.5458426628835121e-13
2023-09-01,combined_min_variance,EQ_USB,2.3696579228504074e-11
2023-10-02,combined_min_variance,EQ_USB,1.5373844159549171e-12
2023-11-01,combined_min_variance,EQ_USB,9.903830569738858e-12
2023-12-01,combined_min_variance,EQ_USB,1.8472324297721295e-13
2021-01-04,combined_min_variance,EQ_V,6.936638836637632e-12
2021-02-01,combined_min_variance,EQ_V,1.4503317208065276e-12
2021-03-01,combined_min_variance,EQ_V,0.0
2021-04-01,combined_min_variance,EQ_V,4.577920685539107e-14
2021-05-03,combined_min_variance,EQ_V,5.242468590403902e-12
2021-06-01,combined_min_variance,EQ_V,1.8661260952716803e-14
2021-07-01,combined_min_variance,EQ_V,0.0
2021-08-02,combined_min_variance,EQ_V,7.41118356315741e-12
2021-09-01,combined_min_variance,EQ_V,1.8790456158202818e-13
2021-10-01,combined_min_variance,EQ_V,7.8483255695876e-12
2021-11-01,combined_min_variance,EQ_V,0.0
2021-12-01,combined_min_variance,EQ_V,4.668336782010832e-14
2022-01-03,combined_min_variance,EQ_V,4.707633065462469e-11
2022-02-01,combined_min_variance,EQ_V,3.508677946444661e-11
2022-03-01,combined_min_variance,EQ_V,4.446076120040331e-15
2022-04-01,combined_min_variance,EQ_V,1.423046983635733e-12
2022-05-02,combined_min_variance,EQ_V,1.372872247531938e-13
2022-06-01,combined_min_variance,EQ_V,1.488936178428135e-13
2022-07-01,combined_min_variance,EQ_V,7.505948113492583e-14
2022-08-01,combined_min_variance,EQ_V,9.274667630670703e-14
2022-09-01,combined_min_variance,EQ_V,0.0
2022-10-03,combined_min_variance,EQ_V,1.8404576597476748e-13
2022-11-01,combined_min_variance,EQ_V,1.852742400655899e-13
2022-12-01,combined_min_variance,EQ_V,1.4566683792147584e-12
2023-01-03,combined_min_variance,EQ_V,3.2261241697883784e-11
2023-02-01,combined_min_variance,EQ_V,1.8166207922977023e-14
2023-03-01,combined_min_variance,EQ_V,2.9658801809236977e-13
2023-04-03,combined_min_variance,EQ_V,8.108269060282885e-13
2023-05-01,combined_min_variance,EQ_V,6.031979548149985e-17
2023-06-01,combined_min_variance,EQ_V,5.552622160106782e-12
2023-07-03,combined_min_variance,EQ_V,0.0
2023-08-01,combined_min_variance,EQ_V,0.007887537452424065
2023-09-01,combined_min_variance,EQ_V,0.02088735754610497
2023-10-02,combined_min_variance,EQ_V,0.03759428051979375
2023-11-01,combined_min_variance,EQ_V,0.03873868231246051
2023-12-01,combined_min_variance,EQ_V,0.0729108916344052
2021-01-04,combined_min_variance,EQ_WFC,2.928878299420382e-11
2021-02-01,combined_min_variance,EQ_WFC,5.97862709838017e-11
2021-03-01,combined_min_variance,EQ_WFC,0.0
2021-04-01,combined_min_variance,EQ_WFC,4.6403957164732844e-11
2021-05-03,combined_min_variance,EQ_WFC,9.662679275014532e-12
2021-06-01,combined_min_variance,EQ_WFC,5.1419003927706575e-12
2021-07-01,combined_min_variance,EQ_WFC,8.532146530572182e-14
2021-08-02,combined_min_variance,EQ_WFC,8.272699573617519e-13
2021-09-01,combined_min_variance,EQ_WFC,0.0
2021-10-01,combined_min_variance,EQ_WFC,1.6602406605548233e-11
2021-11-01,combined_min_variance,EQ_WFC,0.0
2021-12-01,combined_min_variance,EQ_WFC,2.6306401448163068e-14
2022-01-03,combined_min_variance,EQ_WFC,4.718311963771913e-11
2022-02-01,combined_min_variance,EQ_WFC,8.826094462393323e-11
2022-03-01,combined_min_variance,EQ_WFC,2.3617922072737324e-14
2022-04-01,combined_min_variance,EQ_WFC,0.0
2022-05-02,combined_min_variance,EQ_WFC,3.545345300166379e-14
2022-06-01,combined_min_variance,EQ_WFC,2.627717817586135e-13
2022-07-01,combined_min_variance,EQ_WFC,1.2589125789895762e-13
2022-08-01,combined_min_variance,EQ_WFC,4.0573200448564526e-14
2022-09-01,combined_min_variance,EQ_WFC,0.0
2022-10-03,combined_min_variance,EQ_WFC,1.000559366672922e-11
2022-11-01,combined_min_variance,EQ_WFC,1.8399971840992227e-11
2022-12-01,combined_min_variance,EQ_WFC,1.3200139289839274e-12
2023-01-03,combined_min_variance,EQ_WFC,2.1449406022589896e-11
2023-02-01,combined_min_variance,EQ_WFC,1.1278698051463873e-14
2023-03-01,combined_min_variance,EQ_WFC,0.0
2023-04-03,combined_min_variance,EQ_WFC,1.4024181143397193e-12
2023-05-01,combined_min_variance,EQ_WFC,0.0
2023-06-01,combined_min_variance,EQ_WFC,4.471888965951258e-12
2023-07-03,combined_min_variance,EQ_WFC,0.0
2023-08-01,combined_min_variance,EQ_WFC,2.6686494084497355e-11
2023-09-01,combined_min_variance,EQ_WFC,1.527602768725648e-13
2023-10-02,combined_min_variance,EQ_WFC,1.5068641782530155e-13
2023-11-01,combined_min_variance,EQ_WFC,1.444921959378407e-13
2023-12-01,combined_min_variance,EQ_WFC,2.689039359848668e-16
2021-01-04,combined_min_variance,EQ_WMT,0.19999999972524768
2021-02-01,combined_min_variance,EQ_WMT,0.19999998376547246
2021-03-01,combined_min_variance,EQ_WMT,0.19999998902456675
2021-04-01,combined_min_variance,EQ_WMT,0.19999999943251123
2021-05-03,combined_min_variance,EQ_WMT,0.19988675562437078
2021-06-01,combined_min_variance,EQ_WMT,0.17279046764858522
2021-07-01,combined_min_variance,EQ_WMT,0.10215539293603514
2021-08-02,combined_min_variance,EQ_WMT,0.1060449594687483
2021-09-01,combined_min_variance,EQ_WMT,0.11720093399602126
2021-10-01,combined_min_variance,EQ_WMT,0.12842500813393043
2021-11-01,combined_min_variance,EQ_WMT,0.10690139129491306
2021-12-01,combined_min_variance,EQ_WMT,0.11191962290978112
2022-01-03,combined_min_variance,EQ_WMT,0.113876994877256
2022-02-01,combined_min_variance,EQ_WMT,0.09408355264978577
2022-03-01,combined_min_variance,EQ_WMT,0.13146042644554143
2022-04-01,combined_min_variance,EQ_WMT,0.11672033252006885
2022-05-02,combined_min_variance,EQ_WMT,0.10763286175454147
2022-06-01,combined_min_variance,EQ_WMT,0.08699024093002555
2022-07-01,combined_min_variance,EQ_WMT,0.11139905463336194
2022-08-01,combined_min_variance,EQ_WMT,0.10904823513419643
2022-09-01,combined_min_variance,EQ_WMT,0.09913166578580872
2022-10-03,combined_min_variance,EQ_WMT,0.11570389496293129
2022-11-01,combined_min_variance,EQ_WMT,0.1114423743814954
2022-12-01,combined_min_variance,EQ_WMT,0.1134324153041684
2023-01-03,combined_min_variance,EQ_WMT,0.1078415928821545
2023-02-01,combined_min_variance,EQ_WMT,0.10189057419375816
2023-03-01,combined_min_variance,EQ_WMT,0.09550326466991707
2023-04-03,combined_min_variance,EQ_WMT,0.10426309070077991
2023-05-01,combined_min_variance,EQ_WMT,0.11911581376639176
2023-06-01,combined_min_variance,EQ_WMT,0.16489229115244358
2023-07-03,combined_min_variance,EQ_WMT,0.13781968769492628
2023-08-01,combined_min_variance,EQ_WMT,0.14029012790742176
2023-09-01,combined_min_variance,EQ_WMT,0.19036083789784347
2023-10-02,combined_min_variance,EQ_WMT,0.17301111704648806
2023-11-01,combined_min_variance,EQ_WMT,0.19508103640443106
2023-12-01,combined_min_variance,EQ_WMT,0.17059131491771332
2021-01-04,combined_min_variance,EQ_XOM,0.0
2021-02-01,combined_min_variance,EQ_XOM,3.360813765743207e-09
2021-03-01,combined_min_variance,EQ_XOM,2.51927168383285e-09
2021-04-01,combined_min_variance,EQ_XOM,6.973008635086893e-11
2021-05-03,combined_min_variance,EQ_XOM,1.901458667847239e-11
2021-06-01,combined_min_variance,EQ_XOM,1.783401921084611e-15
2021-07-01,combined_min_variance,EQ_XOM,1.6046528283337553e-13
2021-08-02,combined_min_variance,EQ_XOM,0.0
2021-09-01,combined_min_variance,EQ_XOM,0.0
2021-10-01,combined_min_variance,EQ_XOM,2.4121622515514234e-11
2021-11-01,combined_min_variance,EQ_XOM,0.0
2021-12-01,combined_min_variance,EQ_XOM,6.377866695521895e-14
2022-01-03,combined_min_variance,EQ_XOM,8.155430576686918e-11
2022-02-01,combined_min_variance,EQ_XOM,6.641814282858399e-11
2022-03-01,combined_min_variance,EQ_XOM,1.888060299080119e-14
2022-04-01,combined_min_variance,EQ_XOM,1.1165902661767733e-12
2022-05-02,combined_min_variance,EQ_XOM,1.9694053037947957e-13
2022-06-01,combined_min_variance,EQ_XOM,3.385110334580802e-13
2022-07-01,combined_min_variance,EQ_XOM,2.419782456577538e-13
2022-08-01,combined_min_variance,EQ_XOM,2.181928127977005e-13
2022-09-01,combined_min_variance,EQ_XOM,1.985445337998929e-12
2022-10-03,combined_min_variance,EQ_XOM,2.5539836699802785e-13
2022-11-01,combined_min_variance,EQ_XOM,2.7507064148066385e-11
2022-12-01,combined_min_variance,EQ_XOM,0.015332426758408648
2023-01-03,combined_min_variance,EQ_XOM,0.00730330841082275
2023-02-01,combined_min_variance,EQ_XOM,0.005933189122778013
2023-03-01,combined_min_variance,EQ_XOM,0.0
2023-04-03,combined_min_variance,EQ_XOM,0.009671305236402578
2023-05-01,combined_min_variance,EQ_XOM,0.0
2023-06-01,combined_min_variance,EQ_XOM,8.166762339739401e-12
2023-07-03,combined_min_variance,EQ_XOM,0.007646372012321696
2023-08-01,combined_min_variance,EQ_XOM,0.009646732507249262
2023-09-01,combined_min_variance,EQ_XOM,0.019172229008619427
2023-10-02,combined_min_variance,EQ_XOM,5.435328981154756e-13
2023-11-01,combined_min_variance,EQ_XOM,2.6134553733502325e-12
2023-12-01,combined_min_variance,EQ_XOM,1.213305577840387e-11
2021-01-04,combined_min_variance,CR_ADA-USD,5.6372183976969426e-11
2021-02-01,combined_min_variance,CR_ADA-USD,8.877148502433835e-11
2021-03-01,combined_min_variance,CR_ADA-USD,0.0
2021-04-01,combined_min_variance,CR_ADA-USD,7.967891635987504e-11
2021-05-03,combined_min_variance,CR_ADA-USD,0.0
2021-06-01,combined_min_variance,CR_ADA-USD,6.207741405550818e-14
2021-07-01,combined_min_variance,CR_ADA-USD,0.0
2021-08-02,combined_min_variance,CR_ADA-USD,2.0363988333563613e-12
2021-09-01,combined_min_variance,CR_ADA-USD,1.4129984451181787e-13
2021-10-01,combined_min_variance,CR_ADA-USD,6.708649304527932e-12
2021-11-01,combined_min_variance,CR_ADA-USD,0.0
2021-12-01,combined_min_variance,CR_ADA-USD,1.1107522694194155e-13
2022-01-03,combined_min_variance,CR_ADA-USD,2.8943743188522198e-11
2022-02-01,combined_min_variance,CR_ADA-USD,3.3204648886659827e-12
2022-03-01,combined_min_variance,CR_ADA-USD,1.0317906584104214e-10
2022-04-01,combined_min_variance,CR_ADA-USD,0.0
2022-05-02,combined_min_variance,CR_ADA-USD,2.3064882831004746e-11
2022-06-01,combined_min_variance,CR_ADA-USD,2.6408673019916984e-13
2022-07-01,combined_min_variance,CR_ADA-USD,9.585369132017875e-13
2022-08-01,combined_min_variance,CR_ADA-USD,4.54783910655986e-13
2022-09-01,combined_min_variance,CR_ADA-USD,0.0
2022-10-03,combined_min_variance,CR_ADA-USD,6.416886553092551e-13
2022-11-01,combined_min_variance,CR_ADA-USD,1.6084102534178913e-12
2022-12-01,combined_min_variance,CR_ADA-USD,5.459783801549213e-11
2023-01-03,combined_min_variance,CR_ADA-USD,1.9707400289262788e-12
2023-02-01,combined_min_variance,CR_ADA-USD,2.1190687315745708e-10
2023-03-01,combined_min_variance,CR_ADA-USD,2.4458328762917822e-12
2023-04-03,combined_min_variance,CR_ADA-USD,2.888080252399329e-13
2023-05-01,combined_min_variance,CR_ADA-USD,5.922894843802003e-16
2023-06-01,combined_min_variance,CR_ADA-USD,9.364117681120056e-12
2023-07-03,combined_min_variance,CR_ADA-USD,4.011579983519151e-12
2023-08-01,combined_min_variance,CR_ADA-USD,5.559464199412962e-13
2023-09-01,combined_min_variance,CR_ADA-USD,2.1128947546289633e-11
2023-10-02,combined_min_variance,CR_ADA-USD,2.230479075064311e-12
2023-11-01,combined_min_variance,CR_ADA-USD,5.593292247615876e-14
2023-12-01,combined_min_variance,CR_ADA-USD,7.895987911169595e-12
2021-01-04,combined_min_variance,CR_BCH-USD,0.0
2021-02-01,combined_min_variance,CR_BCH-USD,3.160018060423454e-11
2021-03-01,combined_min_variance,CR_BCH-USD,0.0
2021-04-01,combined_min_variance,CR_BCH-USD,8.608094312694293e-12
2021-05-03,combined_min_variance,CR_BCH-USD,0.0
2021-06-01,combined_min_variance,CR_BCH-USD,2.5884837578549807e-11
2021-07-01,combined_min_variance,CR_BCH-USD,0.0
2021-08-02,combined_min_variance,CR_BCH-USD,1.5655312699431907e-11
2021-09-01,combined_min_variance,CR_BCH-USD,4.5015507041612245e-13
2021-10-01,combined_min_variance,CR_BCH-USD,9.876477380030092e-20
2021-11-01,combined_min_variance,CR_BCH-USD,3.5348738262114564e-11
2021-12-01,combined_min_variance,CR_BCH-USD,2.747815964612293e-15
2022-01-03,combined_min_variance,CR_BCH-USD,7.851538673716987e-11
2022-02-01,combined_min_variance,CR_BCH-USD,3.6462947479581985e-12
2022-03-01,combined_min_variance,CR_BCH-USD,1.7293267883719834e-11
2022-04-01,combined_min_variance,CR_BCH-USD,0.0
2022-05-02,combined_min_variance,CR_BCH-USD,3.789502895056095e-13
2022-06-01,combined_min_variance,CR_BCH-USD,6.563154185766327e-13
2022-07-01,combined_min_variance,CR_BCH-USD,4.615257406315843e-13
2022-08-01,combined_min_variance,CR_BCH-USD,3.6514164560269856e-13
2022-09-01,combined_min_variance,CR_BCH-USD,1.012353438633102e-12
2022-10-03,combined_min_variance,CR_BCH-USD,3.6546582646778653e-13
2022-11-01,combined_min_variance,CR_BCH-USD,2.891299968988938e-13
2022-12-01,combined_min_variance,CR_BCH-USD,1.5735787417157594e-10
2023-01-03,combined_min_variance,CR_BCH-USD,2.941179334399905e-13
2023-02-01,combined_min_variance,CR_BCH-USD,5.285823555576637e-10
2023-03-01,combined_min_variance,CR_BCH-USD,0.0
2023-04-03,combined_min_variance,CR_BCH-USD,5.021324585740256e-13
2023-05-01,combined_min_variance,CR_BCH-USD,1.5504736820769016e-15
2023-06-01,combined_min_variance,CR_BCH-USD,1.48752660189498e-11
2023-07-03,combined_min_variance,CR_BCH-USD,0.0
2023-08-01,combined_min_variance,CR_BCH-USD,1.0953852679862404e-10
2023-09-01,combined_min_variance,CR_BCH-USD,2.8535478695054197e-13
2023-10-02,combined_min_variance,CR_BCH-USD,3.268912429661201e-13
2023-11-01,combined_min_variance,CR_BCH-USD,5.2473022538689574e-14
2023-12-01,combined_min_variance,CR_BCH-USD,5.208710969477299e-12
2021-01-04,combined_min_variance,CR_BTC-USD,0.0
2021-02-01,combined_min_variance,CR_BTC-USD,2.06862904789454e-09
2021-03-01,combined_min_variance,CR_BTC-USD,1.2449445870136975e-09
2021-04-01,combined_min_variance,CR_BTC-USD,0.0029404672362130686
2021-05-03,combined_min_variance,CR_BTC-USD,0.005572194146306265
2021-06-01,combined_min_variance,CR_BTC-USD,1.0418165013793436e-10
2021-07-01,combined_min_variance,CR_BTC-USD,7.376456213915333e-13
2021-08-02,combined_min_variance,CR_BTC-USD,0.0
2021-09-01,combined_min_variance,CR_BTC-USD,0.0
2021-10-01,combined_min_variance,CR_BTC-USD,1.2655864904643696e-11
2021-11-01,combined_min_variance,CR_BTC-USD,0.0
2021-12-01,combined_min_variance,CR_BTC-USD,0.0
2022-01-03,combined_min_variance,CR_BTC-USD,3.3227413596793665e-11
2022-02-01,combined_min_variance,CR_BTC-USD,8.709205007763239e-11
2022-03-01,combined_min_variance,CR_BTC-USD,9.543918148993868e-05
2022-04-01,combined_min_variance,CR_BTC-USD,0.0008311337993851368
2022-05-02,combined_min_variance,CR_BTC-USD,1.5709055080006985e-13
2022-06-01,combined_min_variance,CR_BTC-USD,0.01020721027253383
2022-07-01,combined_min_variance,CR_BTC-USD,1.4273240384398824e-13
2022-08-01,combined_min_variance,CR_BTC-USD,1.509480485785101e-13
2022-09-01,combined_min_variance,CR_BTC-USD,0.0
2022-10-03,combined_min_variance,CR_BTC-USD,2.482878946538676e-13
2022-11-01,combined_min_variance,CR_BTC-USD,8.514734743114743e-13
2022-12-01,combined_min_variance,CR_BTC-USD,3.9878007398681644e-11
2023-01-03,combined_min_variance,CR_BTC-USD,9.566276292790218e-13
2023-02-01,combined_min_variance,CR_BTC-USD,1.1773395980462974e-10
2023-03-01,combined_min_variance,CR_BTC-USD,1.7944559330335132e-12
2023-04-03,combined_min_variance,CR_BTC-USD,4.649114030644477e-13
2023-05-01,combined_min_variance,CR_BTC-USD,0.0
2023-06-01,combined_min_variance,CR_BTC-USD,0.0
2023-07-03,combined_min_variance,CR_BTC-USD,0.0
2023-08-01,combined_min_variance,CR_BTC-USD,1.691028676667529e-11
2023-09-01,combined_min_variance,CR_BTC-USD,1.8122571507613972e-13
2023-10-02,combined_min_variance,CR_BTC-USD,4.25024236327426e-15
2023-11-01,combined_min_variance,CR_BTC-USD,1.8816191232313284e-13
2023-12-01,combined_min_variance,CR_BTC-USD,0.012025484311398504
2021-01-04,combined_min_variance,CR_EOS-USD,0.0
2021-02-01,combined_min_variance,CR_EOS-USD,2.4648998334300553e-09
2021-03-01,combined_min_variance,CR_EOS-USD,1.1244318483975952e-09
2021-04-01,combined_min_variance,CR_EOS-USD,3.090241897781052e-12
2021-05-03,combined_min_variance,CR_EOS-USD,0.0
2021-06-01,combined_min_variance,CR_EOS-USD,1.3506619938496113e-10
2021-07-01,combined_min_variance,CR_EOS-USD,9.145839572313528e-13
2021-08-02,combined_min_variance,CR_EOS-USD,0.0
2021-09-01,combined_min_variance,CR_EOS-USD,0.0
2021-10-01,combined_min_variance,CR_EOS-USD,1.1313020494210123e-11
2021-11-01,combined_min_variance,CR_EOS-USD,2.2435294769156684e-11
2021-12-01,combined_min_variance,CR_EOS-USD,5.678705923110944e-15
2022-01-03,combined_min_variance,CR_EOS-USD,2.7964078134661086e-11
2022-02-01,combined_min_variance,CR_EOS-USD,3.499326066247899e-12
2022-03-01,combined_min_variance,CR_EOS-USD,2.0656245143622068e-11
2022-04-01,combined_min_variance,CR_EOS-USD,0.0
2022-05-02,combined_min_variance,CR_EOS-USD,2.0164340195748362e-11
2022-06-01,combined_min_variance,CR_EOS-USD,3.208180853045927e-13
2022-07-01,combined_min_variance,CR_EOS-USD,6.100015666033674e-11
2022-08-01,combined_min_variance,CR_EOS-USD,1.2019696824103833e-11
2022-09-01,combined_min_variance,CR_EOS-USD,1.1820002016893748e-11
2022-10-03,combined_min_variance,CR_EOS-USD,1.741602271814667e-10
2022-11-01,combined_min_variance,CR_EOS-USD,3.507966163951396e-11
2022-12-01,combined_min_variance,CR_EOS-USD,1.1904857794519407e-12
2023-01-03,combined_min_variance,CR_EOS-USD,2.4015796329502665e-12
2023-02-01,combined_min_variance,CR_EOS-USD,1.2505107207772382e-10
2023-03-01,combined_min_variance,CR_EOS-USD,5.910843720324617e-12
2023-04-03,combined_min_variance,CR_EOS-USD,5.091509443868155e-12
2023-05-01,combined_min_variance,CR_EOS-USD,1.9800148607382955e-10
2023-06-01,combined_min_variance,CR_EOS-USD,0.0
2023-07-03,combined_min_variance,CR_EOS-USD,9.311762931528195e-11
2023-08-01,combined_min_variance,CR_EOS-USD,9.002341727051316e-13
2023-09-01,combined_min_variance,CR_EOS-USD,1.9993060735965598e-10
2023-10-02,combined_min_variance,CR_EOS-USD,2.2799799393131695e-12
2023-11-01,combined_min_variance,CR_EOS-USD,2.415740931169971e-12
2023-12-01,combined_min_variance,CR_EOS-USD,1.16548155898665e-13
2021-01-04,combined_min_variance,CR_ETC-USD,0.0
2021-02-01,combined_min_variance,CR_ETC-USD,2.1539337549809634e-09
2021-03-01,combined_min_variance,CR_ETC-USD,7.761384909364958e-10
2021-04-01,combined_min_variance,CR_ETC-USD,9.663076001363761e-12
2021-05-03,combined_min_variance,CR_ETC-USD,0.0
2021-06-01,combined_min_variance,CR_ETC-USD,7.18123524574742e-14
2021-07-01,combined_min_variance,CR_ETC-USD,0.0
2021-08-02,combined_min_variance,CR_ETC-USD,3.931354032442897e-11
2021-09-01,combined_min_variance,CR_ETC-USD,1.054742605391629e-12
2021-10-01,combined_min_variance,CR_ETC-USD,2.1775740885868906e-19
2021-11-01,combined_min_variance,CR_ETC-USD,6.835826870173599e-11
2021-12-01,combined_min_variance,CR_ETC-USD,0.0
2022-01-03,combined_min_variance,CR_ETC-USD,9.548753457083698e-11
2022-02-01,combined_min_variance,CR_ETC-USD,4.269141345357619e-12
2022-03-01,combined_min_variance,CR_ETC-USD,1.420385834991749e-11
2022-04-01,combined_min_variance,CR_ETC-USD,0.0
2022-05-02,combined_min_variance,CR_ETC-USD,1.0353141463161188e-11
2022-06-01,combined_min_variance,CR_ETC-USD,1.9583919420728781e-13
2022-07-01,combined_min_variance,CR_ETC-USD,3.449107268827197e-11
2022-08-01,combined_min_variance,CR_ETC-USD,7.1357385405250835e-12
2022-09-01,combined_min_variance,CR_ETC-USD,1.1431100853990613e-11
2022-10-03,combined_min_variance,CR_ETC-USD,7.364728254119218e-11
2022-11-01,combined_min_variance,CR_ETC-USD,2.656714322409282e-12
2022-12-01,combined_min_variance,CR_ETC-USD,3.9066062735371367e-11
2023-01-03,combined_min_variance,CR_ETC-USD,4.347589932907673e-12
2023-02-01,combined_min_variance,CR_ETC-USD,0.0
2023-03-01,combined_min_variance,CR_ETC-USD,3.409818581543783e-11
2023-04-03,combined_min_variance,CR_ETC-USD,6.244386801143053e-12
2023-05-01,combined_min_variance,CR_ETC-USD,3.100948492904701e-10
2023-06-01,combined_min_variance,CR_ETC-USD,0.0
2023-07-03,combined_min_variance,CR_ETC-USD,8.346014533616486e-11
2023-08-01,combined_min_variance,CR_ETC-USD,1.1903211741783643e-12
2023-09-01,combined_min_variance,CR_ETC-USD,2.3123347715131186e-10
2023-10-02,combined_min_variance,CR_ETC-USD,6.448488210755332e-12
2023-11-01,combined_min_variance,CR_ETC-USD,1.7139183061511766e-11
2023-12-01,combined_min_variance,CR_ETC-USD,2.1700466407403994e-13
2021-01-04,combined_min_variance,CR_ETH-USD,5.668411006656822e-11
2021-02-01,combined_min_variance,CR_ETH-USD,8.018208680710145e-11
2021-03-01,combined_min_variance,CR_ETH-USD,0.0
2021-04-01,combined_min_variance,CR_ETH-USD,2.8627074428749567e-13
2021-05-03,combined_min_variance,CR_ETH-USD,5.902149522042526e-11
2021-06-01,combined_min_variance,CR_ETH-USD,1.0308452295823652e-12
2021-07-01,combined_min_variance,CR_ETH-USD,0.0
2021-08-02,combined_min_variance,CR_ETH-USD,2.0956751663864463e-11
2021-09-01,combined_min_variance,CR_ETH-USD,3.450028784140424e-13
2021-10-01,combined_min_variance,CR_ETH-USD,3.718147396992752e-20
2021-11-01,combined_min_variance,CR_ETH-USD,1.9544710740083482e-11
2021-12-01,combined_min_variance,CR_ETH-USD,0.0
2022-01-03,combined_min_variance,CR_ETH-USD,2.544818051854913e-11
2022-02-01,combined_min_variance,CR_ETH-USD,2.6976674691881385e-12
2022-03-01,combined_min_variance,CR_ETH-USD,8.478858185659875e-12
2022-04-01,combined_min_variance,CR_ETH-USD,0.0
2022-05-02,combined_min_variance,CR_ETH-USD,1.0044973359855944e-11
2022-06-01,combined_min_variance,CR_ETH-USD,1.5036702039758423e-13
2022-07-01,combined_min_variance,CR_ETH-USD,2.218492980560569e-11
2022-08-01,combined_min_variance,CR_ETH-USD,3.998227363301166e-13
2022-09-01,combined_min_variance,CR_ETH-USD,1.0298859114739449e-11
2022-10-03,combined_min_variance,CR_ETH-USD,1.201549430342995e-10
2022-11-01,combined_min_variance,CR_ETH-USD,3.209989309839134e-11
2022-12-01,combined_min_variance,CR_ETH-USD,3.19351373674622e-12
2023-01-03,combined_min_variance,CR_ETH-USD,6.418565972806518e-11
2023-02-01,combined_min_variance,CR_ETH-USD,0.0
2023-03-01,combined_min_variance,CR_ETH-USD,8.596529130256623e-12
2023-04-03,combined_min_variance,CR_ETH-USD,2.223589947051371e-12
2023-05-01,combined_min_variance,CR_ETH-USD,7.14356296016683e-11
2023-06-01,combined_min_variance,CR_ETH-USD,0.0
2023-07-03,combined_min_variance,CR_ETH-USD,3.84055416670166e-11
2023-08-01,combined_min_variance,CR_ETH-USD,8.378506544171295e-13
2023-09-01,combined_min_variance,CR_ETH-USD,1.0517770761697563e-10
2023-10-02,combined_min_variance,CR_ETH-USD,2.725150202797315e-12
2023-11-01,combined_min_variance,CR_ETH-USD,1.3595265035572074e-12
2023-12-01,combined_min_variance,CR_ETH-USD,5.351312148044028e-12
2021-01-04,combined_min_variance,CR_LTC-USD,0.0
2021-02-01,combined_min_variance,CR_LTC-USD,2.734614412136626e-11
2021-03-01,combined_min_variance,CR_LTC-USD,0.0
2021-04-01,combined_min_variance,CR_LTC-USD,1.311337850283954e-13
2021-05-03,combined_min_variance,CR_LTC-USD,0.0
2021-06-01,combined_min_variance,CR_LTC-USD,4.850534907940209e-14
2021-07-01,combined_min_variance,CR_LTC-USD,0.0
2021-08-02,combined_min_variance,CR_LTC-USD,2.720260562227022e-11
2021-09-01,combined_min_variance,CR_LTC-USD,7.977472622595615e-13
2021-10-01,combined_min_variance,CR_LTC-USD,1.607080065318031e-19
2021-11-01,combined_min_variance,CR_LTC-USD,4.654759108550967e-11
2021-12-01,combined_min_variance,CR_LTC-USD,0.0
2022-01-03,combined_min_variance,CR_LTC-USD,6.973562038214265e-11
2022-02-01,combined_min_variance,CR_LTC-USD,3.6473609676676344e-12
2022-03-01,combined_min_variance,CR_LTC-USD,2.6632166897356734e-11
2022-04-01,combined_min_variance,CR_LTC-USD,0.0
2022-05-02,combined_min_variance,CR_LTC-USD,1.0179787361542335e-11
2022-06-01,combined_min_variance,CR_LTC-USD,2.328554459076865e-13
2022-07-01,combined_min_variance,CR_LTC-USD,1.1514421081561458e-11
2022-08-01,combined_min_variance,CR_LTC-USD,4.369755873812375e-13
2022-09-01,combined_min_variance,CR_LTC-USD,2.116146563237641e-12
2022-10-03,combined_min_variance,CR_LTC-USD,5.022920993832411e-13
2022-11-01,combined_min_variance,CR_LTC-USD,6.72336695390119e-13
2022-12-01,combined_min_variance,CR_LTC-USD,1.1944818294333966e-10
2023-01-03,combined_min_variance,CR_LTC-USD,9.340544327644192e-13
2023-02-01,combined_min_variance,CR_LTC-USD,3.304097873268569e-10
2023-03-01,combined_min_variance,CR_LTC-USD,0.0
2023-04-03,combined_min_variance,CR_LTC-USD,1.0739441701123341e-12
2023-05-01,combined_min_variance,CR_LTC-USD,2.4314913869570347e-15
2023-06-01,combined_min_variance,CR_LTC-USD,2.073337037119827e-11
2023-07-03,combined_min_variance,CR_LTC-USD,0.0
2023-08-01,combined_min_variance,CR_LTC-USD,6.615084499002647e-11
2023-09-01,combined_min_variance,CR_LTC-USD,4.2780076288683527e-13
2023-10-02,combined_min_variance,CR_LTC-USD,5.968229225109853e-13
2023-11-01,combined_min_variance,CR_LTC-USD,8.809460468275212e-14
2023-12-01,combined_min_variance,CR_LTC-USD,3.64665384107572e-12
2021-01-04,combined_min_variance,CR_TRX-USD,0.0
2021-02-01,combined_min_variance,CR_TRX-USD,2.6729994190837784e-09
2021-03-01,combined_min_variance,CR_TRX-USD,2.317770205796872e-09
2021-04-01,combined_min_variance,CR_TRX-USD,0.012489419236370989
2021-05-03,combined_min_variance,CR_TRX-USD,0.00987473046121721
2021-06-01,combined_min_variance,CR_TRX-USD,0.00419482127892763
2021-07-01,combined_min_variance,CR_TRX-USD,0.007378562808058976
2021-08-02,combined_min_variance,CR_TRX-USD,0.007019661555077178
2021-09-01,combined_min_variance,CR_TRX-USD,0.007400923745840816
2021-10-01,combined_min_variance,CR_TRX-USD,5.5075097054766206e-11
2021-11-01,combined_min_variance,CR_TRX-USD,0.0
2021-12-01,combined_min_variance,CR_TRX-USD,1.353660854411314e-13
2022-01-03,combined_min_variance,CR_TRX-USD,9.080903556059231e-11
2022-02-01,combined_min_variance,CR_TRX-USD,4.10808167281202e-11
2022-03-01,combined_min_variance,CR_TRX-USD,8.104251482705172e-13
2022-04-01,combined_min_variance,CR_TRX-USD,6.191653988668515e-13
2022-05-02,combined_min_variance,CR_TRX-USD,1.0446768728037995e-13
2022-06-01,combined_min_variance,CR_TRX-USD,1.6956857318588552e-13
2022-07-01,combined_min_variance,CR_TRX-USD,5.964397158513498e-11
2022-08-01,combined_min_variance,CR_TRX-USD,1.2696745913916667e-11
2022-09-01,combined_min_variance,CR_TRX-USD,1.3480008826620574e-11
2022-10-03,combined_min_variance,CR_TRX-USD,3.1611693128214116e-13
2022-11-01,combined_min_variance,CR_TRX-USD,2.645551972686235e-13
2022-12-01,combined_min_variance,CR_TRX-USD,1.5274081121994732e-10
2023-01-03,combined_min_variance,CR_TRX-USD,0.002464028559917409
2023-02-01,combined_min_variance,CR_TRX-USD,0.0047353343207756134
2023-03-01,combined_min_variance,CR_TRX-USD,0.0
2023-04-03,combined_min_variance,CR_TRX-USD,5.320862761611987e-14
2023-05-01,combined_min_variance,CR_TRX-USD,1.096969874049454e-15
2023-06-01,combined_min_variance,CR_TRX-USD,9.73619318318328e-12
2023-07-03,combined_min_variance,CR_TRX-USD,0.025837258946624846
2023-08-01,combined_min_variance,CR_TRX-USD,0.024146227346281898
2023-09-01,combined_min_variance,CR_TRX-USD,0.022278033718595557
2023-10-02,combined_min_variance,CR_TRX-USD,0.026708325288936626
2023-11-01,combined_min_variance,CR_TRX-USD,0.00474756189806504
2023-12-01,combined_min_variance,CR_TRX-USD,0.01264640358946972
2021-01-04,combined_min_variance,CR_XLM-USD,0.0
2021-02-01,combined_min_variance,CR_XLM-USD,3.1425136664743694e-09
2021-03-01,combined_min_variance,CR_XLM-USD,2.011179800703778e-09
2021-04-01,combined_min_variance,CR_XLM-USD,1.7799507089414302e-10
2021-05-03,combined_min_variance,CR_XLM-USD,0.0
2021-06-01,combined_min_variance,CR_XLM-USD,1.0550647456603884e-13
2021-07-01,combined_min_variance,CR_XLM-USD,0.0
2021-08-02,combined_min_variance,CR_XLM-USD,4.286626868723764e-11
2021-09-01,combined_min_variance,CR_XLM-USD,1.0087177110666463e-12
2021-10-01,combined_min_variance,CR_XLM-USD,1.2774052849621473e-19
2021-11-01,combined_min_variance,CR_XLM-USD,2.1423769634367368e-11
2021-12-01,combined_min_variance,CR_XLM-USD,0.0
2022-01-03,combined_min_variance,CR_XLM-USD,2.8325528836726846e-11
2022-02-01,combined_min_variance,CR_XLM-USD,2.974618113079099e-12
2022-03-01,combined_min_variance,CR_XLM-USD,2.913440043893085e-11
2022-04-01,combined_min_variance,CR_XLM-USD,0.0
2022-05-02,combined_min_variance,CR_XLM-USD,3.158871134552279e-13
2022-06-01,combined_min_variance,CR_XLM-USD,5.689431820894959e-13
2022-07-01,combined_min_variance,CR_XLM-USD,5.849540007511704e-13
2022-08-01,combined_min_variance,CR_XLM-USD,2.481170813522201e-13
2022-09-01,combined_min_variance,CR_XLM-USD,0.0
2022-10-03,combined_min_variance,CR_XLM-USD,6.38055728050737e-15
2022-11-01,combined_min_variance,CR_XLM-USD,0.005720835149040558
2022-12-01,combined_min_variance,CR_XLM-USD,1.4415674031055904e-10
2023-01-03,combined_min_variance,CR_XLM-USD,3.468628008222861e-13
2023-02-01,combined_min_variance,CR_XLM-USD,4.2416386505143364e-10
2023-03-01,combined_min_variance,CR_XLM-USD,0.0
2023-04-03,combined_min_variance,CR_XLM-USD,5.461410517760568e-13
2023-05-01,combined_min_variance,CR_XLM-USD,1.3040540211176134e-15
2023-06-01,combined_min_variance,CR_XLM-USD,1.0497159275662158e-11
2023-07-03,combined_min_variance,CR_XLM-USD,0.0
2023-08-01,combined_min_variance,CR_XLM-USD,1.3535726606264875e-11
2023-09-01,combined_min_variance,CR_XLM-USD,3.037380889259604e-11
2023-10-02,combined_min_variance,CR_XLM-USD,1.904634287707679e-12
2023-11-01,combined_min_variance,CR_XLM-USD,1.0568634372892505e-11
2023-12-01,combined_min_variance,CR_XLM-USD,1.8448427298623244e-13
2021-01-04,combined_min_variance,CR_XRP-USD,0.0
2021-02-01,combined_min_variance,CR_XRP-USD,3.2208260998456716e-09
2021-03-01,combined_min_variance,CR_XRP-USD,1.6113972519006702e-09
2021-04-01,combined_min_variance,CR_XRP-USD,5.981765243713924e-11
2021-05-03,combined_min_variance,CR_XRP-USD,0.0
2021-06-01,combined_min_variance,CR_XRP-USD,1.556405556740933e-12
2021-07-01,combined_min_variance,CR_XRP-USD,0.0
2021-08-02,combined_min_variance,CR_XRP-USD,2.305106460894211e-12
2021-09-01,combined_min_variance,CR_XRP-USD,6.000885858931399e-13
2021-10-01,combined_min_variance,CR_XRP-USD,1.0155512683113568e-19
2021-11-01,combined_min_variance,CR_XRP-USD,3.26112711415085e-11
2021-12-01,combined_min_variance,CR_XRP-USD,0.0
2022-01-03,combined_min_variance,CR_XRP-USD,2.693121559624457e-11
2022-02-01,combined_min_variance,CR_XRP-USD,3.0112775217622085e-12
2022-03-01,combined_min_variance,CR_XRP-USD,2.7570507437538025e-11
2022-04-01,combined_min_variance,CR_XRP-USD,0.0
2022-05-02,combined_min_variance,CR_XRP-USD,3.199762035734159e-12
2022-06-01,combined_min_variance,CR_XRP-USD,1.8487245828307156e-13
2022-07-01,combined_min_variance,CR_XRP-USD,3.981234444928182e-11
2022-08-01,combined_min_variance,CR_XRP-USD,5.867248958145713e-12
2022-09-01,combined_min_variance,CR_XRP-USD,6.970526759017177e-12
2022-10-03,combined_min_variance,CR_XRP-USD,3.358367479040799e-11
2022-11-01,combined_min_variance,CR_XRP-USD,7.679400280569182e-13
2022-12-01,combined_min_variance,CR_XRP-USD,5.2948255629942196e-11
2023-01-03,combined_min_variance,CR_XRP-USD,1.5080325196429647e-12
2023-02-01,combined_min_variance,CR_XRP-USD,1.6423312175311943e-10
2023-03-01,combined_min_variance,CR_XRP-USD,0.0
2023-04-03,combined_min_variance,CR_XRP-USD,1.1421729429518201e-14
2023-05-01,combined_min_variance,CR_XRP-USD,1.5161128488245148e-15
2023-06-01,combined_min_variance,CR_XRP-USD,1.0924597000269839e-11
2023-07-03,combined_min_variance,CR_XRP-USD,0.0
2023-08-01,combined_min_variance,CR_XRP-USD,8.974207938061329e-11
2023-09-01,combined_min_variance,CR_XRP-USD,4.709896050246018e-13
2023-10-02,combined_min_variance,CR_XRP-USD,4.2563134919562047e-13
2023-11-01,combined_min_variance,CR_XRP-USD,9.843269949282971e-14
2023-12-01,combined_min_variance,CR_XRP-USD,1.1673256043744851e-11
2021-01-04,combined_risk_parity,EQ_ABBV,0.02413967136398251
2021-02-01,combined_risk_parity,EQ_ABBV,0.02386609879141865
2021-03-01,combined_risk_parity,EQ_ABBV,0.024343962785200058
2021-04-01,combined_risk_parity,EQ_ABBV,0.02698813347759959
2021-05-03,combined_risk_parity,EQ_ABBV,0.02903053884300496
2021-06-01,combined_risk_parity,EQ_ABBV,0.0239485597072717
2021-07-01,combined_risk_parity,EQ_ABBV,0.022890994080549395
2021-08-02,combined_risk_parity,EQ_ABBV,0.022142343266458732
2021-09-01,combined_risk_parity,EQ_ABBV,0.02160247161586215
2021-10-01,combined_risk_parity,EQ_ABBV,0.020652403093320244
2021-11-01,combined_risk_parity,EQ_ABBV,0.02188989116601265
2021-12-01,combined_risk_parity,EQ_ABBV,0.02186040932606433
2022-01-03,combined_risk_parity,EQ_ABBV,0.022744463597073133
2022-02-01,combined_risk_parity,EQ_ABBV,0.026609535067034392
2022-03-01,combined_risk_parity,EQ_ABBV,0.027047309587687713
2022-04-01,combined_risk_parity,EQ_ABBV,0.0280495334931268
2022-05-02,combined_risk_parity,EQ_ABBV,0.026498388725779247
2022-06-01,combined_risk_parity,EQ_ABBV,0.03058393674825186
2022-07-01,combined_risk_parity,EQ_ABBV,0.02962329848414607
2022-08-01,combined_risk_parity,EQ_ABBV,0.03175494936708452
2022-09-01,combined_risk_parity,EQ_ABBV,0.03139278911606945
2022-10-03,combined_risk_parity,EQ_ABBV,0.031535430347365494
2022-11-01,combined_risk_parity,EQ_ABBV,0.032094285732865935
2022-12-01,combined_risk_parity,EQ_ABBV,0.03282360049299182
2023-01-03,combined_risk_parity,EQ_ABBV,0.03313501303220417
2023-02-01,combined_risk_parity,EQ_ABBV,0.033247803845355486
2023-03-01,combined_risk_parity,EQ_ABBV,0.03400264421157146
2023-04-03,combined_risk_parity,EQ_ABBV,0.033964250849383475
2023-05-01,combined_risk_parity,EQ_ABBV,0.034636013119946
2023-06-01,combined_risk_parity,EQ_ABBV,0.03382905851807351
2023-07-03,combined_risk_parity,EQ_ABBV,0.03492292691519088
2023-08-01,combined_risk_parity,EQ_ABBV,0.034730426875861864
2023-09-01,combined_risk_parity,EQ_ABBV,0.03477271458202614
2023-10-02,combined_risk_parity,EQ_ABBV,0.03372170782375362
2023-11-01,combined_risk_parity,EQ_ABBV,0.035416444132559864
2023-12-01,combined_risk_parity,EQ_ABBV,0.03742992504035492
2021-01-04,combined_risk_parity,EQ_ABT,0.020430454217427167
2021-02-01,combined_risk_parity,EQ_ABT,0.020609065085914608
2021-03-01,combined_risk_parity,EQ_ABT,0.02081498231164999
2021-04-01,combined_risk_parity,EQ_ABT,0.023414763584657952
2021-05-03,combined_risk_parity,EQ_ABT,0.022073497375525712
2021-06-01,combined_risk_parity,EQ_ABT,0.022441206170077582
2021-07-01,combined_risk_parity,EQ_ABT,0.02358789898413696
2021-08-02,combined_risk_parity,EQ_ABT,0.024588122640279007
2021-09-01,combined_risk_parity,EQ_ABT,0.024589407145598895
2021-10-01,combined_risk_parity,EQ_ABT,0.026286362790041904
2021-11-01,combined_risk_parity,EQ_ABT,0.0280150046212128
2021-12-01,combined_risk_parity,EQ_ABT,0.02841495849558508
2022-01-03,combined_risk_parity,EQ_ABT,0.0285435664649097
2022-02-01,combined_risk_parity,EQ_ABT,0.026169634574928748
2022-03-01,combined_risk_parity,EQ_ABT,0.02428363537368659
2022-04-01,combined_risk_parity,EQ_ABT,0.022374789387693883
2022-05-02,combined_risk_parity,EQ_ABT,0.02101190806348173
2022-06-01,combined_risk_parity,EQ_ABT,0.01903499633982494
2022-07-01,combined_risk_parity,EQ_ABT,0.018447296756444836
2022-08-01,combined_risk_parity,EQ_ABT,0.01772180317121312
2022-09-01,combined_risk_parity,EQ_ABT,0.017377620221920895
2022-10-03,combined_risk_parity,EQ_ABT,0.017789576121882027
2022-11-01,combined_risk_parity,EQ_ABT,0.01758756996708187
2022-12-01,combined_risk_parity,EQ_ABT,0.0172074343239651
2023-01-03,combined_risk_parity,EQ_ABT,0.016870689580188544
2023-02-01,combined_risk_parity,EQ_ABT,0.017057870329580508
2023-03-01,combined_risk_parity,EQ_ABT,0.017235767202229885
2023-04-03,combined_risk_parity,EQ_ABT,0.0174300227686909
2023-05-01,combined_risk_parity,EQ_ABT,0.0179528235711773
2023-06-01,combined_risk_parity,EQ_ABT,0.018808043211786724
2023-07-03,combined_risk_parity,EQ_ABT,0.01953131838446806
2023-08-01,combined_risk_parity,EQ_ABT,0.019952270486021887
2023-09-01,combined_risk_parity,EQ_ABT,0.020235027439630755
2023-10-02,combined_risk_parity,EQ_ABT,0.01986267242195036
2023-11-01,combined_risk_parity,EQ_ABT,0.02164739924404624
2023-12-01,combined_risk_parity,EQ_ABT,0.022886674662552495
2021-01-04,combined_risk_parity,EQ_ADBE,0.016318203001581377
2021-02-01,combined_risk_parity,EQ_ADBE,0.016512174205858036
2021-03-01,combined_risk_parity,EQ_ADBE,0.01644287660539897
2021-04-01,combined_risk_parity,EQ_ADBE,0.017483296239334378
2021-05-03,combined_risk_parity,EQ_ADBE,0.018443750161944984
2021-06-01,combined_risk_parity,EQ_ADBE,0.017286146852704753
2021-07-01,combined_risk_parity,EQ_ADBE,0.017817419914954044
2021-08-02,combined_risk_parity,EQ_ADBE,0.017946065953928076
2021-09-01,combined_risk_parity,EQ_ADBE,0.017162572767067875
2021-10-01,combined_risk_parity,EQ_ADBE,0.018431273054634684
2021-11-01,combined_risk_parity,EQ_ADBE,0.019692915572751414
2021-12-01,combined_risk_parity,EQ_ADBE,0.018625593018242886
2022-01-03,combined_risk_parity,EQ_ADBE,0.016952357841467418
2022-02-01,combined_risk_parity,EQ_ADBE,0.015862225631916273
2022-03-01,combined_risk_parity,EQ_ADBE,0.015139843561227431
2022-04-01,combined_risk_parity,EQ_ADBE,0.014040623230204885
2022-05-02,combined_risk_parity,EQ_ADBE,0.014046160341009514
2022-06-01,combined_risk_parity,EQ_ADBE,0.01306479996071408
2022-07-01,combined_risk_parity,EQ_ADBE,0.012391687621356203
2022-08-01,combined_risk_parity,EQ_ADBE,0.011972979451845084
2022-09-01,combined_risk_parity,EQ_ADBE,0.011764536582439391
2022-10-03,combined_risk_parity,EQ_ADBE,0.011116059845006764
2022-11-01,combined_risk_parity,EQ_ADBE,0.011425936577166127
2022-12-01,combined_risk_parity,EQ_ADBE,0.010890463610242975
2023-01-03,combined_risk_parity,EQ_ADBE,0.01099011563726172
2023-02-01,combined_risk_parity,EQ_ADBE,0.011153780861119546
2023-03-01,combined_risk_parity,EQ_ADBE,0.011183823081643913
2023-04-03,combined_risk_parity,EQ_ADBE,0.011456650703081425
2023-05-01,combined_risk_parity,EQ_ADBE,0.011569679112909613
2023-06-01,combined_risk_parity,EQ_ADBE,0.011375473878456742
2023-07-03,combined_risk_parity,EQ_ADBE,0.011343510767584865
2023-08-01,combined_risk_parity,EQ_ADBE,0.011527042874571175
2023-09-01,combined_risk_parity,EQ_ADBE,0.011716224181609584
2023-10-02,combined_risk_parity,EQ_ADBE,0.012531496431336156
2023-11-01,combined_risk_parity,EQ_ADBE,0.011815060489522584
2023-12-01,combined_risk_parity,EQ_ADBE,0.012584831332994827
2021-01-04,combined_risk_parity,EQ_AEP,0.021684006845606948
2021-02-01,combined_risk_parity,EQ_AEP,0.021996749823211054
2021-03-01,combined_risk_parity,EQ_AEP,0.022289645754784145
2021-04-01,combined_risk_parity,EQ_AEP,0.021253370466211167
2021-05-03,combined_risk_parity,EQ_AEP,0.027157245354128706
2021-06-01,combined_risk_parity,EQ_AEP,0.03021289932437433
2021-07-01,combined_risk_parity,EQ_AEP,0.030677928870640258
2021-08-02,combined_risk_parity,EQ_AEP,0.030124439047388138
2021-09-01,combined_risk_parity,EQ_AEP,0.031140487462424638
2021-10-01,combined_risk_parity,EQ_AEP,0.028843222373667023
2021-11-01,combined_risk_parity,EQ_AEP,0.02835039006668873
2021-12-01,combined_risk_parity,EQ_AEP,0.028640428883843484
2022-01-03,combined_risk_parity,EQ_AEP,0.02956645291263004
2022-02-01,combined_risk_parity,EQ_AEP,0.030083024691318072
2022-03-01,combined_risk_parity,EQ_AEP,0.028943308358006493
2022-04-01,combined_risk_parity,EQ_AEP,0.029268409397151144
2022-05-02,combined_risk_parity,EQ_AEP,0.027784759367033857
2022-06-01,combined_risk_parity,EQ_AEP,0.028963311343605767
2022-07-01,combined_risk_parity,EQ_AEP,0.02758233258217059
2022-08-01,combined_risk_parity,EQ_AEP,0.027720165882552522
2022-09-01,combined_risk_parity,EQ_AEP,0.027312838047395954
2022-10-03,combined_risk_parity,EQ_AEP,0.025476049190423653
2022-11-01,combined_risk_parity,EQ_AEP,0.023598020449895386
2022-12-01,combined_risk_parity,EQ_AEP,0.023389561535638412
2023-01-03,combined_risk_parity,EQ_AEP,0.023126528232942783
2023-02-01,combined_risk_parity,EQ_AEP,0.022649493412948918
2023-03-01,combined_risk_parity,EQ_AEP,0.022197661481450796
2023-04-03,combined_risk_parity,EQ_AEP,0.022014119758017824
2023-05-01,combined_risk_parity,EQ_AEP,0.02182344610563635
2023-06-01,combined_risk_parity,EQ_AEP,0.0207374515315904
2023-07-03,combined_risk_parity,EQ_AEP,0.020505057681054883
2023-08-01,combined_risk_parity,EQ_AEP,0.019950915013169115
2023-09-01,combined_risk_parity,EQ_AEP,0.019870923861053786
2023-10-02,combined_risk_parity,EQ_AEP,0.019905965207918902
2023-11-01,combined_risk_parity,EQ_AEP,0.020752666226796102
2023-12-01,combined_risk_parity,EQ_AEP,0.019830216966523723
2021-01-04,combined_risk_parity,EQ_AMD,0.014850430602334203
2021-02-01,combined_risk_parity,EQ_AMD,0.015172621032623427
2021-03-01,combined_risk_parity,EQ_AMD,0.015410833342378638
2021-04-01,combined_risk_parity,EQ_AMD,0.014951846900792083
2021-05-03,combined_risk_parity,EQ_AMD,0.01424152848918313
2021-06-01,combined_risk_parity,EQ_AMD,0.01475034286294142
2021-07-01,combined_risk_parity,EQ_AMD,0.01494501873645772
2021-08-02,combined_risk_parity,EQ_AMD,0.014473886379875706
2021-09-01,combined_risk_parity,EQ_AMD,0.015016604388162488
2021-10-01,combined_risk_parity,EQ_AMD,0.015556234210696582
2021-11-01,combined_risk_parity,EQ_AMD,0.01654061843664991
2021-12-01,combined_risk_parity,EQ_AMD,0.014785492066570453
2022-01-03,combined_risk_parity,EQ_AMD,0.013605415537536358
2022-02-01,combined_risk_parity,EQ_AMD,0.01149593271954471
2022-03-01,combined_risk_parity,EQ_AMD,0.010180032927568167
2022-04-01,combined_risk_parity,EQ_AMD,0.009624723883033082
2022-05-02,combined_risk_parity,EQ_AMD,0.009701305530141027
2022-06-01,combined_risk_parity,EQ_AMD,0.007959238405770015
2022-07-01,combined_risk_parity,EQ_AMD,0.007745968808489545
2022-08-01,combined_risk_parity,EQ_AMD,0.00767374598675144
2022-09-01,combined_risk_parity,EQ_AMD,0.007684381241052315
2022-10-03,combined_risk_parity,EQ_AMD,0.00775950689173039
2022-11-01,combined_risk_parity,EQ_AMD,0.007735326124119587
2022-12-01,combined_risk_parity,EQ_AMD,0.007431341528127403
2023-01-03,combined_risk_parity,EQ_AMD,0.007477350684314503
2023-02-01,combined_risk_parity,EQ_AMD,0.007563606328850817
2023-03-01,combined_risk_parity,EQ_AMD,0.007792748904578135
2023-04-03,combined_risk_parity,EQ_AMD,0.008247812588989979
2023-05-01,combined_risk_parity,EQ_AMD,0.008513095095833829
2023-06-01,combined_risk_parity,EQ_AMD,0.00922690353638469
2023-07-03,combined_risk_parity,EQ_AMD,0.009912112214404988
2023-08-01,combined_risk_parity,EQ_AMD,0.010381175443398689
2023-09-01,combined_risk_parity,EQ_AMD,0.01023769663410942
2023-10-02,combined_risk_parity,EQ_AMD,0.010144373832860995
2023-11-01,combined_risk_parity,EQ_AMD,0.010581073693800673
2023-12-01,combined_risk_parity,EQ_AMD,0.01239785406013348
2021-01-04,combined_risk_parity,EQ_AMGN,0.02134016220999587
2021-02-01,combined_risk_parity,EQ_AMGN,0.02147363680880782
2021-03-01,combined_risk_parity,EQ_AMGN,0.02211774547525557
2021-04-01,combined_risk_parity,EQ_AMGN,0.026062994785750096
2021-05-03,combined_risk_parity,EQ_AMGN,0.025514086111367094
2021-06-01,combined_risk_parity,EQ_AMGN,0.02336318526659041
2021-07-01,combined_risk_parity,EQ_AMGN,0.020988137705065343
2021-08-02,combined_risk_parity,EQ_AMGN,0.021325184128823154
2021-09-01,combined_risk_parity,EQ_AMGN,0.01991940678716249
2021-10-01,combined_risk_parity,EQ_AMGN,0.02104772545209135
2021-11-01,combined_risk_parity,EQ_AMGN,0.0211104481094675
2021-12-01,combined_risk_parity,EQ_AMGN,0.020698407081697984
2022-01-03,combined_risk_parity,EQ_AMGN,0.02108102401315763
2022-02-01,combined_risk_parity,EQ_AMGN,0.02190897650041389
2022-03-01,combined_risk_parity,EQ_AMGN,0.020397736743126577
2022-04-01,combined_risk_parity,EQ_AMGN,0.021643266584842016
2022-05-02,combined_risk_parity,EQ_AMGN,0.02451510376519214
2022-06-01,combined_risk_parity,EQ_AMGN,0.02832999398097326
2022-07-01,combined_risk_parity,EQ_AMGN,0.030207335618402553
2022-08-01,combined_risk_parity,EQ_AMGN,0.030143141058984857
2022-09-01,combined_risk_parity,EQ_AMGN,0.0313673840759591
2022-10-03,combined_risk_parity,EQ_AMGN,0.03140737835999441
2022-11-01,combined_risk_parity,EQ_AMGN,0.03175896720695496
2022-12-01,combined_risk_parity,EQ_AMGN,0.03515785178143346
2023-01-03,combined_risk_parity,EQ_AMGN,0.03648581129449063
2023-02-01,combined_risk_parity,EQ_AMGN,0.037040185855681564
2023-03-01,combined_risk_parity,EQ_AMGN,0.037812797724193305
2023-04-03,combined_risk_parity,EQ_AMGN,0.0381120218767424
2023-05-01,combined_risk_parity,EQ_AMGN,0.03775778928286284
2023-06-01,combined_risk_parity,EQ_AMGN,0.0326641672426024
2023-07-03,combined_risk_parity,EQ_AMGN,0.031195005460666236
2023-08-01,combined_risk_parity,EQ_AMGN,0.03048562269599174
2023-09-01,combined_risk_parity,EQ_AMGN,0.03107589827576354
2023-10-02,combined_risk_parity,EQ_AMGN,0.032301838263201606
2023-11-01,combined_risk_parity,EQ_AMGN,0.031010482895851347
2023-12-01,combined_risk_parity,EQ_AMGN,0.02519861193424862
2021-01-04,combined_risk_parity,EQ_AMT,0.016927375190991113
2021-02-01,combined_risk_parity,EQ_AMT,0.017180175615399938
2021-03-01,combined_risk_parity,EQ_AMT,0.017041505389140194
2021-04-01,combined_risk_parity,EQ_AMT,0.018213077172432927
2021-05-03,combined_risk_parity,EQ_AMT,0.020083367745248933
2021-06-01,combined_risk_parity,EQ_AMT,0.020724184758270554
2021-07-01,combined_risk_parity,EQ_AMT,0.022830303053481615
2021-08-02,combined_risk_parity,EQ_AMT,0.02363118560323187
2021-09-01,combined_risk_parity,EQ_AMT,0.02433085042740071
2021-10-01,combined_risk_parity,EQ_AMT,0.025567804608461267
2021-11-01,combined_risk_parity,EQ_AMT,0.025190625576151097
2021-12-01,combined_risk_parity,EQ_AMT,0.023062790733684307
2022-01-03,combined_risk_parity,EQ_AMT,0.02280345429641174
2022-02-01,combined_risk_parity,EQ_AMT,0.020174016882273233
2022-03-01,combined_risk_parity,EQ_AMT,0.01956733922080824
2022-04-01,combined_risk_parity,EQ_AMT,0.02032337613393393
2022-05-02,combined_risk_parity,EQ_AMT,0.02040127953192384
2022-06-01,combined_risk_parity,EQ_AMT,0.0186966358132472
2022-07-01,combined_risk_parity,EQ_AMT,0.01769883901006368
2022-08-01,combined_risk_parity,EQ_AMT,0.017195670847892534
2022-09-01,combined_risk_parity,EQ_AMT,0.01709007413318182
2022-10-03,combined_risk_parity,EQ_AMT,0.017084869274864183
2022-11-01,combined_risk_parity,EQ_AMT,0.01653010090286231
2022-12-01,combined_risk_parity,EQ_AMT,0.015590256849539061
2023-01-03,combined_risk_parity,EQ_AMT,0.015677720961558405
2023-02-01,combined_risk_parity,EQ_AMT,0.015738221773940738
2023-03-01,combined_risk_parity,EQ_AMT,0.015454234470708816
2023-04-03,combined_risk_parity,EQ_AMT,0.015348245916323963
2023-05-01,combined_risk_parity,EQ_AMT,0.015157495391332437
2023-06-01,combined_risk_parity,EQ_AMT,0.014958349859274177
2023-07-03,combined_risk_parity,EQ_AMT,0.01494894306891156
2023-08-01,combined_risk_parity,EQ_AMT,0.014970975603357074
2023-09-01,combined_risk_parity,EQ_AMT,0.014756975455647045
2023-10-02,combined_risk_parity,EQ_AMT,0.014144487952435073
2023-11-01,combined_risk_parity,EQ_AMT,0.014026801610369294
2023-12-01,combined_risk_parity,EQ_AMT,0.014170849771670166
2021-01-04,combined_risk_parity,EQ_BA,0.009660314931731405
2021-02-01,combined_risk_parity,EQ_BA,0.009655805258800897
2021-03-01,combined_risk_parity,EQ_BA,0.009533507565022994
2021-04-01,combined_risk_parity,EQ_BA,0.008349571717451943
2021-05-03,combined_risk_parity,EQ_BA,0.007520793474227157
2021-06-01,combined_risk_parity,EQ_BA,0.007754773212585934
2021-07-01,combined_risk_parity,EQ_BA,0.00936802209056424
2021-08-02,combined_risk_parity,EQ_BA,0.009378682391143556
2021-09-01,combined_risk_parity,EQ_BA,0.009192055071745418
2021-10-01,combined_risk_parity,EQ_BA,0.009361443324119038
2021-11-01,combined_risk_parity,EQ_BA,0.010035613298897185
2021-12-01,combined_risk_parity,EQ_BA,0.012269786679976805
2022-01-03,combined_risk_parity,EQ_BA,0.011131786649776841
2022-02-01,combined_risk_parity,EQ_BA,0.010967475938623277
2022-03-01,combined_risk_parity,EQ_BA,0.011963014774561277
2022-04-01,combined_risk_parity,EQ_BA,0.011126398519985143
2022-05-02,combined_risk_parity,EQ_BA,0.011519021230594102
2022-06-01,combined_risk_parity,EQ_BA,0.010279858114720793
2022-07-01,combined_risk_parity,EQ_BA,0.010170410456547142
2022-08-01,combined_risk_parity,EQ_BA,0.010380753992273138
2022-09-01,combined_risk_parity,EQ_BA,0.010496070602458468
2022-10-03,combined_risk_parity,EQ_BA,0.010532416495538429
2022-11-01,combined_risk_parity,EQ_BA,0.01091195947574384
2022-12-01,combined_risk_parity,EQ_BA,0.011439923766279841
2023-01-03,combined_risk_parity,EQ_BA,0.011843401375595993
2023-02-01,combined_risk_parity,EQ_BA,0.012084827979797555
2023-03-01,combined_risk_parity,EQ_BA,0.012001149618561333
2023-04-03,combined_risk_parity,EQ_BA,0.01221783138843752
2023-05-01,combined_risk_parity,EQ_BA,0.012419771506657728
2023-06-01,combined_risk_parity,EQ_BA,0.013348454517770317
2023-07-03,combined_risk_parity,EQ_BA,0.014059580866400865
2023-08-01,combined_risk_parity,EQ_BA,0.014234744377534888
2023-09-01,combined_risk_parity,EQ_BA,0.014281584820367862
2023-10-02,combined_risk_parity,EQ_BA,0.015028382858021359
2023-11-01,combined_risk_parity,EQ_BA,0.01478708518274772
2023-12-01,combined_risk_parity,EQ_BA,0.014061411252795185
2021-01-04,combined_risk_parity,EQ_CAT,0.01646766441479599
2021-02-01,combined_risk_parity,EQ_CAT,0.016405794808380485
2021-03-01,combined_risk_parity,EQ_CAT,0.01656941290466879
2021-04-01,combined_risk_parity,EQ_CAT,0.014571217040788688
2021-05-03,combined_risk_parity,EQ_CAT,0.01412196827258757
2021-06-01,combined_risk_parity,EQ_CAT,0.015419920528017526
2021-07-01,combined_risk_parity,EQ_CAT,0.016377970089881726
2021-08-02,combined_risk_parity,EQ_CAT,0.016278388203411785
2021-09-01,combined_risk_parity,EQ_CAT,0.01562852602423883
2021-10-01,combined_risk_parity,EQ_CAT,0.014675992995048225
2021-11-01,combined_risk_parity,EQ_CAT,0.014766313096804437
2021-12-01,combined_risk_parity,EQ_CAT,0.0143239708782236
2022-01-03,combined_risk_parity,EQ_CAT,0.014297908795224698
2022-02-01,combined_risk_parity,EQ_CAT,0.015786964821525053
2022-03-01,combined_risk_parity,EQ_CAT,0.015550860256699063
2022-04-01,combined_risk_parity,EQ_CAT,0.01692697176904643
2022-05-02,combined_risk_parity,EQ_CAT,0.017169711422252
2022-06-01,combined_risk_parity,EQ_CAT,0.015659668140545275
2022-07-01,combined_risk_parity,EQ_CAT,0.015698587683637587
2022-08-01,combined_risk_parity,EQ_CAT,0.01516728343298763
2022-09-01,combined_risk_parity,EQ_CAT,0.01497126494408194
2022-10-03,combined_risk_parity,EQ_CAT,0.015139744966141877
2022-11-01,combined_risk_parity,EQ_CAT,0.015109374811510512
2022-12-01,combined_risk_parity,EQ_CAT,0.015647902427568423
2023-01-03,combined_risk_parity,EQ_CAT,0.015797605365317248
2023-02-01,combined_risk_parity,EQ_CAT,0.015546435472647578
2023-03-01,combined_risk_parity,EQ_CAT,0.015708821538457485
2023-04-03,combined_risk_parity,EQ_CAT,0.015062534218909634
2023-05-01,combined_risk_parity,EQ_CAT,0.015306547276780342
2023-06-01,combined_risk_parity,EQ_CAT,0.014790728858787953
2023-07-03,combined_risk_parity,EQ_CAT,0.013801329195598214
2023-08-01,combined_risk_parity,EQ_CAT,0.014342091356298655
2023-09-01,combined_risk_parity,EQ_CAT,0.01498881965261351
2023-10-02,combined_risk_parity,EQ_CAT,0.015089186885525012
2023-11-01,combined_risk_parity,EQ_CAT,0.015036767816215423
2023-12-01,combined_risk_parity,EQ_CAT,0.014025681856207532
2021-01-04,combined_risk_parity,EQ_CCI,0.018044253370155475
2021-02-01,combined_risk_parity,EQ_CCI,0.01836034894599859
2021-03-01,combined_risk_parity,EQ_CCI,0.01862381933237493
2021-04-01,combined_risk_parity,EQ_CCI,0.020304814650832403
2021-05-03,combined_risk_parity,EQ_CCI,0.020869147125647202
2021-06-01,combined_risk_parity,EQ_CCI,0.022877508970056165
2021-07-01,combined_risk_parity,EQ_CCI,0.02653277269277607
2021-08-02,combined_risk_parity,EQ_CCI,0.028115926740848965
2021-09-01,combined_risk_parity,EQ_CCI,0.029109699819479504
2021-10-01,combined_risk_parity,EQ_CCI,0.033368770094914416
2021-11-01,combined_risk_parity,EQ_CCI,0.03072947074624165
2021-12-01,combined_risk_parity,EQ_CCI,0.025591517198590038
2022-01-03,combined_risk_parity,EQ_CCI,0.025117698624750495
2022-02-01,combined_risk_parity,EQ_CCI,0.02145460879142436
2022-03-01,combined_risk_parity,EQ_CCI,0.019992095695658126
2022-04-01,combined_risk_parity,EQ_CCI,0.021138992189948583
2022-05-02,combined_risk_parity,EQ_CCI,0.02123386084740597
2022-06-01,combined_risk_parity,EQ_CCI,0.020546545745837728
2022-07-01,combined_risk_parity,EQ_CCI,0.018909556768469622
2022-08-01,combined_risk_parity,EQ_CCI,0.018300719766408353
2022-09-01,combined_risk_parity,EQ_CCI,0.018197017117436532
2022-10-03,combined_risk_parity,EQ_CCI,0.01776470632126041
2022-11-01,combined_risk_parity,EQ_CCI,0.017664047235922742
2022-12-01,combined_risk_parity,EQ_CCI,0.01668027029362625
2023-01-03,combined_risk_parity,EQ_CCI,0.01670812639979518
2023-02-01,combined_risk_parity,EQ_CCI,0.016495995757075017
2023-03-01,combined_risk_parity,EQ_CCI,0.016319750924536424
2023-04-03,combined_risk_parity,EQ_CCI,0.016217337609040806
2023-05-01,combined_risk_parity,EQ_CCI,0.01580788502684774
2023-06-01,combined_risk_parity,EQ_CCI,0.01518458888512916
2023-07-03,combined_risk_parity,EQ_CCI,0.015250311613701616
2023-08-01,combined_risk_parity,EQ_CCI,0.015410454739406429
2023-09-01,combined_risk_parity,EQ_CCI,0.01534515224063339
2023-10-02,combined_risk_parity,EQ_CCI,0.014900696108381507
2023-11-01,combined_risk_parity,EQ_CCI,0.014341797497684492
2023-12-01,combined_risk_parity,EQ_CCI,0.014354250753111933
2021-01-04,combined_risk_parity,EQ_CMCSA,0.01802666364392626
2021-02-01,combined_risk_parity,EQ_CMCSA,0.017991399044953112
2021-03-01,combined_risk_parity,EQ_CMCSA,0.018196337381162435
2021-04-01,combined_risk_parity,EQ_CMCSA,0.016581242461011208
2021-05-03,combined_risk_parity,EQ_CMCSA,0.01683504091289138
2021-06-01,combined_risk_parity,EQ_CMCSA,0.016915189500879536
2021-07-01,combined_risk_parity,EQ_CMCSA,0.015696567700686944
2021-08-02,combined_risk_parity,EQ_CMCSA,0.01586744938382591
2021-09-01,combined_risk_parity,EQ_CMCSA,0.015521131015597468
2021-10-01,combined_risk_parity,EQ_CMCSA,0.01433938926873049
2021-11-01,combined_risk_parity,EQ_CMCSA,0.014180395898569486
2021-12-01,combined_risk_parity,EQ_CMCSA,0.01494912143358049
2022-01-03,combined_risk_parity,EQ_CMCSA,0.015356778920358662
2022-02-01,combined_risk_parity,EQ_CMCSA,0.01643018341523515
2022-03-01,combined_risk_parity,EQ_CMCSA,0.01594262916300587
2022-04-01,combined_risk_parity,EQ_CMCSA,0.015771049949719573
2022-05-02,combined_risk_parity,EQ_CMCSA,0.016858886027577975
2022-06-01,combined_risk_parity,EQ_CMCSA,0.017998397216824245
2022-07-01,combined_risk_parity,EQ_CMCSA,0.018614006854838987
2022-08-01,combined_risk_parity,EQ_CMCSA,0.019683190839105486
2022-09-01,combined_risk_parity,EQ_CMCSA,0.01958292318142899
2022-10-03,combined_risk_parity,EQ_CMCSA,0.018260803538003027
2022-11-01,combined_risk_parity,EQ_CMCSA,0.01863789002445554
2022-12-01,combined_risk_parity,EQ_CMCSA,0.018318907888653868
2023-01-03,combined_risk_parity,EQ_CMCSA,0.0181128244371263
2023-02-01,combined_risk_parity,EQ_CMCSA,0.0178245438058345
2023-03-01,combined_risk_parity,EQ_CMCSA,0.01785953317790192
2023-04-03,combined_risk_parity,EQ_CMCSA,0.017897213845070238
2023-05-01,combined_risk_parity,EQ_CMCSA,0.017497442995091952
2023-06-01,combined_risk_parity,EQ_CMCSA,0.016695654745057263
2023-07-03,combined_risk_parity,EQ_CMCSA,0.016182370128613822
2023-08-01,combined_risk_parity,EQ_CMCSA,0.01580218001327501
2023-09-01,combined_risk_parity,EQ_CMCSA,0.01583229825582498
2023-10-02,combined_risk_parity,EQ_CMCSA,0.01705833207662124
2023-11-01,combined_risk_parity,EQ_CMCSA,0.01712978861500634
2023-12-01,combined_risk_parity,EQ_CMCSA,0.016774994418112484
2021-01-04,combined_risk_parity,EQ_COP,0.011116468692658718
2021-02-01,combined_risk_parity,EQ_COP,0.011077817771188709
2021-03-01,combined_risk_parity,EQ_COP,0.011134549549369824
2021-04-01,combined_risk_parity,EQ_COP,0.010822677172070935
2021-05-03,combined_risk_parity,EQ_COP,0.010115276505166514
2021-06-01,combined_risk_parity,EQ_COP,0.010034010928750295
2021-07-01,combined_risk_parity,EQ_COP,0.010077157728789324
2021-08-02,combined_risk_parity,EQ_COP,0.01015523021097341
2021-09-01,combined_risk_parity,EQ_COP,0.010184543065832437
2021-10-01,combined_risk_parity,EQ_COP,0.010117756973317512
2021-11-01,combined_risk_parity,EQ_COP,0.010951708994763791
2021-12-01,combined_risk_parity,EQ_COP,0.012175756699702748
2022-01-03,combined_risk_parity,EQ_COP,0.0119101783711129
2022-02-01,combined_risk_parity,EQ_COP,0.012878150375442179
2022-03-01,combined_risk_parity,EQ_COP,0.013256612685405601
2022-04-01,combined_risk_parity,EQ_COP,0.014299353468820681
2022-05-02,combined_risk_parity,EQ_COP,0.013837899183782799
2022-06-01,combined_risk_parity,EQ_COP,0.013090653409470325
2022-07-01,combined_risk_parity,EQ_COP,0.013480265054827582
2022-08-01,combined_risk_parity,EQ_COP,0.01341368958634751
2022-09-01,combined_risk_parity,EQ_COP,0.01416765795090613
2022-10-03,combined_risk_parity,EQ_COP,0.01447799505579567
2022-11-01,combined_risk_parity,EQ_COP,0.014756170286400602
2022-12-01,combined_risk_parity,EQ_COP,0.015244881045419423
2023-01-03,combined_risk_parity,EQ_COP,0.015446651666052568
2023-02-01,combined_risk_parity,EQ_COP,0.015877500681560373
2023-03-01,combined_risk_parity,EQ_COP,0.015577971347269558
2023-04-03,combined_risk_parity,EQ_COP,0.015089933203927468
2023-05-01,combined_risk_parity,EQ_COP,0.01504176609034694
2023-06-01,combined_risk_parity,EQ_COP,0.01556076125439572
2023-07-03,combined_risk_parity,EQ_COP,0.015311804302949109
2023-08-01,combined_risk_parity,EQ_COP,0.015384328770569819
2023-09-01,combined_risk_parity,EQ_COP,0.015181016075877504
2023-10-02,combined_risk_parity,EQ_COP,0.015200292591621905
2023-11-01,combined_risk_parity,EQ_COP,0.015229347681876344
2023-12-01,combined_risk_parity,EQ_COP,0.015483695919064906
2021-01-04,combined_risk_parity,EQ_CVX,0.012162911510664448
2021-02-01,combined_risk_parity,EQ_CVX,0.012147234515625455
2021-03-01,combined_risk_parity,EQ_CVX,0.012191628396364635
2021-04-01,combined_risk_parity,EQ_CVX,0.012019713167569787
2021-05-03,combined_risk_parity,EQ_CVX,0.012050635255456027
2021-06-01,combined_risk_parity,EQ_CVX,0.012168808806000742
2021-07-01,combined_risk_parity,EQ_CVX,0.012139857589469278
2021-08-02,combined_risk_parity,EQ_CVX,0.012348452879777963
2021-09-01,combined_risk_parity,EQ_CVX,0.012358237787973476
2021-10-01,combined_risk_parity,EQ_CVX,0.012140415733811737
2021-11-01,combined_risk_parity,EQ_CVX,0.012298181809677079
2021-12-01,combined_risk_parity,EQ_CVX,0.014781328723707576
2022-01-03,combined_risk_parity,EQ_CVX,0.014825214283063094
2022-02-01,combined_risk_parity,EQ_CVX,0.017113044723438265
2022-03-01,combined_risk_parity,EQ_CVX,0.017460277416119732
2022-04-01,combined_risk_parity,EQ_CVX,0.020424063756210573
2022-05-02,combined_risk_parity,EQ_CVX,0.01892575751294651
2022-06-01,combined_risk_parity,EQ_CVX,0.018121904527326604
2022-07-01,combined_risk_parity,EQ_CVX,0.01842636058313927
2022-08-01,combined_risk_parity,EQ_CVX,0.018262536262444687
2022-09-01,combined_risk_parity,EQ_CVX,0.019029747336960074
2022-10-03,combined_risk_parity,EQ_CVX,0.019381632905698606
2022-11-01,combined_risk_parity,EQ_CVX,0.01936013050148089
2022-12-01,combined_risk_parity,EQ_CVX,0.019457497941675977
2023-01-03,combined_risk_parity,EQ_CVX,0.019354967842459415
2023-02-01,combined_risk_parity,EQ_CVX,0.019342734095620692
2023-03-01,combined_risk_parity,EQ_CVX,0.019302869712563352
2023-04-03,combined_risk_parity,EQ_CVX,0.018084828803791538
2023-05-01,combined_risk_parity,EQ_CVX,0.018137904889103964
2023-06-01,combined_risk_parity,EQ_CVX,0.018341245595628185
2023-07-03,combined_risk_parity,EQ_CVX,0.017926485073550373
2023-08-01,combined_risk_parity,EQ_CVX,0.01826797535509453
2023-09-01,combined_risk_parity,EQ_CVX,0.018261824799937803
2023-10-02,combined_risk_parity,EQ_CVX,0.018555666409166408
2023-11-01,combined_risk_parity,EQ_CVX,0.018958011091228473
2023-12-01,combined_risk_parity,EQ_CVX,0.01915502380490623
2021-01-04,combined_risk_parity,EQ_D,0.017660352412492898
2021-02-01,combined_risk_parity,EQ_D,0.017974528938556195
2021-03-01,combined_risk_parity,EQ_D,0.018018769909809315
2021-04-01,combined_risk_parity,EQ_D,0.02502343416821987
2021-05-03,combined_risk_parity,EQ_D,0.03172985127283535
2021-06-01,combined_risk_parity,EQ_D,0.03248798032840402
2021-07-01,combined_risk_parity,EQ_D,0.030040818317699503
2021-08-02,combined_risk_parity,EQ_D,0.028883658929862638
2021-09-01,combined_risk_parity,EQ_D,0.029242717521915106
2021-10-01,combined_risk_parity,EQ_D,0.027946625926757125
2021-11-01,combined_risk_parity,EQ_D,0.026812522860260878
2021-12-01,combined_risk_parity,EQ_D,0.027160258043044776
2022-01-03,combined_risk_parity,EQ_D,0.026989310660947945
2022-02-01,combined_risk_parity,EQ_D,0.02636836631858465
2022-03-01,combined_risk_parity,EQ_D,0.027043057158498987
2022-04-01,combined_risk_parity,EQ_D,0.027800548250667544
2022-05-02,combined_risk_parity,EQ_D,0.028932857544553898
2022-06-01,combined_risk_parity,EQ_D,0.029905162286989372
2022-07-01,combined_risk_parity,EQ_D,0.02980203994495361
2022-08-01,combined_risk_parity,EQ_D,0.029215714980801454
2022-09-01,combined_risk_parity,EQ_D,0.029320815909400423
2022-10-03,combined_risk_parity,EQ_D,0.027480593686787916
2022-11-01,combined_risk_parity,EQ_D,0.025726833286190923
2022-12-01,combined_risk_parity,EQ_D,0.02591191843141854
2023-01-03,combined_risk_parity,EQ_D,0.02611397039647398
2023-02-01,combined_risk_parity,EQ_D,0.025540424256186935
2023-03-01,combined_risk_parity,EQ_D,0.02514754550810273
2023-04-03,combined_risk_parity,EQ_D,0.02481109392820656
2023-05-01,combined_risk_parity,EQ_D,0.024399388271170303
2023-06-01,combined_risk_parity,EQ_D,0.022678144031205643
2023-07-03,combined_risk_parity,EQ_D,0.02205502465977815
2023-08-01,combined_risk_parity,EQ_D,0.021150621541936223
2023-09-01,combined_risk_parity,EQ_D,0.020584076944349678
2023-10-02,combined_risk_parity,EQ_D,0.019913394273701764
2023-11-01,combined_risk_parity,EQ_D,0.02039188809051653
2023-12-01,combined_risk_parity,EQ_D,0.018276480232150963
2021-01-04,combined_risk_parity,EQ_DD,0.01429512174245237
2021-02-01,combined_risk_parity,EQ_DD,0.014118954924621282
2021-03-01,combined_risk_parity,EQ_DD,0.014348471134741027
2021-04-01,combined_risk_parity,EQ_DD,0.013069475684087499
2021-05-03,combined_risk_parity,EQ_DD,0.012940898478520495
2021-06-01,combined_risk_parity,EQ_DD,0.013026633842002696
2021-07-01,combined_risk_parity,EQ_DD,0.012645902021508079
2021-08-02,combined_risk_parity,EQ_DD,0.012292402818427629
2021-09-01,combined_risk_parity,EQ_DD,0.012524290370647234
2021-10-01,combined_risk_parity,EQ_DD,0.01314710355039364
2021-11-01,combined_risk_parity,EQ_DD,0.01264163777170902
2021-12-01,combined_risk_parity,EQ_DD,0.012420499944340956
2022-01-03,combined_risk_parity,EQ_DD,0.012625592275858478
2022-02-01,combined_risk_parity,EQ_DD,0.01294698314184744
2022-03-01,combined_risk_parity,EQ_DD,0.012671806292252659
2022-04-01,combined_risk_parity,EQ_DD,0.011385252988441688
2022-05-02,combined_risk_parity,EQ_DD,0.012022864761603403
2022-06-01,combined_risk_parity,EQ_DD,0.012264893846560328
2022-07-01,combined_risk_parity,EQ_DD,0.012304146075918839
2022-08-01,combined_risk_parity,EQ_DD,0.012495044764033068
2022-09-01,combined_risk_parity,EQ_DD,0.01217419007156894
2022-10-03,combined_risk_parity,EQ_DD,0.012308282552112223
2022-11-01,combined_risk_parity,EQ_DD,0.01249851137392678
2022-12-01,combined_risk_parity,EQ_DD,0.013479239869791014
2023-01-03,combined_risk_parity,EQ_DD,0.013639729170702612
2023-02-01,combined_risk_parity,EQ_DD,0.013742939445597959
2023-03-01,combined_risk_parity,EQ_DD,0.013844873134589026
2023-04-03,combined_risk_parity,EQ_DD,0.01429004610992555
2023-05-01,combined_risk_parity,EQ_DD,0.014402579301090679
2023-06-01,combined_risk_parity,EQ_DD,0.01391474416270569
2023-07-03,combined_risk_parity,EQ_DD,0.013841236671107452
2023-08-01,combined_risk_parity,EQ_DD,0.014138684308828696
2023-09-01,combined_risk_parity,EQ_DD,0.01487574097757356
2023-10-02,combined_risk_parity,EQ_DD,0.015317649692251405
2023-11-01,combined_risk_parity,EQ_DD,0.01575147948383018
2023-12-01,combined_risk_parity,EQ_DD,0.014509136408371103
2021-01-04,combined_risk_parity,EQ_DIS,0.01562042151307003
2021-02-01,combined_risk_parity,EQ_DIS,0.015611595487474421
2021-03-01,combined_risk_parity,EQ_DIS,0.015635361236435903
2021-04-01,combined_risk_parity,EQ_DIS,0.015652060361910476
2021-05-03,combined_risk_parity,EQ_DIS,0.014528779216020976
2021-06-01,combined_risk_parity,EQ_DIS,0.015901484991496767
2021-07-01,combined_risk_parity,EQ_DIS,0.016612355978651905
2021-08-02,combined_risk_parity,EQ_DIS,0.016194258904586353
2021-09-01,combined_risk_parity,EQ_DIS,0.01591451975344842
2021-10-01,combined_risk_parity,EQ_DIS,0.0147006519312101
2021-11-01,combined_risk_parity,EQ_DIS,0.014571333956755824
2021-12-01,combined_risk_parity,EQ_DIS,0.016537589690425642
2022-01-03,combined_risk_parity,EQ_DIS,0.016573383780537552
2022-02-01,combined_risk_parity,EQ_DIS,0.01625443644815635
2022-03-01,combined_risk_parity,EQ_DIS,0.018442288200415928
2022-04-01,combined_risk_parity,EQ_DIS,0.016444817179798545
2022-05-02,combined_risk_parity,EQ_DIS,0.01611341148672702
2022-06-01,combined_risk_parity,EQ_DIS,0.014622137629273129
2022-07-01,combined_risk_parity,EQ_DIS,0.014972934081789848
2022-08-01,combined_risk_parity,EQ_DIS,0.014716160079952585
2022-09-01,combined_risk_parity,EQ_DIS,0.014268765393144619
2022-10-03,combined_risk_parity,EQ_DIS,0.013867576279587969
2022-11-01,combined_risk_parity,EQ_DIS,0.013894285796853421
2022-12-01,combined_risk_parity,EQ_DIS,0.012961532536231925
2023-01-03,combined_risk_parity,EQ_DIS,0.012888676749141844
2023-02-01,combined_risk_parity,EQ_DIS,0.012966787128016796
2023-03-01,combined_risk_parity,EQ_DIS,0.012705623863561765
2023-04-03,combined_risk_parity,EQ_DIS,0.012935693114425594
2023-05-01,combined_risk_parity,EQ_DIS,0.012920676004920086
2023-06-01,combined_risk_parity,EQ_DIS,0.012409260604040335
2023-07-03,combined_risk_parity,EQ_DIS,0.011752041835288976
2023-08-01,combined_risk_parity,EQ_DIS,0.011981645171800776
2023-09-01,combined_risk_parity,EQ_DIS,0.012263727396001635
2023-10-02,combined_risk_parity,EQ_DIS,0.01234154487584175
2023-11-01,combined_risk_parity,EQ_DIS,0.012272439462506111
2023-12-01,combined_risk_parity,EQ_DIS,0.01370824031542888
2021-01-04,combined_risk_parity,EQ_DOW,0.012020787123023345
2021-02-01,combined_risk_parity,EQ_DOW,0.0120109989867962
2021-03-01,combined_risk_parity,EQ_DOW,0.012154386585977728
2021-04-01,combined_risk_parity,EQ_DOW,0.010865521466495293
2021-05-03,combined_risk_parity,EQ_DOW,0.0107490845100553
2021-06-01,combined_risk_parity,EQ_DOW,0.011663723732198449
2021-07-01,combined_risk_parity,EQ_DOW,0.011987520702122707
2021-08-02,combined_risk_parity,EQ_DOW,0.012036965408420057
2021-09-01,combined_risk_parity,EQ_DOW,0.012136229709222077
2021-10-01,combined_risk_parity,EQ_DOW,0.011968264895923529
2021-11-01,combined_risk_parity,EQ_DOW,0.01126768678317333
2021-12-01,combined_risk_parity,EQ_DOW,0.011929697137625957
2022-01-03,combined_risk_parity,EQ_DOW,0.012018536110796469
2022-02-01,combined_risk_parity,EQ_DOW,0.012924768856897226
2022-03-01,combined_risk_parity,EQ_DOW,0.013649473984508838
2022-04-01,combined_risk_parity,EQ_DOW,0.013008659330796774
2022-05-02,combined_risk_parity,EQ_DOW,0.0150510658712475
2022-06-01,combined_risk_parity,EQ_DOW,0.015767977862324506
2022-07-01,combined_risk_parity,EQ_DOW,0.01583855791586679
2022-08-01,combined_risk_parity,EQ_DOW,0.016216724007573038
2022-09-01,combined_risk_parity,EQ_DOW,0.016104447631304763
2022-10-03,combined_risk_parity,EQ_DOW,0.016138562255030194
2022-11-01,combined_risk_parity,EQ_DOW,0.016391150581066292
2022-12-01,combined_risk_parity,EQ_DOW,0.015975999462398614
2023-01-03,combined_risk_parity,EQ_DOW,0.016083162363171553
2023-02-01,combined_risk_parity,EQ_DOW,0.015817775964546095
2023-03-01,combined_risk_parity,EQ_DOW,0.01585710404602594
2023-04-03,combined_risk_parity,EQ_DOW,0.016144277114484313
2023-05-01,combined_risk_parity,EQ_DOW,0.015644249605295583
2023-06-01,combined_risk_parity,EQ_DOW,0.014779166882156903
2023-07-03,combined_risk_parity,EQ_DOW,0.014298112611305553
2023-08-01,combined_risk_parity,EQ_DOW,0.014542204254896584
2023-09-01,combined_risk_parity,EQ_DOW,0.014862839422911715
2023-10-02,combined_risk_parity,EQ_DOW,0.014805637339881167
2023-11-01,combined_risk_parity,EQ_DOW,0.014513477063936487
2023-12-01,combined_risk_parity,EQ_DOW,0.015264741266950125
2021-01-04,combined_risk_parity,EQ_DUK,0.01718618193438966
2021-02-01,combined_risk_parity,EQ_DUK,0.01739962968990816
2021-03-01,combined_risk_parity,EQ_DUK,0.017481023058078683
2021-04-01,combined_risk_parity,EQ_DUK,0.021063642535114602
2021-05-03,combined_risk_parity,EQ_DUK,0.025582621550478017
2021-06-01,combined_risk_parity,EQ_DUK,0.027131772995008567
2021-07-01,combined_risk_parity,EQ_DUK,0.02619950221710998
2021-08-02,combined_risk_parity,EQ_DUK,0.02683946795416712
2021-09-01,combined_risk_parity,EQ_DUK,0.027169408308383918
2021-10-01,combined_risk_parity,EQ_DUK,0.02765187443705193
2021-11-01,combined_risk_parity,EQ_DUK,0.027992183710404
2021-12-01,combined_risk_parity,EQ_DUK,0.03038609867325126
2022-01-03,combined_risk_parity,EQ_DUK,0.03144560530520072
2022-02-01,combined_risk_parity,EQ_DUK,0.031749560322231606
2022-03-01,combined_risk_parity,EQ_DUK,0.02844451560782998
2022-04-01,combined_risk_parity,EQ_DUK,0.029720162504357443
2022-05-02,combined_risk_parity,EQ_DUK,0.03074774063573031
2022-06-01,combined_risk_parity,EQ_DUK,0.03369050790394631
2022-07-01,combined_risk_parity,EQ_DUK,0.032734453099014446
2022-08-01,combined_risk_parity,EQ_DUK,0.032324551798685895
2022-09-01,combined_risk_parity,EQ_DUK,0.03186402111753194
2022-10-03,combined_risk_parity,EQ_DUK,0.029402945613622552
2022-11-01,combined_risk_parity,EQ_DUK,0.026649129943845468
2022-12-01,combined_risk_parity,EQ_DUK,0.027064322451664256
2023-01-03,combined_risk_parity,EQ_DUK,0.02675843589977453
2023-02-01,combined_risk_parity,EQ_DUK,0.026439402448216805
2023-03-01,combined_risk_parity,EQ_DUK,0.026669267176426755
2023-04-03,combined_risk_parity,EQ_DUK,0.025900779388994696
2023-05-01,combined_risk_parity,EQ_DUK,0.02542771108050024
2023-06-01,combined_risk_parity,EQ_DUK,0.023919380795181616
2023-07-03,combined_risk_parity,EQ_DUK,0.02323561292458613
2023-08-01,combined_risk_parity,EQ_DUK,0.022242436618117298
2023-09-01,combined_risk_parity,EQ_DUK,0.021987665121216613
2023-10-02,combined_risk_parity,EQ_DUK,0.022280823313233774
2023-11-01,combined_risk_parity,EQ_DUK,0.024136724449317488
2023-12-01,combined_risk_parity,EQ_DUK,0.023523308140599795
2021-01-04,combined_risk_parity,EQ_EA,0.028044199484312887
2021-02-01,combined_risk_parity,EQ_EA,0.028956477394071773
2021-03-01,combined_risk_parity,EQ_EA,0.02904116475303817
2021-04-01,combined_risk_parity,EQ_EA,0.03465577138595999
2021-05-03,combined_risk_parity,EQ_EA,0.03075183239600182
2021-06-01,combined_risk_parity,EQ_EA,0.028906941765510338
2021-07-01,combined_risk_parity,EQ_EA,0.02383642177215605
2021-08-02,combined_risk_parity,EQ_EA,0.023661739555215753
2021-09-01,combined_risk_parity,EQ_EA,0.024469646790917593
2021-10-01,combined_risk_parity,EQ_EA,0.02810289366181431
2021-11-01,combined_risk_parity,EQ_EA,0.028430589601180833
2021-12-01,combined_risk_parity,EQ_EA,0.027484900737575094
2022-01-03,combined_risk_parity,EQ_EA,0.025878769086703796
2022-02-01,combined_risk_parity,EQ_EA,0.025423140681071224
2022-03-01,combined_risk_parity,EQ_EA,0.026128482943616912
2022-04-01,combined_risk_parity,EQ_EA,0.02537311088320293
2022-05-02,combined_risk_parity,EQ_EA,0.026450294727817618
2022-06-01,combined_risk_parity,EQ_EA,0.02705450858011371
2022-07-01,combined_risk_parity,EQ_EA,0.025846283574282956
2022-08-01,combined_risk_parity,EQ_EA,0.025576055698827715
2022-09-01,combined_risk_parity,EQ_EA,0.026061067341395107
2022-10-03,combined_risk_parity,EQ_EA,0.02444012409655397
2022-11-01,combined_risk_parity,EQ_EA,0.024401086923289853
2022-12-01,combined_risk_parity,EQ_EA,0.024089141451251878
2023-01-03,combined_risk_parity,EQ_EA,0.024023255505442705
2023-02-01,combined_risk_parity,EQ_EA,0.024151727581923715
2023-03-01,combined_risk_parity,EQ_EA,0.024010651521212383
2023-04-03,combined_risk_parity,EQ_EA,0.024495080104105043
2023-05-01,combined_risk_parity,EQ_EA,0.023478869990250686
2023-06-01,combined_risk_parity,EQ_EA,0.023788234904823846
2023-07-03,combined_risk_parity,EQ_EA,0.0240584342728976
2023-08-01,combined_risk_parity,EQ_EA,0.02435598051939572
2023-09-01,combined_risk_parity,EQ_EA,0.022118485705455677
2023-10-02,combined_risk_parity,EQ_EA,0.022620377805051696
2023-11-01,combined_risk_parity,EQ_EA,0.022147776464429548
2023-12-01,combined_risk_parity,EQ_EA,0.02143977391858886
2021-01-04,combined_risk_parity,EQ_GE,0.013359851015756792
2021-02-01,combined_risk_parity,EQ_GE,0.013408628581513884
2021-03-01,combined_risk_parity,EQ_GE,0.013468117999231258
2021-04-01,combined_risk_parity,EQ_GE,0.013035068797315997
2021-05-03,combined_risk_parity,EQ_GE,0.011684941516567845
2021-06-01,combined_risk_parity,EQ_GE,0.01307003292682147
2021-07-01,combined_risk_parity,EQ_GE,0.014448856818301069
2021-08-02,combined_risk_parity,EQ_GE,0.0140660608216977
2021-09-01,combined_risk_parity,EQ_GE,0.014298958068329728
2021-10-01,combined_risk_parity,EQ_GE,0.015074003967591402
2021-11-01,combined_risk_parity,EQ_GE,0.013682864876079583
2021-12-01,combined_risk_parity,EQ_GE,0.013886559147950098
2022-01-03,combined_risk_parity,EQ_GE,0.013585898950031317
2022-02-01,combined_risk_parity,EQ_GE,0.012482466470996947
2022-03-01,combined_risk_parity,EQ_GE,0.012616909816201057
2022-04-01,combined_risk_parity,EQ_GE,0.011817084297374358
2022-05-02,combined_risk_parity,EQ_GE,0.01156102790276976
2022-06-01,combined_risk_parity,EQ_GE,0.011286691535869649
2022-07-01,combined_risk_parity,EQ_GE,0.011542119757017296
2022-08-01,combined_risk_parity,EQ_GE,0.011826077040790247
2022-09-01,combined_risk_parity,EQ_GE,0.011679170203917537
2022-10-03,combined_risk_parity,EQ_GE,0.01221060413723803
2022-11-01,combined_risk_parity,EQ_GE,0.01229225593545002
2022-12-01,combined_risk_parity,EQ_GE,0.013093969001143868
2023-01-03,combined_risk_parity,EQ_GE,0.013177836689464874
2023-02-01,combined_risk_parity,EQ_GE,0.013271324737626322
2023-03-01,combined_risk_parity,EQ_GE,0.013769496751007719
2023-04-03,combined_risk_parity,EQ_GE,0.01426508507412146
2023-05-01,combined_risk_parity,EQ_GE,0.014843563109822091
2023-06-01,combined_risk_parity,EQ_GE,0.015178301766135103
2023-07-03,combined_risk_parity,EQ_GE,0.015911090829838402
2023-08-01,combined_risk_parity,EQ_GE,0.01649976273150892
2023-09-01,combined_risk_parity,EQ_GE,0.01700356313477083
2023-10-02,combined_risk_parity,EQ_GE,0.016983413601230683
2023-11-01,combined_risk_parity,EQ_GE,0.017209345144024366
2023-12-01,combined_risk_parity,EQ_GE,0.01735122107085852
2021-01-04,combined_risk_parity,EQ_GILD,0.03303079812334946
2021-02-01,combined_risk_parity,EQ_GILD,0.03263626107281443
2021-03-01,combined_risk_parity,EQ_GILD,0.031184798658332725
2021-04-01,combined_risk_parity,EQ_GILD,0.02671521065582528
2021-05-03,combined_risk_parity,EQ_GILD,0.027821918707296736
2021-06-01,combined_risk_parity,EQ_GILD,0.029406303813071157
2021-07-01,combined_risk_parity,EQ_GILD,0.026293438393588137
2021-08-02,combined_risk_parity,EQ_GILD,0.025722361723819802
2021-09-01,combined_risk_parity,EQ_GILD,0.02561412435440678
2021-10-01,combined_risk_parity,EQ_GILD,0.025305614124272468
2021-11-01,combined_risk_parity,EQ_GILD,0.027072870654067955
2021-12-01,combined_risk_parity,EQ_GILD,0.02649086057764019
2022-01-03,combined_risk_parity,EQ_GILD,0.02856681862286791
2022-02-01,combined_risk_parity,EQ_GILD,0.02748057372159546
2022-03-01,combined_risk_parity,EQ_GILD,0.03221794061336612
2022-04-01,combined_risk_parity,EQ_GILD,0.032018209499839426
2022-05-02,combined_risk_parity,EQ_GILD,0.030087361031911525
2022-06-01,combined_risk_parity,EQ_GILD,0.03252284009272508
2022-07-01,combined_risk_parity,EQ_GILD,0.03259853339865637
2022-08-01,combined_risk_parity,EQ_GILD,0.03255189121807836
2022-09-01,combined_risk_parity,EQ_GILD,0.03230433994394447
2022-10-03,combined_risk_parity,EQ_GILD,0.029231446820295007
2022-11-01,combined_risk_parity,EQ_GILD,0.025205369721904708
2022-12-01,combined_risk_parity,EQ_GILD,0.02650130786313325
2023-01-03,combined_risk_parity,EQ_GILD,0.02596914827170077
2023-02-01,combined_risk_parity,EQ_GILD,0.02646618298198611
2023-03-01,combined_risk_parity,EQ_GILD,0.02582904887391938
2023-04-03,combined_risk_parity,EQ_GILD,0.025492714259326435
2023-05-01,combined_risk_parity,EQ_GILD,0.025898445294333848
2023-06-01,combined_risk_parity,EQ_GILD,0.024754839931668614
2023-07-03,combined_risk_parity,EQ_GILD,0.02381023074268357
2023-08-01,combined_risk_parity,EQ_GILD,0.023515101387718514
2023-09-01,combined_risk_parity,EQ_GILD,0.02295782069929152
2023-10-02,combined_risk_parity,EQ_GILD,0.02400208174759931
2023-11-01,combined_risk_parity,EQ_GILD,0.02789408427954088
2023-12-01,combined_risk_parity,EQ_GILD,0.02376612239327217
2021-01-04,combined_risk_parity,EQ_GS,0.013186475924801714
2021-02-01,combined_risk_parity,EQ_GS,0.013243502269991344
2021-03-01,combined_risk_parity,EQ_GS,0.013149609478903304
2021-04-01,combined_risk_parity,EQ_GS,0.014165096454038576
2021-05-03,combined_risk_parity,EQ_GS,0.013713570833758104
2021-06-01,combined_risk_parity,EQ_GS,0.014349549527531445
2021-07-01,combined_risk_parity,EQ_GS,0.015961155114053365
2021-08-02,combined_risk_parity,EQ_GS,0.0156633634232267
2021-09-01,combined_risk_parity,EQ_GS,0.015211639202221735
2021-10-01,combined_risk_parity,EQ_GS,0.014472401292206354
2021-11-01,combined_risk_parity,EQ_GS,0.014720417034160578
2021-12-01,combined_risk_parity,EQ_GS,0.015337927180634755
2022-01-03,combined_risk_parity,EQ_GS,0.014572381808860996
2022-02-01,combined_risk_parity,EQ_GS,0.014003284858533294
2022-03-01,combined_risk_parity,EQ_GS,0.014417750206322336
2022-04-01,combined_risk_parity,EQ_GS,0.012763161540997976
2022-05-02,combined_risk_parity,EQ_GS,0.012873677172432863
2022-06-01,combined_risk_parity,EQ_GS,0.013440460469633294
2022-07-01,combined_risk_parity,EQ_GS,0.013969555584907619
2022-08-01,combined_risk_parity,EQ_GS,0.013823677734578647
2022-09-01,combined_risk_parity,EQ_GS,0.014013955427008047
2022-10-03,combined_risk_parity,EQ_GS,0.014439462242357782
2022-11-01,combined_risk_parity,EQ_GS,0.014289549775955932
2022-12-01,combined_risk_parity,EQ_GS,0.014809375075537243
2023-01-03,combined_risk_parity,EQ_GS,0.015112235311900337
2023-02-01,combined_risk_parity,EQ_GS,0.01554469718597454
2023-03-01,combined_risk_parity,EQ_GS,0.015817029716083942
2023-04-03,combined_risk_parity,EQ_GS,0.01583305194893758
2023-05-01,combined_risk_parity,EQ_GS,0.016242646096082045
2023-06-01,combined_risk_parity,EQ_GS,0.016135954152278264
2023-07-03,combined_risk_parity,EQ_GS,0.01608688239389343
2023-08-01,combined_risk_parity,EQ_GS,0.016728665403287844
2023-09-01,combined_risk_parity,EQ_GS,0.01682188620204953
2023-10-02,combined_risk_parity,EQ_GS,0.016480665527077182
2023-11-01,combined_risk_parity,EQ_GS,0.01650172864594875
2023-12-01,combined_risk_parity,EQ_GS,0.015137263749513194
2021-01-04,combined_risk_parity,EQ_INTC,0.014449372048798854
2021-02-01,combined_risk_parity,EQ_INTC,0.014504175617614861
2021-03-01,combined_risk_parity,EQ_INTC,0.014576118321561063
2021-04-01,combined_risk_parity,EQ_INTC,0.01600276158840428
2021-05-03,combined_risk_parity,EQ_INTC,0.015782341827232083
2021-06-01,combined_risk_parity,EQ_INTC,0.01581855956048691
2021-07-01,combined_risk_parity,EQ_INTC,0.014514871538625743
2021-08-02,combined_risk_parity,EQ_INTC,0.014686869864627252
2021-09-01,combined_risk_parity,EQ_INTC,0.014676698018163728
2021-10-01,combined_risk_parity,EQ_INTC,0.014825288215667243
2021-11-01,combined_risk_parity,EQ_INTC,0.01488156612128001
2021-12-01,combined_risk_parity,EQ_INTC,0.014690343806805728
2022-01-03,combined_risk_parity,EQ_INTC,0.014506348521387052
2022-02-01,combined_risk_parity,EQ_INTC,0.0150490218207101
2022-03-01,combined_risk_parity,EQ_INTC,0.015182126316848139
2022-04-01,combined_risk_parity,EQ_INTC,0.015412728798876266
2022-05-02,combined_risk_parity,EQ_INTC,0.014581279273360002
2022-06-01,combined_risk_parity,EQ_INTC,0.014146339312277923
2022-07-01,combined_risk_parity,EQ_INTC,0.014151941273215726
2022-08-01,combined_risk_parity,EQ_INTC,0.01424435510738441
2022-09-01,combined_risk_parity,EQ_INTC,0.013699674782487112
2022-10-03,combined_risk_parity,EQ_INTC,0.013394461405652713
2022-11-01,combined_risk_parity,EQ_INTC,0.012734554997426255
2022-12-01,combined_risk_parity,EQ_INTC,0.012049579807528358
2023-01-03,combined_risk_parity,EQ_INTC,0.012228934058706382
2023-02-01,combined_risk_parity,EQ_INTC,0.011787053291286848
2023-03-01,combined_risk_parity,EQ_INTC,0.011674000544332739
2023-04-03,combined_risk_parity,EQ_INTC,0.01202700687527703
2023-05-01,combined_risk_parity,EQ_INTC,0.012020137523862296
2023-06-01,combined_risk_parity,EQ_INTC,0.012137103611507355
2023-07-03,combined_risk_parity,EQ_INTC,0.011685943675512902
2023-08-01,combined_risk_parity,EQ_INTC,0.011680386439675108
2023-09-01,combined_risk_parity,EQ_INTC,0.0115005984215155
2023-10-02,combined_risk_parity,EQ_INTC,0.01136288646285423
2023-11-01,combined_risk_parity,EQ_INTC,0.012239457790688928
2023-12-01,combined_risk_parity,EQ_INTC,0.01312480312521453
2021-01-04,combined_risk_parity,EQ_KO,0.020437617609487233
2021-02-01,combined_risk_parity,EQ_KO,0.020796412700054917
2021-03-01,combined_risk_parity,EQ_KO,0.020709489600724707
2021-04-01,combined_risk_parity,EQ_KO,0.018326155432096296
2021-05-03,combined_risk_parity,EQ_KO,0.019414030890010495
2021-06-01,combined_risk_parity,EQ_KO,0.019835991035453318
2021-07-01,combined_risk_parity,EQ_KO,0.02072868756385364
2021-08-02,combined_risk_parity,EQ_KO,0.02145957980888809
2021-09-01,combined_risk_parity,EQ_KO,0.02170536834301617
2021-10-01,combined_risk_parity,EQ_KO,0.022010412112806233
2021-11-01,combined_risk_parity,EQ_KO,0.02447794357123988
2021-12-01,combined_risk_parity,EQ_KO,0.02495841461501179
2022-01-03,combined_risk_parity,EQ_KO,0.02519262412907519
2022-02-01,combined_risk_parity,EQ_KO,0.025089036635899654
2022-03-01,combined_risk_parity,EQ_KO,0.027832046999680445
2022-04-01,combined_risk_parity,EQ_KO,0.027029115853520528
2022-05-02,combined_risk_parity,EQ_KO,0.027056151767621918
2022-06-01,combined_risk_parity,EQ_KO,0.023544696364792773
2022-07-01,combined_risk_parity,EQ_KO,0.025664341351547357
2022-08-01,combined_risk_parity,EQ_KO,0.025915509136978626
2022-09-01,combined_risk_parity,EQ_KO,0.025744556451139537
2022-10-03,combined_risk_parity,EQ_KO,0.026276018632460072
2022-11-01,combined_risk_parity,EQ_KO,0.025897726540026974
2022-12-01,combined_risk_parity,EQ_KO,0.026418923595322292
2023-01-03,combined_risk_parity,EQ_KO,0.02642982427705862
2023-02-01,combined_risk_parity,EQ_KO,0.02652222008402265
2023-03-01,combined_risk_parity,EQ_KO,0.026157778055351112
2023-04-03,combined_risk_parity,EQ_KO,0.02710037344709796
2023-05-01,combined_risk_parity,EQ_KO,0.02719582417639096
2023-06-01,combined_risk_parity,EQ_KO,0.02946074614146735
2023-07-03,combined_risk_parity,EQ_KO,0.02826642353467529
2023-08-01,combined_risk_parity,EQ_KO,0.02813681344669896
2023-09-01,combined_risk_parity,EQ_KO,0.029027054504652313
2023-10-02,combined_risk_parity,EQ_KO,0.030086860639108277
2023-11-01,combined_risk_parity,EQ_KO,0.02920554977089832
2023-12-01,combined_risk_parity,EQ_KO,0.031935399010093145
2021-01-04,combined_risk_parity,EQ_MMM,0.019937252848187023
2021-02-01,combined_risk_parity,EQ_MMM,0.02057653968056951
2021-03-01,combined_risk_parity,EQ_MMM,0.02058518574030804
2021-04-01,combined_risk_parity,EQ_MMM,0.021549852262230502
2021-05-03,combined_risk_parity,EQ_MMM,0.02141335257428241
2021-06-01,combined_risk_parity,EQ_MMM,0.02368292002233726
2021-07-01,combined_risk_parity,EQ_MMM,0.026352691407957082
2021-08-02,combined_risk_parity,EQ_MMM,0.0265505958574002
2021-09-01,combined_risk_parity,EQ_MMM,0.0259984727923136
2021-10-01,combined_risk_parity,EQ_MMM,0.026254362146461496
2021-11-01,combined_risk_parity,EQ_MMM,0.02624874954075245
2021-12-01,combined_risk_parity,EQ_MMM,0.02658445284642113
2022-01-03,combined_risk_parity,EQ_MMM,0.026766454837709352
2022-02-01,combined_risk_parity,EQ_MMM,0.022308797878045312
2022-03-01,combined_risk_parity,EQ_MMM,0.019505150035781477
2022-04-01,combined_risk_parity,EQ_MMM,0.017818602864814237
2022-05-02,combined_risk_parity,EQ_MMM,0.0185218934835918
2022-06-01,combined_risk_parity,EQ_MMM,0.01941899122354065
2022-07-01,combined_risk_parity,EQ_MMM,0.020573394676881896
2022-08-01,combined_risk_parity,EQ_MMM,0.021198203649957274
2022-09-01,combined_risk_parity,EQ_MMM,0.019371155984425032
2022-10-03,combined_risk_parity,EQ_MMM,0.019983076516415694
2022-11-01,combined_risk_parity,EQ_MMM,0.019264439382164322
2022-12-01,combined_risk_parity,EQ_MMM,0.01921614757796793
2023-01-03,combined_risk_parity,EQ_MMM,0.019121688792743077
2023-02-01,combined_risk_parity,EQ_MMM,0.017882398482590246
2023-03-01,combined_risk_parity,EQ_MMM,0.018134594265801038
2023-04-03,combined_risk_parity,EQ_MMM,0.018317392348744552
2023-05-01,combined_risk_parity,EQ_MMM,0.018110041736068946
2023-06-01,combined_risk_parity,EQ_MMM,0.016836780032052537
2023-07-03,combined_risk_parity,EQ_MMM,0.015000340568312969
2023-08-01,combined_risk_parity,EQ_MMM,0.014122509129145927
2023-09-01,combined_risk_parity,EQ_MMM,0.014832072059626701
2023-10-02,combined_risk_parity,EQ_MMM,0.014483843491807489
2023-11-01,combined_risk_parity,EQ_MMM,0.013652330466294903
2023-12-01,combined_risk_parity,EQ_MMM,0.01293003529041556
2021-01-04,combined_risk_parity,EQ_MRK,0.02458951598443456
2021-02-01,combined_risk_parity,EQ_MRK,0.024607531517095996
2021-03-01,combined_risk_parity,EQ_MRK,0.024399162067424776
2021-04-01,combined_risk_parity,EQ_MRK,0.02417921216421732
2021-05-03,combined_risk_parity,EQ_MRK,0.02822372872530261
2021-06-01,combined_risk_parity,EQ_MRK,0.02757928328142243
2021-07-01,combined_risk_parity,EQ_MRK,0.02945913030029488
2021-08-02,combined_risk_parity,EQ_MRK,0.030202733401576816
2021-09-01,combined_risk_parity,EQ_MRK,0.029167730082777486
2021-10-01,combined_risk_parity,EQ_MRK,0.030491253778430028
2021-11-01,combined_risk_parity,EQ_MRK,0.026884774969791702
2021-12-01,combined_risk_parity,EQ_MRK,0.026180522053555873
2022-01-03,combined_risk_parity,EQ_MRK,0.02848566420764928
2022-02-01,combined_risk_parity,EQ_MRK,0.03400013402259606
2022-03-01,combined_risk_parity,EQ_MRK,0.030686569225680898
2022-04-01,combined_risk_parity,EQ_MRK,0.03220094823989276
2022-05-02,combined_risk_parity,EQ_MRK,0.030808145117343515
2022-06-01,combined_risk_parity,EQ_MRK,0.032706896385553116
2022-07-01,combined_risk_parity,EQ_MRK,0.03167029870853732
2022-08-01,combined_risk_parity,EQ_MRK,0.03295903936291691
2022-09-01,combined_risk_parity,EQ_MRK,0.032906820997679616
2022-10-03,combined_risk_parity,EQ_MRK,0.03421472036475884
2022-11-01,combined_risk_parity,EQ_MRK,0.03862463717728921
2022-12-01,combined_risk_parity,EQ_MRK,0.04371156626005035
2023-01-03,combined_risk_parity,EQ_MRK,0.04139681762764536
2023-02-01,combined_risk_parity,EQ_MRK,0.04032018285535505
2023-03-01,combined_risk_parity,EQ_MRK,0.0407318582706953
2023-04-03,combined_risk_parity,EQ_MRK,0.04119356960279699
2023-05-01,combined_risk_parity,EQ_MRK,0.04076535422817595
2023-06-01,combined_risk_parity,EQ_MRK,0.04079742658888887
2023-07-03,combined_risk_parity,EQ_MRK,0.0446575545564541
2023-08-01,combined_risk_parity,EQ_MRK,0.04352441352863917
2023-09-01,combined_risk_parity,EQ_MRK,0.041696313860739714
2023-10-02,combined_risk_parity,EQ_MRK,0.041607893430919904
2023-11-01,combined_risk_parity,EQ_MRK,0.0436430157994096
2023-12-01,combined_risk_parity,EQ_MRK,0.03805818418762644
2021-01-04,combined_risk_parity,EQ_MS,0.011698220265268296
2021-02-01,combined_risk_parity,EQ_MS,0.01171786384294563
2021-03-01,combined_risk_parity,EQ_MS,0.011694492275694742
2021-04-01,combined_risk_parity,EQ_MS,0.012447862866049967
2021-05-03,combined_risk_parity,EQ_MS,0.01290276040034504
2021-06-01,combined_risk_parity,EQ_MS,0.014046525270019906
2021-07-01,combined_risk_parity,EQ_MS,0.013861941300799005
2021-08-02,combined_risk_parity,EQ_MS,0.013543112750549514
2021-09-01,combined_risk_parity,EQ_MS,0.013042586440054285
2021-10-01,combined_risk_parity,EQ_MS,0.012874204312609772
2021-11-01,combined_risk_parity,EQ_MS,0.012974819554218526
2021-12-01,combined_risk_parity,EQ_MS,0.013770072720074857
2022-01-03,combined_risk_parity,EQ_MS,0.01345268534103033
2022-02-01,combined_risk_parity,EQ_MS,0.01470342152379677
2022-03-01,combined_risk_parity,EQ_MS,0.01457732605444832
2022-04-01,combined_risk_parity,EQ_MS,0.012510055626997545
2022-05-02,combined_risk_parity,EQ_MS,0.012475083732265753
2022-06-01,combined_risk_parity,EQ_MS,0.012354832553997911
2022-07-01,combined_risk_parity,EQ_MS,0.013006853393336818
2022-08-01,combined_risk_parity,EQ_MS,0.013006831882082707
2022-09-01,combined_risk_parity,EQ_MS,0.01308224718101233
2022-10-03,combined_risk_parity,EQ_MS,0.01360293849266831
2022-11-01,combined_risk_parity,EQ_MS,0.013415635781784665
2022-12-01,combined_risk_parity,EQ_MS,0.013618292392763524
2023-01-03,combined_risk_parity,EQ_MS,0.013752953638804188
2023-02-01,combined_risk_parity,EQ_MS,0.013739560618719955
2023-03-01,combined_risk_parity,EQ_MS,0.014129269574236032
2023-04-03,combined_risk_parity,EQ_MS,0.014224188428031349
2023-05-01,combined_risk_parity,EQ_MS,0.014673438664525385
2023-06-01,combined_risk_parity,EQ_MS,0.014776035919416725
2023-07-03,combined_risk_parity,EQ_MS,0.014498172637180968
2023-08-01,combined_risk_parity,EQ_MS,0.014833662871197553
2023-09-01,combined_risk_parity,EQ_MS,0.015163967749505779
2023-10-02,combined_risk_parity,EQ_MS,0.014536638532324187
2023-11-01,combined_risk_parity,EQ_MS,0.014595043943162312
2023-12-01,combined_risk_parity,EQ_MS,0.01359590602514186
2021-01-04,combined_risk_parity,EQ_NEE,0.017291197422355555
2021-02-01,combined_risk_parity,EQ_NEE,0.01683875003538761
2021-03-01,combined_risk_parity,EQ_NEE,0.0168128657693661
2021-04-01,combined_risk_parity,EQ_NEE,0.017656755586455405
2021-05-03,combined_risk_parity,EQ_NEE,0.019118959326359056
2021-06-01,combined_risk_parity,EQ_NEE,0.0201551813738985
2021-07-01,combined_risk_parity,EQ_NEE,0.018590340585948485
2021-08-02,combined_risk_parity,EQ_NEE,0.019348999249074548
2021-09-01,combined_risk_parity,EQ_NEE,0.01991796924175693
2021-10-01,combined_risk_parity,EQ_NEE,0.019465394847957375
2021-11-01,combined_risk_parity,EQ_NEE,0.018646627673734414
2021-12-01,combined_risk_parity,EQ_NEE,0.0184226227102157
2022-01-03,combined_risk_parity,EQ_NEE,0.019071138877145836
2022-02-01,combined_risk_parity,EQ_NEE,0.0220655959448823
2022-03-01,combined_risk_parity,EQ_NEE,0.021834005304535612
2022-04-01,combined_risk_parity,EQ_NEE,0.024580323503912795
2022-05-02,combined_risk_parity,EQ_NEE,0.02329526327510484
2022-06-01,combined_risk_parity,EQ_NEE,0.02109934671659912
2022-07-01,combined_risk_parity,EQ_NEE,0.01938957666487238
2022-08-01,combined_risk_parity,EQ_NEE,0.01871443643018174
2022-09-01,combined_risk_parity,EQ_NEE,0.018998578780562072
2022-10-03,combined_risk_parity,EQ_NEE,0.018972483667856775
2022-11-01,combined_risk_parity,EQ_NEE,0.018351021652751192
2022-12-01,combined_risk_parity,EQ_NEE,0.018121262423291092
2023-01-03,combined_risk_parity,EQ_NEE,0.017961376517926064
2023-02-01,combined_risk_parity,EQ_NEE,0.018504719114644463
2023-03-01,combined_risk_parity,EQ_NEE,0.018563322421495172
2023-04-03,combined_risk_parity,EQ_NEE,0.0181354916395933
2023-05-01,combined_risk_parity,EQ_NEE,0.017985900083924727
2023-06-01,combined_risk_parity,EQ_NEE,0.018230700575919728
2023-07-03,combined_risk_parity,EQ_NEE,0.018921834096620495
2023-08-01,combined_risk_parity,EQ_NEE,0.01886198017092111
2023-09-01,combined_risk_parity,EQ_NEE,0.018521140616455777
2023-10-02,combined_risk_parity,EQ_NEE,0.018075396615536813
2023-11-01,combined_risk_parity,EQ_NEE,0.017725174355208047
2023-12-01,combined_risk_parity,EQ_NEE,0.01716277701814328
2021-01-04,combined_risk_parity,EQ_NEM,0.03501687021182662
2021-02-01,combined_risk_parity,EQ_NEM,0.03392351974203228
2021-03-01,combined_risk_parity,EQ_NEM,0.033620127887877
2021-04-01,combined_risk_parity,EQ_NEM,0.025333993139365532
2021-05-03,combined_risk_parity,EQ_NEM,0.024007893364692143
2021-06-01,combined_risk_parity,EQ_NEM,0.020886218899285866
2021-07-01,combined_risk_parity,EQ_NEM,0.017354214658707002
2021-08-02,combined_risk_parity,EQ_NEM,0.01726480978881402
2021-09-01,combined_risk_parity,EQ_NEM,0.017522530415914873
2021-10-01,combined_risk_parity,EQ_NEM,0.018385648582189332
2021-11-01,combined_risk_parity,EQ_NEM,0.020151132003904695
2021-12-01,combined_risk_parity,EQ_NEM,0.01925818617214106
2022-01-03,combined_risk_parity,EQ_NEM,0.020739767264740187
2022-02-01,combined_risk_parity,EQ_NEM,0.022339463625926616
2022-03-01,combined_risk_parity,EQ_NEM,0.02627278026761164
2022-04-01,combined_risk_parity,EQ_NEM,0.03368624887946697
2022-05-02,combined_risk_parity,EQ_NEM,0.03274092765367429
2022-06-01,combined_risk_parity,EQ_NEM,0.032439496730244724
2022-07-01,combined_risk_parity,EQ_NEM,0.034215970448214936
2022-08-01,combined_risk_parity,EQ_NEM,0.03466721154698492
2022-09-01,combined_risk_parity,EQ_NEM,0.033707036062195904
2022-10-03,combined_risk_parity,EQ_NEM,0.03162395803050394
2022-11-01,combined_risk_parity,EQ_NEM,0.028862774801299604
2022-12-01,combined_risk_parity,EQ_NEM,0.023168954526226783
2023-01-03,combined_risk_parity,EQ_NEM,0.02266085706925578
2023-02-01,combined_risk_parity,EQ_NEM,0.021313580198147348
2023-03-01,combined_risk_parity,EQ_NEM,0.01980619273546457
2023-04-03,combined_risk_parity,EQ_NEM,0.01955196211995077
2023-05-01,combined_risk_parity,EQ_NEM,0.019850938512733243
2023-06-01,combined_risk_parity,EQ_NEM,0.019350271712330863
2023-07-03,combined_risk_parity,EQ_NEM,0.017168703081752095
2023-08-01,combined_risk_parity,EQ_NEM,0.016907444066630722
2023-09-01,combined_risk_parity,EQ_NEM,0.017017577957094663
2023-10-02,combined_risk_parity,EQ_NEM,0.01705468472609075
2023-11-01,combined_risk_parity,EQ_NEM,0.015975893177559257
2023-12-01,combined_risk_parity,EQ_NEM,0.0177764895005324
2021-01-04,combined_risk_parity,EQ_NKE,0.01831539188371425
2021-02-01,combined_risk_parity,EQ_NKE,0.018346170100298854
2021-03-01,combined_risk_parity,EQ_NKE,0.018546722244788604
2021-04-01,combined_risk_parity,EQ_NKE,0.018784957426455317
2021-05-03,combined_risk_parity,EQ_NKE,0.019196292881891844
2021-06-01,combined_risk_parity,EQ_NKE,0.01873274641010263
2021-07-01,combined_risk_parity,EQ_NKE,0.022058148479513113
2021-08-02,combined_risk_parity,EQ_NKE,0.022620323961811892
2021-09-01,combined_risk_parity,EQ_NKE,0.021732923449552945
2021-10-01,combined_risk_parity,EQ_NKE,0.017502849139849036
2021-11-01,combined_risk_parity,EQ_NKE,0.017689640184732933
2021-12-01,combined_risk_parity,EQ_NKE,0.017806199706698785
2022-01-03,combined_risk_parity,EQ_NKE,0.017381457675409863
2022-02-01,combined_risk_parity,EQ_NKE,0.017562991346250337
2022-03-01,combined_risk_parity,EQ_NKE,0.017456043039673724
2022-04-01,combined_risk_parity,EQ_NKE,0.015390168791422996
2022-05-02,combined_risk_parity,EQ_NKE,0.014735700608951161
2022-06-01,combined_risk_parity,EQ_NKE,0.013959931613150867
2022-07-01,combined_risk_parity,EQ_NKE,0.013289513816271347
2022-08-01,combined_risk_parity,EQ_NKE,0.01283023490479629
2022-09-01,combined_risk_parity,EQ_NKE,0.012568044297552098
2022-10-03,combined_risk_parity,EQ_NKE,0.011787595451049524
2022-11-01,combined_risk_parity,EQ_NKE,0.0119512343452424
2022-12-01,combined_risk_parity,EQ_NKE,0.011412256032800256
2023-01-03,combined_risk_parity,EQ_NKE,0.01102883824098597
2023-02-01,combined_risk_parity,EQ_NKE,0.011034648421157167
2023-03-01,combined_risk_parity,EQ_NKE,0.010880383772845715
2023-04-03,combined_risk_parity,EQ_NKE,0.011257424209176883
2023-05-01,combined_risk_parity,EQ_NKE,0.011591033834372187
2023-06-01,combined_risk_parity,EQ_NKE,0.0115231658083173
2023-07-03,combined_risk_parity,EQ_NKE,0.011530505192855733
2023-08-01,combined_risk_parity,EQ_NKE,0.011882827241518372
2023-09-01,combined_risk_parity,EQ_NKE,0.012193357644633758
2023-10-02,combined_risk_parity,EQ_NKE,0.012343590996472299
2023-11-01,combined_risk_parity,EQ_NKE,0.012599636033262218
2023-12-01,combined_risk_parity,EQ_NKE,0.013539955045236756
2021-01-04,combined_risk_parity,EQ_NUE,0.014264647741003233
2021-02-01,combined_risk_parity,EQ_NUE,0.014318072710413627
2021-03-01,combined_risk_parity,EQ_NUE,0.014361916042057865
2021-04-01,combined_risk_parity,EQ_NUE,0.01342287089232352
2021-05-03,combined_risk_parity,EQ_NUE,0.011691490484103315
2021-06-01,combined_risk_parity,EQ_NUE,0.011280368156878846
2021-07-01,combined_risk_parity,EQ_NUE,0.01110276093432874
2021-08-02,combined_risk_parity,EQ_NUE,0.010733293576837364
2021-09-01,combined_risk_parity,EQ_NUE,0.010661183170230565
2021-10-01,combined_risk_parity,EQ_NUE,0.010105182739595478
2021-11-01,combined_risk_parity,EQ_NUE,0.010072726157002542
2021-12-01,combined_risk_parity,EQ_NUE,0.010424094123031913
2022-01-03,combined_risk_parity,EQ_NUE,0.011418504781710548
2022-02-01,combined_risk_parity,EQ_NUE,0.010648926146067939
2022-03-01,combined_risk_parity,EQ_NUE,0.010132165948047252
2022-04-01,combined_risk_parity,EQ_NUE,0.010296426502384985
2022-05-02,combined_risk_parity,EQ_NUE,0.010851343978859734
2022-06-01,combined_risk_parity,EQ_NUE,0.010873388103396657
2022-07-01,combined_risk_parity,EQ_NUE,0.011018029355109545
2022-08-01,combined_risk_parity,EQ_NUE,0.011094957641173773
2022-09-01,combined_risk_parity,EQ_NUE,0.01128023040109002
2022-10-03,combined_risk_parity,EQ_NUE,0.012118636819348296
2022-11-01,combined_risk_parity,EQ_NUE,0.012003171586097226
2022-12-01,combined_risk_parity,EQ_NUE,0.012056861466010232
2023-01-03,combined_risk_parity,EQ_NUE,0.011518864577120268
2023-02-01,combined_risk_parity,EQ_NUE,0.011550489886398669
2023-03-01,combined_risk_parity,EQ_NUE,0.011983100845498019
2023-04-03,combined_risk_parity,EQ_NUE,0.011908369440372123
2023-05-01,combined_risk_parity,EQ_NUE,0.011891600437777929
2023-06-01,combined_risk_parity,EQ_NUE,0.012041414579919653
2023-07-03,combined_risk_parity,EQ_NUE,0.011816475794847126
2023-08-01,combined_risk_parity,EQ_NUE,0.012279207139095612
2023-09-01,combined_risk_parity,EQ_NUE,0.012540435350138822
2023-10-02,combined_risk_parity,EQ_NUE,0.01179111169777302
2023-11-01,combined_risk_parity,EQ_NUE,0.01158148337620951
2023-12-01,combined_risk_parity,EQ_NUE,0.011508237948633517
2021-01-04,combined_risk_parity,EQ_NVDA,0.01326420962928
2021-02-01,combined_risk_parity,EQ_NVDA,0.013540942239302805
2021-03-01,combined_risk_parity,EQ_NVDA,0.013571801493203322
2021-04-01,combined_risk_parity,EQ_NVDA,0.013393639384210213
2021-05-03,combined_risk_parity,EQ_NVDA,0.013641890098713975
2021-06-01,combined_risk_parity,EQ_NVDA,0.013053445871462226
2021-07-01,combined_risk_parity,EQ_NVDA,0.012428962111991708
2021-08-02,combined_risk_parity,EQ_NVDA,0.012322386319129157
2021-09-01,combined_risk_parity,EQ_NVDA,0.012220620645724637
2021-10-01,combined_risk_parity,EQ_NVDA,0.013760623729027784
2021-11-01,combined_risk_parity,EQ_NVDA,0.014216061120658324
2021-12-01,combined_risk_parity,EQ_NVDA,0.012534404022645393
2022-01-03,combined_risk_parity,EQ_NVDA,0.01143350017762769
2022-02-01,combined_risk_parity,EQ_NVDA,0.009830377563883289
2022-03-01,combined_risk_parity,EQ_NVDA,0.008990814472018634
2022-04-01,combined_risk_parity,EQ_NVDA,0.008500413323071509
2022-05-02,combined_risk_parity,EQ_NVDA,0.008332721749398335
2022-06-01,combined_risk_parity,EQ_NVDA,0.007648979204271525
2022-07-01,combined_risk_parity,EQ_NVDA,0.007458277767489634
2022-08-01,combined_risk_parity,EQ_NVDA,0.007352545896666414
2022-09-01,combined_risk_parity,EQ_NVDA,0.007176708405337615
2022-10-03,combined_risk_parity,EQ_NVDA,0.007453528118308673
2022-11-01,combined_risk_parity,EQ_NVDA,0.007495584571374759
2022-12-01,combined_risk_parity,EQ_NVDA,0.0071397912688313915
2023-01-03,combined_risk_parity,EQ_NVDA,0.007209218287534478
2023-02-01,combined_risk_parity,EQ_NVDA,0.007213002020139335
2023-03-01,combined_risk_parity,EQ_NVDA,0.007455445222834262
2023-04-03,combined_risk_parity,EQ_NVDA,0.007874616627196143
2023-05-01,combined_risk_parity,EQ_NVDA,0.008058741263790558
2023-06-01,combined_risk_parity,EQ_NVDA,0.008601532199889855
2023-07-03,combined_risk_parity,EQ_NVDA,0.009081240034325394
2023-08-01,combined_risk_parity,EQ_NVDA,0.00928881112671957
2023-09-01,combined_risk_parity,EQ_NVDA,0.00980659973018131
2023-10-02,combined_risk_parity,EQ_NVDA,0.009644216844514287
2023-11-01,combined_risk_parity,EQ_NVDA,0.00998461637321026
2023-12-01,combined_risk_parity,EQ_NVDA,0.011883868187146871
2021-01-04,combined_risk_parity,EQ_O,0.014035402759689798
2021-02-01,combined_risk_parity,EQ_O,0.014268919026307706
2021-03-01,combined_risk_parity,EQ_O,0.014274726298600836
2021-04-01,combined_risk_parity,EQ_O,0.01522859011912754
2021-05-03,combined_risk_parity,EQ_O,0.01651723851491222
2021-06-01,combined_risk_parity,EQ_O,0.017378718968034168
2021-07-01,combined_risk_parity,EQ_O,0.019121153294942815
2021-08-02,combined_risk_parity,EQ_O,0.019896550856124153
2021-09-01,combined_risk_parity,EQ_O,0.020625026550774708
2021-10-01,combined_risk_parity,EQ_O,0.020139828886289346
2021-11-01,combined_risk_parity,EQ_O,0.01981627650374739
2021-12-01,combined_risk_parity,EQ_O,0.02290747889773775
2022-01-03,combined_risk_parity,EQ_O,0.022270172108435966
2022-02-01,combined_risk_parity,EQ_O,0.021500395131652784
2022-03-01,combined_risk_parity,EQ_O,0.020641706792643193
2022-04-01,combined_risk_parity,EQ_O,0.0203675569542192
2022-05-02,combined_risk_parity,EQ_O,0.02015213066774227
2022-06-01,combined_risk_parity,EQ_O,0.020204009858564492
2022-07-01,combined_risk_parity,EQ_O,0.02078405766516288
2022-08-01,combined_risk_parity,EQ_O,0.02093699854830097
2022-09-01,combined_risk_parity,EQ_O,0.021371610534162644
2022-10-03,combined_risk_parity,EQ_O,0.022222520128155385
2022-11-01,combined_risk_parity,EQ_O,0.022374378686158436
2022-12-01,combined_risk_parity,EQ_O,0.02209001410737518
2023-01-03,combined_risk_parity,EQ_O,0.02277997020368149
2023-02-01,combined_risk_parity,EQ_O,0.02297515035633
2023-03-01,combined_risk_parity,EQ_O,0.02312346242922196
2023-04-03,combined_risk_parity,EQ_O,0.022938187778701873
2023-05-01,combined_risk_parity,EQ_O,0.02313614171204143
2023-06-01,combined_risk_parity,EQ_O,0.02317622781215311
2023-07-03,combined_risk_parity,EQ_O,0.02354055831682419
2023-08-01,combined_risk_parity,EQ_O,0.023179613855447714
2023-09-01,combined_risk_parity,EQ_O,0.022763316116375002
2023-10-02,combined_risk_parity,EQ_O,0.021773705813763623
2023-11-01,combined_risk_parity,EQ_O,0.022240679242434915
2023-12-01,combined_risk_parity,EQ_O,0.021043851828898844
2021-01-04,combined_risk_parity,EQ_OXY,0.009050801770398678
2021-02-01,combined_risk_parity,EQ_OXY,0.009043711726494609
2021-03-01,combined_risk_parity,EQ_OXY,0.009007480960135929
2021-04-01,combined_risk_parity,EQ_OXY,0.006939133472064282
2021-05-03,combined_risk_parity,EQ_OXY,0.006286498433483333
2021-06-01,combined_risk_parity,EQ_OXY,0.006554524189033293
2021-07-01,combined_risk_parity,EQ_OXY,0.00815228448018029
2021-08-02,combined_risk_parity,EQ_OXY,0.008293502011940733
2021-09-01,combined_risk_parity,EQ_OXY,0.00828539255607205
2021-10-01,combined_risk_parity,EQ_OXY,0.00786182065742853
2021-11-01,combined_risk_parity,EQ_OXY,0.008152693194774928
2021-12-01,combined_risk_parity,EQ_OXY,0.009228169426733124
2022-01-03,combined_risk_parity,EQ_OXY,0.00940685730877638
2022-02-01,combined_risk_parity,EQ_OXY,0.00938929038657827
2022-03-01,combined_risk_parity,EQ_OXY,0.011399858629446386
2022-04-01,combined_risk_parity,EQ_OXY,0.011069778928535952
2022-05-02,combined_risk_parity,EQ_OXY,0.010595511784464228
2022-06-01,combined_risk_parity,EQ_OXY,0.009957528212334704
2022-07-01,combined_risk_parity,EQ_OXY,0.010327299234538718
2022-08-01,combined_risk_parity,EQ_OXY,0.010481574847821402
2022-09-01,combined_risk_parity,EQ_OXY,0.011421694333275069
2022-10-03,combined_risk_parity,EQ_OXY,0.01259323204477538
2022-11-01,combined_risk_parity,EQ_OXY,0.013543489300541035
2022-12-01,combined_risk_parity,EQ_OXY,0.013687136004924572
2023-01-03,combined_risk_parity,EQ_OXY,0.013915346817240427
2023-02-01,combined_risk_parity,EQ_OXY,0.014645106566747168
2023-03-01,combined_risk_parity,EQ_OXY,0.01387515002755427
2023-04-03,combined_risk_parity,EQ_OXY,0.013928480395830695
2023-05-01,combined_risk_parity,EQ_OXY,0.014269378153807648
2023-06-01,combined_risk_parity,EQ_OXY,0.015476902910885701
2023-07-03,combined_risk_parity,EQ_OXY,0.015640714309344265
2023-08-01,combined_risk_parity,EQ_OXY,0.015972781604710454
2023-09-01,combined_risk_parity,EQ_OXY,0.015337203702030467
2023-10-02,combined_risk_parity,EQ_OXY,0.015064308092277285
2023-11-01,combined_risk_parity,EQ_OXY,0.014071119026270262
2023-12-01,combined_risk_parity,EQ_OXY,0.01620434818543605
2021-01-04,combined_risk_parity,EQ_PLD,0.015391277381244425
2021-02-01,combined_risk_parity,EQ_PLD,0.015567694881935906
2021-03-01,combined_risk_parity,EQ_PLD,0.01574472679982438
2021-04-01,combined_risk_parity,EQ_PLD,0.01540244269079767
2021-05-03,combined_risk_parity,EQ_PLD,0.016801392671696842
2021-06-01,combined_risk_parity,EQ_PLD,0.01834253698446676
2021-07-01,combined_risk_parity,EQ_PLD,0.01960264674203136
2021-08-02,combined_risk_parity,EQ_PLD,0.019800943263063708
2021-09-01,combined_risk_parity,EQ_PLD,0.020009175360107316
2021-10-01,combined_risk_parity,EQ_PLD,0.021873964831239996
2021-11-01,combined_risk_parity,EQ_PLD,0.02218506941927258
2021-12-01,combined_risk_parity,EQ_PLD,0.019689960797451746
2022-01-03,combined_risk_parity,EQ_PLD,0.020497424947802777
2022-02-01,combined_risk_parity,EQ_PLD,0.020568363590506508
2022-03-01,combined_risk_parity,EQ_PLD,0.01887685009150783
2022-04-01,combined_risk_parity,EQ_PLD,0.01872198513805732
2022-05-02,combined_risk_parity,EQ_PLD,0.01698111609302397
2022-06-01,combined_risk_parity,EQ_PLD,0.014950502233714443
2022-07-01,combined_risk_parity,EQ_PLD,0.013902844956722369
2022-08-01,combined_risk_parity,EQ_PLD,0.013478699621780338
2022-09-01,combined_risk_parity,EQ_PLD,0.013406589873754773
2022-10-03,combined_risk_parity,EQ_PLD,0.01368313716176033
2022-11-01,combined_risk_parity,EQ_PLD,0.013859051271881681
2022-12-01,combined_risk_parity,EQ_PLD,0.01356838973359237
2023-01-03,combined_risk_parity,EQ_PLD,0.013319192722186443
2023-02-01,combined_risk_parity,EQ_PLD,0.013057276444230033
2023-03-01,combined_risk_parity,EQ_PLD,0.013183000322759311
2023-04-03,combined_risk_parity,EQ_PLD,0.012890822648745932
2023-05-01,combined_risk_parity,EQ_PLD,0.012772532609429444
2023-06-01,combined_risk_parity,EQ_PLD,0.013249129604648982
2023-07-03,combined_risk_parity,EQ_PLD,0.013802426224800593
2023-08-01,combined_risk_parity,EQ_PLD,0.014118799815234052
2023-09-01,combined_risk_parity,EQ_PLD,0.014172977407634834
2023-10-02,combined_risk_parity,EQ_PLD,0.013594531052445048
2023-11-01,combined_risk_parity,EQ_PLD,0.012744151447152432
2023-12-01,combined_risk_parity,EQ_PLD,0.012357735951388641
2021-01-04,combined_risk_parity,EQ_PSA,0.022736261536878587
2021-02-01,combined_risk_parity,EQ_PSA,0.02315962599468537
2021-03-01,combined_risk_parity,EQ_PSA,0.023536715274080505
2021-04-01,combined_risk_parity,EQ_PSA,0.028626731357026407
2021-05-03,combined_risk_parity,EQ_PSA,0.026727978242906535
2021-06-01,combined_risk_parity,EQ_PSA,0.03217562906929829
2021-07-01,combined_risk_parity,EQ_PSA,0.037064400252204935
2021-08-02,combined_risk_parity,EQ_PSA,0.03662007323418034
2021-09-01,combined_risk_parity,EQ_PSA,0.038298502362652045
2021-10-01,combined_risk_parity,EQ_PSA,0.038655903687249825
2021-11-01,combined_risk_parity,EQ_PSA,0.03879350646560833
2021-12-01,combined_risk_parity,EQ_PSA,0.035391131663927315
2022-01-03,combined_risk_parity,EQ_PSA,0.03422823672447184
2022-02-01,combined_risk_parity,EQ_PSA,0.0317864637397092
2022-03-01,combined_risk_parity,EQ_PSA,0.028132867914551527
2022-04-01,combined_risk_parity,EQ_PSA,0.026436514293801183
2022-05-02,combined_risk_parity,EQ_PSA,0.022576561525830333
2022-06-01,combined_risk_parity,EQ_PSA,0.02005026310666875
2022-07-01,combined_risk_parity,EQ_PSA,0.019855740586894464
2022-08-01,combined_risk_parity,EQ_PSA,0.01948417824468628
2022-09-01,combined_risk_parity,EQ_PSA,0.01914462658997935
2022-10-03,combined_risk_parity,EQ_PSA,0.019594382285248967
2022-11-01,combined_risk_parity,EQ_PSA,0.020050381480670253
2022-12-01,combined_risk_parity,EQ_PSA,0.018981257461450827
2023-01-03,combined_risk_parity,EQ_PSA,0.01866382054405062
2023-02-01,combined_risk_parity,EQ_PSA,0.01867563297327535
2023-03-01,combined_risk_parity,EQ_PSA,0.0189737441757329
2023-04-03,combined_risk_parity,EQ_PSA,0.018707826866845884
2023-05-01,combined_risk_parity,EQ_PSA,0.018863441716400628
2023-06-01,combined_risk_parity,EQ_PSA,0.019947321022114967
2023-07-03,combined_risk_parity,EQ_PSA,0.01919533934495164
2023-08-01,combined_risk_parity,EQ_PSA,0.01963216421654583
2023-09-01,combined_risk_parity,EQ_PSA,0.019544671021535075
2023-10-02,combined_risk_parity,EQ_PSA,0.018986963509285738
2023-11-01,combined_risk_parity,EQ_PSA,0.01753480570383224
2023-12-01,combined_risk_parity,EQ_PSA,0.01796168268743967
2021-01-04,combined_risk_parity,EQ_QCOM,0.014880814448199336
2021-02-01,combined_risk_parity,EQ_QCOM,0.014890265757915652
2021-03-01,combined_risk_parity,EQ_QCOM,0.01501722697922892
2021-04-01,combined_risk_parity,EQ_QCOM,0.014148303952891557
2021-05-03,combined_risk_parity,EQ_QCOM,0.012534926480235195
2021-06-01,combined_risk_parity,EQ_QCOM,0.01285288499095908
2021-07-01,combined_risk_parity,EQ_QCOM,0.012560138949981014
2021-08-02,combined_risk_parity,EQ_QCOM,0.01175274908326667
2021-09-01,combined_risk_parity,EQ_QCOM,0.011526339636033379
2021-10-01,combined_risk_parity,EQ_QCOM,0.011896516953105016
2021-11-01,combined_risk_parity,EQ_QCOM,0.011818539741517864
2021-12-01,combined_risk_parity,EQ_QCOM,0.012612755762362197
2022-01-03,combined_risk_parity,EQ_QCOM,0.013077552255722496
2022-02-01,combined_risk_parity,EQ_QCOM,0.012914421255263465
2022-03-01,combined_risk_parity,EQ_QCOM,0.011590860535269535
2022-04-01,combined_risk_parity,EQ_QCOM,0.01117576223751982
2022-05-02,combined_risk_parity,EQ_QCOM,0.011147473372818472
2022-06-01,combined_risk_parity,EQ_QCOM,0.010901459997084147
2022-07-01,combined_risk_parity,EQ_QCOM,0.011215176638897517
2022-08-01,combined_risk_parity,EQ_QCOM,0.011652792308290536
2022-09-01,combined_risk_parity,EQ_QCOM,0.011367202357979306
2022-10-03,combined_risk_parity,EQ_QCOM,0.011527596636161734
2022-11-01,combined_risk_parity,EQ_QCOM,0.011534341949343932
2022-12-01,combined_risk_parity,EQ_QCOM,0.010808539715256792
2023-01-03,combined_risk_parity,EQ_QCOM,0.010570535140923988
2023-02-01,combined_risk_parity,EQ_QCOM,0.01054141917835329
2023-03-01,combined_risk_parity,EQ_QCOM,0.010794366387201677
2023-04-03,combined_risk_parity,EQ_QCOM,0.011322838937705132
2023-05-01,combined_risk_parity,EQ_QCOM,0.011378229933573803
2023-06-01,combined_risk_parity,EQ_QCOM,0.011715872760536726
2023-07-03,combined_risk_parity,EQ_QCOM,0.011394666312155516
2023-08-01,combined_risk_parity,EQ_QCOM,0.011152225580357543
2023-09-01,combined_risk_parity,EQ_QCOM,0.011322039632591612
2023-10-02,combined_risk_parity,EQ_QCOM,0.010933855996239276
2023-11-01,combined_risk_parity,EQ_QCOM,0.010905087493889735
2023-12-01,combined_risk_parity,EQ_QCOM,0.0111019801463693
2021-01-04,combined_risk_parity,EQ_SBUX,0.015178683272797913
2021-02-01,combined_risk_parity,EQ_SBUX,0.01513588116252829
2021-03-01,combined_risk_parity,EQ_SBUX,0.015098471323749963
2021-04-01,combined_risk_parity,EQ_SBUX,0.015560124331094527
2021-05-03,combined_risk_parity,EQ_SBUX,0.01579620248768302
2021-06-01,combined_risk_parity,EQ_SBUX,0.015376613179353908
2021-07-01,combined_risk_parity,EQ_SBUX,0.017135933712571164
2021-08-02,combined_risk_parity,EQ_SBUX,0.017277522492265857
2021-09-01,combined_risk_parity,EQ_SBUX,0.01677927789875408
2021-10-01,combined_risk_parity,EQ_SBUX,0.01679344222012643
2021-11-01,combined_risk_parity,EQ_SBUX,0.017173121537299635
2021-12-01,combined_risk_parity,EQ_SBUX,0.017715880866155668
2022-01-03,combined_risk_parity,EQ_SBUX,0.016659094103750976
2022-02-01,combined_risk_parity,EQ_SBUX,0.018163404452942386
2022-03-01,combined_risk_parity,EQ_SBUX,0.01684853400604688
2022-04-01,combined_risk_parity,EQ_SBUX,0.014651532971936594
2022-05-02,combined_risk_parity,EQ_SBUX,0.015242882159229086
2022-06-01,combined_risk_parity,EQ_SBUX,0.012957340742973453
2022-07-01,combined_risk_parity,EQ_SBUX,0.012955761349056644
2022-08-01,combined_risk_parity,EQ_SBUX,0.012916679437931452
2022-09-01,combined_risk_parity,EQ_SBUX,0.01278921908240566
2022-10-03,combined_risk_parity,EQ_SBUX,0.013205505519935441
2022-11-01,combined_risk_parity,EQ_SBUX,0.013562058816948285
2022-12-01,combined_risk_parity,EQ_SBUX,0.01352025565384139
2023-01-03,combined_risk_parity,EQ_SBUX,0.013836265360598414
2023-02-01,combined_risk_parity,EQ_SBUX,0.013771022023668963
2023-03-01,combined_risk_parity,EQ_SBUX,0.013639885082564656
2023-04-03,combined_risk_parity,EQ_SBUX,0.01441882846312961
2023-05-01,combined_risk_parity,EQ_SBUX,0.014635032841912712
2023-06-01,combined_risk_parity,EQ_SBUX,0.015927711946743472
2023-07-03,combined_risk_parity,EQ_SBUX,0.01662905198832277
2023-08-01,combined_risk_parity,EQ_SBUX,0.01702780453185058
2023-09-01,combined_risk_parity,EQ_SBUX,0.017546290829890836
2023-10-02,combined_risk_parity,EQ_SBUX,0.01692123921126538
2023-11-01,combined_risk_parity,EQ_SBUX,0.016832186572222203
2023-12-01,combined_risk_parity,EQ_SBUX,0.016309845162952856
2021-01-04,combined_risk_parity,EQ_SHW,0.017485398075733266
2021-02-01,combined_risk_parity,EQ_SHW,0.017796989307552066
2021-03-01,combined_risk_parity,EQ_SHW,0.0178467016518122
2021-04-01,combined_risk_parity,EQ_SHW,0.018111486937595997
2021-05-03,combined_risk_parity,EQ_SHW,0.022412404881232174
2021-06-01,combined_risk_parity,EQ_SHW,0.02159683489111642
2021-07-01,combined_risk_parity,EQ_SHW,0.022479694282997214
2021-08-02,combined_risk_parity,EQ_SHW,0.02381247025032058
2021-09-01,combined_risk_parity,EQ_SHW,0.02333108750982294
2021-10-01,combined_risk_parity,EQ_SHW,0.024296227016932053
2021-11-01,combined_risk_parity,EQ_SHW,0.02282062250639811
2021-12-01,combined_risk_parity,EQ_SHW,0.0223746427840764
2022-01-03,combined_risk_parity,EQ_SHW,0.02167972200026549
2022-02-01,combined_risk_parity,EQ_SHW,0.020696139935865273
2022-03-01,combined_risk_parity,EQ_SHW,0.019153898961030747
2022-04-01,combined_risk_parity,EQ_SHW,0.018770460228174905
2022-05-02,combined_risk_parity,EQ_SHW,0.022927149843495895
2022-06-01,combined_risk_parity,EQ_SHW,0.022858596253172533
2022-07-01,combined_risk_parity,EQ_SHW,0.020313105695784622
2022-08-01,combined_risk_parity,EQ_SHW,0.02122252718173045
2022-09-01,combined_risk_parity,EQ_SHW,0.020387888979480417
2022-10-03,combined_risk_parity,EQ_SHW,0.02012145212961974
2022-11-01,combined_risk_parity,EQ_SHW,0.01863256629556435
2022-12-01,combined_risk_parity,EQ_SHW,0.017243038335830137
2023-01-03,combined_risk_parity,EQ_SHW,0.01707875116023991
2023-02-01,combined_risk_parity,EQ_SHW,0.01661138361931156
2023-03-01,combined_risk_parity,EQ_SHW,0.016841180301707854
2023-04-03,combined_risk_parity,EQ_SHW,0.01680070479142311
2023-05-01,combined_risk_parity,EQ_SHW,0.015886930084318348
2023-06-01,combined_risk_parity,EQ_SHW,0.01496982993794396
2023-07-03,combined_risk_parity,EQ_SHW,0.014864207773943266
2023-08-01,combined_risk_parity,EQ_SHW,0.01400617020611061
2023-09-01,combined_risk_parity,EQ_SHW,0.014295610712707482
2023-10-02,combined_risk_parity,EQ_SHW,0.013938590433687205
2023-11-01,combined_risk_parity,EQ_SHW,0.01454343257427165
2023-12-01,combined_risk_parity,EQ_SHW,0.014791172144115766
2021-01-04,combined_risk_parity,EQ_SLB,0.010755336797153887
2021-02-01,combined_risk_parity,EQ_SLB,0.01067690296504758
2021-03-01,combined_risk_parity,EQ_SLB,0.010699123799756542
2021-04-01,combined_risk_parity,EQ_SLB,0.009057860380899181
2021-05-03,combined_risk_parity,EQ_SLB,0.00838579053533868
2021-06-01,combined_risk_parity,EQ_SLB,0.009212151375078515
2021-07-01,combined_risk_parity,EQ_SLB,0.009716446833941393
2021-08-02,combined_risk_parity,EQ_SLB,0.009704033363048217
2021-09-01,combined_risk_parity,EQ_SLB,0.00968343680249803
2021-10-01,combined_risk_parity,EQ_SLB,0.009487659071876408
2021-11-01,combined_risk_parity,EQ_SLB,0.009295672635930377
2021-12-01,combined_risk_parity,EQ_SLB,0.009707940218439029
2022-01-03,combined_risk_parity,EQ_SLB,0.009985105955160131
2022-02-01,combined_risk_parity,EQ_SLB,0.010829391236695235
2022-03-01,combined_risk_parity,EQ_SLB,0.011571747087792916
2022-04-01,combined_risk_parity,EQ_SLB,0.013016569249519307
2022-05-02,combined_risk_parity,EQ_SLB,0.013974080707330458
2022-06-01,combined_risk_parity,EQ_SLB,0.011780795117199445
2022-07-01,combined_risk_parity,EQ_SLB,0.012658997623655967
2022-08-01,combined_risk_parity,EQ_SLB,0.012944926647539795
2022-09-01,combined_risk_parity,EQ_SLB,0.01359691172507436
2022-10-03,combined_risk_parity,EQ_SLB,0.013813696507587838
2022-11-01,combined_risk_parity,EQ_SLB,0.014216937719483087
2022-12-01,combined_risk_parity,EQ_SLB,0.01550686526960234
2023-01-03,combined_risk_parity,EQ_SLB,0.01524258886503303
2023-02-01,combined_risk_parity,EQ_SLB,0.015622987705946775
2023-03-01,combined_risk_parity,EQ_SLB,0.015610887768903386
2023-04-03,combined_risk_parity,EQ_SLB,0.014412961611155337
2023-05-01,combined_risk_parity,EQ_SLB,0.013919270377641667
2023-06-01,combined_risk_parity,EQ_SLB,0.014931839523480876
2023-07-03,combined_risk_parity,EQ_SLB,0.014457751483044595
2023-08-01,combined_risk_parity,EQ_SLB,0.014752768927070902
2023-09-01,combined_risk_parity,EQ_SLB,0.014528937659593944
2023-10-02,combined_risk_parity,EQ_SLB,0.015251847082001687
2023-11-01,combined_risk_parity,EQ_SLB,0.015388146555770596
2023-12-01,combined_risk_parity,EQ_SLB,0.014079839729875568
2021-01-04,combined_risk_parity,EQ_SO,0.01610454594087543
2021-02-01,combined_risk_parity,EQ_SO,0.016123509075290643
2021-03-01,combined_risk_parity,EQ_SO,0.01603198635282872
2021-04-01,combined_risk_parity,EQ_SO,0.01685296578669892
2021-05-03,combined_risk_parity,EQ_SO,0.020537844757588762
2021-06-01,combined_risk_parity,EQ_SO,0.02291609234849418
2021-07-01,combined_risk_parity,EQ_SO,0.022520760007935486
2021-08-02,combined_risk_parity,EQ_SO,0.023165105026066345
2021-09-01,combined_risk_parity,EQ_SO,0.023511886296738473
2021-10-01,combined_risk_parity,EQ_SO,0.022114972386251323
2021-11-01,combined_risk_parity,EQ_SO,0.022130874047269013
2021-12-01,combined_risk_parity,EQ_SO,0.023724201820802263
2022-01-03,combined_risk_parity,EQ_SO,0.02522926472366744
2022-02-01,combined_risk_parity,EQ_SO,0.02923983370305835
2022-03-01,combined_risk_parity,EQ_SO,0.029114119532768695
2022-04-01,combined_risk_parity,EQ_SO,0.030914209088545627
2022-05-02,combined_risk_parity,EQ_SO,0.029634436259409806
2022-06-01,combined_risk_parity,EQ_SO,0.03159498153000648
2022-07-01,combined_risk_parity,EQ_SO,0.029927768644653664
2022-08-01,combined_risk_parity,EQ_SO,0.02935821789806653
2022-09-01,combined_risk_parity,EQ_SO,0.02968003040444756
2022-10-03,combined_risk_parity,EQ_SO,0.02728723431356716
2022-11-01,combined_risk_parity,EQ_SO,0.025380187404239356
2022-12-01,combined_risk_parity,EQ_SO,0.025211697933305993
2023-01-03,combined_risk_parity,EQ_SO,0.024960082101493627
2023-02-01,combined_risk_parity,EQ_SO,0.024307596526598002
2023-03-01,combined_risk_parity,EQ_SO,0.02387075145408513
2023-04-03,combined_risk_parity,EQ_SO,0.023481587664020198
2023-05-01,combined_risk_parity,EQ_SO,0.02327671546570124
2023-06-01,combined_risk_parity,EQ_SO,0.022169972529757578
2023-07-03,combined_risk_parity,EQ_SO,0.02209606330733747
2023-08-01,combined_risk_parity,EQ_SO,0.021774530723516317
2023-09-01,combined_risk_parity,EQ_SO,0.021297533704586657
2023-10-02,combined_risk_parity,EQ_SO,0.02108286746827693
2023-11-01,combined_risk_parity,EQ_SO,0.022531082453044155
2023-12-01,combined_risk_parity,EQ_SO,0.021669244427890456
2021-01-04,combined_risk_parity,EQ_T,0.019595214629915536
2021-02-01,combined_risk_parity,EQ_T,0.01987201791710843
2021-03-01,combined_risk_parity,EQ_T,0.0196521565055423
2021-04-01,combined_risk_parity,EQ_T,0.020581721314124262
2021-05-03,combined_risk_parity,EQ_T,0.023643654978027232
2021-06-01,combined_risk_parity,EQ_T,0.025416414559792613
2021-07-01,combined_risk_parity,EQ_T,0.030450717016842394
2021-08-02,combined_risk_parity,EQ_T,0.030020958167404715
2021-09-01,combined_risk_parity,EQ_T,0.029244078706078112
2021-10-01,combined_risk_parity,EQ_T,0.027322782907469253
2021-11-01,combined_risk_parity,EQ_T,0.026696105681420317
2021-12-01,combined_risk_parity,EQ_T,0.026898310960129977
2022-01-03,combined_risk_parity,EQ_T,0.025904629795667523
2022-02-01,combined_risk_parity,EQ_T,0.021933125121170724
2022-03-01,combined_risk_parity,EQ_T,0.022253143523128117
2022-04-01,combined_risk_parity,EQ_T,0.020840507044799745
2022-05-02,combined_risk_parity,EQ_T,0.02246999665402081
2022-06-01,combined_risk_parity,EQ_T,0.022991246991240322
2022-07-01,combined_risk_parity,EQ_T,0.02225143228902373
2022-08-01,combined_risk_parity,EQ_T,0.022646197246991743
2022-09-01,combined_risk_parity,EQ_T,0.02337420238223617
2022-10-03,combined_risk_parity,EQ_T,0.02352660273923075
2022-11-01,combined_risk_parity,EQ_T,0.023018655596053483
2022-12-01,combined_risk_parity,EQ_T,0.02388732660437672
2023-01-03,combined_risk_parity,EQ_T,0.024312042160366414
2023-02-01,combined_risk_parity,EQ_T,0.02497516085351219
2023-03-01,combined_risk_parity,EQ_T,0.025070136719535105
2023-04-03,combined_risk_parity,EQ_T,0.025306429407223104
2023-05-01,combined_risk_parity,EQ_T,0.023441645945313824
2023-06-01,combined_risk_parity,EQ_T,0.02276456015694681
2023-07-03,combined_risk_parity,EQ_T,0.023876161621967436
2023-08-01,combined_risk_parity,EQ_T,0.022608689153432046
2023-09-01,combined_risk_parity,EQ_T,0.02211736026315288
2023-10-02,combined_risk_parity,EQ_T,0.022161711671048193
2023-11-01,combined_risk_parity,EQ_T,0.0230545517738577
2023-12-01,combined_risk_parity,EQ_T,0.022194366010068186
2021-01-04,combined_risk_parity,EQ_TMUS,0.019183923747763554
2021-02-01,combined_risk_parity,EQ_TMUS,0.019019904091668784
2021-03-01,combined_risk_parity,EQ_TMUS,0.01953535979731002
2021-04-01,combined_risk_parity,EQ_TMUS,0.021286643041697282
2021-05-03,combined_risk_parity,EQ_TMUS,0.017491165206246138
2021-06-01,combined_risk_parity,EQ_TMUS,0.01871494359863368
2021-07-01,combined_risk_parity,EQ_TMUS,0.017744493988587046
2021-08-02,combined_risk_parity,EQ_TMUS,0.017648111258958932
2021-09-01,combined_risk_parity,EQ_TMUS,0.017801403872873205
2021-10-01,combined_risk_parity,EQ_TMUS,0.017922538518787667
2021-11-01,combined_risk_parity,EQ_TMUS,0.018422649301029007
2021-12-01,combined_risk_parity,EQ_TMUS,0.01655299273605272
2022-01-03,combined_risk_parity,EQ_TMUS,0.01611616183493122
2022-02-01,combined_risk_parity,EQ_TMUS,0.017144199634208955
2022-03-01,combined_risk_parity,EQ_TMUS,0.017079186996749377
2022-04-01,combined_risk_parity,EQ_TMUS,0.017964983820802832
2022-05-02,combined_risk_parity,EQ_TMUS,0.01647263515987575
2022-06-01,combined_risk_parity,EQ_TMUS,0.016374933932663246
2022-07-01,combined_risk_parity,EQ_TMUS,0.016638515082890982
2022-08-01,combined_risk_parity,EQ_TMUS,0.016484881489699694
2022-09-01,combined_risk_parity,EQ_TMUS,0.01682025077529111
2022-10-03,combined_risk_parity,EQ_TMUS,0.01712022248340371
2022-11-01,combined_risk_parity,EQ_TMUS,0.01695548484564847
2022-12-01,combined_risk_parity,EQ_TMUS,0.018478858787832862
2023-01-03,combined_risk_parity,EQ_TMUS,0.019218973325721186
2023-02-01,combined_risk_parity,EQ_TMUS,0.020133378347342516
2023-03-01,combined_risk_parity,EQ_TMUS,0.01988699428498914
2023-04-03,combined_risk_parity,EQ_TMUS,0.020480461744311586
2023-05-01,combined_risk_parity,EQ_TMUS,0.02133698113443278
2023-06-01,combined_risk_parity,EQ_TMUS,0.02459618526610308
2023-07-03,combined_risk_parity,EQ_TMUS,0.027348616746895114
2023-08-01,combined_risk_parity,EQ_TMUS,0.028473187264653692
2023-09-01,combined_risk_parity,EQ_TMUS,0.0280244512689089
2023-10-02,combined_risk_parity,EQ_TMUS,0.030966229879594954
2023-11-01,combined_risk_parity,EQ_TMUS,0.033573150905640906
2023-12-01,combined_risk_parity,EQ_TMUS,0.03167421440937568
2021-01-04,combined_risk_parity,EQ_TTWO,0.026289490890228272
2021-02-01,combined_risk_parity,EQ_TTWO,0.026241346583850175
2021-03-01,combined_risk_parity,EQ_TTWO,0.026254848277919303
2021-04-01,combined_risk_parity,EQ_TTWO,0.031778224978325484
2021-05-03,combined_risk_parity,EQ_TTWO,0.026798582335322514
2021-06-01,combined_risk_parity,EQ_TTWO,0.02816141238212801
2021-07-01,combined_risk_parity,EQ_TTWO,0.02435429667373924
2021-08-02,combined_risk_parity,EQ_TTWO,0.024920412546037912
2021-09-01,combined_risk_parity,EQ_TTWO,0.026344113761331892
2021-10-01,combined_risk_parity,EQ_TTWO,0.02678194505474376
2021-11-01,combined_risk_parity,EQ_TTWO,0.025297271905542516
2021-12-01,combined_risk_parity,EQ_TTWO,0.023992275098628724
2022-01-03,combined_risk_parity,EQ_TTWO,0.023545569610464202
2022-02-01,combined_risk_parity,EQ_TTWO,0.022790981475482343
2022-03-01,combined_risk_parity,EQ_TTWO,0.024813379611524574
2022-04-01,combined_risk_parity,EQ_TTWO,0.02293259001980179
2022-05-02,combined_risk_parity,EQ_TTWO,0.02228882169913062
2022-06-01,combined_risk_parity,EQ_TTWO,0.016874159390840405
2022-07-01,combined_risk_parity,EQ_TTWO,0.016839490252767098
2022-08-01,combined_risk_parity,EQ_TTWO,0.0168521743992739
2022-09-01,combined_risk_parity,EQ_TTWO,0.016556461961794933
2022-10-03,combined_risk_parity,EQ_TTWO,0.016165030081309113
2022-11-01,combined_risk_parity,EQ_TTWO,0.017109018298879158
2022-12-01,combined_risk_parity,EQ_TTWO,0.016776494740961677
2023-01-03,combined_risk_parity,EQ_TTWO,0.01647479530574703
2023-02-01,combined_risk_parity,EQ_TTWO,0.01672725749060424
2023-03-01,combined_risk_parity,EQ_TTWO,0.016227592496485376
2023-04-03,combined_risk_parity,EQ_TTWO,0.01607561024720283
2023-05-01,combined_risk_parity,EQ_TTWO,0.015924733847986514
2023-06-01,combined_risk_parity,EQ_TTWO,0.01694518724022943
2023-07-03,combined_risk_parity,EQ_TTWO,0.017190284897799158
2023-08-01,combined_risk_parity,EQ_TTWO,0.01712047498856892
2023-09-01,combined_risk_parity,EQ_TTWO,0.01671753997090958
2023-10-02,combined_risk_parity,EQ_TTWO,0.01692175630277111
2023-11-01,combined_risk_parity,EQ_TTWO,0.015639209472476618
2023-12-01,combined_risk_parity,EQ_TTWO,0.014944227770416787
2021-01-04,combined_risk_parity,EQ_UPS,0.021374062499011776
2021-02-01,combined_risk_parity,EQ_UPS,0.021596003993758172
2021-03-01,combined_risk_parity,EQ_UPS,0.022351099116037804
2021-04-01,combined_risk_parity,EQ_UPS,0.01823822123013078
2021-05-03,combined_risk_parity,EQ_UPS,0.01724373646838854
2021-06-01,combined_risk_parity,EQ_UPS,0.0176028877259387
2021-07-01,combined_risk_parity,EQ_UPS,0.018649014167468916
2021-08-02,combined_risk_parity,EQ_UPS,0.018384355700787038
2021-09-01,combined_risk_parity,EQ_UPS,0.01887590236833302
2021-10-01,combined_risk_parity,EQ_UPS,0.019162379753185806
2021-11-01,combined_risk_parity,EQ_UPS,0.021308745222900785
2021-12-01,combined_risk_parity,EQ_UPS,0.02175180711662865
2022-01-03,combined_risk_parity,EQ_UPS,0.020497498300384616
2022-02-01,combined_risk_parity,EQ_UPS,0.01936105786220658
2022-03-01,combined_risk_parity,EQ_UPS,0.017850793937444164
2022-04-01,combined_risk_parity,EQ_UPS,0.01666195201551318
2022-05-02,combined_risk_parity,EQ_UPS,0.016559173756839785
2022-06-01,combined_risk_parity,EQ_UPS,0.016871054599334735
2022-07-01,combined_risk_parity,EQ_UPS,0.01808300865742883
2022-08-01,combined_risk_parity,EQ_UPS,0.01704700858078956
2022-09-01,combined_risk_parity,EQ_UPS,0.01705326952080225
2022-10-03,combined_risk_parity,EQ_UPS,0.016785961535256824
2022-11-01,combined_risk_parity,EQ_UPS,0.017432358277783982
2022-12-01,combined_risk_parity,EQ_UPS,0.016631037677180847
2023-01-03,combined_risk_parity,EQ_UPS,0.01652432462524706
2023-02-01,combined_risk_parity,EQ_UPS,0.016253339063113884
2023-03-01,combined_risk_parity,EQ_UPS,0.016942588500848326
2023-04-03,combined_risk_parity,EQ_UPS,0.017668258192727687
2023-05-01,combined_risk_parity,EQ_UPS,0.01723965326629993
2023-06-01,combined_risk_parity,EQ_UPS,0.017269956408693575
2023-07-03,combined_risk_parity,EQ_UPS,0.015937495497877964
2023-08-01,combined_risk_parity,EQ_UPS,0.01624372677098267
2023-09-01,combined_risk_parity,EQ_UPS,0.016118026492583797
2023-10-02,combined_risk_parity,EQ_UPS,0.0157633647129201
2023-11-01,combined_risk_parity,EQ_UPS,0.014795369621045837
2023-12-01,combined_risk_parity,EQ_UPS,0.01517475973804985
2021-01-04,combined_risk_parity,EQ_USB,0.012745014237155449
2021-02-01,combined_risk_parity,EQ_USB,0.012675621832994085
2021-03-01,combined_risk_parity,EQ_USB,0.0126136882057012
2021-04-01,combined_risk_parity,EQ_USB,0.011471720761963457
2021-05-03,combined_risk_parity,EQ_USB,0.011924445197678091
2021-06-01,combined_risk_parity,EQ_USB,0.013185427145498125
2021-07-01,combined_risk_parity,EQ_USB,0.014286562028605263
2021-08-02,combined_risk_parity,EQ_USB,0.013668945679016938
2021-09-01,combined_risk_parity,EQ_USB,0.013171561237415417
2021-10-01,combined_risk_parity,EQ_USB,0.013498749776869885
2021-11-01,combined_risk_parity,EQ_USB,0.013920909708231663
2021-12-01,combined_risk_parity,EQ_USB,0.014536873397287858
2022-01-03,combined_risk_parity,EQ_USB,0.014162653309753694
2022-02-01,combined_risk_parity,EQ_USB,0.0145404731078714
2022-03-01,combined_risk_parity,EQ_USB,0.014996110613112486
2022-04-01,combined_risk_parity,EQ_USB,0.013365379327115559
2022-05-02,combined_risk_parity,EQ_USB,0.01429506585230331
2022-06-01,combined_risk_parity,EQ_USB,0.015237635056927119
2022-07-01,combined_risk_parity,EQ_USB,0.01540342196704217
2022-08-01,combined_risk_parity,EQ_USB,0.016222795634050123
2022-09-01,combined_risk_parity,EQ_USB,0.016602866335466985
2022-10-03,combined_risk_parity,EQ_USB,0.016919163518041177
2022-11-01,combined_risk_parity,EQ_USB,0.017099493096924993
2022-12-01,combined_risk_parity,EQ_USB,0.01725281295783605
2023-01-03,combined_risk_parity,EQ_USB,0.017384995661734858
2023-02-01,combined_risk_parity,EQ_USB,0.017286961019868947
2023-03-01,combined_risk_parity,EQ_USB,0.017622294538745014
2023-04-03,combined_risk_parity,EQ_USB,0.016248086408295108
2023-05-01,combined_risk_parity,EQ_USB,0.015910215131647285
2023-06-01,combined_risk_parity,EQ_USB,0.013961095177681087
2023-07-03,combined_risk_parity,EQ_USB,0.013026796412565584
2023-08-01,combined_risk_parity,EQ_USB,0.012523175326445094
2023-09-01,combined_risk_parity,EQ_USB,0.012413258509663381
2023-10-02,combined_risk_parity,EQ_USB,0.011755039932050407
2023-11-01,combined_risk_parity,EQ_USB,0.010503406299128134
2023-12-01,combined_risk_parity,EQ_USB,0.009151389264849966
2021-01-04,combined_risk_parity,EQ_V,0.015333566438667979
2021-02-01,combined_risk_parity,EQ_V,0.015496578448554923
2021-03-01,combined_risk_parity,EQ_V,0.01572726947667433
2021-04-01,combined_risk_parity,EQ_V,0.014661214963606548
2021-05-03,combined_risk_parity,EQ_V,0.016336073244521132
2021-06-01,combined_risk_parity,EQ_V,0.016283999666248043
2021-07-01,combined_risk_parity,EQ_V,0.015598803748891174
2021-08-02,combined_risk_parity,EQ_V,0.01564489259377181
2021-09-01,combined_risk_parity,EQ_V,0.015313108996374192
2021-10-01,combined_risk_parity,EQ_V,0.01592313093051885
2021-11-01,combined_risk_parity,EQ_V,0.01551321495593031
2021-12-01,combined_risk_parity,EQ_V,0.016935374589372637
2022-01-03,combined_risk_parity,EQ_V,0.016148210437859904
2022-02-01,combined_risk_parity,EQ_V,0.01493280358525635
2022-03-01,combined_risk_parity,EQ_V,0.01512173196184556
2022-04-01,combined_risk_parity,EQ_V,0.014756359714736269
2022-05-02,combined_risk_parity,EQ_V,0.014496688402888676
2022-06-01,combined_risk_parity,EQ_V,0.013760377412822654
2022-07-01,combined_risk_parity,EQ_V,0.01355372234596461
2022-08-01,combined_risk_parity,EQ_V,0.013870976672181042
2022-09-01,combined_risk_parity,EQ_V,0.01383816440355451
2022-10-03,combined_risk_parity,EQ_V,0.014256248372895327
2022-11-01,combined_risk_parity,EQ_V,0.015024564659668341
2022-12-01,combined_risk_parity,EQ_V,0.014585874160068424
2023-01-03,combined_risk_parity,EQ_V,0.014961068241057593
2023-02-01,combined_risk_parity,EQ_V,0.015559052529692313
2023-03-01,combined_risk_parity,EQ_V,0.015647706546692387
2023-04-03,combined_risk_parity,EQ_V,0.016325963134978208
2023-05-01,combined_risk_parity,EQ_V,0.016789513522235604
2023-06-01,combined_risk_parity,EQ_V,0.01734313328805755
2023-07-03,combined_risk_parity,EQ_V,0.01829584805369698
2023-08-01,combined_risk_parity,EQ_V,0.018429888270033813
2023-09-01,combined_risk_parity,EQ_V,0.018822328072629693
2023-10-02,combined_risk_parity,EQ_V,0.018911935205449194
2023-11-01,combined_risk_parity,EQ_V,0.018883396474787997
2023-12-01,combined_risk_parity,EQ_V,0.020950173897780665
2021-01-04,combined_risk_parity,EQ_WFC,0.012025670742244924
2021-02-01,combined_risk_parity,EQ_WFC,0.011791502476246033
2021-03-01,combined_risk_parity,EQ_WFC,0.011605971005340292
2021-04-01,combined_risk_parity,EQ_WFC,0.011271570873226217
2021-05-03,combined_risk_parity,EQ_WFC,0.010865147444170843
2021-06-01,combined_risk_parity,EQ_WFC,0.011929486469600629
2021-07-01,combined_risk_parity,EQ_WFC,0.013060023438860214
2021-08-02,combined_risk_parity,EQ_WFC,0.012565413965648297
2021-09-01,combined_risk_parity,EQ_WFC,0.012135961911187152
2021-10-01,combined_risk_parity,EQ_WFC,0.011887618031326708
2021-11-01,combined_risk_parity,EQ_WFC,0.012512391590264849
2021-12-01,combined_risk_parity,EQ_WFC,0.012759811351326533
2022-01-03,combined_risk_parity,EQ_WFC,0.012238452415211779
2022-02-01,combined_risk_parity,EQ_WFC,0.013610034056250853
2022-03-01,combined_risk_parity,EQ_WFC,0.014094707352336708
2022-04-01,combined_risk_parity,EQ_WFC,0.012205024140484914
2022-05-02,combined_risk_parity,EQ_WFC,0.012840707360237862
2022-06-01,combined_risk_parity,EQ_WFC,0.012549266121792784
2022-07-01,combined_risk_parity,EQ_WFC,0.012662639122760243
2022-08-01,combined_risk_parity,EQ_WFC,0.012781101008383998
2022-09-01,combined_risk_parity,EQ_WFC,0.012910624888372945
2022-10-03,combined_risk_parity,EQ_WFC,0.013282129671765237
2022-11-01,combined_risk_parity,EQ_WFC,0.013459212112590761
2022-12-01,combined_risk_parity,EQ_WFC,0.01412501620556526
2023-01-03,combined_risk_parity,EQ_WFC,0.014760062336252561
2023-02-01,combined_risk_parity,EQ_WFC,0.01491983775970912
2023-03-01,combined_risk_parity,EQ_WFC,0.015167568068445382
2023-04-03,combined_risk_parity,EQ_WFC,0.015390731493727805
2023-05-01,combined_risk_parity,EQ_WFC,0.015330319319464844
2023-06-01,combined_risk_parity,EQ_WFC,0.01508935441238072
2023-07-03,combined_risk_parity,EQ_WFC,0.015084974853580105
2023-08-01,combined_risk_parity,EQ_WFC,0.015623974120532999
2023-09-01,combined_risk_parity,EQ_WFC,0.015932888996648912
2023-10-02,combined_risk_parity,EQ_WFC,0.015725372311271028
2023-11-01,combined_risk_parity,EQ_WFC,0.01522514107519396
2023-12-01,combined_risk_parity,EQ_WFC,0.01418247810432071
2021-01-04,combined_risk_parity,EQ_WMT,0.0301434773058386
2021-02-01,combined_risk_parity,EQ_WMT,0.030258913919758185
2021-03-01,combined_risk_parity,EQ_WMT,0.03045482478948988
2021-04-01,combined_risk_parity,EQ_WMT,0.03974175438114401
2021-05-03,combined_risk_parity,EQ_WMT,0.03876967962877013
2021-06-01,combined_risk_parity,EQ_WMT,0.03518142267989911
2021-07-01,combined_risk_parity,EQ_WMT,0.027612279761604484
2021-08-02,combined_risk_parity,EQ_WMT,0.026065942120904368
2021-09-01,combined_risk_parity,EQ_WMT,0.026883529457743915
2021-10-01,combined_risk_parity,EQ_WMT,0.02744156144408874
2021-11-01,combined_risk_parity,EQ_WMT,0.027387024792331852
2021-12-01,combined_risk_parity,EQ_WMT,0.02720346684756301
2022-01-03,combined_risk_parity,EQ_WMT,0.028191483803413794
2022-02-01,combined_risk_parity,EQ_WMT,0.027376591740463016
2022-03-01,combined_risk_parity,EQ_WMT,0.0318243646835099
2022-04-01,combined_risk_parity,EQ_WMT,0.03350467374513696
2022-05-02,combined_risk_parity,EQ_WMT,0.03237320823504727
2022-06-01,combined_risk_parity,EQ_WMT,0.03500321555988818
2022-07-01,combined_risk_parity,EQ_WMT,0.03755864391857864
2022-08-01,combined_risk_parity,EQ_WMT,0.03499873637960644
2022-09-01,combined_risk_parity,EQ_WMT,0.033718316233764055
2022-10-03,combined_risk_parity,EQ_WMT,0.033528500676704154
2022-11-01,combined_risk_parity,EQ_WMT,0.032707223677410954
2022-12-01,combined_risk_parity,EQ_WMT,0.032570222931351485
2023-01-03,combined_risk_parity,EQ_WMT,0.03110728634988151
2023-02-01,combined_risk_parity,EQ_WMT,0.030101207885477783
2023-03-01,combined_risk_parity,EQ_WMT,0.02913944601329682
2023-04-03,combined_risk_parity,EQ_WMT,0.029279950159918067
2023-05-01,combined_risk_parity,EQ_WMT,0.030017546464467977
2023-06-01,combined_risk_parity,EQ_WMT,0.028599653946555597
2023-07-03,combined_risk_parity,EQ_WMT,0.027216158731502117
2023-08-01,combined_risk_parity,EQ_WMT,0.028580591926119066
2023-09-01,combined_risk_parity,EQ_WMT,0.02996794176865703
2023-10-02,combined_risk_parity,EQ_WMT,0.029982239097352658
2023-11-01,combined_risk_parity,EQ_WMT,0.03157613055425946
2023-12-01,combined_risk_parity,EQ_WMT,0.03369219154519548
2021-01-04,combined_risk_parity,EQ_XOM,0.014598170331014619
2021-02-01,combined_risk_parity,EQ_XOM,0.014573178958815691
2021-03-01,combined_risk_parity,EQ_XOM,0.014737860714747843
2021-04-01,combined_risk_parity,EQ_XOM,0.01248936172152094
2021-05-03,combined_risk_parity,EQ_XOM,0.011239760705234268
2021-06-01,combined_risk_parity,EQ_XOM,0.0118019180437263
2021-07-01,combined_risk_parity,EQ_XOM,0.012403843460565594
2021-08-02,combined_risk_parity,EQ_XOM,0.01237175567679415
2021-09-01,combined_risk_parity,EQ_XOM,0.012279686976318807
2021-10-01,combined_risk_parity,EQ_XOM,0.011338809338877568
2021-11-01,combined_risk_parity,EQ_XOM,0.01156697405747045
2021-12-01,combined_risk_parity,EQ_XOM,0.012922475038634725
2022-01-03,combined_risk_parity,EQ_XOM,0.013466802286632627
2022-02-01,combined_risk_parity,EQ_XOM,0.014144551701553583
2022-03-01,combined_risk_parity,EQ_XOM,0.015519875992229886
2022-04-01,combined_risk_parity,EQ_XOM,0.017798002986235777
2022-05-02,combined_risk_parity,EQ_XOM,0.017783620773330913
2022-06-01,combined_risk_parity,EQ_XOM,0.016653161544616265
2022-07-01,combined_risk_parity,EQ_XOM,0.016758698658367214
2022-08-01,combined_risk_parity,EQ_XOM,0.01684076954208756
2022-09-01,combined_risk_parity,EQ_XOM,0.017427966465206685
2022-10-03,combined_risk_parity,EQ_XOM,0.018038637319540106
2022-11-01,combined_risk_parity,EQ_XOM,0.01859712125458018
2022-12-01,combined_risk_parity,EQ_XOM,0.019330314450672247
2023-01-03,combined_risk_parity,EQ_XOM,0.019103460791557964
2023-02-01,combined_risk_parity,EQ_XOM,0.01916959665552794
2023-03-01,combined_risk_parity,EQ_XOM,0.019215239425412606
2023-04-03,combined_risk_parity,EQ_XOM,0.01779668832648228
2023-05-01,combined_risk_parity,EQ_XOM,0.017662042070164138
2023-06-01,combined_risk_parity,EQ_XOM,0.017904061901491408
2023-07-03,combined_risk_parity,EQ_XOM,0.017649001677918157
2023-08-01,combined_risk_parity,EQ_XOM,0.018146461236877954
2023-09-01,combined_risk_parity,EQ_XOM,0.018296457766518736
2023-10-02,combined_risk_parity,EQ_XOM,0.01829274081674937
2023-11-01,combined_risk_parity,EQ_XOM,0.018551141393626704
2023-12-01,combined_risk_parity,EQ_XOM,0.018778712392680193
2021-01-04,combined_risk_parity,CR_ADA-USD,0.010347459817673838
2021-02-01,combined_risk_parity,CR_ADA-USD,0.009851584100776606
2021-03-01,combined_risk_parity,CR_ADA-USD,0.009765235074535045
2021-04-01,combined_risk_parity,CR_ADA-USD,0.007957548680223076
2021-05-03,combined_risk_parity,CR_ADA-USD,0.006857121864075516
2021-06-01,combined_risk_parity,CR_ADA-USD,0.005175011130179445
2021-07-01,combined_risk_parity,CR_ADA-USD,0.004578500180634493
2021-08-02,combined_risk_parity,CR_ADA-USD,0.004450973881954732
2021-09-01,combined_risk_parity,CR_ADA-USD,0.00426896976307772
2021-10-01,combined_risk_parity,CR_ADA-USD,0.004031798760692125
2021-11-01,combined_risk_parity,CR_ADA-USD,0.003851942669438204
2021-12-01,combined_risk_parity,CR_ADA-USD,0.00357974876254401
2022-01-03,combined_risk_parity,CR_ADA-USD,0.003531479783633174
2022-02-01,combined_risk_parity,CR_ADA-USD,0.0037006792084677514
2022-03-01,combined_risk_parity,CR_ADA-USD,0.0036879519355784937
2022-04-01,combined_risk_parity,CR_ADA-USD,0.003927991802397461
2022-05-02,combined_risk_parity,CR_ADA-USD,0.004191390945901196
2022-06-01,combined_risk_parity,CR_ADA-USD,0.004843124774639506
2022-07-01,combined_risk_parity,CR_ADA-USD,0.005218685229621858
2022-08-01,combined_risk_parity,CR_ADA-USD,0.005283048399677105
2022-09-01,combined_risk_parity,CR_ADA-USD,0.005619836476393794
2022-10-03,combined_risk_parity,CR_ADA-USD,0.006329660510856889
2022-11-01,combined_risk_parity,CR_ADA-USD,0.006797311881258837
2022-12-01,combined_risk_parity,CR_ADA-USD,0.0066258044249216785
2023-01-03,combined_risk_parity,CR_ADA-USD,0.006924056060268773
2023-02-01,combined_risk_parity,CR_ADA-USD,0.007019229450758952
2023-03-01,combined_risk_parity,CR_ADA-USD,0.006976074330726413
2023-04-03,combined_risk_parity,CR_ADA-USD,0.007095112288134091
2023-05-01,combined_risk_parity,CR_ADA-USD,0.007259502697358843
2023-06-01,combined_risk_parity,CR_ADA-USD,0.008241526159686974
2023-07-03,combined_risk_parity,CR_ADA-USD,0.00816759454555181
2023-08-01,combined_risk_parity,CR_ADA-USD,0.00786936159250426
2023-09-01,combined_risk_parity,CR_ADA-USD,0.008000093194043014
2023-10-02,combined_risk_parity,CR_ADA-USD,0.007658123152393623
2023-11-01,combined_risk_parity,CR_ADA-USD,0.007354207014257632
2023-12-01,combined_risk_parity,CR_ADA-USD,0.007919454450342738
2021-01-04,combined_risk_parity,CR_BCH-USD,0.011248755834520133
2021-02-01,combined_risk_parity,CR_BCH-USD,0.011045938782301435
2021-03-01,combined_risk_parity,CR_BCH-USD,0.010777090014375924
2021-04-01,combined_risk_parity,CR_BCH-USD,0.008818694212882694
2021-05-03,combined_risk_parity,CR_BCH-USD,0.007013738178559092
2021-06-01,combined_risk_parity,CR_BCH-USD,0.00487556678411616
2021-07-01,combined_risk_parity,CR_BCH-USD,0.004222385654394448
2021-08-02,combined_risk_parity,CR_BCH-USD,0.004149329541978881
2021-09-01,combined_risk_parity,CR_BCH-USD,0.00406453268000639
2021-10-01,combined_risk_parity,CR_BCH-USD,0.003737121622969362
2021-11-01,combined_risk_parity,CR_BCH-USD,0.0033847016517099203
2021-12-01,combined_risk_parity,CR_BCH-USD,0.003159111087140168
2022-01-03,combined_risk_parity,CR_BCH-USD,0.0032942243911468585
2022-02-01,combined_risk_parity,CR_BCH-USD,0.0034618568505443053
2022-03-01,combined_risk_parity,CR_BCH-USD,0.0037093378334777244
2022-04-01,combined_risk_parity,CR_BCH-USD,0.0037187286179158944
2022-05-02,combined_risk_parity,CR_BCH-USD,0.004240456798957937
2022-06-01,combined_risk_parity,CR_BCH-USD,0.005942993059622943
2022-07-01,combined_risk_parity,CR_BCH-USD,0.006157852592017648
2022-08-01,combined_risk_parity,CR_BCH-USD,0.005937932183349911
2022-09-01,combined_risk_parity,CR_BCH-USD,0.006027781053812443
2022-10-03,combined_risk_parity,CR_BCH-USD,0.006819410836508896
2022-11-01,combined_risk_parity,CR_BCH-USD,0.007604785530733058
2022-12-01,combined_risk_parity,CR_BCH-USD,0.007529411193155905
2023-01-03,combined_risk_parity,CR_BCH-USD,0.007711141247114864
2023-02-01,combined_risk_parity,CR_BCH-USD,0.007838414982122677
2023-03-01,combined_risk_parity,CR_BCH-USD,0.007777613634779444
2023-04-03,combined_risk_parity,CR_BCH-USD,0.008030921293606226
2023-05-01,combined_risk_parity,CR_BCH-USD,0.008083330634336238
2023-06-01,combined_risk_parity,CR_BCH-USD,0.008492972617277784
2023-07-03,combined_risk_parity,CR_BCH-USD,0.008096337200638484
2023-08-01,combined_risk_parity,CR_BCH-USD,0.009146067485882309
2023-09-01,combined_risk_parity,CR_BCH-USD,0.008826625401914675
2023-10-02,combined_risk_parity,CR_BCH-USD,0.008565472146398263
2023-11-01,combined_risk_parity,CR_BCH-USD,0.007689280880798988
2023-12-01,combined_risk_parity,CR_BCH-USD,0.008933172475838635
2021-01-04,combined_risk_parity,CR_BTC-USD,0.01474128000678739
2021-02-01,combined_risk_parity,CR_BTC-USD,0.013959763678402563
2021-03-01,combined_risk_parity,CR_BTC-USD,0.013378273485468179
2021-04-01,combined_risk_parity,CR_BTC-USD,0.01173429066790513
2021-05-03,combined_risk_parity,CR_BTC-USD,0.01030039713581692
2021-06-01,combined_risk_parity,CR_BTC-USD,0.008162572863433167
2021-07-01,combined_risk_parity,CR_BTC-USD,0.00700779060501938
2021-08-02,combined_risk_parity,CR_BTC-USD,0.006874768350519792
2021-09-01,combined_risk_parity,CR_BTC-USD,0.006753061153045836
2021-10-01,combined_risk_parity,CR_BTC-USD,0.0060395175936801436
2021-11-01,combined_risk_parity,CR_BTC-USD,0.005587287720621336
2021-12-01,combined_risk_parity,CR_BTC-USD,0.005162782219154219
2022-01-03,combined_risk_parity,CR_BTC-USD,0.005290027846076025
2022-02-01,combined_risk_parity,CR_BTC-USD,0.005692721191050993
2022-03-01,combined_risk_parity,CR_BTC-USD,0.006463353467976816
2022-04-01,combined_risk_parity,CR_BTC-USD,0.006581870768043371
2022-05-02,combined_risk_parity,CR_BTC-USD,0.006791911791876683
2022-06-01,combined_risk_parity,CR_BTC-USD,0.007740489399189989
2022-07-01,combined_risk_parity,CR_BTC-USD,0.007620747062753076
2022-08-01,combined_risk_parity,CR_BTC-USD,0.007647045321526291
2022-09-01,combined_risk_parity,CR_BTC-USD,0.007688984452710321
2022-10-03,combined_risk_parity,CR_BTC-USD,0.00816835692250637
2022-11-01,combined_risk_parity,CR_BTC-USD,0.008863080447811597
2022-12-01,combined_risk_parity,CR_BTC-USD,0.008658154478922098
2023-01-03,combined_risk_parity,CR_BTC-USD,0.008855129917144123
2023-02-01,combined_risk_parity,CR_BTC-USD,0.008964104342096081
2023-03-01,combined_risk_parity,CR_BTC-USD,0.008931500120752679
2023-04-03,combined_risk_parity,CR_BTC-USD,0.009151299712406897
2023-05-01,combined_risk_parity,CR_BTC-USD,0.009357076900126474
2023-06-01,combined_risk_parity,CR_BTC-USD,0.009357173573727794
2023-07-03,combined_risk_parity,CR_BTC-USD,0.010023688253250338
2023-08-01,combined_risk_parity,CR_BTC-USD,0.01043666563673622
2023-09-01,combined_risk_parity,CR_BTC-USD,0.01062749716091246
2023-10-02,combined_risk_parity,CR_BTC-USD,0.01110259014738409
2023-11-01,combined_risk_parity,CR_BTC-USD,0.010510495432806759
2023-12-01,combined_risk_parity,CR_BTC-USD,0.01246620764236761
2021-01-04,combined_risk_parity,CR_EOS-USD,0.011936673314749041
2021-02-01,combined_risk_parity,CR_EOS-USD,0.011777634807346058
2021-03-01,combined_risk_parity,CR_EOS-USD,0.011418167750049219
2021-04-01,combined_risk_parity,CR_EOS-USD,0.008786222538034587
2021-05-03,combined_risk_parity,CR_EOS-USD,0.007296930117422316
2021-06-01,combined_risk_parity,CR_EOS-USD,0.004904323030627445
2021-07-01,combined_risk_parity,CR_EOS-USD,0.004267754900875761
2021-08-02,combined_risk_parity,CR_EOS-USD,0.004115270813891811
2021-09-01,combined_risk_parity,CR_EOS-USD,0.0040272073429027215
2021-10-01,combined_risk_parity,CR_EOS-USD,0.0035746305063794996
2021-11-01,combined_risk_parity,CR_EOS-USD,0.003193303230048957
2021-12-01,combined_risk_parity,CR_EOS-USD,0.003083426213621155
2022-01-03,combined_risk_parity,CR_EOS-USD,0.0032285099700821015
2022-02-01,combined_risk_parity,CR_EOS-USD,0.0032065961455709844
2022-03-01,combined_risk_parity,CR_EOS-USD,0.003304223379444677
2022-04-01,combined_risk_parity,CR_EOS-USD,0.0034163551286452527
2022-05-02,combined_risk_parity,CR_EOS-USD,0.0036788817540521733
2022-06-01,combined_risk_parity,CR_EOS-USD,0.005041519243494617
2022-07-01,combined_risk_parity,CR_EOS-USD,0.005406394699711965
2022-08-01,combined_risk_parity,CR_EOS-USD,0.005584531389589419
2022-09-01,combined_risk_parity,CR_EOS-USD,0.005825929512417823
2022-10-03,combined_risk_parity,CR_EOS-USD,0.0062660896229154925
2022-11-01,combined_risk_parity,CR_EOS-USD,0.007054295605105309
2022-12-01,combined_risk_parity,CR_EOS-USD,0.006947331798878579
2023-01-03,combined_risk_parity,CR_EOS-USD,0.0072134727802707485
2023-02-01,combined_risk_parity,CR_EOS-USD,0.007322314762600772
2023-03-01,combined_risk_parity,CR_EOS-USD,0.0073131704274440965
2023-04-03,combined_risk_parity,CR_EOS-USD,0.007233975998227063
2023-05-01,combined_risk_parity,CR_EOS-USD,0.0075413732526552835
2023-06-01,combined_risk_parity,CR_EOS-USD,0.007827332704812444
2023-07-03,combined_risk_parity,CR_EOS-USD,0.007713313549956172
2023-08-01,combined_risk_parity,CR_EOS-USD,0.007759917831451772
2023-09-01,combined_risk_parity,CR_EOS-USD,0.007687218621023788
2023-10-02,combined_risk_parity,CR_EOS-USD,0.00829554099096784
2023-11-01,combined_risk_parity,CR_EOS-USD,0.007483222114701542
2023-12-01,combined_risk_parity,CR_EOS-USD,0.008205070875620793
2021-01-04,combined_risk_parity,CR_ETC-USD,0.012170972489563744
2021-02-01,combined_risk_parity,CR_ETC-USD,0.012186880036311082
2021-03-01,combined_risk_parity,CR_ETC-USD,0.011686336141813976
2021-04-01,combined_risk_parity,CR_ETC-USD,0.009901956965033053
2021-05-03,combined_risk_parity,CR_ETC-USD,0.0079629252974165
2021-06-01,combined_risk_parity,CR_ETC-USD,0.00500053798583923
2021-07-01,combined_risk_parity,CR_ETC-USD,0.004257836349635068
2021-08-02,combined_risk_parity,CR_ETC-USD,0.004152668603880805
2021-09-01,combined_risk_parity,CR_ETC-USD,0.00407606820200906
2021-10-01,combined_risk_parity,CR_ETC-USD,0.0035301733306542533
2021-11-01,combined_risk_parity,CR_ETC-USD,0.003260830272652895
2021-12-01,combined_risk_parity,CR_ETC-USD,0.003129231256258004
2022-01-03,combined_risk_parity,CR_ETC-USD,0.003281622741674474
2022-02-01,combined_risk_parity,CR_ETC-USD,0.0032301947746823123
2022-03-01,combined_risk_parity,CR_ETC-USD,0.0034307289008960276
2022-04-01,combined_risk_parity,CR_ETC-USD,0.003355133516401501
2022-05-02,combined_risk_parity,CR_ETC-USD,0.0037722620745098225
2022-06-01,combined_risk_parity,CR_ETC-USD,0.005172458264807725
2022-07-01,combined_risk_parity,CR_ETC-USD,0.005445876265936847
2022-08-01,combined_risk_parity,CR_ETC-USD,0.005070068566612954
2022-09-01,combined_risk_parity,CR_ETC-USD,0.005086987972819602
2022-10-03,combined_risk_parity,CR_ETC-USD,0.005553596367777093
2022-11-01,combined_risk_parity,CR_ETC-USD,0.006131928327248517
2022-12-01,combined_risk_parity,CR_ETC-USD,0.0058572280361147006
2023-01-03,combined_risk_parity,CR_ETC-USD,0.005806376797410392
2023-02-01,combined_risk_parity,CR_ETC-USD,0.0056211797112795
2023-03-01,combined_risk_parity,CR_ETC-USD,0.005602354966529118
2023-04-03,combined_risk_parity,CR_ETC-USD,0.00577516390697494
2023-05-01,combined_risk_parity,CR_ETC-USD,0.00584741997832803
2023-06-01,combined_risk_parity,CR_ETC-USD,0.006081724396539457
2023-07-03,combined_risk_parity,CR_ETC-USD,0.005895708843819821
2023-08-01,combined_risk_parity,CR_ETC-USD,0.006518082333473348
2023-09-01,combined_risk_parity,CR_ETC-USD,0.006668412717772948
2023-10-02,combined_risk_parity,CR_ETC-USD,0.006672916619659544
2023-11-01,combined_risk_parity,CR_ETC-USD,0.0059532255984495455
2023-12-01,combined_risk_parity,CR_ETC-USD,0.007108412069134244
2021-01-04,combined_risk_parity,CR_ETH-USD,0.011022995459218265
2021-02-01,combined_risk_parity,CR_ETH-USD,0.010663821747205445
2021-03-01,combined_risk_parity,CR_ETH-USD,0.010428576952584886
2021-04-01,combined_risk_parity,CR_ETH-USD,0.008494875669494553
2021-05-03,combined_risk_parity,CR_ETH-USD,0.008147775374106924
2021-06-01,combined_risk_parity,CR_ETH-USD,0.0063316202290072225
2021-07-01,combined_risk_parity,CR_ETH-USD,0.005459284444817307
2021-08-02,combined_risk_parity,CR_ETH-USD,0.005235908806155307
2021-09-01,combined_risk_parity,CR_ETH-USD,0.0052148892006790995
2021-10-01,combined_risk_parity,CR_ETH-USD,0.004697892065103713
2021-11-01,combined_risk_parity,CR_ETH-USD,0.004375471410959488
2021-12-01,combined_risk_parity,CR_ETH-USD,0.004154355428428404
2022-01-03,combined_risk_parity,CR_ETH-USD,0.0042677400906134455
2022-02-01,combined_risk_parity,CR_ETH-USD,0.0042793583708856855
2022-03-01,combined_risk_parity,CR_ETH-USD,0.004566192406843732
2022-04-01,combined_risk_parity,CR_ETH-USD,0.004569074553200367
2022-05-02,combined_risk_parity,CR_ETH-USD,0.00481298338270059
2022-06-01,combined_risk_parity,CR_ETH-USD,0.005971054295728484
2022-07-01,combined_risk_parity,CR_ETH-USD,0.005885012493558805
2022-08-01,combined_risk_parity,CR_ETH-USD,0.005955090199297843
2022-09-01,combined_risk_parity,CR_ETH-USD,0.005832286122013896
2022-10-03,combined_risk_parity,CR_ETH-USD,0.006409988461765115
2022-11-01,combined_risk_parity,CR_ETH-USD,0.007071507282932621
2022-12-01,combined_risk_parity,CR_ETH-USD,0.006569714409458591
2023-01-03,combined_risk_parity,CR_ETH-USD,0.0066294096759197145
2023-02-01,combined_risk_parity,CR_ETH-USD,0.006845312296171549
2023-03-01,combined_risk_parity,CR_ETH-USD,0.007019527269381132
2023-04-03,combined_risk_parity,CR_ETH-USD,0.007235066559486983
2023-05-01,combined_risk_parity,CR_ETH-USD,0.007352066277521002
2023-06-01,combined_risk_parity,CR_ETH-USD,0.007195701395717175
2023-07-03,combined_risk_parity,CR_ETH-USD,0.007641484497504506
2023-08-01,combined_risk_parity,CR_ETH-USD,0.007886339931080379
2023-09-01,combined_risk_parity,CR_ETH-USD,0.008415456128573298
2023-10-02,combined_risk_parity,CR_ETH-USD,0.008542926903809566
2023-11-01,combined_risk_parity,CR_ETH-USD,0.007937897948833365
2023-12-01,combined_risk_parity,CR_ETH-USD,0.01093520185319353
2021-01-04,combined_risk_parity,CR_LTC-USD,0.011613680716557951
2021-02-01,combined_risk_parity,CR_LTC-USD,0.011310643642364922
2021-03-01,combined_risk_parity,CR_LTC-USD,0.010964446924333343
2021-04-01,combined_risk_parity,CR_LTC-USD,0.009091221528380208
2021-05-03,combined_risk_parity,CR_LTC-USD,0.007473351261854194
2021-06-01,combined_risk_parity,CR_LTC-USD,0.005555896314463241
2021-07-01,combined_risk_parity,CR_LTC-USD,0.004692650314256041
2021-08-02,combined_risk_parity,CR_LTC-USD,0.0046029261188295055
2021-09-01,combined_risk_parity,CR_LTC-USD,0.004531775223462124
2021-10-01,combined_risk_parity,CR_LTC-USD,0.004112217683782038
2021-11-01,combined_risk_parity,CR_LTC-USD,0.0037351414900905454
2021-12-01,combined_risk_parity,CR_LTC-USD,0.00358777483143169
2022-01-03,combined_risk_parity,CR_LTC-USD,0.003698187489845693
2022-02-01,combined_risk_parity,CR_LTC-USD,0.003727406358820981
2022-03-01,combined_risk_parity,CR_LTC-USD,0.003916203021709006
2022-04-01,combined_risk_parity,CR_LTC-USD,0.003961461426228106
2022-05-02,combined_risk_parity,CR_LTC-USD,0.004334977069299599
2022-06-01,combined_risk_parity,CR_LTC-USD,0.005244302136019249
2022-07-01,combined_risk_parity,CR_LTC-USD,0.005561070226288957
2022-08-01,combined_risk_parity,CR_LTC-USD,0.005671794070413247
2022-09-01,combined_risk_parity,CR_LTC-USD,0.0058635449202803485
2022-10-03,combined_risk_parity,CR_LTC-USD,0.006712188784960375
2022-11-01,combined_risk_parity,CR_LTC-USD,0.007548817381232426
2022-12-01,combined_risk_parity,CR_LTC-USD,0.0072813284998741075
2023-01-03,combined_risk_parity,CR_LTC-USD,0.007391757816745967
2023-02-01,combined_risk_parity,CR_LTC-USD,0.007665525584160036
2023-03-01,combined_risk_parity,CR_LTC-USD,0.007777970776574425
2023-04-03,combined_risk_parity,CR_LTC-USD,0.007987179143886585
2023-05-01,combined_risk_parity,CR_LTC-USD,0.008150970629274114
2023-06-01,combined_risk_parity,CR_LTC-USD,0.008825165547258651
2023-07-03,combined_risk_parity,CR_LTC-USD,0.008654448835149568
2023-08-01,combined_risk_parity,CR_LTC-USD,0.008682071974417368
2023-09-01,combined_risk_parity,CR_LTC-USD,0.008365421410890165
2023-10-02,combined_risk_parity,CR_LTC-USD,0.0080457382924444
2023-11-01,combined_risk_parity,CR_LTC-USD,0.00719610096456461
2023-12-01,combined_risk_parity,CR_LTC-USD,0.008537078191969971
2021-01-04,combined_risk_parity,CR_TRX-USD,0.01265756342869036
2021-02-01,combined_risk_parity,CR_TRX-USD,0.01288303664281012
2021-03-01,combined_risk_parity,CR_TRX-USD,0.012534479376851943
2021-04-01,combined_risk_parity,CR_TRX-USD,0.011932183712363932
2021-05-03,combined_risk_parity,CR_TRX-USD,0.00985971417371979
2021-06-01,combined_risk_parity,CR_TRX-USD,0.006975450418741012
2021-07-01,combined_risk_parity,CR_TRX-USD,0.006517198503231512
2021-08-02,combined_risk_parity,CR_TRX-USD,0.006420536754377101
2021-09-01,combined_risk_parity,CR_TRX-USD,0.006381580814423855
2021-10-01,combined_risk_parity,CR_TRX-USD,0.00463907380256894
2021-11-01,combined_risk_parity,CR_TRX-USD,0.004284887487461948
2021-12-01,combined_risk_parity,CR_TRX-USD,0.004094030224554518
2022-01-03,combined_risk_parity,CR_TRX-USD,0.004235719716573879
2022-02-01,combined_risk_parity,CR_TRX-USD,0.003987669368939331
2022-03-01,combined_risk_parity,CR_TRX-USD,0.004336570457769753
2022-04-01,combined_risk_parity,CR_TRX-USD,0.004545590903785928
2022-05-02,combined_risk_parity,CR_TRX-USD,0.005356900563054228
2022-06-01,combined_risk_parity,CR_TRX-USD,0.006081437867977095
2022-07-01,combined_risk_parity,CR_TRX-USD,0.006162791735982407
2022-08-01,combined_risk_parity,CR_TRX-USD,0.006411088288186539
2022-09-01,combined_risk_parity,CR_TRX-USD,0.006814193355948846
2022-10-03,combined_risk_parity,CR_TRX-USD,0.008289829226073912
2022-11-01,combined_risk_parity,CR_TRX-USD,0.009735151569908226
2022-12-01,combined_risk_parity,CR_TRX-USD,0.010130159255601621
2023-01-03,combined_risk_parity,CR_TRX-USD,0.010739325991916127
2023-02-01,combined_risk_parity,CR_TRX-USD,0.011208222506017239
2023-03-01,combined_risk_parity,CR_TRX-USD,0.010803983232006651
2023-04-03,combined_risk_parity,CR_TRX-USD,0.01027625449380001
2023-05-01,combined_risk_parity,CR_TRX-USD,0.01043466159147271
2023-06-01,combined_risk_parity,CR_TRX-USD,0.012805245874979656
2023-07-03,combined_risk_parity,CR_TRX-USD,0.014809838645779278
2023-08-01,combined_risk_parity,CR_TRX-USD,0.014775939042670896
2023-09-01,combined_risk_parity,CR_TRX-USD,0.0150523507404356
2023-10-02,combined_risk_parity,CR_TRX-USD,0.01455430623179633
2023-11-01,combined_risk_parity,CR_TRX-USD,0.012272774525465754
2023-12-01,combined_risk_parity,CR_TRX-USD,0.013023165208159517
2021-01-04,combined_risk_parity,CR_XLM-USD,0.010853920878614995
2021-02-01,combined_risk_parity,CR_XLM-USD,0.009633492065550293
2021-03-01,combined_risk_parity,CR_XLM-USD,0.009423112754089323
2021-04-01,combined_risk_parity,CR_XLM-USD,0.006700937070751746
2021-05-03,combined_risk_parity,CR_XLM-USD,0.005391518835304724
2021-06-01,combined_risk_parity,CR_XLM-USD,0.0043060856030847
2021-07-01,combined_risk_parity,CR_XLM-USD,0.003727892367912974
2021-08-02,combined_risk_parity,CR_XLM-USD,0.003629932316316723
2021-09-01,combined_risk_parity,CR_XLM-USD,0.0035514163104253278
2021-10-01,combined_risk_parity,CR_XLM-USD,0.0032235044416412946
2021-11-01,combined_risk_parity,CR_XLM-USD,0.0029975013756208626
2021-12-01,combined_risk_parity,CR_XLM-USD,0.0032719989437001275
2022-01-03,combined_risk_parity,CR_XLM-USD,0.0033968900173230133
2022-02-01,combined_risk_parity,CR_XLM-USD,0.0039008647416489523
2022-03-01,combined_risk_parity,CR_XLM-USD,0.004100360429136833
2022-04-01,combined_risk_parity,CR_XLM-USD,0.004149723466339739
2022-05-02,combined_risk_parity,CR_XLM-USD,0.00471177435822392
2022-06-01,combined_risk_parity,CR_XLM-USD,0.005834431895055122
2022-07-01,combined_risk_parity,CR_XLM-USD,0.0060931030456545295
2022-08-01,combined_risk_parity,CR_XLM-USD,0.006197705206346417
2022-09-01,combined_risk_parity,CR_XLM-USD,0.006565140992082115
2022-10-03,combined_risk_parity,CR_XLM-USD,0.007590100165023582
2022-11-01,combined_risk_parity,CR_XLM-USD,0.008918326406074518
2022-12-01,combined_risk_parity,CR_XLM-USD,0.008134282033190367
2023-01-03,combined_risk_parity,CR_XLM-USD,0.00843798977638094
2023-02-01,combined_risk_parity,CR_XLM-USD,0.008647880612196943
2023-03-01,combined_risk_parity,CR_XLM-USD,0.008758667759863451
2023-04-03,combined_risk_parity,CR_XLM-USD,0.008621021810788948
2023-05-01,combined_risk_parity,CR_XLM-USD,0.008750638063928083
2023-06-01,combined_risk_parity,CR_XLM-USD,0.009371043722690892
2023-07-03,combined_risk_parity,CR_XLM-USD,0.009714215625738626
2023-08-01,combined_risk_parity,CR_XLM-USD,0.007923320238152759
2023-09-01,combined_risk_parity,CR_XLM-USD,0.007611652949520485
2023-10-02,combined_risk_parity,CR_XLM-USD,0.007437454683409824
2023-11-01,combined_risk_parity,CR_XLM-USD,0.006266358917578575
2023-12-01,combined_risk_parity,CR_XLM-USD,0.006940361076180854
2021-01-04,combined_risk_parity,CR_XRP-USD,0.011662520334956053
2021-02-01,combined_risk_parity,CR_XRP-USD,0.011519159136774726
2021-03-01,combined_risk_parity,CR_XRP-USD,0.011363653146791712
2021-04-01,combined_risk_parity,CR_XRP-USD,0.008773935573717013
2021-05-03,combined_risk_parity,CR_XRP-USD,0.006430890867441386
2021-06-01,combined_risk_parity,CR_XRP-USD,0.005116636681294805
2021-07-01,combined_risk_parity,CR_XRP-USD,0.0043474443826099695
2021-08-02,combined_risk_parity,CR_XRP-USD,0.0042856065743956655
2021-09-01,combined_risk_parity,CR_XRP-USD,0.004047416991315063
2021-10-01,combined_risk_parity,CR_XRP-USD,0.0035807713614924813
2021-11-01,combined_risk_parity,CR_XRP-USD,0.003329543885460714
2021-12-01,combined_risk_parity,CR_XRP-USD,0.003428726531296545
2022-01-03,combined_risk_parity,CR_XRP-USD,0.0038299633078952592
2022-02-01,combined_risk_parity,CR_XRP-USD,0.003726009811563247
2022-03-01,combined_risk_parity,CR_XRP-USD,0.0037753916933283174
2022-04-01,combined_risk_parity,CR_XRP-USD,0.003852637288551522
2022-05-02,combined_risk_parity,CR_XRP-USD,0.004554347630318385
2022-06-01,combined_risk_parity,CR_XRP-USD,0.005479643239248228
2022-07-01,combined_risk_parity,CR_XRP-USD,0.005715374787864942
2022-08-01,combined_risk_parity,CR_XRP-USD,0.005900608157453381
2022-09-01,combined_risk_parity,CR_XRP-USD,0.00644728736048398
2022-10-03,combined_risk_parity,CR_XRP-USD,0.007516341480340496
2022-11-01,combined_risk_parity,CR_XRP-USD,0.008599537352923948
2022-12-01,combined_risk_parity,CR_XRP-USD,0.007931098160332549
2023-01-03,combined_risk_parity,CR_XRP-USD,0.007975148268953342
2023-02-01,combined_risk_parity,CR_XRP-USD,0.008102331850736102
2023-03-01,combined_risk_parity,CR_XRP-USD,0.00859078324261131
2023-04-03,combined_risk_parity,CR_XRP-USD,0.008218567209092385
2023-05-01,combined_risk_parity,CR_XRP-USD,0.008409837698544599
2023-06-01,combined_risk_parity,CR_XRP-USD,0.008930032126061036
2023-07-03,combined_risk_parity,CR_XRP-USD,0.009470636661072722
2023-08-01,combined_risk_parity,CR_XRP-USD,0.007521844712856664
2023-09-01,combined_risk_parity,CR_XRP-USD,0.007195358005034307
2023-10-02,combined_risk_parity,CR_XRP-USD,0.006918821767223223
2023-11-01,combined_risk_parity,CR_XRP-USD,0.005990377615979313
2023-12-01,combined_risk_parity,CR_XRP-USD,0.0068236981534931206
2021-01-04,combined_max_sharpe,EQ_ABBV,0.0
2021-02-01,combined_max_sharpe,EQ_ABBV,0.0
2021-03-01,combined_max_sharpe,EQ_ABBV,0.0
2021-04-01,combined_max_sharpe,EQ_ABBV,0.15141380837897425
2021-05-03,combined_max_sharpe,EQ_ABBV,0.13077201192153715
2021-06-01,combined_max_sharpe,EQ_ABBV,7.656728206981186e-17
2021-07-01,combined_max_sharpe,EQ_ABBV,1.167195362434333e-16
2021-08-02,combined_max_sharpe,EQ_ABBV,0.014830917092833006
2021-09-01,combined_max_sharpe,EQ_ABBV,0.039235425328785045
2021-10-01,combined_max_sharpe,EQ_ABBV,0.03530499555579323
2021-11-01,combined_max_sharpe,EQ_ABBV,0.057933634745387916
2021-12-01,combined_max_sharpe,EQ_ABBV,1.643044560712365e-16
2022-01-03,combined_max_sharpe,EQ_ABBV,0.005029912799513637
2022-02-01,combined_max_sharpe,EQ_ABBV,0.13012222282670804
2022-03-01,combined_max_sharpe,EQ_ABBV,0.19890374892385485
2022-04-01,combined_max_sharpe,EQ_ABBV,0.19999999999999873
2022-05-02,combined_max_sharpe,EQ_ABBV,0.19715120224084987
2022-06-01,combined_max_sharpe,EQ_ABBV,0.19999999999999846
2022-07-01,combined_max_sharpe,EQ_ABBV,0.1999999999999973
2022-08-01,combined_max_sharpe,EQ_ABBV,0.1999999999999998
2022-09-01,combined_max_sharpe,EQ_ABBV,0.09886951816854035
2022-10-03,combined_max_sharpe,EQ_ABBV,0.19999999999999926
2022-11-01,combined_max_sharpe,EQ_ABBV,0.199999999999995
2022-12-01,combined_max_sharpe,EQ_ABBV,0.19999999999999138
2023-01-03,combined_max_sharpe,EQ_ABBV,0.14602183416605546
2023-02-01,combined_max_sharpe,EQ_ABBV,0.0
2023-03-01,combined_max_sharpe,EQ_ABBV,0.020630832216671197
2023-04-03,combined_max_sharpe,EQ_ABBV,0.0
2023-05-01,combined_max_sharpe,EQ_ABBV,5.701067897489687e-16
2023-06-01,combined_max_sharpe,EQ_ABBV,3.7832108875005236e-16
2023-07-03,combined_max_sharpe,EQ_ABBV,3.225431236267914e-17
2023-08-01,combined_max_sharpe,EQ_ABBV,7.012430007630904e-17
2023-09-01,combined_max_sharpe,EQ_ABBV,0.02590101030616358
2023-10-02,combined_max_sharpe,EQ_ABBV,0.0
2023-11-01,combined_max_sharpe,EQ_ABBV,0.0
2023-12-01,combined_max_sharpe,EQ_ABBV,2.1684975728362584e-16
2021-01-04,combined_max_sharpe,EQ_ABT,0.0
2021-02-01,combined_max_sharpe,EQ_ABT,0.012706898314617498
2021-03-01,combined_max_sharpe,EQ_ABT,0.07558106428870572
2021-04-01,combined_max_sharpe,EQ_ABT,0.030367412287308253
2021-05-03,combined_max_sharpe,EQ_ABT,1.13440201033768e-17
2021-06-01,combined_max_sharpe,EQ_ABT,0.0
2021-07-01,combined_max_sharpe,EQ_ABT,0.01684763484038808
2021-08-02,combined_max_sharpe,EQ_ABT,1.191400811174492e-16
2021-09-01,combined_max_sharpe,EQ_ABT,0.0
2021-10-01,combined_max_sharpe,EQ_ABT,3.48707941279973e-18
2021-11-01,combined_max_sharpe,EQ_ABT,0.07619117469643684
2021-12-01,combined_max_sharpe,EQ_ABT,0.022393400320350927
2022-01-03,combined_max_sharpe,EQ_ABT,0.0898540358293833
2022-02-01,combined_max_sharpe,EQ_ABT,3.47232860984474e-16
2022-03-01,combined_max_sharpe,EQ_ABT,1.5002163398360718e-16
2022-04-01,combined_max_sharpe,EQ_ABT,9.909064795080342e-17
2022-05-02,combined_max_sharpe,EQ_ABT,0.0
2022-06-01,combined_max_sharpe,EQ_ABT,0.0
2022-07-01,combined_max_sharpe,EQ_ABT,2.510983641103015e-16
2022-08-01,combined_max_sharpe,EQ_ABT,7.249989246251994e-17
2022-09-01,combined_max_sharpe,EQ_ABT,0.0
2022-10-03,combined_max_sharpe,EQ_ABT,0.0
2022-11-01,combined_max_sharpe,EQ_ABT,4.2176014587858865e-16
2022-12-01,combined_max_sharpe,EQ_ABT,1.1727206886112967e-16
2023-01-03,combined_max_sharpe,EQ_ABT,0.0
2023-02-01,combined_max_sharpe,EQ_ABT,8.450196926614999e-19
2023-03-01,combined_max_sharpe,EQ_ABT,0.0
2023-04-03,combined_max_sharpe,EQ_ABT,0.0
2023-05-01,combined_max_sharpe,EQ_ABT,1.0877737647342498e-15
2023-06-01,combined_max_sharpe,EQ_ABT,0.0
2023-07-03,combined_max_sharpe,EQ_ABT,0.0
2023-08-01,combined_max_sharpe,EQ_ABT,0.0
2023-09-01,combined_max_sharpe,EQ_ABT,2.496183354789958e-16
2023-10-02,combined_max_sharpe,EQ_ABT,2.138160472992382e-16
2023-11-01,combined_max_sharpe,EQ_ABT,0.0
2023-12-01,combined_max_sharpe,EQ_ABT,1.0385186300499628e-16
2021-01-04,combined_max_sharpe,EQ_ADBE,1.0389196129855238e-16
2021-02-01,combined_max_sharpe,EQ_ADBE,6.285660142837117e-17
2021-03-01,combined_max_sharpe,EQ_ADBE,0.0
2021-04-01,combined_max_sharpe,EQ_ADBE,0.0
2021-05-03,combined_max_sharpe,EQ_ADBE,4.6165886276170566e-17
2021-06-01,combined_max_sharpe,EQ_ADBE,0.0
2021-07-01,combined_max_sharpe,EQ_ADBE,0.0
2021-08-02,combined_max_sharpe,EQ_ADBE,0.036699363169039656
2021-09-01,combined_max_sharpe,EQ_ADBE,0.0
2021-10-01,combined_max_sharpe,EQ_ADBE,0.0
2021-11-01,combined_max_sharpe,EQ_ADBE,1.2225611123677425e-16
2021-12-01,combined_max_sharpe,EQ_ADBE,0.0
2022-01-03,combined_max_sharpe,EQ_ADBE,5.880912587081443e-17
2022-02-01,combined_max_sharpe,EQ_ADBE,0.0
2022-03-01,combined_max_sharpe,EQ_ADBE,6.036186733821753e-17
2022-04-01,combined_max_sharpe,EQ_ADBE,0.0
2022-05-02,combined_max_sharpe,EQ_ADBE,0.0
2022-06-01,combined_max_sharpe,EQ_ADBE,0.0
2022-07-01,combined_max_sharpe,EQ_ADBE,0.0
2022-08-01,combined_max_sharpe,EQ_ADBE,8.81265134998123e-17
2022-09-01,combined_max_sharpe,EQ_ADBE,4.179254528346572e-17
2022-10-03,combined_max_sharpe,EQ_ADBE,0.0
2022-11-01,combined_max_sharpe,EQ_ADBE,0.0
2022-12-01,combined_max_sharpe,EQ_ADBE,5.664254679661096e-16
2023-01-03,combined_max_sharpe,EQ_ADBE,0.0
2023-02-01,combined_max_sharpe,EQ_ADBE,1.5128963763591507e-16
2023-03-01,combined_max_sharpe,EQ_ADBE,8.900340289306874e-17
2023-04-03,combined_max_sharpe,EQ_ADBE,0.0
2023-05-01,combined_max_sharpe,EQ_ADBE,2.3470384407322624e-15
2023-06-01,combined_max_sharpe,EQ_ADBE,0.0
2023-07-03,combined_max_sharpe,EQ_ADBE,0.0
2023-08-01,combined_max_sharpe,EQ_ADBE,1.3353984629424243e-16
2023-09-01,combined_max_sharpe,EQ_ADBE,8.777610658727257e-17
2023-10-02,combined_max_sharpe,EQ_ADBE,5.29895034041455e-16
2023-11-01,combined_max_sharpe,EQ_ADBE,0.0048972118520744295
2023-12-01,combined_max_sharpe,EQ_ADBE,0.11639330586823497
2021-01-04,combined_max_sharpe,EQ_AEP,1.4181685782414864e-16
2021-02-01,combined_max_sharpe,EQ_AEP,0.0
2021-03-01,combined_max_sharpe,EQ_AEP,3.3266459030895865e-17
2021-04-01,combined_max_sharpe,EQ_AEP,5.156379846978397e-17
2021-05-03,combined_max_sharpe,EQ_AEP,7.750851397710147e-17
2021-06-01,combined_max_sharpe,EQ_AEP,0.0
2021-07-01,combined_max_sharpe,EQ_AEP,0.0
2021-08-02,combined_max_sharpe,EQ_AEP,1.4921631437615214e-16
2021-09-01,combined_max_sharpe,EQ_AEP,0.0
2021-10-01,combined_max_sharpe,EQ_AEP,0.0
2021-11-01,combined_max_sharpe,EQ_AEP,0.0
2021-12-01,combined_max_sharpe,EQ_AEP,0.0
2022-01-03,combined_max_sharpe,EQ_AEP,3.2790831138346476e-16
2022-02-01,combined_max_sharpe,EQ_AEP,8.783184991178228e-16
2022-03-01,combined_max_sharpe,EQ_AEP,0.06035947451807898
2022-04-01,combined_max_sharpe,EQ_AEP,0.01929949329290034
2022-05-02,combined_max_sharpe,EQ_AEP,1.6280916968849629e-16
2022-06-01,combined_max_sharpe,EQ_AEP,0.1233595000524834
2022-07-01,combined_max_sharpe,EQ_AEP,0.0123059809197985
2022-08-01,combined_max_sharpe,EQ_AEP,1.2179803657757905e-15
2022-09-01,combined_max_sharpe,EQ_AEP,0.0
2022-10-03,combined_max_sharpe,EQ_AEP,3.779601261753261e-16
2022-11-01,combined_max_sharpe,EQ_AEP,6.394222317191319e-16
2022-12-01,combined_max_sharpe,EQ_AEP,6.550396563753183e-16
2023-01-03,combined_max_sharpe,EQ_AEP,0.0
2023-02-01,combined_max_sharpe,EQ_AEP,0.0
2023-03-01,combined_max_sharpe,EQ_AEP,0.0
2023-04-03,combined_max_sharpe,EQ_AEP,0.0
2023-05-01,combined_max_sharpe,EQ_AEP,3.670114223290799e-16
2023-06-01,combined_max_sharpe,EQ_AEP,0.0
2023-07-03,combined_max_sharpe,EQ_AEP,3.1756292508028616e-16
2023-08-01,combined_max_sharpe,EQ_AEP,1.8735692899408482e-16
2023-09-01,combined_max_sharpe,EQ_AEP,0.0
2023-10-02,combined_max_sharpe,EQ_AEP,0.0
2023-11-01,combined_max_sharpe,EQ_AEP,0.0
2023-12-01,combined_max_sharpe,EQ_AEP,1.4164847367431837e-18
2021-01-04,combined_max_sharpe,EQ_AMD,0.0
2021-02-01,combined_max_sharpe,EQ_AMD,0.0
2021-03-01,combined_max_sharpe,EQ_AMD,2.8528245626200984e-16
2021-04-01,combined_max_sharpe,EQ_AMD,0.0
2021-05-03,combined_max_sharpe,EQ_AMD,0.0
2021-06-01,combined_max_sharpe,EQ_AMD,0.0
2021-07-01,combined_max_sharpe,EQ_AMD,0.04397849059173249
2021-08-02,combined_max_sharpe,EQ_AMD,0.0
2021-09-01,combined_max_sharpe,EQ_AMD,8.305776411233295e-18
2021-10-01,combined_max_sharpe,EQ_AMD,5.903350956161889e-18
2021-11-01,combined_max_sharpe,EQ_AMD,0.006436219573457225
2021-12-01,combined_max_sharpe,EQ_AMD,0.0
2022-01-03,combined_max_sharpe,EQ_AMD,0.0
2022-02-01,combined_max_sharpe,EQ_AMD,0.0
2022-03-01,combined_max_sharpe,EQ_AMD,0.0
2022-04-01,combined_max_sharpe,EQ_AMD,3.354067751646584e-16
2022-05-02,combined_max_sharpe,EQ_AMD,0.0
2022-06-01,combined_max_sharpe,EQ_AMD,0.04177493511030367
2022-07-01,combined_max_sharpe,EQ_AMD,9.245753831337886e-16
2022-08-01,combined_max_sharpe,EQ_AMD,2.027345554474382e-17
2022-09-01,combined_max_sharpe,EQ_AMD,0.0
2022-10-03,combined_max_sharpe,EQ_AMD,4.450136435728621e-16
2022-11-01,combined_max_sharpe,EQ_AMD,0.0
2022-12-01,combined_max_sharpe,EQ_AMD,6.111021371001313e-16
2023-01-03,combined_max_sharpe,EQ_AMD,0.0
2023-02-01,combined_max_sharpe,EQ_AMD,5.2234049853811586e-17
2023-03-01,combined_max_sharpe,EQ_AMD,2.7645055085224996e-16
2023-04-03,combined_max_sharpe,EQ_AMD,0.0
2023-05-01,combined_max_sharpe,EQ_AMD,6.721755537722684e-15
2023-06-01,combined_max_sharpe,EQ_AMD,0.0
2023-07-03,combined_max_sharpe,EQ_AMD,0.0
2023-08-01,combined_max_sharpe,EQ_AMD,0.0
2023-09-01,combined_max_sharpe,EQ_AMD,1.1837725177833374e-16
2023-10-02,combined_max_sharpe,EQ_AMD,4.545406835956068e-16
2023-11-01,combined_max_sharpe,EQ_AMD,2.613451815651191e-16
2023-12-01,combined_max_sharpe,EQ_AMD,0.0
2021-01-04,combined_max_sharpe,EQ_AMGN,5.4767808085043697e-17
2021-02-01,combined_max_sharpe,EQ_AMGN,0.0
2021-03-01,combined_max_sharpe,EQ_AMGN,0.0
2021-04-01,combined_max_sharpe,EQ_AMGN,0.0
2021-05-03,combined_max_sharpe,EQ_AMGN,0.0
2021-06-01,combined_max_sharpe,EQ_AMGN,0.0
2021-07-01,combined_max_sharpe,EQ_AMGN,0.0
2021-08-02,combined_max_sharpe,EQ_AMGN,1.915203060126513e-16
2021-09-01,combined_max_sharpe,EQ_AMGN,6.175230541040671e-17
2021-10-01,combined_max_sharpe,EQ_AMGN,0.0
2021-11-01,combined_max_sharpe,EQ_AMGN,0.0
2021-12-01,combined_max_sharpe,EQ_AMGN,1.1317671532038735e-16
2022-01-03,combined_max_sharpe,EQ_AMGN,0.0
2022-02-01,combined_max_sharpe,EQ_AMGN,1.9929854021453535e-16
2022-03-01,combined_max_sharpe,EQ_AMGN,0.0
2022-04-01,combined_max_sharpe,EQ_AMGN,0.0
2022-05-02,combined_max_sharpe,EQ_AMGN,3.0896326246027194e-17
2022-06-01,combined_max_sharpe,EQ_AMGN,0.0
2022-07-01,combined_max_sharpe,EQ_AMGN,0.0
2022-08-01,combined_max_sharpe,EQ_AMGN,0.0
2022-09-01,combined_max_sharpe,EQ_AMGN,0.10180154276426717
2022-10-03,combined_max_sharpe,EQ_AMGN,0.11841672177189466
2022-11-01,combined_max_sharpe,EQ_AMGN,0.199999999999995
2022-12-01,combined_max_sharpe,EQ_AMGN,0.19999999999999118
2023-01-03,combined_max_sharpe,EQ_AMGN,0.1930741946152709
2023-02-01,combined_max_sharpe,EQ_AMGN,4.97331161965459e-16
2023-03-01,combined_max_sharpe,EQ_AMGN,0.014245154596153898
2023-04-03,combined_max_sharpe,EQ_AMGN,0.014657719049081473
2023-05-01,combined_max_sharpe,EQ_AMGN,0.0
2023-06-01,combined_max_sharpe,EQ_AMGN,0.0
2023-07-03,combined_max_sharpe,EQ_AMGN,3.0320780508257624e-16
2023-08-01,combined_max_sharpe,EQ_AMGN,4.876697575312948e-17
2023-09-01,combined_max_sharpe,EQ_AMGN,0.0
2023-10-02,combined_max_sharpe,EQ_AMGN,0.1308065790901724
2023-11-01,combined_max_sharpe,EQ_AMGN,7.944197811251141e-17
2023-12-01,combined_max_sharpe,EQ_AMGN,0.0
2021-01-04,combined_max_sharpe,EQ_AMT,0.0
2021-02-01,combined_max_sharpe,EQ_AMT,5.79740847774369e-17
2021-03-01,combined_max_sharpe,EQ_AMT,1.7582574614138942e-19
2021-04-01,combined_max_sharpe,EQ_AMT,0.0
2021-05-03,combined_max_sharpe,EQ_AMT,0.0
2021-06-01,combined_max_sharpe,EQ_AMT,0.0
2021-07-01,combined_max_sharpe,EQ_AMT,0.0
2021-08-02,combined_max_sharpe,EQ_AMT,3.475281155515485e-17
2021-09-01,combined_max_sharpe,EQ_AMT,0.0
2021-10-01,combined_max_sharpe,EQ_AMT,8.225842272422626e-17
2021-11-01,combined_max_sharpe,EQ_AMT,0.0
2021-12-01,combined_max_sharpe,EQ_AMT,0.0
2022-01-03,combined_max_sharpe,EQ_AMT,8.041499779708455e-17
2022-02-01,combined_max_sharpe,EQ_AMT,3.2080961248031265e-16
2022-03-01,combined_max_sharpe,EQ_AMT,0.0
2022-04-01,combined_max_sharpe,EQ_AMT,2.8802157770181804e-16
2022-05-02,combined_max_sharpe,EQ_AMT,5.208144054404564e-16
2022-06-01,combined_max_sharpe,EQ_AMT,2.8017040791389777e-16
2022-07-01,combined_max_sharpe,EQ_AMT,3.485649969930007e-16
2022-08-01,combined_max_sharpe,EQ_AMT,5.203096137421918e-17
2022-09-01,combined_max_sharpe,EQ_AMT,0.0
2022-10-03,combined_max_sharpe,EQ_AMT,0.0
2022-11-01,combined_max_sharpe,EQ_AMT,6.217880726978916e-17
2022-12-01,combined_max_sharpe,EQ_AMT,0.0
2023-01-03,combined_max_sharpe,EQ_AMT,0.0
2023-02-01,combined_max_sharpe,EQ_AMT,4.303210973825721e-17
2023-03-01,combined_max_sharpe,EQ_AMT,6.851069722918027e-20
2023-04-03,combined_max_sharpe,EQ_AMT,0.0
2023-05-01,combined_max_sharpe,EQ_AMT,1.4374697216907229e-15
2023-06-01,combined_max_sharpe,EQ_AMT,1.3813489097940675e-16
2023-07-03,combined_max_sharpe,EQ_AMT,0.0
2023-08-01,combined_max_sharpe,EQ_AMT,0.0
2023-09-01,combined_max_sharpe,EQ_AMT,1.0881870070761251e-16
2023-10-02,combined_max_sharpe,EQ_AMT,0.0
2023-11-01,combined_max_sharpe,EQ_AMT,8.368245567495464e-17
2023-12-01,combined_max_sharpe,EQ_AMT,0.0
2021-01-04,combined_max_sharpe,EQ_BA,6.366698057647822e-17
2021-02-01,combined_max_sharpe,EQ_BA,0.0
2021-03-01,combined_max_sharpe,EQ_BA,0.0
2021-04-01,combined_max_sharpe,EQ_BA,0.0
2021-05-03,combined_max_sharpe,EQ_BA,5.025386014802104e-17
2021-06-01,combined_max_sharpe,EQ_BA,8.54659369988655e-17
2021-07-01,combined_max_sharpe,EQ_BA,0.0
2021-08-02,combined_max_sharpe,EQ_BA,1.170230868596938e-16
2021-09-01,combined_max_sharpe,EQ_BA,2.0164972814699458e-16
2021-10-01,combined_max_sharpe,EQ_BA,4.712838033430702e-17
2021-11-01,combined_max_sharpe,EQ_BA,1.8314919887391715e-16
2021-12-01,combined_max_sharpe,EQ_BA,4.729995894531256e-18
2022-01-03,combined_max_sharpe,EQ_BA,0.0
2022-02-01,combined_max_sharpe,EQ_BA,0.0
2022-03-01,combined_max_sharpe,EQ_BA,0.0
2022-04-01,combined_max_sharpe,EQ_BA,3.392721302253061e-16
2022-05-02,combined_max_sharpe,EQ_BA,1.5523566574162738e-17
2022-06-01,combined_max_sharpe,EQ_BA,2.105643573316435e-16
2022-07-01,combined_max_sharpe,EQ_BA,0.0
2022-08-01,combined_max_sharpe,EQ_BA,1.2029480624744293e-16
2022-09-01,combined_max_sharpe,EQ_BA,4.7151991978241886e-17
2022-10-03,combined_max_sharpe,EQ_BA,0.0
2022-11-01,combined_max_sharpe,EQ_BA,0.0
2022-12-01,combined_max_sharpe,EQ_BA,0.0
2023-01-03,combined_max_sharpe,EQ_BA,0.0
2023-02-01,combined_max_sharpe,EQ_BA,0.0
2023-03-01,combined_max_sharpe,EQ_BA,0.0
2023-04-03,combined_max_sharpe,EQ_BA,0.0
2023-05-01,combined_max_sharpe,EQ_BA,2.5794136286073232e-14
2023-06-01,combined_max_sharpe,EQ_BA,0.10368677355993258
2023-07-03,combined_max_sharpe,EQ_BA,0.0
2023-08-01,combined_max_sharpe,EQ_BA,1.0514405671737035e-16
2023-09-01,combined_max_sharpe,EQ_BA,4.208369824819421e-17
2023-10-02,combined_max_sharpe,EQ_BA,0.0
2023-11-01,combined_max_sharpe,EQ_BA,0.022078194743114593
2023-12-01,combined_max_sharpe,EQ_BA,0.0057643907314122835
2021-01-04,combined_max_sharpe,EQ_CAT,0.0
2021-02-01,combined_max_sharpe,EQ_CAT,1.183502710469016e-16
2021-03-01,combined_max_sharpe,EQ_CAT,0.13371144983404282
2021-04-01,combined_max_sharpe,EQ_CAT,0.018047955998966664
2021-05-03,combined_max_sharpe,EQ_CAT,0.08015766287040742
2021-06-01,combined_max_sharpe,EQ_CAT,0.1476864013670874
2021-07-01,combined_max_sharpe,EQ_CAT,0.018346316978462302
2021-08-02,combined_max_sharpe,EQ_CAT,8.712774067693167e-18
2021-09-01,combined_max_sharpe,EQ_CAT,1.1217999334630298e-16
2021-10-01,combined_max_sharpe,EQ_CAT,5.0234278048278136e-17
2021-11-01,combined_max_sharpe,EQ_CAT,3.915667304665411e-17
2021-12-01,combined_max_sharpe,EQ_CAT,0.0
2022-01-03,combined_max_sharpe,EQ_CAT,0.0
2022-02-01,combined_max_sharpe,EQ_CAT,1.07521238479052e-16
2022-03-01,combined_max_sharpe,EQ_CAT,0.0
2022-04-01,combined_max_sharpe,EQ_CAT,0.0
2022-05-02,combined_max_sharpe,EQ_CAT,1.6346726147169942e-16
2022-06-01,combined_max_sharpe,EQ_CAT,2.0379848255536959e-16
2022-07-01,combined_max_sharpe,EQ_CAT,0.0
2022-08-01,combined_max_sharpe,EQ_CAT,0.0
2022-09-01,combined_max_sharpe,EQ_CAT,4.010793761764898e-16
2022-10-03,combined_max_sharpe,EQ_CAT,5.2095828859348365e-17
2022-11-01,combined_max_sharpe,EQ_CAT,0.0
2022-12-01,combined_max_sharpe,EQ_CAT,1.868446436239897e-15
2023-01-03,combined_max_sharpe,EQ_CAT,0.0
2023-02-01,combined_max_sharpe,EQ_CAT,3.6746084011591566e-17
2023-03-01,combined_max_sharpe,EQ_CAT,0.07751138761112901
2023-04-03,combined_max_sharpe,EQ_CAT,0.0
2023-05-01,combined_max_sharpe,EQ_CAT,2.375216126073783e-15
2023-06-01,combined_max_sharpe,EQ_CAT,4.5371877363782805e-16
2023-07-03,combined_max_sharpe,EQ_CAT,2.5260542153889414e-16
2023-08-01,combined_max_sharpe,EQ_CAT,0.0
2023-09-01,combined_max_sharpe,EQ_CAT,0.031005066021398225
2023-10-02,combined_max_sharpe,EQ_CAT,0.07170502423815728
2023-11-01,combined_max_sharpe,EQ_CAT,0.0
2023-12-01,combined_max_sharpe,EQ_CAT,0.0
2021-01-04,combined_max_sharpe,EQ_CCI,0.0
2021-02-01,combined_max_sharpe,EQ_CCI,8.767498239229425e-17
2021-03-01,combined_max_sharpe,EQ_CCI,0.0
2021-04-01,combined_max_sharpe,EQ_CCI,1.0119357036713825e-16
2021-05-03,combined_max_sharpe,EQ_CCI,6.706949578676706e-17
2021-06-01,combined_max_sharpe,EQ_CCI,1.8415035447746017e-16
2021-07-01,combined_max_sharpe,EQ_CCI,0.0
2021-08-02,combined_max_sharpe,EQ_CCI,5.0025388916958966e-17
2021-09-01,combined_max_sharpe,EQ_CCI,0.06364955762621743
2021-10-01,combined_max_sharpe,EQ_CCI,0.018261300128211855
2021-11-01,combined_max_sharpe,EQ_CCI,0.0
2021-12-01,combined_max_sharpe,EQ_CCI,0.0
2022-01-03,combined_max_sharpe,EQ_CCI,1.0762573003340078e-16
2022-02-01,combined_max_sharpe,EQ_CCI,1.4546260570592246e-16
2022-03-01,combined_max_sharpe,EQ_CCI,0.0
2022-04-01,combined_max_sharpe,EQ_CCI,1.250291466100212e-16
2022-05-02,combined_max_sharpe,EQ_CCI,0.0
2022-06-01,combined_max_sharpe,EQ_CCI,0.0
2022-07-01,combined_max_sharpe,EQ_CCI,0.0
2022-08-01,combined_max_sharpe,EQ_CCI,1.2581380583276052e-16
2022-09-01,combined_max_sharpe,EQ_CCI,4.892297972460543e-16
2022-10-03,combined_max_sharpe,EQ_CCI,0.0
2022-11-01,combined_max_sharpe,EQ_CCI,2.863140653300036e-16
2022-12-01,combined_max_sharpe,EQ_CCI,2.583201112939533e-16
2023-01-03,combined_max_sharpe,EQ_CCI,0.0
2023-02-01,combined_max_sharpe,EQ_CCI,9.428361542403327e-17
2023-03-01,combined_max_sharpe,EQ_CCI,9.420528933877806e-17
2023-04-03,combined_max_sharpe,EQ_CCI,0.0
2023-05-01,combined_max_sharpe,EQ_CCI,2.0872808772287672e-15
2023-06-01,combined_max_sharpe,EQ_CCI,6.905513275198182e-17
2023-07-03,combined_max_sharpe,EQ_CCI,0.0
2023-08-01,combined_max_sharpe,EQ_CCI,4.002287705457911e-18
2023-09-01,combined_max_sharpe,EQ_CCI,0.0
2023-10-02,combined_max_sharpe,EQ_CCI,9.744024203367924e-17
2023-11-01,combined_max_sharpe,EQ_CCI,1.0106249849547632e-16
2023-12-01,combined_max_sharpe,EQ_CCI,0.0
2021-01-04,combined_max_sharpe,EQ_CMCSA,1.70117539800198e-17
2021-02-01,combined_max_sharpe,EQ_CMCSA,0.0
2021-03-01,combined_max_sharpe,EQ_CMCSA,0.0
2021-04-01,combined_max_sharpe,EQ_CMCSA,0.0
2021-05-03,combined_max_sharpe,EQ_CMCSA,0.0
2021-06-01,combined_max_sharpe,EQ_CMCSA,8.098259154665136e-18
2021-07-01,combined_max_sharpe,EQ_CMCSA,0.0
2021-08-02,combined_max_sharpe,EQ_CMCSA,2.9094434566272705e-17
2021-09-01,combined_max_sharpe,EQ_CMCSA,0.0
2021-10-01,combined_max_sharpe,EQ_CMCSA,1.7088871195184978e-17
2021-11-01,combined_max_sharpe,EQ_CMCSA,1.0025429440853802e-16
2021-12-01,combined_max_sharpe,EQ_CMCSA,4.5769011543421524e-17
2022-01-03,combined_max_sharpe,EQ_CMCSA,0.0
2022-02-01,combined_max_sharpe,EQ_CMCSA,0.0
2022-03-01,combined_max_sharpe,EQ_CMCSA,8.107186990874882e-17
2022-04-01,combined_max_sharpe,EQ_CMCSA,0.0
2022-05-02,combined_max_sharpe,EQ_CMCSA,2.277476386845879e-16
2022-06-01,combined_max_sharpe,EQ_CMCSA,0.0
2022-07-01,combined_max_sharpe,EQ_CMCSA,0.0
2022-08-01,combined_max_sharpe,EQ_CMCSA,0.0
2022-09-01,combined_max_sharpe,EQ_CMCSA,1.2615337578563244e-16
2022-10-03,combined_max_sharpe,EQ_CMCSA,0.0
2022-11-01,combined_max_sharpe,EQ_CMCSA,0.0
2022-12-01,combined_max_sharpe,EQ_CMCSA,1.1496708051664348e-16
2023-01-03,combined_max_sharpe,EQ_CMCSA,0.0
2023-02-01,combined_max_sharpe,EQ_CMCSA,1.1058468002125328e-16
2023-03-01,combined_max_sharpe,EQ_CMCSA,2.467665190833683e-16
2023-04-03,combined_max_sharpe,EQ_CMCSA,0.0
2023-05-01,combined_max_sharpe,EQ_CMCSA,1.4133421444530678e-15
2023-06-01,combined_max_sharpe,EQ_CMCSA,2.4728270952964834e-16
2023-07-03,combined_max_sharpe,EQ_CMCSA,1.9299907776589883e-16
2023-08-01,combined_max_sharpe,EQ_CMCSA,0.0
2023-09-01,combined_max_sharpe,EQ_CMCSA,0.0
2023-10-02,combined_max_sharpe,EQ_CMCSA,0.02651398558709794
2023-11-01,combined_max_sharpe,EQ_CMCSA,0.09625206989593392
2023-12-01,combined_max_sharpe,EQ_CMCSA,1.463159861617196e-16
2021-01-04,combined_max_sharpe,EQ_COP,0.0
2021-02-01,combined_max_sharpe,EQ_COP,0.0
2021-03-01,combined_max_sharpe,EQ_COP,5.624026929333501e-17
2021-04-01,combined_max_sharpe,EQ_COP,1.211851050616439e-16
2021-05-03,combined_max_sharpe,EQ_COP,8.528490346397359e-17
2021-06-01,combined_max_sharpe,EQ_COP,1.2086868467741947e-17
2021-07-01,combined_max_sharpe,EQ_COP,0.0
2021-08-02,combined_max_sharpe,EQ_COP,1.9751058719716399e-16
2021-09-01,combined_max_sharpe,EQ_COP,9.684159912730414e-17
2021-10-01,combined_max_sharpe,EQ_COP,0.0
2021-11-01,combined_max_sharpe,EQ_COP,0.023335106997397978
2021-12-01,combined_max_sharpe,EQ_COP,0.04081106585307513
2022-01-03,combined_max_sharpe,EQ_COP,0.09809922021579516
2022-02-01,combined_max_sharpe,EQ_COP,0.17170572385116595
2022-03-01,combined_max_sharpe,EQ_COP,0.15254406218238922
2022-04-01,combined_max_sharpe,EQ_COP,0.0838323045045161
2022-05-02,combined_max_sharpe,EQ_COP,0.17229662685426042
2022-06-01,combined_max_sharpe,EQ_COP,0.052327545658423534
2022-07-01,combined_max_sharpe,EQ_COP,4.5809474641068636e-15
2022-08-01,combined_max_sharpe,EQ_COP,2.0788689432833125e-17
2022-09-01,combined_max_sharpe,EQ_COP,0.07488629844014727
2022-10-03,combined_max_sharpe,EQ_COP,0.0
2022-11-01,combined_max_sharpe,EQ_COP,1.722201188372895e-14
2022-12-01,combined_max_sharpe,EQ_COP,5.482882343203638e-15
2023-01-03,combined_max_sharpe,EQ_COP,0.0
2023-02-01,combined_max_sharpe,EQ_COP,0.0
2023-03-01,combined_max_sharpe,EQ_COP,0.0
2023-04-03,combined_max_sharpe,EQ_COP,0.0
2023-05-01,combined_max_sharpe,EQ_COP,6.287776937175053e-15
2023-06-01,combined_max_sharpe,EQ_COP,0.0
2023-07-03,combined_max_sharpe,EQ_COP,1.3844637343857721e-16
2023-08-01,combined_max_sharpe,EQ_COP,0.0
2023-09-01,combined_max_sharpe,EQ_COP,0.0
2023-10-02,combined_max_sharpe,EQ_COP,5.660213647335699e-17
2023-11-01,combined_max_sharpe,EQ_COP,3.8923944189323033e-17
2023-12-01,combined_max_sharpe,EQ_COP,1.2017424828877666e-16
2021-01-04,combined_max_sharpe,EQ_CVX,0.0
2021-02-01,combined_max_sharpe,EQ_CVX,0.0
2021-03-01,combined_max_sharpe,EQ_CVX,0.0
2021-04-01,combined_max_sharpe,EQ_CVX,0.0
2021-05-03,combined_max_sharpe,EQ_CVX,0.0
2021-06-01,combined_max_sharpe,EQ_CVX,1.906814312203803e-16
2021-07-01,combined_max_sharpe,EQ_CVX,0.0
2021-08-02,combined_max_sharpe,EQ_CVX,0.0
2021-09-01,combined_max_sharpe,EQ_CVX,0.0
2021-10-01,combined_max_sharpe,EQ_CVX,5.0327436894043246e-17
2021-11-01,combined_max_sharpe,EQ_CVX,0.0
2021-12-01,combined_max_sharpe,EQ_CVX,2.561026069598986e-16
2022-01-03,combined_max_sharpe,EQ_CVX,1.5759715123654766e-16
2022-02-01,combined_max_sharpe,EQ_CVX,0.0
2022-03-01,combined_max_sharpe,EQ_CVX,2.7469070142774955e-16
2022-04-01,combined_max_sharpe,EQ_CVX,0.1333373942183242
2022-05-02,combined_max_sharpe,EQ_CVX,0.08628338003712119
2022-06-01,combined_max_sharpe,EQ_CVX,0.19999999999999402
2022-07-01,combined_max_sharpe,EQ_CVX,0.17570247203996586
2022-08-01,combined_max_sharpe,EQ_CVX,0.19999999999999943
2022-09-01,combined_max_sharpe,EQ_CVX,0.1547467758306406
2022-10-03,combined_max_sharpe,EQ_CVX,0.14249263370396417
2022-11-01,combined_max_sharpe,EQ_CVX,0.0865352760804871
2022-12-01,combined_max_sharpe,EQ_CVX,9.24283043017333e-16
2023-01-03,combined_max_sharpe,EQ_CVX,0.004874707455059817
2023-02-01,combined_max_sharpe,EQ_CVX,0.0
2023-03-01,combined_max_sharpe,EQ_CVX,1.125299108677733e-16
2023-04-03,combined_max_sharpe,EQ_CVX,0.0
2023-05-01,combined_max_sharpe,EQ_CVX,2.7533037986841616e-15
2023-06-01,combined_max_sharpe,EQ_CVX,6.433653974019605e-17
2023-07-03,combined_max_sharpe,EQ_CVX,0.0
2023-08-01,combined_max_sharpe,EQ_CVX,9.899498396901514e-17
2023-09-01,combined_max_sharpe,EQ_CVX,9.695559230346107e-17
2023-10-02,combined_max_sharpe,EQ_CVX,0.0
2023-11-01,combined_max_sharpe,EQ_CVX,0.0
2023-12-01,combined_max_sharpe,EQ_CVX,0.0
2021-01-04,combined_max_sharpe,EQ_D,2.7191572501566063e-17
2021-02-01,combined_max_sharpe,EQ_D,7.85578819524322e-18
2021-03-01,combined_max_sharpe,EQ_D,6.972368645187538e-17
2021-04-01,combined_max_sharpe,EQ_D,0.0
2021-05-03,combined_max_sharpe,EQ_D,0.0
2021-06-01,combined_max_sharpe,EQ_D,0.0
2021-07-01,combined_max_sharpe,EQ_D,0.0
2021-08-02,combined_max_sharpe,EQ_D,2.102065525495028e-16
2021-09-01,combined_max_sharpe,EQ_D,9.166461424182675e-17
2021-10-01,combined_max_sharpe,EQ_D,0.0
2021-11-01,combined_max_sharpe,EQ_D,0.0
2021-12-01,combined_max_sharpe,EQ_D,0.0
2022-01-03,combined_max_sharpe,EQ_D,0.0
2022-02-01,combined_max_sharpe,EQ_D,0.0
2022-03-01,combined_max_sharpe,EQ_D,0.0
2022-04-01,combined_max_sharpe,EQ_D,0.0
2022-05-02,combined_max_sharpe,EQ_D,0.0
2022-06-01,combined_max_sharpe,EQ_D,0.0
2022-07-01,combined_max_sharpe,EQ_D,5.253561872912693e-15
2022-08-01,combined_max_sharpe,EQ_D,0.0
2022-09-01,combined_max_sharpe,EQ_D,4.44496535698691e-16
2022-10-03,combined_max_sharpe,EQ_D,0.0
2022-11-01,combined_max_sharpe,EQ_D,6.282122187235768e-16
2022-12-01,combined_max_sharpe,EQ_D,0.0
2023-01-03,combined_max_sharpe,EQ_D,2.318381809256743e-16
2023-02-01,combined_max_sharpe,EQ_D,0.0
2023-03-01,combined_max_sharpe,EQ_D,1.342173128266295e-16
2023-04-03,combined_max_sharpe,EQ_D,0.0
2023-05-01,combined_max_sharpe,EQ_D,9.083577289065434e-16
2023-06-01,combined_max_sharpe,EQ_D,0.0
2023-07-03,combined_max_sharpe,EQ_D,0.0
2023-08-01,combined_max_sharpe,EQ_D,1.0377162775170874e-16
2023-09-01,combined_max_sharpe,EQ_D,1.163388976677398e-16
2023-10-02,combined_max_sharpe,EQ_D,4.043205271237816e-17
2023-11-01,combined_max_sharpe,EQ_D,0.0
2023-12-01,combined_max_sharpe,EQ_D,0.0
2021-01-04,combined_max_sharpe,EQ_DD,1.7170138264786655e-19
2021-02-01,combined_max_sharpe,EQ_DD,0.0
2021-03-01,combined_max_sharpe,EQ_DD,8.964408148886244e-17
2021-04-01,combined_max_sharpe,EQ_DD,0.06772298163720585
2021-05-03,combined_max_sharpe,EQ_DD,1.46554152851517e-17
2021-06-01,combined_max_sharpe,EQ_DD,5.909802382682491e-17
2021-07-01,combined_max_sharpe,EQ_DD,0.0
2021-08-02,combined_max_sharpe,EQ_DD,2.7271601469370088e-17
2021-09-01,combined_max_sharpe,EQ_DD,1.762168370172523e-16
2021-10-01,combined_max_sharpe,EQ_DD,0.0
2021-11-01,combined_max_sharpe,EQ_DD,0.0
2021-12-01,combined_max_sharpe,EQ_DD,0.0
2022-01-03,combined_max_sharpe,EQ_DD,0.0
2022-02-01,combined_max_sharpe,EQ_DD,0.0
2022-03-01,combined_max_sharpe,EQ_DD,1.5990739095064353e-16
2022-04-01,combined_max_sharpe,EQ_DD,7.818810046265205e-17
2022-05-02,combined_max_sharpe,EQ_DD,1.3802366321291789e-16
2022-06-01,combined_max_sharpe,EQ_DD,0.0
2022-07-01,combined_max_sharpe,EQ_DD,0.0
2022-08-01,combined_max_sharpe,EQ_DD,4.2526661201631667e-17
2022-09-01,combined_max_sharpe,EQ_DD,1.6872494959793432e-16
2022-10-03,combined_max_sharpe,EQ_DD,0.0
2022-11-01,combined_max_sharpe,EQ_DD,0.0
2022-12-01,combined_max_sharpe,EQ_DD,6.087463783634595e-17
2023-01-03,combined_max_sharpe,EQ_DD,1.350801063187347e-16
2023-02-01,combined_max_sharpe,EQ_DD,1.845372515726415e-16
2023-03-01,combined_max_sharpe,EQ_DD,9.782501900414893e-17
2023-04-03,combined_max_sharpe,EQ_DD,0.0
2023-05-01,combined_max_sharpe,EQ_DD,2.7057133788610917e-15
2023-06-01,combined_max_sharpe,EQ_DD,5.135992626956989e-17
2023-07-03,combined_max_sharpe,EQ_DD,1.7436371765159386e-16
2023-08-01,combined_max_sharpe,EQ_DD,0.0
2023-09-01,combined_max_sharpe,EQ_DD,0.0
2023-10-02,combined_max_sharpe,EQ_DD,9.23770602475189e-18
2023-11-01,combined_max_sharpe,EQ_DD,0.015208545494762494
2023-12-01,combined_max_sharpe,EQ_DD,9.228355058363307e-18
2021-01-04,combined_max_sharpe,EQ_DIS,8.97521038171365e-17
2021-02-01,combined_max_sharpe,EQ_DIS,1.0379900557855636e-16
2021-03-01,combined_max_sharpe,EQ_DIS,0.0
2021-04-01,combined_max_sharpe,EQ_DIS,0.0
2021-05-03,combined_max_sharpe,EQ_DIS,4.4611111736240146e-17
2021-06-01,combined_max_sharpe,EQ_DIS,3.0836318879273234e-17
2021-07-01,combined_max_sharpe,EQ_DIS,0.0028430062107407134
2021-08-02,combined_max_sharpe,EQ_DIS,1.5554078558443344e-16
2021-09-01,combined_max_sharpe,EQ_DIS,0.0
2021-10-01,combined_max_sharpe,EQ_DIS,0.0
2021-11-01,combined_max_sharpe,EQ_DIS,0.0
2021-12-01,combined_max_sharpe,EQ_DIS,0.0
2022-01-03,combined_max_sharpe,EQ_DIS,1.1632964243195308e-16
2022-02-01,combined_max_sharpe,EQ_DIS,0.0
2022-03-01,combined_max_sharpe,EQ_DIS,1.8704394153357352e-19
2022-04-01,combined_max_sharpe,EQ_DIS,0.0
2022-05-02,combined_max_sharpe,EQ_DIS,5.220941543302966e-17
2022-06-01,combined_max_sharpe,EQ_DIS,6.7776861086604e-18
2022-07-01,combined_max_sharpe,EQ_DIS,0.0
2022-08-01,combined_max_sharpe,EQ_DIS,0.0
2022-09-01,combined_max_sharpe,EQ_DIS,0.0
2022-10-03,combined_max_sharpe,EQ_DIS,1.4696170394915392e-16
2022-11-01,combined_max_sharpe,EQ_DIS,0.0
2022-12-01,combined_max_sharpe,EQ_DIS,0.0
2023-01-03,combined_max_sharpe,EQ_DIS,0.0
2023-02-01,combined_max_sharpe,EQ_DIS,0.0
2023-03-01,combined_max_sharpe,EQ_DIS,4.4465686421612576e-18
2023-04-03,combined_max_sharpe,EQ_DIS,0.0
2023-05-01,combined_max_sharpe,EQ_DIS,2.9794594887606476e-15
2023-06-01,combined_max_sharpe,EQ_DIS,0.0
2023-07-03,combined_max_sharpe,EQ_DIS,0.0
2023-08-01,combined_max_sharpe,EQ_DIS,1.1807688926520077e-16
2023-09-01,combined_max_sharpe,EQ_DIS,0.0
2023-10-02,combined_max_sharpe,EQ_DIS,1.897044373964317e-16
2023-11-01,combined_max_sharpe,EQ_DIS,0.0
2023-12-01,combined_max_sharpe,EQ_DIS,0.0
2021-01-04,combined_max_sharpe,EQ_DOW,1.799042137608789e-17
2021-02-01,combined_max_sharpe,EQ_DOW,0.0
2021-03-01,combined_max_sharpe,EQ_DOW,6.705824330679754e-18
2021-04-01,combined_max_sharpe,EQ_DOW,0.0
2021-05-03,combined_max_sharpe,EQ_DOW,3.291715945416162e-17
2021-06-01,combined_max_sharpe,EQ_DOW,5.922833009765644e-17
2021-07-01,combined_max_sharpe,EQ_DOW,0.0
2021-08-02,combined_max_sharpe,EQ_DOW,8.580770430835904e-17
2021-09-01,combined_max_sharpe,EQ_DOW,0.0
2021-10-01,combined_max_sharpe,EQ_DOW,1.9538241547041126e-16
2021-11-01,combined_max_sharpe,EQ_DOW,1.945747720297358e-16
2021-12-01,combined_max_sharpe,EQ_DOW,0.0
2022-01-03,combined_max_sharpe,EQ_DOW,4.1120685582989104e-17
2022-02-01,combined_max_sharpe,EQ_DOW,1.3603168343335063e-17
2022-03-01,combined_max_sharpe,EQ_DOW,3.866248803192915e-17
2022-04-01,combined_max_sharpe,EQ_DOW,0.0
2022-05-02,combined_max_sharpe,EQ_DOW,1.8782458213670673e-16
2022-06-01,combined_max_sharpe,EQ_DOW,0.0
2022-07-01,combined_max_sharpe,EQ_DOW,0.0
2022-08-01,combined_max_sharpe,EQ_DOW,8.085392628076849e-17
2022-09-01,combined_max_sharpe,EQ_DOW,2.5211129016823276e-16
2022-10-03,combined_max_sharpe,EQ_DOW,0.0
2022-11-01,combined_max_sharpe,EQ_DOW,0.0
2022-12-01,combined_max_sharpe,EQ_DOW,1.0313451620909086e-16
2023-01-03,combined_max_sharpe,EQ_DOW,0.0
2023-02-01,combined_max_sharpe,EQ_DOW,0.0
2023-03-01,combined_max_sharpe,EQ_DOW,6.50922439983426e-17
2023-04-03,combined_max_sharpe,EQ_DOW,0.0
2023-05-01,combined_max_sharpe,EQ_DOW,2.1523631038922125e-15
2023-06-01,combined_max_sharpe,EQ_DOW,8.285250536936628e-17
2023-07-03,combined_max_sharpe,EQ_DOW,0.0
2023-08-01,combined_max_sharpe,EQ_DOW,7.556640998998585e-17
2023-09-01,combined_max_sharpe,EQ_DOW,0.0
2023-10-02,combined_max_sharpe,EQ_DOW,3.5843072964539746e-17
2023-11-01,combined_max_sharpe,EQ_DOW,2.0017990135594757e-17
2023-12-01,combined_max_sharpe,EQ_DOW,0.0
2021-01-04,combined_max_sharpe,EQ_DUK,5.2292590020218274e-17
2021-02-01,combined_max_sharpe,EQ_DUK,4.377036413857742e-17
2021-03-01,combined_max_sharpe,EQ_DUK,1.3833189090044758e-17
2021-04-01,combined_max_sharpe,EQ_DUK,0.0
2021-05-03,combined_max_sharpe,EQ_DUK,0.0
2021-06-01,combined_max_sharpe,EQ_DUK,0.0
2021-07-01,combined_max_sharpe,EQ_DUK,0.06810838893648288
2021-08-02,combined_max_sharpe,EQ_DUK,0.10705866158409026
2021-09-01,combined_max_sharpe,EQ_DUK,0.12383741912292678
2021-10-01,combined_max_sharpe,EQ_DUK,0.027737748657566823
2021-11-01,combined_max_sharpe,EQ_DUK,0.0
2021-12-01,combined_max_sharpe,EQ_DUK,0.0
2022-01-03,combined_max_sharpe,EQ_DUK,0.0
2022-02-01,combined_max_sharpe,EQ_DUK,2.3234551481950888e-15
2022-03-01,combined_max_sharpe,EQ_DUK,0.0
2022-04-01,combined_max_sharpe,EQ_DUK,0.0
2022-05-02,combined_max_sharpe,EQ_DUK,0.0
2022-06-01,combined_max_sharpe,EQ_DUK,1.929407169255277e-15
2022-07-01,combined_max_sharpe,EQ_DUK,7.395419708923246e-15
2022-08-01,combined_max_sharpe,EQ_DUK,0.0
2022-09-01,combined_max_sharpe,EQ_DUK,0.0
2022-10-03,combined_max_sharpe,EQ_DUK,0.0
2022-11-01,combined_max_sharpe,EQ_DUK,8.117804670220087e-16
2022-12-01,combined_max_sharpe,EQ_DUK,1.1814425274325813e-16
2023-01-03,combined_max_sharpe,EQ_DUK,2.785838457347953e-17
2023-02-01,combined_max_sharpe,EQ_DUK,3.908403846274289e-18
2023-03-01,combined_max_sharpe,EQ_DUK,0.0
2023-04-03,combined_max_sharpe,EQ_DUK,0.0
2023-05-01,combined_max_sharpe,EQ_DUK,6.544637630754763e-16
2023-06-01,combined_max_sharpe,EQ_DUK,1.5179837945156582e-16
2023-07-03,combined_max_sharpe,EQ_DUK,1.20840370113423e-16
2023-08-01,combined_max_sharpe,EQ_DUK,9.272944463785171e-17
2023-09-01,combined_max_sharpe,EQ_DUK,0.0
2023-10-02,combined_max_sharpe,EQ_DUK,1.7678889225158796e-16
2023-11-01,combined_max_sharpe,EQ_DUK,0.0
2023-12-01,combined_max_sharpe,EQ_DUK,2.5490688770052066e-17
2021-01-04,combined_max_sharpe,EQ_EA,1.0888903265261825e-16
2021-02-01,combined_max_sharpe,EQ_EA,1.4920989036082942e-16
2021-03-01,combined_max_sharpe,EQ_EA,1.7064269762558388e-17
2021-04-01,combined_max_sharpe,EQ_EA,0.08369395899907879
2021-05-03,combined_max_sharpe,EQ_EA,0.0
2021-06-01,combined_max_sharpe,EQ_EA,0.0
2021-07-01,combined_max_sharpe,EQ_EA,0.0
2021-08-02,combined_max_sharpe,EQ_EA,3.1160346067296847e-17
2021-09-01,combined_max_sharpe,EQ_EA,1.3723277714814378e-16
2021-10-01,combined_max_sharpe,EQ_EA,0.01884092195037754
2021-11-01,combined_max_sharpe,EQ_EA,0.0034513074915983183
2021-12-01,combined_max_sharpe,EQ_EA,1.6181895709884684e-17
2022-01-03,combined_max_sharpe,EQ_EA,0.0
2022-02-01,combined_max_sharpe,EQ_EA,0.0
2022-03-01,combined_max_sharpe,EQ_EA,2.078788294869912e-18
2022-04-01,combined_max_sharpe,EQ_EA,1.275520479689527e-16
2022-05-02,combined_max_sharpe,EQ_EA,0.0
2022-06-01,combined_max_sharpe,EQ_EA,0.0
2022-07-01,combined_max_sharpe,EQ_EA,0.0
2022-08-01,combined_max_sharpe,EQ_EA,0.0
2022-09-01,combined_max_sharpe,EQ_EA,2.4178690807283676e-16
2022-10-03,combined_max_sharpe,EQ_EA,3.587262185887419e-18
2022-11-01,combined_max_sharpe,EQ_EA,2.7264580247986794e-16
2022-12-01,combined_max_sharpe,EQ_EA,7.406325178866318e-17
2023-01-03,combined_max_sharpe,EQ_EA,1.1982344926139645e-16
2023-02-01,combined_max_sharpe,EQ_EA,0.0
2023-03-01,combined_max_sharpe,EQ_EA,1.0831130287379757e-17
2023-04-03,combined_max_sharpe,EQ_EA,0.0
2023-05-01,combined_max_sharpe,EQ_EA,9.007717775834995e-16
2023-06-01,combined_max_sharpe,EQ_EA,3.2145404952847736e-16
2023-07-03,combined_max_sharpe,EQ_EA,1.5495289887407757e-16
2023-08-01,combined_max_sharpe,EQ_EA,0.0
2023-09-01,combined_max_sharpe,EQ_EA,0.0
2023-10-02,combined_max_sharpe,EQ_EA,0.0
2023-11-01,combined_max_sharpe,EQ_EA,0.0
2023-12-01,combined_max_sharpe,EQ_EA,0.0
2021-01-04,combined_max_sharpe,EQ_GE,1.1319717226230881e-17
2021-02-01,combined_max_sharpe,EQ_GE,0.0
2021-03-01,combined_max_sharpe,EQ_GE,4.464085374671387e-18
2021-04-01,combined_max_sharpe,EQ_GE,1.0362187355917191e-16
2021-05-03,combined_max_sharpe,EQ_GE,4.587879187601565e-17
2021-06-01,combined_max_sharpe,EQ_GE,0.06928512080708674
2021-07-01,combined_max_sharpe,EQ_GE,0.10275511959030852
2021-08-02,combined_max_sharpe,EQ_GE,0.09117763201704639
2021-09-01,combined_max_sharpe,EQ_GE,0.07818552966037186
2021-10-01,combined_max_sharpe,EQ_GE,0.1380708972899958
2021-11-01,combined_max_sharpe,EQ_GE,6.248938081284279e-17
2021-12-01,combined_max_sharpe,EQ_GE,9.399792133481443e-18
2022-01-03,combined_max_sharpe,EQ_GE,1.7507349527332313e-17
2022-02-01,combined_max_sharpe,EQ_GE,0.0
2022-03-01,combined_max_sharpe,EQ_GE,1.1334728563469402e-16
2022-04-01,combined_max_sharpe,EQ_GE,5.645365056949446e-17
2022-05-02,combined_max_sharpe,EQ_GE,2.6701312428541686e-16
2022-06-01,combined_max_sharpe,EQ_GE,8.290988607913375e-17
2022-07-01,combined_max_sharpe,EQ_GE,0.0
2022-08-01,combined_max_sharpe,EQ_GE,0.0
2022-09-01,combined_max_sharpe,EQ_GE,1.6222217033723587e-16
2022-10-03,combined_max_sharpe,EQ_GE,1.8066221337497484e-17
2022-11-01,combined_max_sharpe,EQ_GE,0.0
2022-12-01,combined_max_sharpe,EQ_GE,2.1710617370894575e-16
2023-01-03,combined_max_sharpe,EQ_GE,4.1772513507788433e-17
2023-02-01,combined_max_sharpe,EQ_GE,1.1772657948262404e-16
2023-03-01,combined_max_sharpe,EQ_GE,2.1516733814475874e-16
2023-04-03,combined_max_sharpe,EQ_GE,0.1999999999999183
2023-05-01,combined_max_sharpe,EQ_GE,0.19999999999996032
2023-06-01,combined_max_sharpe,EQ_GE,0.1999999999999989
2023-07-03,combined_max_sharpe,EQ_GE,0.1999999999999992
2023-08-01,combined_max_sharpe,EQ_GE,0.19999999999999965
2023-09-01,combined_max_sharpe,EQ_GE,0.19999999999999962
2023-10-02,combined_max_sharpe,EQ_GE,0.1999999999999993
2023-11-01,combined_max_sharpe,EQ_GE,0.1999999999999997
2023-12-01,combined_max_sharpe,EQ_GE,0.1999999999999997
2021-01-04,combined_max_sharpe,EQ_GILD,3.104289760383994e-17
2021-02-01,combined_max_sharpe,EQ_GILD,0.0
2021-03-01,combined_max_sharpe,EQ_GILD,0.0
2021-04-01,combined_max_sharpe,EQ_GILD,4.067761744178327e-17
2021-05-03,combined_max_sharpe,EQ_GILD,0.0
2021-06-01,combined_max_sharpe,EQ_GILD,4.033020161903267e-17
2021-07-01,combined_max_sharpe,EQ_GILD,0.0
2021-08-02,combined_max_sharpe,EQ_GILD,0.0
2021-09-01,combined_max_sharpe,EQ_GILD,0.0
2021-10-01,combined_max_sharpe,EQ_GILD,0.007959861166349082
2021-11-01,combined_max_sharpe,EQ_GILD,0.0
2021-12-01,combined_max_sharpe,EQ_GILD,0.08461428756143717
2022-01-03,combined_max_sharpe,EQ_GILD,0.12216172081054334
2022-02-01,combined_max_sharpe,EQ_GILD,1.9782724253137914e-17
2022-03-01,combined_max_sharpe,EQ_GILD,0.0
2022-04-01,combined_max_sharpe,EQ_GILD,0.0
2022-05-02,combined_max_sharpe,EQ_GILD,0.0
2022-06-01,combined_max_sharpe,EQ_GILD,0.0
2022-07-01,combined_max_sharpe,EQ_GILD,0.0
2022-08-01,combined_max_sharpe,EQ_GILD,0.0
2022-09-01,combined_max_sharpe,EQ_GILD,7.320192149383227e-17
2022-10-03,combined_max_sharpe,EQ_GILD,0.0
2022-11-01,combined_max_sharpe,EQ_GILD,0.13633034151993534
2022-12-01,combined_max_sharpe,EQ_GILD,0.0509427432812448
2023-01-03,combined_max_sharpe,EQ_GILD,0.10749820067151376
2023-02-01,combined_max_sharpe,EQ_GILD,0.19039837349741104
2023-03-01,combined_max_sharpe,EQ_GILD,0.1999999999999992
2023-04-03,combined_max_sharpe,EQ_GILD,0.1999999999999183
2023-05-01,combined_max_sharpe,EQ_GILD,0.1999999999999623
2023-06-01,combined_max_sharpe,EQ_GILD,0.15138347407758626
2023-07-03,combined_max_sharpe,EQ_GILD,0.13203658568165447
2023-08-01,combined_max_sharpe,EQ_GILD,0.10973391433566486
2023-09-01,combined_max_sharpe,EQ_GILD,0.03228614768074565
2023-10-02,combined_max_sharpe,EQ_GILD,0.0
2023-11-01,combined_max_sharpe,EQ_GILD,0.0
2023-12-01,combined_max_sharpe,EQ_GILD,0.0
2021-01-04,combined_max_sharpe,EQ_GS,0.0
2021-02-01,combined_max_sharpe,EQ_GS,0.0
2021-03-01,combined_max_sharpe,EQ_GS,9.529747837532541e-18
2021-04-01,combined_max_sharpe,EQ_GS,0.025514717817642776
2021-05-03,combined_max_sharpe,EQ_GS,0.0
2021-06-01,combined_max_sharpe,EQ_GS,0.0
2021-07-01,combined_max_sharpe,EQ_GS,0.15327575837587637
2021-08-02,combined_max_sharpe,EQ_GS,0.11878531698341295
2021-09-01,combined_max_sharpe,EQ_GS,0.17980695653490555
2021-10-01,combined_max_sharpe,EQ_GS,0.02570212297719008
2021-11-01,combined_max_sharpe,EQ_GS,0.1693345743248746
2021-12-01,combined_max_sharpe,EQ_GS,0.11739892286471132
2022-01-03,combined_max_sharpe,EQ_GS,0.0
2022-02-01,combined_max_sharpe,EQ_GS,0.0
2022-03-01,combined_max_sharpe,EQ_GS,9.453992507934742e-17
2022-04-01,combined_max_sharpe,EQ_GS,2.0726428317773975e-16
2022-05-02,combined_max_sharpe,EQ_GS,9.966937391564695e-17
2022-06-01,combined_max_sharpe,EQ_GS,1.5874886965903055e-16
2022-07-01,combined_max_sharpe,EQ_GS,0.0
2022-08-01,combined_max_sharpe,EQ_GS,0.0
2022-09-01,combined_max_sharpe,EQ_GS,1.4918147497269836e-16
2022-10-03,combined_max_sharpe,EQ_GS,2.174473093979458e-16
2022-11-01,combined_max_sharpe,EQ_GS,0.0
2022-12-01,combined_max_sharpe,EQ_GS,0.0
2023-01-03,combined_max_sharpe,EQ_GS,1.0647603347665593e-16
2023-02-01,combined_max_sharpe,EQ_GS,0.0
2023-03-01,combined_max_sharpe,EQ_GS,0.0
2023-04-03,combined_max_sharpe,EQ_GS,0.0
2023-05-01,combined_max_sharpe,EQ_GS,2.937426769808978e-15
2023-06-01,combined_max_sharpe,EQ_GS,1.6763891520274538e-16
2023-07-03,combined_max_sharpe,EQ_GS,7.600766497568104e-17
2023-08-01,combined_max_sharpe,EQ_GS,0.0
2023-09-01,combined_max_sharpe,EQ_GS,1.0376142918574448e-16
2023-10-02,combined_max_sharpe,EQ_GS,0.0
2023-11-01,combined_max_sharpe,EQ_GS,0.0
2023-12-01,combined_max_sharpe,EQ_GS,0.0
2021-01-04,combined_max_sharpe,EQ_INTC,0.0
2021-02-01,combined_max_sharpe,EQ_INTC,0.0
2021-03-01,combined_max_sharpe,EQ_INTC,1.66547743014989e-17
2021-04-01,combined_max_sharpe,EQ_INTC,4.050733388314636e-17
2021-05-03,combined_max_sharpe,EQ_INTC,8.138952292961201e-17
2021-06-01,combined_max_sharpe,EQ_INTC,7.341045693764597e-17
2021-07-01,combined_max_sharpe,EQ_INTC,0.0
2021-08-02,combined_max_sharpe,EQ_INTC,0.0
2021-09-01,combined_max_sharpe,EQ_INTC,8.176974037839299e-17
2021-10-01,combined_max_sharpe,EQ_INTC,4.7129839940677443e-17
2021-11-01,combined_max_sharpe,EQ_INTC,0.0
2021-12-01,combined_max_sharpe,EQ_INTC,0.0
2022-01-03,combined_max_sharpe,EQ_INTC,4.128238632502718e-17
2022-02-01,combined_max_sharpe,EQ_INTC,0.0
2022-03-01,combined_max_sharpe,EQ_INTC,0.0
2022-04-01,combined_max_sharpe,EQ_INTC,3.020158527412263e-16
2022-05-02,combined_max_sharpe,EQ_INTC,1.142123836429095e-16
2022-06-01,combined_max_sharpe,EQ_INTC,7.419755729893564e-17
2022-07-01,combined_max_sharpe,EQ_INTC,0.0
2022-08-01,combined_max_sharpe,EQ_INTC,0.0
2022-09-01,combined_max_sharpe,EQ_INTC,0.0
2022-10-03,combined_max_sharpe,EQ_INTC,0.0
2022-11-01,combined_max_sharpe,EQ_INTC,0.0
2022-12-01,combined_max_sharpe,EQ_INTC,4.133745967241786e-16
2023-01-03,combined_max_sharpe,EQ_INTC,0.0
2023-02-01,combined_max_sharpe,EQ_INTC,0.0
2023-03-01,combined_max_sharpe,EQ_INTC,1.8756386136340569e-16
2023-04-03,combined_max_sharpe,EQ_INTC,0.0
2023-05-01,combined_max_sharpe,EQ_INTC,3.023320206764336e-15
2023-06-01,combined_max_sharpe,EQ_INTC,0.0
2023-07-03,combined_max_sharpe,EQ_INTC,0.0
2023-08-01,combined_max_sharpe,EQ_INTC,0.0
2023-09-01,combined_max_sharpe,EQ_INTC,0.0
2023-10-02,combined_max_sharpe,EQ_INTC,1.844806695511149e-17
2023-11-01,combined_max_sharpe,EQ_INTC,8.69961730650039e-17
2023-12-01,combined_max_sharpe,EQ_INTC,0.07002311532387966
2021-01-04,combined_max_sharpe,EQ_KO,9.136853194255635e-17
2021-02-01,combined_max_sharpe,EQ_KO,6.787608989004708e-17
2021-03-01,combined_max_sharpe,EQ_KO,4.2627144507529327e-17
2021-04-01,combined_max_sharpe,EQ_KO,6.157205995908973e-17
2021-05-03,combined_max_sharpe,EQ_KO,0.0
2021-06-01,combined_max_sharpe,EQ_KO,3.090961146923761e-17
2021-07-01,combined_max_sharpe,EQ_KO,0.0
2021-08-02,combined_max_sharpe,EQ_KO,1.6832907843431092e-16
2021-09-01,combined_max_sharpe,EQ_KO,1.4085965323081395e-16
2021-10-01,combined_max_sharpe,EQ_KO,0.0
2021-11-01,combined_max_sharpe,EQ_KO,4.183370410136911e-17
2021-12-01,combined_max_sharpe,EQ_KO,8.104051164713544e-17
2022-01-03,combined_max_sharpe,EQ_KO,0.0
2022-02-01,combined_max_sharpe,EQ_KO,0.02902050801043932
2022-03-01,combined_max_sharpe,EQ_KO,0.08293855424763429
2022-04-01,combined_max_sharpe,EQ_KO,1.6058731317055824e-17
2022-05-02,combined_max_sharpe,EQ_KO,0.03254211781899908
2022-06-01,combined_max_sharpe,EQ_KO,0.0
2022-07-01,combined_max_sharpe,EQ_KO,0.1999999999999973
2022-08-01,combined_max_sharpe,EQ_KO,0.07999672522652393
2022-09-01,combined_max_sharpe,EQ_KO,0.039543815259300646
2022-10-03,combined_max_sharpe,EQ_KO,6.121089757164992e-16
2022-11-01,combined_max_sharpe,EQ_KO,2.667694435497289e-16
2022-12-01,combined_max_sharpe,EQ_KO,0.018415147822211365
2023-01-03,combined_max_sharpe,EQ_KO,9.092106118222453e-16
2023-02-01,combined_max_sharpe,EQ_KO,2.9368537702076526e-16
2023-03-01,combined_max_sharpe,EQ_KO,7.33661854441604e-17
2023-04-03,combined_max_sharpe,EQ_KO,8.077570551234615e-15
2023-05-01,combined_max_sharpe,EQ_KO,6.135970995002967e-16
2023-06-01,combined_max_sharpe,EQ_KO,0.0
2023-07-03,combined_max_sharpe,EQ_KO,1.2013547926073188e-17
2023-08-01,combined_max_sharpe,EQ_KO,0.0
2023-09-01,combined_max_sharpe,EQ_KO,1.593747624471845e-16
2023-10-02,combined_max_sharpe,EQ_KO,0.0
2023-11-01,combined_max_sharpe,EQ_KO,1.8595545911791974e-16
2023-12-01,combined_max_sharpe,EQ_KO,3.4581227176526976e-17
2021-01-04,combined_max_sharpe,EQ_MMM,0.0
2021-02-01,combined_max_sharpe,EQ_MMM,9.223901106437929e-17
2021-03-01,combined_max_sharpe,EQ_MMM,0.0
2021-04-01,combined_max_sharpe,EQ_MMM,4.260893834464957e-17
2021-05-03,combined_max_sharpe,EQ_MMM,4.58800829650111e-17
2021-06-01,combined_max_sharpe,EQ_MMM,0.0
2021-07-01,combined_max_sharpe,EQ_MMM,0.0
2021-08-02,combined_max_sharpe,EQ_MMM,1.2416564744011947e-16
2021-09-01,combined_max_sharpe,EQ_MMM,0.0
2021-10-01,combined_max_sharpe,EQ_MMM,4.624939692453988e-17
2021-11-01,combined_max_sharpe,EQ_MMM,0.0
2021-12-01,combined_max_sharpe,EQ_MMM,6.937417810369916e-17
2022-01-03,combined_max_sharpe,EQ_MMM,7.092145381389025e-18
2022-02-01,combined_max_sharpe,EQ_MMM,0.0
2022-03-01,combined_max_sharpe,EQ_MMM,0.0
2022-04-01,combined_max_sharpe,EQ_MMM,0.0
2022-05-02,combined_max_sharpe,EQ_MMM,2.2133249313151114e-16
2022-06-01,combined_max_sharpe,EQ_MMM,5.406424251717409e-17
2022-07-01,combined_max_sharpe,EQ_MMM,0.0
2022-08-01,combined_max_sharpe,EQ_MMM,5.599578825230121e-17
2022-09-01,combined_max_sharpe,EQ_MMM,5.446364356533316e-17
2022-10-03,combined_max_sharpe,EQ_MMM,0.0
2022-11-01,combined_max_sharpe,EQ_MMM,3.276386897232599e-16
2022-12-01,combined_max_sharpe,EQ_MMM,0.0
2023-01-03,combined_max_sharpe,EQ_MMM,0.0
2023-02-01,combined_max_sharpe,EQ_MMM,0.0
2023-03-01,combined_max_sharpe,EQ_MMM,7.833660646017137e-17
2023-04-03,combined_max_sharpe,EQ_MMM,0.0
2023-05-01,combined_max_sharpe,EQ_MMM,1.7161706384673972e-15
2023-06-01,combined_max_sharpe,EQ_MMM,0.0
2023-07-03,combined_max_sharpe,EQ_MMM,0.0
2023-08-01,combined_max_sharpe,EQ_MMM,0.0
2023-09-01,combined_max_sharpe,EQ_MMM,2.952900308097927e-17
2023-10-02,combined_max_sharpe,EQ_MMM,5.675478780247639e-17
2023-11-01,combined_max_sharpe,EQ_MMM,1.5119781781500298e-16
2023-12-01,combined_max_sharpe,EQ_MMM,0.0
2021-01-04,combined_max_sharpe,EQ_MRK,5.665374483402662e-17
2021-02-01,combined_max_sharpe,EQ_MRK,5.831676016732903e-17
2021-03-01,combined_max_sharpe,EQ_MRK,9.129685204049338e-18
2021-04-01,combined_max_sharpe,EQ_MRK,0.0
2021-05-03,combined_max_sharpe,EQ_MRK,8.931258739926795e-17
2021-06-01,combined_max_sharpe,EQ_MRK,5.020191074566458e-17
2021-07-01,combined_max_sharpe,EQ_MRK,0.0
2021-08-02,combined_max_sharpe,EQ_MRK,3.759357815893902e-18
2021-09-01,combined_max_sharpe,EQ_MRK,0.0
2021-10-01,combined_max_sharpe,EQ_MRK,1.1872399123108316e-17
2021-11-01,combined_max_sharpe,EQ_MRK,0.03042930167124966
2021-12-01,combined_max_sharpe,EQ_MRK,6.622154025738028e-17
2022-01-03,combined_max_sharpe,EQ_MRK,4.9867531818365584e-17
2022-02-01,combined_max_sharpe,EQ_MRK,0.0
2022-03-01,combined_max_sharpe,EQ_MRK,2.8972355468505207e-16
2022-04-01,combined_max_sharpe,EQ_MRK,0.0
2022-05-02,combined_max_sharpe,EQ_MRK,0.08038852687355236
2022-06-01,combined_max_sharpe,EQ_MRK,0.14881692770324775
2022-07-01,combined_max_sharpe,EQ_MRK,0.11249614509205308
2022-08-01,combined_max_sharpe,EQ_MRK,0.09798401531458009
2022-09-01,combined_max_sharpe,EQ_MRK,0.04942316039736255
2022-10-03,combined_max_sharpe,EQ_MRK,0.14764687894370643
2022-11-01,combined_max_sharpe,EQ_MRK,0.04322587931198059
2022-12-01,combined_max_sharpe,EQ_MRK,0.19999999999999335
2023-01-03,combined_max_sharpe,EQ_MRK,0.1999999999999984
2023-02-01,combined_max_sharpe,EQ_MRK,0.19999999999999962
2023-03-01,combined_max_sharpe,EQ_MRK,0.19999999999999923
2023-04-03,combined_max_sharpe,EQ_MRK,0.1999999999999183
2023-05-01,combined_max_sharpe,EQ_MRK,0.19999999999993678
2023-06-01,combined_max_sharpe,EQ_MRK,0.1999999999999989
2023-07-03,combined_max_sharpe,EQ_MRK,0.1999999999999992
2023-08-01,combined_max_sharpe,EQ_MRK,0.1999999999999996
2023-09-01,combined_max_sharpe,EQ_MRK,0.19999999999999962
2023-10-02,combined_max_sharpe,EQ_MRK,0.19999999999999782
2023-11-01,combined_max_sharpe,EQ_MRK,0.16859730208677556
2023-12-01,combined_max_sharpe,EQ_MRK,0.0
2021-01-04,combined_max_sharpe,EQ_MS,0.0
2021-02-01,combined_max_sharpe,EQ_MS,0.0
2021-03-01,combined_max_sharpe,EQ_MS,0.0
2021-04-01,combined_max_sharpe,EQ_MS,0.12226876000832985
2021-05-03,combined_max_sharpe,EQ_MS,0.11996756387672428
2021-06-01,combined_max_sharpe,EQ_MS,0.13473626064870575
2021-07-01,combined_max_sharpe,EQ_MS,1.587503264150016e-15
2021-08-02,combined_max_sharpe,EQ_MS,0.012346578605278928
2021-09-01,combined_max_sharpe,EQ_MS,0.0
2021-10-01,combined_max_sharpe,EQ_MS,0.15627552686935717
2021-11-01,combined_max_sharpe,EQ_MS,1.653602067496785e-16
2021-12-01,combined_max_sharpe,EQ_MS,0.0
2022-01-03,combined_max_sharpe,EQ_MS,2.839529076042695e-17
2022-02-01,combined_max_sharpe,EQ_MS,0.0
2022-03-01,combined_max_sharpe,EQ_MS,9.70473630525226e-17
2022-04-01,combined_max_sharpe,EQ_MS,1.2762977465790124e-17
2022-05-02,combined_max_sharpe,EQ_MS,0.0
2022-06-01,combined_max_sharpe,EQ_MS,1.5689910919635827e-16
2022-07-01,combined_max_sharpe,EQ_MS,0.0
2022-08-01,combined_max_sharpe,EQ_MS,9.717642455153299e-17
2022-09-01,combined_max_sharpe,EQ_MS,2.532215234453928e-16
2022-10-03,combined_max_sharpe,EQ_MS,0.0
2022-11-01,combined_max_sharpe,EQ_MS,0.0
2022-12-01,combined_max_sharpe,EQ_MS,0.0
2023-01-03,combined_max_sharpe,EQ_MS,0.0
2023-02-01,combined_max_sharpe,EQ_MS,0.0
2023-03-01,combined_max_sharpe,EQ_MS,0.0
2023-04-03,combined_max_sharpe,EQ_MS,0.0
2023-05-01,combined_max_sharpe,EQ_MS,3.506491853919252e-15
2023-06-01,combined_max_sharpe,EQ_MS,0.0
2023-07-03,combined_max_sharpe,EQ_MS,0.0
2023-08-01,combined_max_sharpe,EQ_MS,8.956793386689444e-17
2023-09-01,combined_max_sharpe,EQ_MS,4.091363787186236e-17
2023-10-02,combined_max_sharpe,EQ_MS,5.90569440288507e-17
2023-11-01,combined_max_sharpe,EQ_MS,0.0
2023-12-01,combined_max_sharpe,EQ_MS,0.0
2021-01-04,combined_max_sharpe,EQ_NEE,4.040344916733376e-17
2021-02-01,combined_max_sharpe,EQ_NEE,8.216964491505558e-18
2021-03-01,combined_max_sharpe,EQ_NEE,4.2587593426903886e-17
2021-04-01,combined_max_sharpe,EQ_NEE,5.129496156039171e-17
2021-05-03,combined_max_sharpe,EQ_NEE,0.0
2021-06-01,combined_max_sharpe,EQ_NEE,7.52323834067161e-17
2021-07-01,combined_max_sharpe,EQ_NEE,0.0
2021-08-02,combined_max_sharpe,EQ_NEE,9.063361779477022e-17
2021-09-01,combined_max_sharpe,EQ_NEE,0.0
2021-10-01,combined_max_sharpe,EQ_NEE,1.2376959654205086e-16
2021-11-01,combined_max_sharpe,EQ_NEE,0.0
2021-12-01,combined_max_sharpe,EQ_NEE,1.3556891914396645e-16
2022-01-03,combined_max_sharpe,EQ_NEE,0.0
2022-02-01,combined_max_sharpe,EQ_NEE,1.9497014143574787e-16
2022-03-01,combined_max_sharpe,EQ_NEE,2.0523328114682356e-17
2022-04-01,combined_max_sharpe,EQ_NEE,0.0
2022-05-02,combined_max_sharpe,EQ_NEE,0.0
2022-06-01,combined_max_sharpe,EQ_NEE,0.0
2022-07-01,combined_max_sharpe,EQ_NEE,2.8009906044429728e-15
2022-08-01,combined_max_sharpe,EQ_NEE,0.0
2022-09-01,combined_max_sharpe,EQ_NEE,0.0
2022-10-03,combined_max_sharpe,EQ_NEE,0.0
2022-11-01,combined_max_sharpe,EQ_NEE,3.790386947893016e-16
2022-12-01,combined_max_sharpe,EQ_NEE,0.0
2023-01-03,combined_max_sharpe,EQ_NEE,2.545566901417602e-16
2023-02-01,combined_max_sharpe,EQ_NEE,0.0
2023-03-01,combined_max_sharpe,EQ_NEE,6.911478204323726e-17
2023-04-03,combined_max_sharpe,EQ_NEE,0.0
2023-05-01,combined_max_sharpe,EQ_NEE,1.5595387218944084e-15
2023-06-01,combined_max_sharpe,EQ_NEE,6.731187222107393e-17
2023-07-03,combined_max_sharpe,EQ_NEE,6.344743691732069e-17
2023-08-01,combined_max_sharpe,EQ_NEE,6.989176958477613e-17
2023-09-01,combined_max_sharpe,EQ_NEE,5.533916584699052e-17
2023-10-02,combined_max_sharpe,EQ_NEE,1.1044997327179072e-16
2023-11-01,combined_max_sharpe,EQ_NEE,1.0830814571210393e-16
2023-12-01,combined_max_sharpe,EQ_NEE,0.0
2021-01-04,combined_max_sharpe,EQ_NEM,0.1566066268227759
2021-02-01,combined_max_sharpe,EQ_NEM,0.09903208386242436
2021-03-01,combined_max_sharpe,EQ_NEM,1.3986385471203228e-16
2021-04-01,combined_max_sharpe,EQ_NEM,1.368867599818424e-16
2021-05-03,combined_max_sharpe,EQ_NEM,4.121805376226755e-17
2021-06-01,combined_max_sharpe,EQ_NEM,1.3439742156898652e-18
2021-07-01,combined_max_sharpe,EQ_NEM,0.0
2021-08-02,combined_max_sharpe,EQ_NEM,9.473023773873598e-17
2021-09-01,combined_max_sharpe,EQ_NEM,1.9174729478223581e-16
2021-10-01,combined_max_sharpe,EQ_NEM,2.4721833609237805e-17
2021-11-01,combined_max_sharpe,EQ_NEM,1.0894050200808423e-16
2021-12-01,combined_max_sharpe,EQ_NEM,0.0
2022-01-03,combined_max_sharpe,EQ_NEM,4.74403948748995e-18
2022-02-01,combined_max_sharpe,EQ_NEM,0.0
2022-03-01,combined_max_sharpe,EQ_NEM,0.01766556675071455
2022-04-01,combined_max_sharpe,EQ_NEM,0.06311637913202592
2022-05-02,combined_max_sharpe,EQ_NEM,0.0
2022-06-01,combined_max_sharpe,EQ_NEM,2.5235375706416918e-17
2022-07-01,combined_max_sharpe,EQ_NEM,1.014116335207533e-16
2022-08-01,combined_max_sharpe,EQ_NEM,6.949853181001523e-17
2022-09-01,combined_max_sharpe,EQ_NEM,1.3626503846124252e-16
2022-10-03,combined_max_sharpe,EQ_NEM,0.0
2022-11-01,combined_max_sharpe,EQ_NEM,3.5286124805187023e-16
2022-12-01,combined_max_sharpe,EQ_NEM,1.0770012321048056e-16
2023-01-03,combined_max_sharpe,EQ_NEM,0.0
2023-02-01,combined_max_sharpe,EQ_NEM,0.0
2023-03-01,combined_max_sharpe,EQ_NEM,8.018031011669972e-17
2023-04-03,combined_max_sharpe,EQ_NEM,0.0
2023-05-01,combined_max_sharpe,EQ_NEM,1.6224528145646076e-15
2023-06-01,combined_max_sharpe,EQ_NEM,0.0
2023-07-03,combined_max_sharpe,EQ_NEM,0.0
2023-08-01,combined_max_sharpe,EQ_NEM,7.696261145463655e-17
2023-09-01,combined_max_sharpe,EQ_NEM,1.2839084329200122e-17
2023-10-02,combined_max_sharpe,EQ_NEM,4.856324466614337e-17
2023-11-01,combined_max_sharpe,EQ_NEM,4.786037065896239e-17
2023-12-01,combined_max_sharpe,EQ_NEM,1.6569856112647587e-17
2021-01-04,combined_max_sharpe,EQ_NKE,1.0282056223115157e-16
2021-02-01,combined_max_sharpe,EQ_NKE,6.218147643831474e-17
2021-03-01,combined_max_sharpe,EQ_NKE,0.0
2021-04-01,combined_max_sharpe,EQ_NKE,6.10398292124155e-17
2021-05-03,combined_max_sharpe,EQ_NKE,6.605937965877894e-17
2021-06-01,combined_max_sharpe,EQ_NKE,4.9433227568242417e-17
2021-07-01,combined_max_sharpe,EQ_NKE,0.0792704172700526
2021-08-02,combined_max_sharpe,EQ_NKE,0.1515064558711919
2021-09-01,combined_max_sharpe,EQ_NKE,0.08237571119422199
2021-10-01,combined_max_sharpe,EQ_NKE,0.0
2021-11-01,combined_max_sharpe,EQ_NKE,0.0
2021-12-01,combined_max_sharpe,EQ_NKE,5.3869901504676643e-17
2022-01-03,combined_max_sharpe,EQ_NKE,0.0
2022-02-01,combined_max_sharpe,EQ_NKE,1.9279587315723436e-16
2022-03-01,combined_max_sharpe,EQ_NKE,4.894755108620349e-17
2022-04-01,combined_max_sharpe,EQ_NKE,1.3174716029889815e-16
2022-05-02,combined_max_sharpe,EQ_NKE,0.0
2022-06-01,combined_max_sharpe,EQ_NKE,0.0
2022-07-01,combined_max_sharpe,EQ_NKE,0.0
2022-08-01,combined_max_sharpe,EQ_NKE,0.0
2022-09-01,combined_max_sharpe,EQ_NKE,4.128874049082096e-17
2022-10-03,combined_max_sharpe,EQ_NKE,9.636707347628814e-18
2022-11-01,combined_max_sharpe,EQ_NKE,0.0
2022-12-01,combined_max_sharpe,EQ_NKE,1.2092605165664807e-17
2023-01-03,combined_max_sharpe,EQ_NKE,0.0
2023-02-01,combined_max_sharpe,EQ_NKE,0.0
2023-03-01,combined_max_sharpe,EQ_NKE,9.242698964795387e-17
2023-04-03,combined_max_sharpe,EQ_NKE,0.0
2023-05-01,combined_max_sharpe,EQ_NKE,3.437181117226881e-15
2023-06-01,combined_max_sharpe,EQ_NKE,7.990446013600689e-17
2023-07-03,combined_max_sharpe,EQ_NKE,0.0
2023-08-01,combined_max_sharpe,EQ_NKE,6.349485376774221e-17
2023-09-01,combined_max_sharpe,EQ_NKE,3.612663051982942e-17
2023-10-02,combined_max_sharpe,EQ_NKE,1.4475377531418535e-16
2023-11-01,combined_max_sharpe,EQ_NKE,5.6615035553859805e-18
2023-12-01,combined_max_sharpe,EQ_NKE,0.0
2021-01-04,combined_max_sharpe,EQ_NUE,3.1178806954238133e-17
2021-02-01,combined_max_sharpe,EQ_NUE,0.0
2021-03-01,combined_max_sharpe,EQ_NUE,0.0
2021-04-01,combined_max_sharpe,EQ_NUE,0.02772665897093954
2021-05-03,combined_max_sharpe,EQ_NUE,0.0
2021-06-01,combined_max_sharpe,EQ_NUE,0.025616783684941125
2021-07-01,combined_max_sharpe,EQ_NUE,0.06377856677759472
2021-08-02,combined_max_sharpe,EQ_NUE,0.09820928457954953
2021-09-01,combined_max_sharpe,EQ_NUE,0.08575224645076243
2021-10-01,combined_max_sharpe,EQ_NUE,0.028476096475450293
2021-11-01,combined_max_sharpe,EQ_NUE,0.0
2021-12-01,combined_max_sharpe,EQ_NUE,0.039697829965100094
2022-01-03,combined_max_sharpe,EQ_NUE,0.09722678671424863
2022-02-01,combined_max_sharpe,EQ_NUE,0.06672500312915568
2022-03-01,combined_max_sharpe,EQ_NUE,0.09194141705866125
2022-04-01,combined_max_sharpe,EQ_NUE,0.0378453058156661
2022-05-02,combined_max_sharpe,EQ_NUE,0.10403439615814648
2022-06-01,combined_max_sharpe,EQ_NUE,2.4091607093727323e-15
2022-07-01,combined_max_sharpe,EQ_NUE,0.0
2022-08-01,combined_max_sharpe,EQ_NUE,0.023001004338768217
2022-09-01,combined_max_sharpe,EQ_NUE,9.503419120813516e-15
2022-10-03,combined_max_sharpe,EQ_NUE,0.0
2022-11-01,combined_max_sharpe,EQ_NUE,0.0
2022-12-01,combined_max_sharpe,EQ_NUE,2.3147028615162268e-15
2023-01-03,combined_max_sharpe,EQ_NUE,0.0
2023-02-01,combined_max_sharpe,EQ_NUE,0.15608413542650731
2023-03-01,combined_max_sharpe,EQ_NUE,0.06563709461328762
2023-04-03,combined_max_sharpe,EQ_NUE,0.0
2023-05-01,combined_max_sharpe,EQ_NUE,2.748987824186671e-15
2023-06-01,combined_max_sharpe,EQ_NUE,0.0
2023-07-03,combined_max_sharpe,EQ_NUE,0.0
2023-08-01,combined_max_sharpe,EQ_NUE,7.878062517647613e-17
2023-09-01,combined_max_sharpe,EQ_NUE,0.0
2023-10-02,combined_max_sharpe,EQ_NUE,2.0830252135853668e-16
2023-11-01,combined_max_sharpe,EQ_NUE,0.0
2023-12-01,combined_max_sharpe,EQ_NUE,0.0
2021-01-04,combined_max_sharpe,EQ_NVDA,0.08596441644403473
2021-02-01,combined_max_sharpe,EQ_NVDA,0.19999999999999796
2021-03-01,combined_max_sharpe,EQ_NVDA,0.01863846424538684
2021-04-01,combined_max_sharpe,EQ_NVDA,0.0
2021-05-03,combined_max_sharpe,EQ_NVDA,0.026476890437668245
2021-06-01,combined_max_sharpe,EQ_NVDA,0.018586002014897872
2021-07-01,combined_max_sharpe,EQ_NVDA,0.07784278841499213
2021-08-02,combined_max_sharpe,EQ_NVDA,0.0696765149494438
2021-09-01,combined_max_sharpe,EQ_NVDA,0.057311804950927685
2021-10-01,combined_max_sharpe,EQ_NVDA,0.08366632191005682
2021-11-01,combined_max_sharpe,EQ_NVDA,0.06608626670025536
2021-12-01,combined_max_sharpe,EQ_NVDA,0.13830075135960485
2022-01-03,combined_max_sharpe,EQ_NVDA,0.07780972082737106
2022-02-01,combined_max_sharpe,EQ_NVDA,0.05054700761952573
2022-03-01,combined_max_sharpe,EQ_NVDA,0.047211375983030004
2022-04-01,combined_max_sharpe,EQ_NVDA,0.06475705542825672
2022-05-02,combined_max_sharpe,EQ_NVDA,1.0378000008042749e-15
2022-06-01,combined_max_sharpe,EQ_NVDA,2.3555599217081568e-15
2022-07-01,combined_max_sharpe,EQ_NVDA,0.0
2022-08-01,combined_max_sharpe,EQ_NVDA,5.626193884739719e-17
2022-09-01,combined_max_sharpe,EQ_NVDA,8.05064668556302e-18
2022-10-03,combined_max_sharpe,EQ_NVDA,0.0
2022-11-01,combined_max_sharpe,EQ_NVDA,0.0
2022-12-01,combined_max_sharpe,EQ_NVDA,4.3029997004223435e-16
2023-01-03,combined_max_sharpe,EQ_NVDA,0.0
2023-02-01,combined_max_sharpe,EQ_NVDA,0.0
2023-03-01,combined_max_sharpe,EQ_NVDA,0.0
2023-04-03,combined_max_sharpe,EQ_NVDA,0.0
2023-05-01,combined_max_sharpe,EQ_NVDA,1.2396333959330263e-14
2023-06-01,combined_max_sharpe,EQ_NVDA,0.12068556492790102
2023-07-03,combined_max_sharpe,EQ_NVDA,0.14102630326422308
2023-08-01,combined_max_sharpe,EQ_NVDA,0.14145919805674478
2023-09-01,combined_max_sharpe,EQ_NVDA,0.18910508013773542
2023-10-02,combined_max_sharpe,EQ_NVDA,0.18181904678765157
2023-11-01,combined_max_sharpe,EQ_NVDA,0.19999999999999962
2023-12-01,combined_max_sharpe,EQ_NVDA,0.19999999999999965
2021-01-04,combined_max_sharpe,EQ_O,0.0
2021-02-01,combined_max_sharpe,EQ_O,0.0
2021-03-01,combined_max_sharpe,EQ_O,5.345235777452539e-17
2021-04-01,combined_max_sharpe,EQ_O,4.684154619825683e-17
2021-05-03,combined_max_sharpe,EQ_O,0.0
2021-06-01,combined_max_sharpe,EQ_O,0.0
2021-07-01,combined_max_sharpe,EQ_O,0.0
2021-08-02,combined_max_sharpe,EQ_O,6.283218446977221e-17
2021-09-01,combined_max_sharpe,EQ_O,5.1244584384751335e-18
2021-10-01,combined_max_sharpe,EQ_O,0.0
2021-11-01,combined_max_sharpe,EQ_O,0.0
2021-12-01,combined_max_sharpe,EQ_O,0.0
2022-01-03,combined_max_sharpe,EQ_O,1.8435607062783898e-16
2022-02-01,combined_max_sharpe,EQ_O,1.982959497293273e-16
2022-03-01,combined_max_sharpe,EQ_O,0.0
2022-04-01,combined_max_sharpe,EQ_O,0.0
2022-05-02,combined_max_sharpe,EQ_O,0.0
2022-06-01,combined_max_sharpe,EQ_O,5.969222273423803e-17
2022-07-01,combined_max_sharpe,EQ_O,0.0
2022-08-01,combined_max_sharpe,EQ_O,0.0
2022-09-01,combined_max_sharpe,EQ_O,0.0
2022-10-03,combined_max_sharpe,EQ_O,1.3497236591371283e-16
2022-11-01,combined_max_sharpe,EQ_O,5.53450725669486e-18
2022-12-01,combined_max_sharpe,EQ_O,0.0
2023-01-03,combined_max_sharpe,EQ_O,6.602985439163134e-17
2023-02-01,combined_max_sharpe,EQ_O,0.0
2023-03-01,combined_max_sharpe,EQ_O,0.0
2023-04-03,combined_max_sharpe,EQ_O,0.0
2023-05-01,combined_max_sharpe,EQ_O,8.176429112423836e-16
2023-06-01,combined_max_sharpe,EQ_O,6.059447743287373e-17
2023-07-03,combined_max_sharpe,EQ_O,1.199865609025907e-16
2023-08-01,combined_max_sharpe,EQ_O,0.0
2023-09-01,combined_max_sharpe,EQ_O,0.0
2023-10-02,combined_max_sharpe,EQ_O,0.0
2023-11-01,combined_max_sharpe,EQ_O,0.0
2023-12-01,combined_max_sharpe,EQ_O,2.2181533405721535e-17
2021-01-04,combined_max_sharpe,EQ_OXY,0.0
2021-02-01,combined_max_sharpe,EQ_OXY,0.0
2021-03-01,combined_max_sharpe,EQ_OXY,7.514715903901416e-17
2021-04-01,combined_max_sharpe,EQ_OXY,0.0
2021-05-03,combined_max_sharpe,EQ_OXY,0.0
2021-06-01,combined_max_sharpe,EQ_OXY,0.0
2021-07-01,combined_max_sharpe,EQ_OXY,0.0
2021-08-02,combined_max_sharpe,EQ_OXY,1.1772714587923832e-16
2021-09-01,combined_max_sharpe,EQ_OXY,2.7102585297550435e-16
2021-10-01,combined_max_sharpe,EQ_OXY,0.03485854403347615
2021-11-01,combined_max_sharpe,EQ_OXY,0.04283621638463595
2021-12-01,combined_max_sharpe,EQ_OXY,1.3513544384389328e-16
2022-01-03,combined_max_sharpe,EQ_OXY,0.0
2022-02-01,combined_max_sharpe,EQ_OXY,0.0
2022-03-01,combined_max_sharpe,EQ_OXY,7.529300913931251e-16
2022-04-01,combined_max_sharpe,EQ_OXY,0.0040696556588053516
2022-05-02,combined_max_sharpe,EQ_OXY,0.012743922104305333
2022-06-01,combined_max_sharpe,EQ_OXY,0.06716379318394473
2022-07-01,combined_max_sharpe,EQ_OXY,0.09949540194816865
2022-08-01,combined_max_sharpe,EQ_OXY,0.16710194492217936
2022-09-01,combined_max_sharpe,EQ_OXY,0.1999999999999982
2022-10-03,combined_max_sharpe,EQ_OXY,0.19999999999999926
2022-11-01,combined_max_sharpe,EQ_OXY,0.10198384294154292
2022-12-01,combined_max_sharpe,EQ_OXY,0.08288835123831785
2023-01-03,combined_max_sharpe,EQ_OXY,0.13758606146485328
2023-02-01,combined_max_sharpe,EQ_OXY,0.07990545081382147
2023-03-01,combined_max_sharpe,EQ_OXY,0.08233118602669055
2023-04-03,combined_max_sharpe,EQ_OXY,0.0
2023-05-01,combined_max_sharpe,EQ_OXY,4.60652549424388e-15
2023-06-01,combined_max_sharpe,EQ_OXY,4.002420067700499e-18
2023-07-03,combined_max_sharpe,EQ_OXY,4.7789185854377764e-17
2023-08-01,combined_max_sharpe,EQ_OXY,1.689149242531568e-18
2023-09-01,combined_max_sharpe,EQ_OXY,4.10783787446777e-17
2023-10-02,combined_max_sharpe,EQ_OXY,4.3194048482362116e-17
2023-11-01,combined_max_sharpe,EQ_OXY,2.0399223364926868e-17
2023-12-01,combined_max_sharpe,EQ_OXY,3.160557572564602e-17
2021-01-04,combined_max_sharpe,EQ_PLD,6.442950753527517e-18
2021-02-01,combined_max_sharpe,EQ_PLD,0.0
2021-03-01,combined_max_sharpe,EQ_PLD,2.39682756146049e-17
2021-04-01,combined_max_sharpe,EQ_PLD,3.631413285176093e-17
2021-05-03,combined_max_sharpe,EQ_PLD,6.717949329661598e-17
2021-06-01,combined_max_sharpe,EQ_PLD,0.0
2021-07-01,combined_max_sharpe,EQ_PLD,0.0
2021-08-02,combined_max_sharpe,EQ_PLD,1.0795019600143222e-16
2021-09-01,combined_max_sharpe,EQ_PLD,9.054804459318692e-17
2021-10-01,combined_max_sharpe,EQ_PLD,0.10508801319455383
2021-11-01,combined_max_sharpe,EQ_PLD,0.14582306986719007
2021-12-01,combined_max_sharpe,EQ_PLD,0.18374391767694534
2022-01-03,combined_max_sharpe,EQ_PLD,0.1999999999999996
2022-02-01,combined_max_sharpe,EQ_PLD,0.19999999999999885
2022-03-01,combined_max_sharpe,EQ_PLD,0.1278851768944883
2022-04-01,combined_max_sharpe,EQ_PLD,0.14718822963312778
2022-05-02,combined_max_sharpe,EQ_PLD,0.19999999999999507
2022-06-01,combined_max_sharpe,EQ_PLD,0.0
2022-07-01,combined_max_sharpe,EQ_PLD,1.3672146811403147e-16
2022-08-01,combined_max_sharpe,EQ_PLD,2.48581563233796e-16
2022-09-01,combined_max_sharpe,EQ_PLD,0.0
2022-10-03,combined_max_sharpe,EQ_PLD,2.1233606715978648e-17
2022-11-01,combined_max_sharpe,EQ_PLD,0.0
2022-12-01,combined_max_sharpe,EQ_PLD,1.6164111400825247e-16
2023-01-03,combined_max_sharpe,EQ_PLD,0.0
2023-02-01,combined_max_sharpe,EQ_PLD,3.484388950227379e-17
2023-03-01,combined_max_sharpe,EQ_PLD,8.733949440279154e-17
2023-04-03,combined_max_sharpe,EQ_PLD,0.0
2023-05-01,combined_max_sharpe,EQ_PLD,2.532129498087894e-15
2023-06-01,combined_max_sharpe,EQ_PLD,1.0560289657421092e-16
2023-07-03,combined_max_sharpe,EQ_PLD,5.318205118619343e-18
2023-08-01,combined_max_sharpe,EQ_PLD,2.6507704288005155e-17
2023-09-01,combined_max_sharpe,EQ_PLD,2.1565068952651614e-18
2023-10-02,combined_max_sharpe,EQ_PLD,1.2376854708561756e-16
2023-11-01,combined_max_sharpe,EQ_PLD,1.0293201202464371e-16
2023-12-01,combined_max_sharpe,EQ_PLD,0.0
2021-01-04,combined_max_sharpe,EQ_PSA,1.430956438181956e-16
2021-02-01,combined_max_sharpe,EQ_PSA,8.403796802839765e-17
2021-03-01,combined_max_sharpe,EQ_PSA,0.0
2021-04-01,combined_max_sharpe,EQ_PSA,0.018087275395052005
2021-05-03,combined_max_sharpe,EQ_PSA,0.16138910347604116
2021-06-01,combined_max_sharpe,EQ_PSA,0.1999999999999998
2021-07-01,combined_max_sharpe,EQ_PSA,0.19999999999999907
2021-08-02,combined_max_sharpe,EQ_PSA,0.19999999999999915
2021-09-01,combined_max_sharpe,EQ_PSA,0.19999999999999915
2021-10-01,combined_max_sharpe,EQ_PSA,0.19999999999999987
2021-11-01,combined_max_sharpe,EQ_PSA,0.19999999999999948
2021-12-01,combined_max_sharpe,EQ_PSA,0.1999999999999994
2022-01-03,combined_max_sharpe,EQ_PSA,0.19999999999999965
2022-02-01,combined_max_sharpe,EQ_PSA,0.19999999999999885
2022-03-01,combined_max_sharpe,EQ_PSA,0.19999999999999765
2022-04-01,combined_max_sharpe,EQ_PSA,0.19999999999999887
2022-05-02,combined_max_sharpe,EQ_PSA,0.11455982791275723
2022-06-01,combined_max_sharpe,EQ_PSA,0.0
2022-07-01,combined_max_sharpe,EQ_PSA,0.0
2022-08-01,combined_max_sharpe,EQ_PSA,2.3171001125289913e-16
2022-09-01,combined_max_sharpe,EQ_PSA,4.599850842640198e-16
2022-10-03,combined_max_sharpe,EQ_PSA,0.0
2022-11-01,combined_max_sharpe,EQ_PSA,3.8208015235318116e-16
2022-12-01,combined_max_sharpe,EQ_PSA,0.0
2023-01-03,combined_max_sharpe,EQ_PSA,5.296706541630127e-17
2023-02-01,combined_max_sharpe,EQ_PSA,0.0
2023-03-01,combined_max_sharpe,EQ_PSA,9.854414501503065e-17
2023-04-03,combined_max_sharpe,EQ_PSA,0.0
2023-05-01,combined_max_sharpe,EQ_PSA,1.5010628748243458e-15
2023-06-01,combined_max_sharpe,EQ_PSA,2.2903417877444254e-16
2023-07-03,combined_max_sharpe,EQ_PSA,0.0
2023-08-01,combined_max_sharpe,EQ_PSA,7.022253206531768e-17
2023-09-01,combined_max_sharpe,EQ_PSA,8.28558053183672e-18
2023-10-02,combined_max_sharpe,EQ_PSA,6.0161035669033624e-18
2023-11-01,combined_max_sharpe,EQ_PSA,3.011014012220341e-17
2023-12-01,combined_max_sharpe,EQ_PSA,0.0
2021-01-04,combined_max_sharpe,EQ_QCOM,0.0
2021-02-01,combined_max_sharpe,EQ_QCOM,0.0
2021-03-01,combined_max_sharpe,EQ_QCOM,0.0
2021-04-01,combined_max_sharpe,EQ_QCOM,0.0
2021-05-03,combined_max_sharpe,EQ_QCOM,0.0
2021-06-01,combined_max_sharpe,EQ_QCOM,0.0
2021-07-01,combined_max_sharpe,EQ_QCOM,0.0
2021-08-02,combined_max_sharpe,EQ_QCOM,9.546708544637e-17
2021-09-01,combined_max_sharpe,EQ_QCOM,3.2652512856042634e-17
2021-10-01,combined_max_sharpe,EQ_QCOM,1.1839441244507658e-16
2021-11-01,combined_max_sharpe,EQ_QCOM,0.0
2021-12-01,combined_max_sharpe,EQ_QCOM,0.0
2022-01-03,combined_max_sharpe,EQ_QCOM,5.574960858204945e-19
2022-02-01,combined_max_sharpe,EQ_QCOM,0.0
2022-03-01,combined_max_sharpe,EQ_QCOM,0.0
2022-04-01,combined_max_sharpe,EQ_QCOM,2.5475380141168203e-16
2022-05-02,combined_max_sharpe,EQ_QCOM,0.0
2022-06-01,combined_max_sharpe,EQ_QCOM,1.2714276507007262e-16
2022-07-01,combined_max_sharpe,EQ_QCOM,1.2130216143206924e-16
2022-08-01,combined_max_sharpe,EQ_QCOM,0.0
2022-09-01,combined_max_sharpe,EQ_QCOM,9.997667461151677e-19
2022-10-03,combined_max_sharpe,EQ_QCOM,0.0
2022-11-01,combined_max_sharpe,EQ_QCOM,0.0
2022-12-01,combined_max_sharpe,EQ_QCOM,1.7597985339623434e-16
2023-01-03,combined_max_sharpe,EQ_QCOM,0.0
2023-02-01,combined_max_sharpe,EQ_QCOM,1.2055951203223547e-17
2023-03-01,combined_max_sharpe,EQ_QCOM,7.178169544325452e-17
2023-04-03,combined_max_sharpe,EQ_QCOM,0.0
2023-05-01,combined_max_sharpe,EQ_QCOM,3.011549032268175e-15
2023-06-01,combined_max_sharpe,EQ_QCOM,0.0
2023-07-03,combined_max_sharpe,EQ_QCOM,0.0
2023-08-01,combined_max_sharpe,EQ_QCOM,5.30883128568943e-17
2023-09-01,combined_max_sharpe,EQ_QCOM,0.0
2023-10-02,combined_max_sharpe,EQ_QCOM,2.235905131444111e-16
2023-11-01,combined_max_sharpe,EQ_QCOM,0.0
2023-12-01,combined_max_sharpe,EQ_QCOM,0.0
2021-01-04,combined_max_sharpe,EQ_SBUX,3.779444637033944e-17
2021-02-01,combined_max_sharpe,EQ_SBUX,0.0
2021-03-01,combined_max_sharpe,EQ_SBUX,5.389061417535375e-17
2021-04-01,combined_max_sharpe,EQ_SBUX,1.0657230013529627e-16
2021-05-03,combined_max_sharpe,EQ_SBUX,3.316328209981888e-17
2021-06-01,combined_max_sharpe,EQ_SBUX,3.204250094498328e-17
2021-07-01,combined_max_sharpe,EQ_SBUX,1.7626269374421407e-17
2021-08-02,combined_max_sharpe,EQ_SBUX,0.033784433746929576
2021-09-01,combined_max_sharpe,EQ_SBUX,8.489064277810038e-17
2021-10-01,combined_max_sharpe,EQ_SBUX,0.0
2021-11-01,combined_max_sharpe,EQ_SBUX,0.0
2021-12-01,combined_max_sharpe,EQ_SBUX,0.0
2022-01-03,combined_max_sharpe,EQ_SBUX,9.355607216251335e-17
2022-02-01,combined_max_sharpe,EQ_SBUX,1.310418057790307e-17
2022-03-01,combined_max_sharpe,EQ_SBUX,4.782831025208971e-18
2022-04-01,combined_max_sharpe,EQ_SBUX,3.475580201462007e-17
2022-05-02,combined_max_sharpe,EQ_SBUX,1.8340555838845917e-16
2022-06-01,combined_max_sharpe,EQ_SBUX,5.928868167654425e-17
2022-07-01,combined_max_sharpe,EQ_SBUX,0.0
2022-08-01,combined_max_sharpe,EQ_SBUX,0.0
2022-09-01,combined_max_sharpe,EQ_SBUX,0.0
2022-10-03,combined_max_sharpe,EQ_SBUX,2.5588399621068333e-17
2022-11-01,combined_max_sharpe,EQ_SBUX,6.831035609973816e-17
2022-12-01,combined_max_sharpe,EQ_SBUX,0.0
2023-01-03,combined_max_sharpe,EQ_SBUX,1.777576532618697e-17
2023-02-01,combined_max_sharpe,EQ_SBUX,7.407326449831364e-18
2023-03-01,combined_max_sharpe,EQ_SBUX,0.016205932877621704
2023-04-03,combined_max_sharpe,EQ_SBUX,0.05361075819386989
2023-05-01,combined_max_sharpe,EQ_SBUX,0.1999999999999559
2023-06-01,combined_max_sharpe,EQ_SBUX,5.822837245590304e-16
2023-07-03,combined_max_sharpe,EQ_SBUX,0.0
2023-08-01,combined_max_sharpe,EQ_SBUX,1.6713869193139488e-16
2023-09-01,combined_max_sharpe,EQ_SBUX,0.0
2023-10-02,combined_max_sharpe,EQ_SBUX,0.0
2023-11-01,combined_max_sharpe,EQ_SBUX,0.0
2023-12-01,combined_max_sharpe,EQ_SBUX,7.756360685198556e-17
2021-01-04,combined_max_sharpe,EQ_SHW,4.590656883258974e-17
2021-02-01,combined_max_sharpe,EQ_SHW,0.0
2021-03-01,combined_max_sharpe,EQ_SHW,3.4711964525289205e-18
2021-04-01,combined_max_sharpe,EQ_SHW,5.3001756199683773e-17
2021-05-03,combined_max_sharpe,EQ_SHW,0.08067159104687253
2021-06-01,combined_max_sharpe,EQ_SHW,1.377227710585737e-16
2021-07-01,combined_max_sharpe,EQ_SHW,0.0
2021-08-02,combined_max_sharpe,EQ_SHW,0.013943304581037666
2021-09-01,combined_max_sharpe,EQ_SHW,0.029043809131567996
2021-10-01,combined_max_sharpe,EQ_SHW,0.021267448585588513
2021-11-01,combined_max_sharpe,EQ_SHW,0.044203918183078415
2021-12-01,combined_max_sharpe,EQ_SHW,0.036914832965609226
2022-01-03,combined_max_sharpe,EQ_SHW,0.06739610628233382
2022-02-01,combined_max_sharpe,EQ_SHW,6.226058597187145e-17
2022-03-01,combined_max_sharpe,EQ_SHW,3.973621754105947e-17
2022-04-01,combined_max_sharpe,EQ_SHW,1.214837711341266e-16
2022-05-02,combined_max_sharpe,EQ_SHW,0.0
2022-06-01,combined_max_sharpe,EQ_SHW,0.0
2022-07-01,combined_max_sharpe,EQ_SHW,0.0
2022-08-01,combined_max_sharpe,EQ_SHW,9.295631521071792e-17
2022-09-01,combined_max_sharpe,EQ_SHW,2.3205520260811484e-17
2022-10-03,combined_max_sharpe,EQ_SHW,4.169786221991152e-17
2022-11-01,combined_max_sharpe,EQ_SHW,3.048821704252941e-16
2022-12-01,combined_max_sharpe,EQ_SHW,1.2674077350294747e-16
2023-01-03,combined_max_sharpe,EQ_SHW,0.0
2023-02-01,combined_max_sharpe,EQ_SHW,0.0
2023-03-01,combined_max_sharpe,EQ_SHW,4.4394264921751206e-17
2023-04-03,combined_max_sharpe,EQ_SHW,0.0
2023-05-01,combined_max_sharpe,EQ_SHW,1.66499236775247e-15
2023-06-01,combined_max_sharpe,EQ_SHW,0.0
2023-07-03,combined_max_sharpe,EQ_SHW,7.595421296204171e-20
2023-08-01,combined_max_sharpe,EQ_SHW,7.186577334608428e-17
2023-09-01,combined_max_sharpe,EQ_SHW,1.6615230925847858e-18
2023-10-02,combined_max_sharpe,EQ_SHW,2.3346273200625888e-17
2023-11-01,combined_max_sharpe,EQ_SHW,0.0
2023-12-01,combined_max_sharpe,EQ_SHW,0.0
2021-01-04,combined_max_sharpe,EQ_SLB,0.0
2021-02-01,combined_max_sharpe,EQ_SLB,0.0
2021-03-01,combined_max_sharpe,EQ_SLB,9.60111265135684e-18
2021-04-01,combined_max_sharpe,EQ_SLB,0.0
2021-05-03,combined_max_sharpe,EQ_SLB,5.0944432199658934e-17
2021-06-01,combined_max_sharpe,EQ_SLB,3.4367038374879754e-17
2021-07-01,combined_max_sharpe,EQ_SLB,0.0
2021-08-02,combined_max_sharpe,EQ_SLB,2.5031209566747275e-16
2021-09-01,combined_max_sharpe,EQ_SLB,1.7480101300023999e-16
2021-10-01,combined_max_sharpe,EQ_SLB,2.004366288252388e-17
2021-11-01,combined_max_sharpe,EQ_SLB,1.8161539052773268e-16
2021-12-01,combined_max_sharpe,EQ_SLB,0.0
2022-01-03,combined_max_sharpe,EQ_SLB,0.0
2022-02-01,combined_max_sharpe,EQ_SLB,0.0
2022-03-01,combined_max_sharpe,EQ_SLB,0.0
2022-04-01,combined_max_sharpe,EQ_SLB,0.0
2022-05-02,combined_max_sharpe,EQ_SLB,7.168632522064434e-16
2022-06-01,combined_max_sharpe,EQ_SLB,4.0782126906333e-15
2022-07-01,combined_max_sharpe,EQ_SLB,0.0
2022-08-01,combined_max_sharpe,EQ_SLB,2.915605137157262e-17
2022-09-01,combined_max_sharpe,EQ_SLB,1.4379601899177294e-14
2022-10-03,combined_max_sharpe,EQ_SLB,5.967818610402084e-16
2022-11-01,combined_max_sharpe,EQ_SLB,0.0
2022-12-01,combined_max_sharpe,EQ_SLB,6.1480915514750395e-15
2023-01-03,combined_max_sharpe,EQ_SLB,0.010945001627242162
2023-02-01,combined_max_sharpe,EQ_SLB,0.0
2023-03-01,combined_max_sharpe,EQ_SLB,1.4015416963970594e-15
2023-04-03,combined_max_sharpe,EQ_SLB,0.0
2023-05-01,combined_max_sharpe,EQ_SLB,3.263921900822905e-14
2023-06-01,combined_max_sharpe,EQ_SLB,0.0
2023-07-03,combined_max_sharpe,EQ_SLB,0.017793643565146403
2023-08-01,combined_max_sharpe,EQ_SLB,0.09659542869700115
2023-09-01,combined_max_sharpe,EQ_SLB,0.0501388807608916
2023-10-02,combined_max_sharpe,EQ_SLB,0.06909198034564909
2023-11-01,combined_max_sharpe,EQ_SLB,0.0
2023-12-01,combined_max_sharpe,EQ_SLB,3.511652596055585e-17
2021-01-04,combined_max_sharpe,EQ_SO,0.0
2021-02-01,combined_max_sharpe,EQ_SO,5.658199276947835e-17
2021-03-01,combined_max_sharpe,EQ_SO,0.0
2021-04-01,combined_max_sharpe,EQ_SO,4.451562271976027e-18
2021-05-03,combined_max_sharpe,EQ_SO,0.0
2021-06-01,combined_max_sharpe,EQ_SO,1.9980326308826226e-17
2021-07-01,combined_max_sharpe,EQ_SO,2.578697712702225e-17
2021-08-02,combined_max_sharpe,EQ_SO,5.85535501644631e-17
2021-09-01,combined_max_sharpe,EQ_SO,4.4453677255467433e-17
2021-10-01,combined_max_sharpe,EQ_SO,4.6422114740946373e-17
2021-11-01,combined_max_sharpe,EQ_SO,0.0
2021-12-01,combined_max_sharpe,EQ_SO,4.2009439360360584e-17
2022-01-03,combined_max_sharpe,EQ_SO,0.0
2022-02-01,combined_max_sharpe,EQ_SO,0.07678048216119052
2022-03-01,combined_max_sharpe,EQ_SO,4.999846897389001e-17
2022-04-01,combined_max_sharpe,EQ_SO,0.028601968381457694
2022-05-02,combined_max_sharpe,EQ_SO,0.0
2022-06-01,combined_max_sharpe,EQ_SO,0.16655729829158888
2022-07-01,combined_max_sharpe,EQ_SO,0.1999999999999973
2022-08-01,combined_max_sharpe,EQ_SO,0.1999999999999998
2022-09-01,combined_max_sharpe,EQ_SO,0.19999999999999837
2022-10-03,combined_max_sharpe,EQ_SO,0.12125571674170563
2022-11-01,combined_max_sharpe,EQ_SO,1.2482097351201333e-16
2022-12-01,combined_max_sharpe,EQ_SO,0.0
2023-01-03,combined_max_sharpe,EQ_SO,6.424140643908558e-16
2023-02-01,combined_max_sharpe,EQ_SO,0.0
2023-03-01,combined_max_sharpe,EQ_SO,4.8613035330999193e-17
2023-04-03,combined_max_sharpe,EQ_SO,0.0
2023-05-01,combined_max_sharpe,EQ_SO,4.894205161373832e-16
2023-06-01,combined_max_sharpe,EQ_SO,1.8511763030912068e-17
2023-07-03,combined_max_sharpe,EQ_SO,1.2428673541756391e-16
2023-08-01,combined_max_sharpe,EQ_SO,2.9971023485980967e-17
2023-09-01,combined_max_sharpe,EQ_SO,0.0
2023-10-02,combined_max_sharpe,EQ_SO,0.0
2023-11-01,combined_max_sharpe,EQ_SO,0.0
2023-12-01,combined_max_sharpe,EQ_SO,0.1817392624055135
2021-01-04,combined_max_sharpe,EQ_T,1.1897868688795869e-17
2021-02-01,combined_max_sharpe,EQ_T,2.4051651716871194e-17
2021-03-01,combined_max_sharpe,EQ_T,2.734343173995931e-18
2021-04-01,combined_max_sharpe,EQ_T,4.472209586030455e-17
2021-05-03,combined_max_sharpe,EQ_T,0.0
2021-06-01,combined_max_sharpe,EQ_T,8.075605614362733e-17
2021-07-01,combined_max_sharpe,EQ_T,0.0
2021-08-02,combined_max_sharpe,EQ_T,1.2359089871010914e-17
2021-09-01,combined_max_sharpe,EQ_T,7.178703951233439e-17
2021-10-01,combined_max_sharpe,EQ_T,0.0
2021-11-01,combined_max_sharpe,EQ_T,0.0
2021-12-01,combined_max_sharpe,EQ_T,1.8998416501130442e-17
2022-01-03,combined_max_sharpe,EQ_T,1.141856273627996e-16
2022-02-01,combined_max_sharpe,EQ_T,0.0
2022-03-01,combined_max_sharpe,EQ_T,0.0
2022-04-01,combined_max_sharpe,EQ_T,5.4497503810344067e-17
2022-05-02,combined_max_sharpe,EQ_T,1.248222976012704e-16
2022-06-01,combined_max_sharpe,EQ_T,0.0
2022-07-01,combined_max_sharpe,EQ_T,0.0
2022-08-01,combined_max_sharpe,EQ_T,7.237619623465396e-17
2022-09-01,combined_max_sharpe,EQ_T,1.3149382161968805e-16
2022-10-03,combined_max_sharpe,EQ_T,2.5051601320926407e-17
2022-11-01,combined_max_sharpe,EQ_T,5.216962320133155e-16
2022-12-01,combined_max_sharpe,EQ_T,1.3580758218425742e-17
2023-01-03,combined_max_sharpe,EQ_T,2.1463920988161551e-16
2023-02-01,combined_max_sharpe,EQ_T,0.0
2023-03-01,combined_max_sharpe,EQ_T,0.07525335658675297
2023-04-03,combined_max_sharpe,EQ_T,0.12882781852744893
2023-05-01,combined_max_sharpe,EQ_T,8.892053988072423e-16
2023-06-01,combined_max_sharpe,EQ_T,2.1405227578732748e-17
2023-07-03,combined_max_sharpe,EQ_T,6.543076456331664e-17
2023-08-01,combined_max_sharpe,EQ_T,0.0
2023-09-01,combined_max_sharpe,EQ_T,4.261262469957387e-17
2023-10-02,combined_max_sharpe,EQ_T,0.0
2023-11-01,combined_max_sharpe,EQ_T,0.0
2023-12-01,combined_max_sharpe,EQ_T,1.0331732795241981e-16
2021-01-04,combined_max_sharpe,EQ_TMUS,0.0021453923541580604
2021-02-01,combined_max_sharpe,EQ_TMUS,8.612849799860456e-17
2021-03-01,combined_max_sharpe,EQ_TMUS,2.777636947009826e-17
2021-04-01,combined_max_sharpe,EQ_TMUS,2.0982238274007892e-17
2021-05-03,combined_max_sharpe,EQ_TMUS,0.0
2021-06-01,combined_max_sharpe,EQ_TMUS,1.2117253582986434e-17
2021-07-01,combined_max_sharpe,EQ_TMUS,0.0
2021-08-02,combined_max_sharpe,EQ_TMUS,5.762882882573727e-17
2021-09-01,combined_max_sharpe,EQ_TMUS,0.0
2021-10-01,combined_max_sharpe,EQ_TMUS,0.0
2021-11-01,combined_max_sharpe,EQ_TMUS,0.0
2021-12-01,combined_max_sharpe,EQ_TMUS,0.0
2022-01-03,combined_max_sharpe,EQ_TMUS,0.0
2022-02-01,combined_max_sharpe,EQ_TMUS,0.0
2022-03-01,combined_max_sharpe,EQ_TMUS,9.727162176976081e-17
2022-04-01,combined_max_sharpe,EQ_TMUS,9.717164633624636e-17
2022-05-02,combined_max_sharpe,EQ_TMUS,2.851972831271987e-17
2022-06-01,combined_max_sharpe,EQ_TMUS,0.0
2022-07-01,combined_max_sharpe,EQ_TMUS,0.0
2022-08-01,combined_max_sharpe,EQ_TMUS,0.0
2022-09-01,combined_max_sharpe,EQ_TMUS,9.988447264653039e-17
2022-10-03,combined_max_sharpe,EQ_TMUS,0.0
2022-11-01,combined_max_sharpe,EQ_TMUS,0.03192466014604541
2022-12-01,combined_max_sharpe,EQ_TMUS,0.04775375765822983
2023-01-03,combined_max_sharpe,EQ_TMUS,4.488923126624226e-15
2023-02-01,combined_max_sharpe,EQ_TMUS,0.17361204026225927
2023-03-01,combined_max_sharpe,EQ_TMUS,8.041229310317135e-17
2023-04-03,combined_max_sharpe,EQ_TMUS,8.132472944581179e-14
2023-05-01,combined_max_sharpe,EQ_TMUS,1.831332524440642e-15
2023-06-01,combined_max_sharpe,EQ_TMUS,2.818812663538071e-16
2023-07-03,combined_max_sharpe,EQ_TMUS,3.3677360042290655e-18
2023-08-01,combined_max_sharpe,EQ_TMUS,0.0
2023-09-01,combined_max_sharpe,EQ_TMUS,2.0830933579127755e-16
2023-10-02,combined_max_sharpe,EQ_TMUS,0.0
2023-11-01,combined_max_sharpe,EQ_TMUS,1.0565073239992174e-17
2023-12-01,combined_max_sharpe,EQ_TMUS,0.0
2021-01-04,combined_max_sharpe,EQ_TTWO,0.14561119131400158
2021-02-01,combined_max_sharpe,EQ_TTWO,0.0946843495791763
2021-03-01,combined_max_sharpe,EQ_TTWO,0.1618426038970498
2021-04-01,combined_max_sharpe,EQ_TTWO,0.03535016756770854
2021-05-03,combined_max_sharpe,EQ_TTWO,0.019461997559768008
2021-06-01,combined_max_sharpe,EQ_TTWO,0.10863923643894804
2021-07-01,combined_max_sharpe,EQ_TTWO,0.0
2021-08-02,combined_max_sharpe,EQ_TTWO,5.672795226368455e-17
2021-09-01,combined_max_sharpe,EQ_TTWO,0.0
2021-10-01,combined_max_sharpe,EQ_TTWO,5.223347141277909e-17
2021-11-01,combined_max_sharpe,EQ_TTWO,0.0
2021-12-01,combined_max_sharpe,EQ_TTWO,9.1085359572053e-17
2022-01-03,combined_max_sharpe,EQ_TTWO,1.0123282477947807e-16
2022-02-01,combined_max_sharpe,EQ_TTWO,5.0444181916812184e-17
2022-03-01,combined_max_sharpe,EQ_TTWO,4.4035610374689145e-17
2022-04-01,combined_max_sharpe,EQ_TTWO,5.157694282089488e-17
2022-05-02,combined_max_sharpe,EQ_TTWO,4.648859312861127e-17
2022-06-01,combined_max_sharpe,EQ_TTWO,0.0
2022-07-01,combined_max_sharpe,EQ_TTWO,0.0
2022-08-01,combined_max_sharpe,EQ_TTWO,1.2597019764115272e-16
2022-09-01,combined_max_sharpe,EQ_TTWO,1.3724053571068295e-18
2022-10-03,combined_max_sharpe,EQ_TTWO,0.0
2022-11-01,combined_max_sharpe,EQ_TTWO,1.1977454867266463e-16
2022-12-01,combined_max_sharpe,EQ_TTWO,4.6163591914374995e-17
2023-01-03,combined_max_sharpe,EQ_TTWO,4.755570754132993e-18
2023-02-01,combined_max_sharpe,EQ_TTWO,4.95288337385146e-19
2023-03-01,combined_max_sharpe,EQ_TTWO,5.691837026726095e-17
2023-04-03,combined_max_sharpe,EQ_TTWO,0.0
2023-05-01,combined_max_sharpe,EQ_TTWO,1.7232527600703867e-15
2023-06-01,combined_max_sharpe,EQ_TTWO,0.0
2023-07-03,combined_max_sharpe,EQ_TTWO,1.206491233014626e-16
2023-08-01,combined_max_sharpe,EQ_TTWO,0.0
2023-09-01,combined_max_sharpe,EQ_TTWO,7.568891955106048e-17
2023-10-02,combined_max_sharpe,EQ_TTWO,0.0
2023-11-01,combined_max_sharpe,EQ_TTWO,0.0
2023-12-01,combined_max_sharpe,EQ_TTWO,0.06690943817593652
2021-01-04,combined_max_sharpe,EQ_UPS,0.14156570479619718
2021-02-01,combined_max_sharpe,EQ_UPS,0.1631436393684824
2021-03-01,combined_max_sharpe,EQ_UPS,0.19999999999999898
2021-04-01,combined_max_sharpe,EQ_UPS,0.10390991049703664
2021-05-03,combined_max_sharpe,EQ_UPS,0.16495498777334308
2021-06-01,combined_max_sharpe,EQ_UPS,0.1999999999999997
2021-07-01,combined_max_sharpe,EQ_UPS,0.1190361746753015
2021-08-02,combined_max_sharpe,EQ_UPS,0.0
2021-09-01,combined_max_sharpe,EQ_UPS,2.495364598038795e-18
2021-10-01,combined_max_sharpe,EQ_UPS,5.4800482515579754e-17
2021-11-01,combined_max_sharpe,EQ_UPS,0.0
2021-12-01,combined_max_sharpe,EQ_UPS,0.0
2022-01-03,combined_max_sharpe,EQ_UPS,0.0
2022-02-01,combined_max_sharpe,EQ_UPS,0.0
2022-03-01,combined_max_sharpe,EQ_UPS,1.896813483735309e-16
2022-04-01,combined_max_sharpe,EQ_UPS,1.0263959621631605e-16
2022-05-02,combined_max_sharpe,EQ_UPS,1.5214215970138841e-16
2022-06-01,combined_max_sharpe,EQ_UPS,7.194274884441049e-17
2022-07-01,combined_max_sharpe,EQ_UPS,1.8283669147415678e-17
2022-08-01,combined_max_sharpe,EQ_UPS,8.010748777769629e-17
2022-09-01,combined_max_sharpe,EQ_UPS,0.0
2022-10-03,combined_max_sharpe,EQ_UPS,1.5216488965113977e-16
2022-11-01,combined_max_sharpe,EQ_UPS,0.0
2022-12-01,combined_max_sharpe,EQ_UPS,0.0
2023-01-03,combined_max_sharpe,EQ_UPS,1.0197865623304054e-16
2023-02-01,combined_max_sharpe,EQ_UPS,8.73757331849542e-17
2023-03-01,combined_max_sharpe,EQ_UPS,7.184344661488695e-17
2023-04-03,combined_max_sharpe,EQ_UPS,0.0
2023-05-01,combined_max_sharpe,EQ_UPS,1.6510175878902102e-15
2023-06-01,combined_max_sharpe,EQ_UPS,0.0
2023-07-03,combined_max_sharpe,EQ_UPS,6.628324205667181e-18
2023-08-01,combined_max_sharpe,EQ_UPS,0.0
2023-09-01,combined_max_sharpe,EQ_UPS,3.4419810120660716e-17
2023-10-02,combined_max_sharpe,EQ_UPS,6.168146899847324e-17
2023-11-01,combined_max_sharpe,EQ_UPS,4.993942460852664e-17
2023-12-01,combined_max_sharpe,EQ_UPS,1.9649485372713703e-17
2021-01-04,combined_max_sharpe,EQ_USB,0.0
2021-02-01,combined_max_sharpe,EQ_USB,0.0
2021-03-01,combined_max_sharpe,EQ_USB,0.0
2021-04-01,combined_max_sharpe,EQ_USB,3.636062427249655e-17
2021-05-03,combined_max_sharpe,EQ_USB,0.0
2021-06-01,combined_max_sharpe,EQ_USB,5.214888375299291e-17
2021-07-01,combined_max_sharpe,EQ_USB,5.384474797347077e-18
2021-08-02,combined_max_sharpe,EQ_USB,0.0
2021-09-01,combined_max_sharpe,EQ_USB,4.526873611821305e-16
2021-10-01,combined_max_sharpe,EQ_USB,1.9614296742049746e-17
2021-11-01,combined_max_sharpe,EQ_USB,0.0
2021-12-01,combined_max_sharpe,EQ_USB,6.551069759284236e-17
2022-01-03,combined_max_sharpe,EQ_USB,3.817568208325191e-17
2022-02-01,combined_max_sharpe,EQ_USB,0.0
2022-03-01,combined_max_sharpe,EQ_USB,5.0687128225032546e-17
2022-04-01,combined_max_sharpe,EQ_USB,0.0
2022-05-02,combined_max_sharpe,EQ_USB,3.0524964123243946e-16
2022-06-01,combined_max_sharpe,EQ_USB,1.9423997213580692e-17
2022-07-01,combined_max_sharpe,EQ_USB,0.0
2022-08-01,combined_max_sharpe,EQ_USB,0.0
2022-09-01,combined_max_sharpe,EQ_USB,9.403511602702511e-17
2022-10-03,combined_max_sharpe,EQ_USB,4.330141355678086e-18
2022-11-01,combined_max_sharpe,EQ_USB,0.0
2022-12-01,combined_max_sharpe,EQ_USB,0.0
2023-01-03,combined_max_sharpe,EQ_USB,0.0
2023-02-01,combined_max_sharpe,EQ_USB,0.0
2023-03-01,combined_max_sharpe,EQ_USB,9.411062792529385e-17
2023-04-03,combined_max_sharpe,EQ_USB,0.0
2023-05-01,combined_max_sharpe,EQ_USB,2.245444359623312e-15
2023-06-01,combined_max_sharpe,EQ_USB,9.844325849432495e-17
2023-07-03,combined_max_sharpe,EQ_USB,0.0
2023-08-01,combined_max_sharpe,EQ_USB,0.0
2023-09-01,combined_max_sharpe,EQ_USB,0.0
2023-10-02,combined_max_sharpe,EQ_USB,1.2719468675466124e-16
2023-11-01,combined_max_sharpe,EQ_USB,0.0
2023-12-01,combined_max_sharpe,EQ_USB,2.777498820725479e-17
2021-01-04,combined_max_sharpe,EQ_V,6.1437773056526165e-18
2021-02-01,combined_max_sharpe,EQ_V,0.0
2021-03-01,combined_max_sharpe,EQ_V,3.0710433017864634e-17
2021-04-01,combined_max_sharpe,EQ_V,0.0
2021-05-03,combined_max_sharpe,EQ_V,0.0
2021-06-01,combined_max_sharpe,EQ_V,1.2172941321211775e-17
2021-07-01,combined_max_sharpe,EQ_V,0.0
2021-08-02,combined_max_sharpe,EQ_V,1.8899939688411083e-16
2021-09-01,combined_max_sharpe,EQ_V,0.0
2021-10-01,combined_max_sharpe,EQ_V,3.8740784985203696e-17
2021-11-01,combined_max_sharpe,EQ_V,0.0
2021-12-01,combined_max_sharpe,EQ_V,6.172739715836638e-18
2022-01-03,combined_max_sharpe,EQ_V,2.1262626738205883e-16
2022-02-01,combined_max_sharpe,EQ_V,8.216921138742554e-17
2022-03-01,combined_max_sharpe,EQ_V,7.869337734543099e-17
2022-04-01,combined_max_sharpe,EQ_V,4.874127533294698e-17
2022-05-02,combined_max_sharpe,EQ_V,5.112336813059219e-17
2022-06-01,combined_max_sharpe,EQ_V,0.0
2022-07-01,combined_max_sharpe,EQ_V,0.0
2022-08-01,combined_max_sharpe,EQ_V,0.0
2022-09-01,combined_max_sharpe,EQ_V,0.0
2022-10-03,combined_max_sharpe,EQ_V,8.67955647053815e-17
2022-11-01,combined_max_sharpe,EQ_V,3.466744664023668e-16
2022-12-01,combined_max_sharpe,EQ_V,0.0
2023-01-03,combined_max_sharpe,EQ_V,0.0
2023-02-01,combined_max_sharpe,EQ_V,0.0
2023-03-01,combined_max_sharpe,EQ_V,0.0
2023-04-03,combined_max_sharpe,EQ_V,0.0
2023-05-01,combined_max_sharpe,EQ_V,2.2700617869449477e-15
2023-06-01,combined_max_sharpe,EQ_V,0.0
2023-07-03,combined_max_sharpe,EQ_V,5.997600666041781e-17
2023-08-01,combined_max_sharpe,EQ_V,6.80108496306979e-17
2023-09-01,combined_max_sharpe,EQ_V,3.6592493226726376e-17
2023-10-02,combined_max_sharpe,EQ_V,0.0
2023-11-01,combined_max_sharpe,EQ_V,0.0
2023-12-01,combined_max_sharpe,EQ_V,2.1382748356171944e-17
2021-01-04,combined_max_sharpe,EQ_WFC,0.0
2021-02-01,combined_max_sharpe,EQ_WFC,0.0
2021-03-01,combined_max_sharpe,EQ_WFC,2.86573736270699e-17
2021-04-01,combined_max_sharpe,EQ_WFC,8.851296261464475e-17
2021-05-03,combined_max_sharpe,EQ_WFC,0.0
2021-06-01,combined_max_sharpe,EQ_WFC,8.261562922135711e-17
2021-07-01,combined_max_sharpe,EQ_WFC,0.0
2021-08-02,combined_max_sharpe,EQ_WFC,0.0
2021-09-01,combined_max_sharpe,EQ_WFC,1.4918907503425582e-17
2021-10-01,combined_max_sharpe,EQ_WFC,0.030705381776026473
2021-11-01,combined_max_sharpe,EQ_WFC,0.09786689257886318
2021-12-01,combined_max_sharpe,EQ_WFC,0.07591354716487568
2022-01-03,combined_max_sharpe,EQ_WFC,0.024399916476766287
2022-02-01,combined_max_sharpe,EQ_WFC,0.05911076493171007
2022-03-01,combined_max_sharpe,EQ_WFC,4.727485121710022e-17
2022-04-01,combined_max_sharpe,EQ_WFC,1.619187254069896e-17
2022-05-02,combined_max_sharpe,EQ_WFC,1.9116215037323878e-16
2022-06-01,combined_max_sharpe,EQ_WFC,0.0
2022-07-01,combined_max_sharpe,EQ_WFC,0.0
2022-08-01,combined_max_sharpe,EQ_WFC,0.0
2022-09-01,combined_max_sharpe,EQ_WFC,8.345020006138008e-17
2022-10-03,combined_max_sharpe,EQ_WFC,0.0
2022-11-01,combined_max_sharpe,EQ_WFC,0.0
2022-12-01,combined_max_sharpe,EQ_WFC,5.3291685566755556e-17
2023-01-03,combined_max_sharpe,EQ_WFC,0.0
2023-02-01,combined_max_sharpe,EQ_WFC,0.0
2023-03-01,combined_max_sharpe,EQ_WFC,1.295230198862e-16
2023-04-03,combined_max_sharpe,EQ_WFC,0.0
2023-05-01,combined_max_sharpe,EQ_WFC,1.9727291223821077e-15
2023-06-01,combined_max_sharpe,EQ_WFC,0.0
2023-07-03,combined_max_sharpe,EQ_WFC,3.45745636762072e-18
2023-08-01,combined_max_sharpe,EQ_WFC,0.0
2023-09-01,combined_max_sharpe,EQ_WFC,3.7180824744783264e-17
2023-10-02,combined_max_sharpe,EQ_WFC,0.0
2023-11-01,combined_max_sharpe,EQ_WFC,0.0
2023-12-01,combined_max_sharpe,EQ_WFC,0.0
2021-01-04,combined_max_sharpe,EQ_WMT,8.795104737056831e-17
2021-02-01,combined_max_sharpe,EQ_WMT,8.407416017438465e-17
2021-03-01,combined_max_sharpe,EQ_WMT,2.9534484557174424e-17
2021-04-01,combined_max_sharpe,EQ_WMT,6.710922389893179e-17
2021-05-03,combined_max_sharpe,EQ_WMT,0.0
2021-06-01,combined_max_sharpe,EQ_WMT,1.5543394349903434e-18
2021-07-01,combined_max_sharpe,EQ_WMT,0.0
2021-08-02,combined_max_sharpe,EQ_WMT,2.3236402438475678e-17
2021-09-01,combined_max_sharpe,EQ_WMT,5.964171301651328e-17
2021-10-01,combined_max_sharpe,EQ_WMT,0.0
2021-11-01,combined_max_sharpe,EQ_WMT,0.0
2021-12-01,combined_max_sharpe,EQ_WMT,1.5912602327774472e-17
2022-01-03,combined_max_sharpe,EQ_WMT,5.71805619119675e-17
2022-02-01,combined_max_sharpe,EQ_WMT,6.598654596631037e-17
2022-03-01,combined_max_sharpe,EQ_WMT,2.0773978658213742e-17
2022-04-01,combined_max_sharpe,EQ_WMT,5.767569505371511e-17
2022-05-02,combined_max_sharpe,EQ_WMT,0.0
2022-06-01,combined_max_sharpe,EQ_WMT,0.0
2022-07-01,combined_max_sharpe,EQ_WMT,0.0
2022-08-01,combined_max_sharpe,EQ_WMT,0.0
2022-09-01,combined_max_sharpe,EQ_WMT,0.0
2022-10-03,combined_max_sharpe,EQ_WMT,7.508788166832238e-17
2022-11-01,combined_max_sharpe,EQ_WMT,1.893610652486591e-16
2022-12-01,combined_max_sharpe,EQ_WMT,7.076215709843395e-18
2023-01-03,combined_max_sharpe,EQ_WMT,1.7316651507770161e-16
2023-02-01,combined_max_sharpe,EQ_WMT,0.0
2023-03-01,combined_max_sharpe,EQ_WMT,0.04818505547169075
2023-04-03,combined_max_sharpe,EQ_WMT,0.0029037042298371276
2023-05-01,combined_max_sharpe,EQ_WMT,2.644318703038786e-16
2023-06-01,combined_max_sharpe,EQ_WMT,0.10751764425608992
2023-07-03,combined_max_sharpe,EQ_WMT,0.1999999999999992
2023-08-01,combined_max_sharpe,EQ_WMT,0.15810687150313318
2023-09-01,combined_max_sharpe,EQ_WMT,0.19999999999999912
2023-10-02,combined_max_sharpe,EQ_WMT,0.05877492705137789
2023-11-01,combined_max_sharpe,EQ_WMT,0.19999999999999912
2023-12-01,combined_max_sharpe,EQ_WMT,1.3378918879166294e-17
2021-01-04,combined_max_sharpe,EQ_XOM,0.0
2021-02-01,combined_max_sharpe,EQ_XOM,0.0
2021-03-01,combined_max_sharpe,EQ_XOM,4.8769318731289126e-17
2021-04-01,combined_max_sharpe,EQ_XOM,6.890246620326142e-17
2021-05-03,combined_max_sharpe,EQ_XOM,2.870848788398272e-18
2021-06-01,combined_max_sharpe,EQ_XOM,0.0
2021-07-01,combined_max_sharpe,EQ_XOM,0.0
2021-08-02,combined_max_sharpe,EQ_XOM,1.4376707913596822e-16
2021-09-01,combined_max_sharpe,EQ_XOM,9.63407986724793e-17
2021-10-01,combined_max_sharpe,EQ_XOM,0.0
2021-11-01,combined_max_sharpe,EQ_XOM,8.883859433821597e-17
2021-12-01,combined_max_sharpe,EQ_XOM,0.035234252989987905
2022-01-03,combined_max_sharpe,EQ_XOM,5.812808875180979e-17
2022-02-01,combined_max_sharpe,EQ_XOM,2.4468105295759e-17
2022-03-01,combined_max_sharpe,EQ_XOM,8.443306075713473e-16
2022-04-01,combined_max_sharpe,EQ_XOM,1.8555407911317017e-16
2022-05-02,combined_max_sharpe,EQ_XOM,3.788877649642686e-15
2022-06-01,combined_max_sharpe,EQ_XOM,0.0
2022-07-01,combined_max_sharpe,EQ_XOM,0.0
2022-08-01,combined_max_sharpe,EQ_XOM,0.03191631019794595
2022-09-01,combined_max_sharpe,EQ_XOM,0.08072888913971257
2022-10-03,combined_max_sharpe,EQ_XOM,0.0701880488387264
2022-11-01,combined_max_sharpe,EQ_XOM,0.199999999999995
2022-12-01,combined_max_sharpe,EQ_XOM,0.19999999999999318
2023-01-03,combined_max_sharpe,EQ_XOM,0.1999999999999984
2023-02-01,combined_max_sharpe,EQ_XOM,0.19999999999999926
2023-03-01,combined_max_sharpe,EQ_XOM,0.19999999999999876
2023-04-03,combined_max_sharpe,EQ_XOM,0.1999999999999183
2023-05-01,combined_max_sharpe,EQ_XOM,0.19999999999997847
2023-06-01,combined_max_sharpe,EQ_XOM,0.0
2023-07-03,combined_max_sharpe,EQ_XOM,1.5685345817359715e-16
2023-08-01,combined_max_sharpe,EQ_XOM,0.0
2023-09-01,combined_max_sharpe,EQ_XOM,1.7128195902356388e-16
2023-10-02,combined_max_sharpe,EQ_XOM,0.0
2023-11-01,combined_max_sharpe,EQ_XOM,1.0495085327696934e-17
2023-12-01,combined_max_sharpe,EQ_XOM,0.0
2021-01-04,combined_max_sharpe,CR_ADA-USD,2.59632254688232e-16
2021-02-01,combined_max_sharpe,CR_ADA-USD,0.0
2021-03-01,combined_max_sharpe,CR_ADA-USD,0.1490803138650382
2021-04-01,combined_max_sharpe,CR_ADA-USD,0.06226434659105037
2021-05-03,combined_max_sharpe,CR_ADA-USD,0.046747293997336146
2021-06-01,combined_max_sharpe,CR_ADA-USD,0.025938279416763615
2021-07-01,combined_max_sharpe,CR_ADA-USD,0.002990547822898667
2021-08-02,combined_max_sharpe,CR_ADA-USD,5.197214707590736e-17
2021-09-01,combined_max_sharpe,CR_ADA-USD,0.02262323677420027
2021-10-01,combined_max_sharpe,CR_ADA-USD,0.036760483671660626
2021-11-01,combined_max_sharpe,CR_ADA-USD,0.03221510405734826
2021-12-01,combined_max_sharpe,CR_ADA-USD,0.02272320517542149
2022-01-03,combined_max_sharpe,CR_ADA-USD,0.010511862206724357
2022-02-01,combined_max_sharpe,CR_ADA-USD,0.0
2022-03-01,combined_max_sharpe,CR_ADA-USD,0.0
2022-04-01,combined_max_sharpe,CR_ADA-USD,0.0
2022-05-02,combined_max_sharpe,CR_ADA-USD,6.581945882336194e-16
2022-06-01,combined_max_sharpe,CR_ADA-USD,9.998460388049183e-16
2022-07-01,combined_max_sharpe,CR_ADA-USD,0.0
2022-08-01,combined_max_sharpe,CR_ADA-USD,0.0
2022-09-01,combined_max_sharpe,CR_ADA-USD,1.5073803004339534e-15
2022-10-03,combined_max_sharpe,CR_ADA-USD,0.0
2022-11-01,combined_max_sharpe,CR_ADA-USD,0.0
2022-12-01,combined_max_sharpe,CR_ADA-USD,1.3546123202478503e-15
2023-01-03,combined_max_sharpe,CR_ADA-USD,0.0
2023-02-01,combined_max_sharpe,CR_ADA-USD,0.0
2023-03-01,combined_max_sharpe,CR_ADA-USD,5.71344866268747e-16
2023-04-03,combined_max_sharpe,CR_ADA-USD,0.0
2023-05-01,combined_max_sharpe,CR_ADA-USD,5.305524464234914e-15
2023-06-01,combined_max_sharpe,CR_ADA-USD,0.0
2023-07-03,combined_max_sharpe,CR_ADA-USD,0.0
2023-08-01,combined_max_sharpe,CR_ADA-USD,1.0764193040904366e-16
2023-09-01,combined_max_sharpe,CR_ADA-USD,0.0
2023-10-02,combined_max_sharpe,CR_ADA-USD,3.607104433423133e-16
2023-11-01,combined_max_sharpe,CR_ADA-USD,2.4837666185109033e-16
2023-12-01,combined_max_sharpe,CR_ADA-USD,6.259487659843523e-17
2021-01-04,combined_max_sharpe,CR_BCH-USD,0.0
2021-02-01,combined_max_sharpe,CR_BCH-USD,0.0
2021-03-01,combined_max_sharpe,CR_BCH-USD,1.1700228120013269e-16
2021-04-01,combined_max_sharpe,CR_BCH-USD,5.74692362645979e-17
2021-05-03,combined_max_sharpe,CR_BCH-USD,0.0
2021-06-01,combined_max_sharpe,CR_BCH-USD,1.2910623164385703e-16
2021-07-01,combined_max_sharpe,CR_BCH-USD,3.7559510081077406e-16
2021-08-02,combined_max_sharpe,CR_BCH-USD,6.28703097476733e-17
2021-09-01,combined_max_sharpe,CR_BCH-USD,1.3802458167747336e-16
2021-10-01,combined_max_sharpe,CR_BCH-USD,1.2176300088091933e-16
2021-11-01,combined_max_sharpe,CR_BCH-USD,3.868171817820807e-16
2021-12-01,combined_max_sharpe,CR_BCH-USD,0.0
2022-01-03,combined_max_sharpe,CR_BCH-USD,5.948016327012239e-17
2022-02-01,combined_max_sharpe,CR_BCH-USD,0.0
2022-03-01,combined_max_sharpe,CR_BCH-USD,1.9755043439620934e-16
2022-04-01,combined_max_sharpe,CR_BCH-USD,8.126023593422281e-17
2022-05-02,combined_max_sharpe,CR_BCH-USD,2.5973914119443837e-16
2022-06-01,combined_max_sharpe,CR_BCH-USD,5.592467069377399e-16
2022-07-01,combined_max_sharpe,CR_BCH-USD,0.0
2022-08-01,combined_max_sharpe,CR_BCH-USD,3.677488137360709e-16
2022-09-01,combined_max_sharpe,CR_BCH-USD,7.360217545257829e-16
2022-10-03,combined_max_sharpe,CR_BCH-USD,2.9791874371723944e-16
2022-11-01,combined_max_sharpe,CR_BCH-USD,0.0
2022-12-01,combined_max_sharpe,CR_BCH-USD,5.036741460399602e-16
2023-01-03,combined_max_sharpe,CR_BCH-USD,0.0
2023-02-01,combined_max_sharpe,CR_BCH-USD,0.0
2023-03-01,combined_max_sharpe,CR_BCH-USD,2.808927490674502e-17
2023-04-03,combined_max_sharpe,CR_BCH-USD,0.0
2023-05-01,combined_max_sharpe,CR_BCH-USD,4.607124562741788e-15
2023-06-01,combined_max_sharpe,CR_BCH-USD,0.0
2023-07-03,combined_max_sharpe,CR_BCH-USD,0.06887813400384296
2023-08-01,combined_max_sharpe,CR_BCH-USD,0.03879948782335227
2023-09-01,combined_max_sharpe,CR_BCH-USD,0.03785512903422745
2023-10-02,combined_max_sharpe,CR_BCH-USD,0.05818874955966532
2023-11-01,combined_max_sharpe,CR_BCH-USD,0.07994306445807564
2023-12-01,combined_max_sharpe,CR_BCH-USD,0.05573044271752004
2021-01-04,combined_max_sharpe,CR_BTC-USD,0.19999999999999907
2021-02-01,combined_max_sharpe,CR_BTC-USD,0.19999999999999796
2021-03-01,combined_max_sharpe,CR_BTC-USD,0.1999999999999997
2021-04-01,combined_max_sharpe,CR_BTC-USD,0.1999999999999995
2021-05-03,combined_max_sharpe,CR_BTC-USD,0.14271752985057612
2021-06-01,combined_max_sharpe,CR_BTC-USD,0.02241660531432325
2021-07-01,combined_max_sharpe,CR_BTC-USD,0.01783776231013475
2021-08-02,combined_max_sharpe,CR_BTC-USD,0.028133663737297043
2021-09-01,combined_max_sharpe,CR_BTC-USD,0.020596317691640234
2021-10-01,combined_max_sharpe,CR_BTC-USD,0.017900730814185205
2021-11-01,combined_max_sharpe,CR_BTC-USD,0.0008028339774144348
2021-12-01,combined_max_sharpe,CR_BTC-USD,1.3746483998654436e-17
2022-01-03,combined_max_sharpe,CR_BTC-USD,0.0
2022-02-01,combined_max_sharpe,CR_BTC-USD,0.0
2022-03-01,combined_max_sharpe,CR_BTC-USD,8.979612694328396e-18
2022-04-01,combined_max_sharpe,CR_BTC-USD,0.0
2022-05-02,combined_max_sharpe,CR_BTC-USD,2.4649002674904217e-16
2022-06-01,combined_max_sharpe,CR_BTC-USD,2.58691104171827e-16
2022-07-01,combined_max_sharpe,CR_BTC-USD,0.0
2022-08-01,combined_max_sharpe,CR_BTC-USD,0.0
2022-09-01,combined_max_sharpe,CR_BTC-USD,5.024160602618522e-16
2022-10-03,combined_max_sharpe,CR_BTC-USD,1.4713231077573102e-16
2022-11-01,combined_max_sharpe,CR_BTC-USD,0.0
2022-12-01,combined_max_sharpe,CR_BTC-USD,7.347618317655802e-16
2023-01-03,combined_max_sharpe,CR_BTC-USD,4.0027807481467963e-17
2023-02-01,combined_max_sharpe,CR_BTC-USD,0.0
2023-03-01,combined_max_sharpe,CR_BTC-USD,0.0
2023-04-03,combined_max_sharpe,CR_BTC-USD,0.0
2023-05-01,combined_max_sharpe,CR_BTC-USD,3.384905520935196e-15
2023-06-01,combined_max_sharpe,CR_BTC-USD,0.0
2023-07-03,combined_max_sharpe,CR_BTC-USD,0.0
2023-08-01,combined_max_sharpe,CR_BTC-USD,2.912208828973992e-17
2023-09-01,combined_max_sharpe,CR_BTC-USD,2.794041062678031e-17
2023-10-02,combined_max_sharpe,CR_BTC-USD,0.0
2023-11-01,combined_max_sharpe,CR_BTC-USD,7.261507992503477e-18
2023-12-01,combined_max_sharpe,CR_BTC-USD,0.10344004477750247
2021-01-04,combined_max_sharpe,CR_EOS-USD,0.0
2021-02-01,combined_max_sharpe,CR_EOS-USD,0.0
2021-03-01,combined_max_sharpe,CR_EOS-USD,0.0
2021-04-01,combined_max_sharpe,CR_EOS-USD,0.0
2021-05-03,combined_max_sharpe,CR_EOS-USD,9.464728682446227e-18
2021-06-01,combined_max_sharpe,CR_EOS-USD,0.0
2021-07-01,combined_max_sharpe,CR_EOS-USD,0.0
2021-08-02,combined_max_sharpe,CR_EOS-USD,4.5115738868100955e-17
2021-09-01,combined_max_sharpe,CR_EOS-USD,3.4700596200833276e-16
2021-10-01,combined_max_sharpe,CR_EOS-USD,0.0
2021-11-01,combined_max_sharpe,CR_EOS-USD,1.505531881484228e-16
2021-12-01,combined_max_sharpe,CR_EOS-USD,0.0
2022-01-03,combined_max_sharpe,CR_EOS-USD,1.2956164308813128e-16
2022-02-01,combined_max_sharpe,CR_EOS-USD,0.0
2022-03-01,combined_max_sharpe,CR_EOS-USD,0.0
2022-04-01,combined_max_sharpe,CR_EOS-USD,0.0
2022-05-02,combined_max_sharpe,CR_EOS-USD,2.0901871735892537e-16
2022-06-01,combined_max_sharpe,CR_EOS-USD,7.405972304209319e-16
2022-07-01,combined_max_sharpe,CR_EOS-USD,0.0
2022-08-01,combined_max_sharpe,CR_EOS-USD,3.480756992411762e-17
2022-09-01,combined_max_sharpe,CR_EOS-USD,2.503369823117302e-16
2022-10-03,combined_max_sharpe,CR_EOS-USD,3.560821303085465e-16
2022-11-01,combined_max_sharpe,CR_EOS-USD,0.0
2022-12-01,combined_max_sharpe,CR_EOS-USD,3.464602323673608e-16
2023-01-03,combined_max_sharpe,CR_EOS-USD,0.0
2023-02-01,combined_max_sharpe,CR_EOS-USD,0.0
2023-03-01,combined_max_sharpe,CR_EOS-USD,1.1700948085536555e-16
2023-04-03,combined_max_sharpe,CR_EOS-USD,0.0
2023-05-01,combined_max_sharpe,CR_EOS-USD,4.432055466124931e-15
2023-06-01,combined_max_sharpe,CR_EOS-USD,8.560721533251486e-17
2023-07-03,combined_max_sharpe,CR_EOS-USD,0.0
2023-08-01,combined_max_sharpe,CR_EOS-USD,1.1573548903873611e-16
2023-09-01,combined_max_sharpe,CR_EOS-USD,1.6735891863434976e-16
2023-10-02,combined_max_sharpe,CR_EOS-USD,1.3787825045265315e-16
2023-11-01,combined_max_sharpe,CR_EOS-USD,2.168253949138246e-17
2023-12-01,combined_max_sharpe,CR_EOS-USD,0.0
2021-01-04,combined_max_sharpe,CR_ETC-USD,0.0
2021-02-01,combined_max_sharpe,CR_ETC-USD,0.0
2021-03-01,combined_max_sharpe,CR_ETC-USD,3.598429321206976e-17
2021-04-01,combined_max_sharpe,CR_ETC-USD,0.0
2021-05-03,combined_max_sharpe,CR_ETC-USD,0.0
2021-06-01,combined_max_sharpe,CR_ETC-USD,0.03209279444280929
2021-07-01,combined_max_sharpe,CR_ETC-USD,0.02205045048021238
2021-08-02,combined_max_sharpe,CR_ETC-USD,0.012397946516358954
2021-09-01,combined_max_sharpe,CR_ETC-USD,0.010796840814461778
2021-10-01,combined_max_sharpe,CR_ETC-USD,0.013123604944159414
2021-11-01,combined_max_sharpe,CR_ETC-USD,0.0030543787508099073
2021-12-01,combined_max_sharpe,CR_ETC-USD,0.002253986102880052
2022-01-03,combined_max_sharpe,CR_ETC-USD,0.007510717837319044
2022-02-01,combined_max_sharpe,CR_ETC-USD,0.015988287470101753
2022-03-01,combined_max_sharpe,CR_ETC-USD,0.020550623441146502
2022-04-01,combined_max_sharpe,CR_ETC-USD,0.017952213934919057
2022-05-02,combined_max_sharpe,CR_ETC-USD,0.0
2022-06-01,combined_max_sharpe,CR_ETC-USD,3.7011916424675026e-17
2022-07-01,combined_max_sharpe,CR_ETC-USD,0.0
2022-08-01,combined_max_sharpe,CR_ETC-USD,0.0
2022-09-01,combined_max_sharpe,CR_ETC-USD,1.6922021099284333e-16
2022-10-03,combined_max_sharpe,CR_ETC-USD,0.0
2022-11-01,combined_max_sharpe,CR_ETC-USD,0.0
2022-12-01,combined_max_sharpe,CR_ETC-USD,3.6777675654477003e-16
2023-01-03,combined_max_sharpe,CR_ETC-USD,0.0
2023-02-01,combined_max_sharpe,CR_ETC-USD,1.6587753601672064e-16
2023-03-01,combined_max_sharpe,CR_ETC-USD,0.0
2023-04-03,combined_max_sharpe,CR_ETC-USD,0.0
2023-05-01,combined_max_sharpe,CR_ETC-USD,4.922352628964939e-15
2023-06-01,combined_max_sharpe,CR_ETC-USD,2.8417693739910314e-16
2023-07-03,combined_max_sharpe,CR_ETC-USD,0.0
2023-08-01,combined_max_sharpe,CR_ETC-USD,0.0
2023-09-01,combined_max_sharpe,CR_ETC-USD,0.0
2023-10-02,combined_max_sharpe,CR_ETC-USD,9.559155331163588e-17
2023-11-01,combined_max_sharpe,CR_ETC-USD,0.0
2023-12-01,combined_max_sharpe,CR_ETC-USD,0.0
2021-01-04,combined_max_sharpe,CR_ETH-USD,0.1786942187686572
2021-02-01,combined_max_sharpe,CR_ETH-USD,0.05045981847346512
2021-03-01,combined_max_sharpe,CR_ETH-USD,5.966408445964183e-16
2021-04-01,combined_max_sharpe,CR_ETH-USD,0.0
2021-05-03,combined_max_sharpe,CR_ETH-USD,0.0
2021-06-01,combined_max_sharpe,CR_ETH-USD,0.011286971677585647
2021-07-01,combined_max_sharpe,CR_ETH-USD,0.0
2021-08-02,combined_max_sharpe,CR_ETH-USD,1.130573079394585e-16
2021-09-01,combined_max_sharpe,CR_ETH-USD,5.809762328872282e-17
2021-10-01,combined_max_sharpe,CR_ETH-USD,9.970560172363134e-17
2021-11-01,combined_max_sharpe,CR_ETH-USD,0.0
2021-12-01,combined_max_sharpe,CR_ETH-USD,1.6608194338989237e-16
2022-01-03,combined_max_sharpe,CR_ETH-USD,1.3819732480648551e-16
2022-02-01,combined_max_sharpe,CR_ETH-USD,0.0
2022-03-01,combined_max_sharpe,CR_ETH-USD,0.0
2022-04-01,combined_max_sharpe,CR_ETH-USD,0.0
2022-05-02,combined_max_sharpe,CR_ETH-USD,1.8207793293667025e-16
2022-06-01,combined_max_sharpe,CR_ETH-USD,1.3059189200052806e-16
2022-07-01,combined_max_sharpe,CR_ETH-USD,0.0
2022-08-01,combined_max_sharpe,CR_ETH-USD,0.0
2022-09-01,combined_max_sharpe,CR_ETH-USD,2.0146927327254337e-16
2022-10-03,combined_max_sharpe,CR_ETH-USD,3.1146923758554695e-17
2022-11-01,combined_max_sharpe,CR_ETH-USD,0.0
2022-12-01,combined_max_sharpe,CR_ETH-USD,8.96069179240871e-16
2023-01-03,combined_max_sharpe,CR_ETH-USD,0.0
2023-02-01,combined_max_sharpe,CR_ETH-USD,0.0
2023-03-01,combined_max_sharpe,CR_ETH-USD,1.0668247893275706e-16
2023-04-03,combined_max_sharpe,CR_ETH-USD,0.0
2023-05-01,combined_max_sharpe,CR_ETH-USD,4.440862399255645e-15
2023-06-01,combined_max_sharpe,CR_ETH-USD,5.237975393806401e-17
2023-07-03,combined_max_sharpe,CR_ETH-USD,0.0
2023-08-01,combined_max_sharpe,CR_ETH-USD,0.0
2023-09-01,combined_max_sharpe,CR_ETH-USD,0.0
2023-10-02,combined_max_sharpe,CR_ETH-USD,1.250271786834657e-16
2023-11-01,combined_max_sharpe,CR_ETH-USD,9.154084562543559e-17
2023-12-01,combined_max_sharpe,CR_ETH-USD,4.835869760890761e-17
2021-01-04,combined_max_sharpe,CR_LTC-USD,0.0
2021-02-01,combined_max_sharpe,CR_LTC-USD,0.0
2021-03-01,combined_max_sharpe,CR_LTC-USD,1.5285377039414256e-16
2021-04-01,combined_max_sharpe,CR_LTC-USD,0.0
2021-05-03,combined_max_sharpe,CR_LTC-USD,0.0
2021-06-01,combined_max_sharpe,CR_LTC-USD,0.0
2021-07-01,combined_max_sharpe,CR_LTC-USD,0.0
2021-08-02,combined_max_sharpe,CR_LTC-USD,0.0
2021-09-01,combined_max_sharpe,CR_LTC-USD,3.498586221889883e-17
2021-10-01,combined_max_sharpe,CR_LTC-USD,0.0
2021-11-01,combined_max_sharpe,CR_LTC-USD,0.0
2021-12-01,combined_max_sharpe,CR_LTC-USD,0.0
2022-01-03,combined_max_sharpe,CR_LTC-USD,4.1741640095907535e-17
2022-02-01,combined_max_sharpe,CR_LTC-USD,0.0
2022-03-01,combined_max_sharpe,CR_LTC-USD,0.0
2022-04-01,combined_max_sharpe,CR_LTC-USD,0.0
2022-05-02,combined_max_sharpe,CR_LTC-USD,4.589647849237693e-16
2022-06-01,combined_max_sharpe,CR_LTC-USD,0.0
2022-07-01,combined_max_sharpe,CR_LTC-USD,0.0
2022-08-01,combined_max_sharpe,CR_LTC-USD,9.218135518122843e-17
2022-09-01,combined_max_sharpe,CR_LTC-USD,3.9874961654526984e-16
2022-10-03,combined_max_sharpe,CR_LTC-USD,2.7714347027992884e-17
2022-11-01,combined_max_sharpe,CR_LTC-USD,0.0
2022-12-01,combined_max_sharpe,CR_LTC-USD,2.1506991652079906e-16
2023-01-03,combined_max_sharpe,CR_LTC-USD,0.0
2023-02-01,combined_max_sharpe,CR_LTC-USD,1.8169953328071225e-16
2023-03-01,combined_max_sharpe,CR_LTC-USD,1.9218122182689016e-16
2023-04-03,combined_max_sharpe,CR_LTC-USD,0.0
2023-05-01,combined_max_sharpe,CR_LTC-USD,3.5797536029677854e-15
2023-06-01,combined_max_sharpe,CR_LTC-USD,0.0
2023-07-03,combined_max_sharpe,CR_LTC-USD,0.0
2023-08-01,combined_max_sharpe,CR_LTC-USD,1.65137288510277e-16
2023-09-01,combined_max_sharpe,CR_LTC-USD,2.3075106653352944e-17
2023-10-02,combined_max_sharpe,CR_LTC-USD,9.90743274076104e-17
2023-11-01,combined_max_sharpe,CR_LTC-USD,0.0
2023-12-01,combined_max_sharpe,CR_LTC-USD,0.0
2021-01-04,combined_max_sharpe,CR_TRX-USD,0.0
2021-02-01,combined_max_sharpe,CR_TRX-USD,0.0
2021-03-01,combined_max_sharpe,CR_TRX-USD,1.819553513070654e-16
2021-04-01,combined_max_sharpe,CR_TRX-USD,0.05363204585070551
2021-05-03,combined_max_sharpe,CR_TRX-USD,0.02668336718972479
2021-06-01,combined_max_sharpe,CR_TRX-USD,0.0037155441868500683
2021-07-01,combined_max_sharpe,CR_TRX-USD,0.011038576724820557
2021-08-02,combined_max_sharpe,CR_TRX-USD,0.011449926566487353
2021-09-01,combined_max_sharpe,CR_TRX-USD,0.006785144719008416
2021-10-01,combined_max_sharpe,CR_TRX-USD,4.656508174192941e-17
2021-11-01,combined_max_sharpe,CR_TRX-USD,0.0
2021-12-01,combined_max_sharpe,CR_TRX-USD,0.0
2022-01-03,combined_max_sharpe,CR_TRX-USD,1.3125369485890182e-17
2022-02-01,combined_max_sharpe,CR_TRX-USD,0.0
2022-03-01,combined_max_sharpe,CR_TRX-USD,1.4385481574067174e-16
2022-04-01,combined_max_sharpe,CR_TRX-USD,0.0
2022-05-02,combined_max_sharpe,CR_TRX-USD,6.12635092168103e-16
2022-06-01,combined_max_sharpe,CR_TRX-USD,1.0289358484197609e-17
2022-07-01,combined_max_sharpe,CR_TRX-USD,0.0
2022-08-01,combined_max_sharpe,CR_TRX-USD,0.0
2022-09-01,combined_max_sharpe,CR_TRX-USD,5.576772389586225e-16
2022-10-03,combined_max_sharpe,CR_TRX-USD,7.657031634045159e-17
2022-11-01,combined_max_sharpe,CR_TRX-USD,0.0
2022-12-01,combined_max_sharpe,CR_TRX-USD,3.240366589159331e-16
2023-01-03,combined_max_sharpe,CR_TRX-USD,0.0
2023-02-01,combined_max_sharpe,CR_TRX-USD,6.674165300387922e-17
2023-03-01,combined_max_sharpe,CR_TRX-USD,0.0
2023-04-03,combined_max_sharpe,CR_TRX-USD,0.0
2023-05-01,combined_max_sharpe,CR_TRX-USD,2.8233808298799886e-15
2023-06-01,combined_max_sharpe,CR_TRX-USD,4.7330749358158803e-17
2023-07-03,combined_max_sharpe,CR_TRX-USD,0.0
2023-08-01,combined_max_sharpe,CR_TRX-USD,4.730584391911581e-17
2023-09-01,combined_max_sharpe,CR_TRX-USD,0.0
2023-10-02,combined_max_sharpe,CR_TRX-USD,0.0
2023-11-01,combined_max_sharpe,CR_TRX-USD,0.0
2023-12-01,combined_max_sharpe,CR_TRX-USD,6.435085002899413e-17
2021-01-04,combined_max_sharpe,CR_XLM-USD,0.08941244950017467
2021-02-01,combined_max_sharpe,CR_XLM-USD,0.1799732104018372
2021-03-01,combined_max_sharpe,CR_XLM-USD,0.061146103869775585
2021-04-01,combined_max_sharpe,CR_XLM-USD,0.0
2021-05-03,combined_max_sharpe,CR_XLM-USD,2.1805462863509917e-16
2021-06-01,combined_max_sharpe,CR_XLM-USD,1.2490569102238068e-17
2021-07-01,combined_max_sharpe,CR_XLM-USD,0.0
2021-08-02,combined_max_sharpe,CR_XLM-USD,1.2405253599905252e-16
2021-09-01,combined_max_sharpe,CR_XLM-USD,8.447721638525578e-17
2021-10-01,combined_max_sharpe,CR_XLM-USD,0.0
2021-11-01,combined_max_sharpe,CR_XLM-USD,1.9118460312550267e-16
2021-12-01,combined_max_sharpe,CR_XLM-USD,0.0
2022-01-03,combined_max_sharpe,CR_XLM-USD,8.59378577602692e-17
2022-02-01,combined_max_sharpe,CR_XLM-USD,6.30327706505151e-17
2022-03-01,combined_max_sharpe,CR_XLM-USD,0.0
2022-04-01,combined_max_sharpe,CR_XLM-USD,0.0
2022-05-02,combined_max_sharpe,CR_XLM-USD,7.668666635501037e-16
2022-06-01,combined_max_sharpe,CR_XLM-USD,2.872434318261661e-16
2022-07-01,combined_max_sharpe,CR_XLM-USD,0.0
2022-08-01,combined_max_sharpe,CR_XLM-USD,9.351592732655788e-17
2022-09-01,combined_max_sharpe,CR_XLM-USD,0.0
2022-10-03,combined_max_sharpe,CR_XLM-USD,1.7248574370525243e-17
2022-11-01,combined_max_sharpe,CR_XLM-USD,0.0
2022-12-01,combined_max_sharpe,CR_XLM-USD,8.739963943180103e-16
2023-01-03,combined_max_sharpe,CR_XLM-USD,0.0
2023-02-01,combined_max_sharpe,CR_XLM-USD,0.0
2023-03-01,combined_max_sharpe,CR_XLM-USD,2.956671538220573e-17
2023-04-03,combined_max_sharpe,CR_XLM-USD,0.0
2023-05-01,combined_max_sharpe,CR_XLM-USD,3.9059201327339514e-15
2023-06-01,combined_max_sharpe,CR_XLM-USD,1.8206441569007818e-16
2023-07-03,combined_max_sharpe,CR_XLM-USD,0.0
2023-08-01,combined_max_sharpe,CR_XLM-USD,2.2098106788504505e-17
2023-09-01,combined_max_sharpe,CR_XLM-USD,0.0
2023-10-02,combined_max_sharpe,CR_XLM-USD,0.0
2023-11-01,combined_max_sharpe,CR_XLM-USD,0.0
2023-12-01,combined_max_sharpe,CR_XLM-USD,9.791303545281288e-17
2021-01-04,combined_max_sharpe,CR_XRP-USD,0.0
2021-02-01,combined_max_sharpe,CR_XRP-USD,0.0
2021-03-01,combined_max_sharpe,CR_XRP-USD,2.2499781607347415e-17
2021-04-01,combined_max_sharpe,CR_XRP-USD,0.0
2021-05-03,combined_max_sharpe,CR_XRP-USD,0.0
2021-06-01,combined_max_sharpe,CR_XRP-USD,0.0
2021-07-01,combined_max_sharpe,CR_XRP-USD,0.0
2021-08-02,combined_max_sharpe,CR_XRP-USD,1.9896906186072357e-16
2021-09-01,combined_max_sharpe,CR_XRP-USD,0.0
2021-10-01,combined_max_sharpe,CR_XRP-USD,4.675952114604809e-17
2021-11-01,combined_max_sharpe,CR_XRP-USD,1.2407106575542604e-16
2021-12-01,combined_max_sharpe,CR_XRP-USD,0.0
2022-01-03,combined_max_sharpe,CR_XRP-USD,0.0
2022-02-01,combined_max_sharpe,CR_XRP-USD,0.0
2022-03-01,combined_max_sharpe,CR_XRP-USD,3.321798594263812e-16
2022-04-01,combined_max_sharpe,CR_XRP-USD,3.031137187370609e-17
2022-05-02,combined_max_sharpe,CR_XRP-USD,5.631701717113644e-16
2022-06-01,combined_max_sharpe,CR_XRP-USD,1.7720544430313988e-16
2022-07-01,combined_max_sharpe,CR_XRP-USD,0.0
2022-08-01,combined_max_sharpe,CR_XRP-USD,0.0
2022-09-01,combined_max_sharpe,CR_XRP-USD,4.5514579666377793e-17
2022-10-03,combined_max_sharpe,CR_XRP-USD,3.7067617229244117e-16
2022-11-01,combined_max_sharpe,CR_XRP-USD,0.0
2022-12-01,combined_max_sharpe,CR_XRP-USD,2.898044050368199e-16
2023-01-03,combined_max_sharpe,CR_XRP-USD,0.0
2023-02-01,combined_max_sharpe,CR_XRP-USD,1.0797550948459701e-16
2023-03-01,combined_max_sharpe,CR_XRP-USD,1.099718117138716e-16
2023-04-03,combined_max_sharpe,CR_XRP-USD,0.0
2023-05-01,combined_max_sharpe,CR_XRP-USD,1.1795717915766009e-14
2023-06-01,combined_max_sharpe,CR_XRP-USD,0.11672654317848802
2023-07-03,combined_max_sharpe,CR_XRP-USD,0.040265333485132976
2023-08-01,combined_max_sharpe,CR_XRP-USD,0.05530509958410217
2023-09-01,combined_max_sharpe,CR_XRP-USD,0.0337086860588376
2023-10-02,combined_max_sharpe,CR_XRP-USD,0.0030997073402275837
2023-11-01,combined_max_sharpe,CR_XRP-USD,0.013023611469263284
2023-12-01,combined_max_sharpe,CR_XRP-USD,0.0
