date,equity_equal_weight,equity_min_variance,equity_risk_parity,equity_max_sharpe,crypto_equal_weight,crypto_min_variance,crypto_risk_parity,crypto_max_sharpe,combined_equal_weight,combined_min_variance,combined_risk_parity,combined_max_sharpe
2020-09-10,,,,,0.018982136927113667,0.01234844035911875,0.01849492759720328,0.02148462377386167,,,,
2020-09-11,,,,,0.0068067435248405864,0.010494268702576715,0.007057650759568841,0.012688766760258268,,,,
2020-09-12,,,,,0.011090582583458797,0.008713591934927096,0.010703489589061818,0.0048872244335463515,,,,
2020-09-13,,,,,-0.039131846641066184,-0.03963873320583005,-0.03832765269345959,-0.04189569393846329,,,,
2020-09-14,,,,,0.01765462423132048,0.016018759349751263,0.017848014646958676,0.01747155470119537,,,,
2020-09-15,,,,,-0.015605700937015578,-0.02167236362116731,-0.015571761567341703,-0.033392994526046584,,,,
2020-09-16,,,,,-0.0041022401119938726,0.0011000312567592033,-0.002752925265002779,-0.005238927708220774,,,,
2020-09-17,,,,,0.021438464804721127,0.017959393782079253,0.020627705284332665,0.03053217961767062,,,,
2020-09-18,,,,,-0.005838497929824605,-0.0021284247111156996,-0.005596787306305578,-0.007002425284781701,,,,
2020-09-19,,,,,-7.131241537610122e-05,-0.001422987238071159,0.00024310449723475848,-0.003047832921677576,,,,
2020-09-20,,,,,-0.02487133959672372,-0.02304727107780416,-0.02434769740187034,-0.02505125429015464,,,,
2020-09-21,,,,,-0.06832505032234804,-0.06722287017147502,-0.06757054055859596,-0.07651749256867668,,,,
2020-09-22,,,,,0.015771074341430973,0.012542653895829772,0.015142279333162013,0.010336091392634915,,,,
2020-09-23,,,,,-0.04339267405569573,-0.03685988022177896,-0.04287286884764253,-0.045071708796430014,,,,
2020-09-24,,,,,0.05168941928065285,0.0478738841953549,0.05141276147147039,0.06240000951364864,,,,
2020-09-25,,,,,0.03294130092428595,0.028584962502099312,0.03179951409299089,0.0531803921019618,,,,
2020-09-26,,,,,0.011785647065008889,0.00392611050745258,0.01104332958317367,-0.000279371423424113,,,,
2020-09-27,,,,,0.008200574789262439,-0.004729716460016432,0.0069867224831664815,0.00697728106370055,,,,
2020-09-28,,,,,-0.0068911536360515184,-0.006439233288607249,-0.006676939810378992,-0.005267177854813807,,,,
2020-09-29,,,,,0.0076413735138250675,0.007069016908357611,0.007671091430898938,0.007694631527867467,,,,
2020-09-30,,,,,-0.0014347919521085386,0.0004614444156141959,-0.0015000893838931803,-0.0012317232528530346,,,,
2020-10-01,,,,,-0.015215988184475627,-0.014190285312141811,-0.015135544304733189,-0.02109726136060017,,,,
2020-10-02,,,,,-0.021891144641811848,-0.016328871860110287,-0.020969711471532048,-0.017991830395267975,,,,
2020-10-03,,,,,0.004360856473343322,0.005384868009944666,0.004136609661032536,0.009914508918469919,,,,
2020-10-04,,,,,0.01790188760050092,0.021692052639374036,0.018445312379041158,0.011716765148586883,,,,
2020-10-05,,,,,0.003591528393123089,0.004004456159497307,0.0038944616661190368,0.007478165423213265,,,,
2020-10-06,,,,,-0.009626353837821833,-0.012805900935341459,-0.009628449065889829,-0.029664547633018606,,,,
2020-10-07,,,,,0.0024881630094607645,0.003925410202431768,0.0025920004418022013,0.002580975604755385,,,,
2020-10-08,,,,,0.015037245037404369,0.012256564262318925,0.014814049545632856,0.018600414617594336,,,,
2020-10-09,,,,,0.023432526373623766,0.016713270129821933,0.022449829153493996,0.03309344454413509,,,,
2020-10-10,,,,,0.01344768307528349,0.015929557890622028,0.013469814684982505,0.02027012157076031,,,,
2020-10-11,,,,,0.01185566818473901,0.011895631239266876,0.01150918312711081,0.007050101071570379,,,,
2020-10-12,,,,,0.011390327435422478,0.00806012069865694,0.010998456016286996,0.02210500208411998,,,,
2020-10-13,,,,,-0.004764471088864997,-0.011932517024086655,-0.0051760425885515595,-0.013378872266226775,,,,
2020-10-14,,,,,-0.005807592202763257,-0.01033959342901517,-0.0062635528204297965,-0.00880002878136019,,,,
2020-10-15,,,,,-0.0048135694737722725,-0.0058431177934816685,-0.004768546151760568,-0.003979120918950629,,,,
2020-10-16,,,,,-0.018634310332511863,-0.0078439597616933,-0.017692475406428623,-0.007194009312051011,,,,
2020-10-17,,,,,0.004269494322044054,0.007172593856562864,0.004428854834954234,0.01421269280897603,,,,
2020-10-18,,,,,0.007325791861006193,0.0011403542988920354,0.006867263716126255,0.005401548405474664,,,,
2020-10-19,,,,,0.014997380707444354,0.02329676954691905,0.015800369852213808,0.021563531068412706,,,,
2020-10-20,,,,,-0.022213425468937426,-0.014822876600092698,-0.020730583410692328,-0.023115569870038752,,,,
2020-10-21,,,,,0.054879308116212576,0.05998620393639887,0.05494956754570123,0.047481145009049014,,,,
2020-10-22,,,,,0.027849155101306214,0.020402355742931543,0.026825981182332745,0.027466638100271275,,,,
2020-10-23,,,,,-0.007714060513975308,-0.006612692823623518,-0.007612079381844744,-0.01304699376686051,,,,
2020-10-24,,,,,0.01576710172702136,0.022392201841024528,0.015812900257587168,0.01063782101397397,,,,
2020-10-25,,,,,-0.008168543358127035,-0.010348217107536932,-0.00820339620977302,-0.013609515348973585,,,,
2020-10-26,,,,,-0.022532438611657046,-0.016629633229217098,-0.021522942921977272,-0.01817656320639014,,,,
2020-10-27,,,,,0.015420105915731463,0.018687657157874685,0.016251788423364215,0.0171818971872228,,,,
2020-10-28,,,,,-0.023111708865827422,-0.02918220856908106,-0.023411949229571013,-0.02936777153055582,,,,
2020-10-29,,,,,-0.008184334694409667,-0.005504228365196085,-0.00755378938635787,-0.011348944234587455,,,,
2020-10-30,,,,,-0.018665028500040506,-0.012366575066092574,-0.017797048331598952,-0.012918787534043281,,,,
2020-10-31,,,,,0.00840713084179785,0.012813578501284617,0.008720139007244903,0.008255866977756751,,,,
2020-11-01,,,,,0.009479899135041459,-0.0007942227851165771,0.008220431346760787,0.017204760190863626,,,,
2020-11-02,,,,,-0.036532688866251925,-0.03200243976847177,-0.03548583063151309,-0.0389498174940208,,,,
2020-11-03,,,,,-0.0032994927041297695,0.0024047396549535657,-0.0023118167043898086,0.009961947442932,,,,
2020-11-04,,,,,0.004323697240461588,-0.0018704608136673434,0.0037730272254757617,0.010565002411460562,,,,
2020-11-05,,,,,0.0487911580871629,0.058445779413578966,0.05038008810550134,0.05110061472139353,,,,
2020-11-06,,,,,0.05615329796816909,0.037997128766945346,0.05359558692449008,0.06249355313644793,,,,
2020-11-07,,,,,-0.043483015895242116,-0.0433517704542853,-0.04327465365326047,-0.05087266199249818,,,,
2020-11-08,,,,,0.03323301025025742,0.024638941924763298,0.03258964172050854,0.035643124602515106,,,,
2020-11-09,,,,,-0.019588407856058886,-0.018360095488502627,-0.019324112952700187,-0.017407926820418702,,,,
2020-11-10,,,,,0.0004896625641006123,0.005746382153908408,0.0006923282664443797,0.0037260427304346803,,,,
2020-11-11,,,,,0.01014343767748017,0.00949179830162682,0.010440259734594594,0.015205819887958856,,,,
2020-11-12,,,,,0.0005386886858012805,0.0023196999191243337,0.0013426997195576096,0.002763270153465757,,,,
2020-11-13,,,,,0.028636976284083973,0.02360300488428473,0.0283582380371243,0.017838643639788345,,,,
2020-11-14,,,,,-0.015612969029313563,-0.009759905875084263,-0.014883812174982398,-0.017778361094491914,,,,
2020-11-15,,,,,-0.016525656529147482,-0.0032060721897141306,-0.015238306586316525,-0.0143177185134942,,,,
2020-11-16,,,,,0.046549892129067176,0.03964749502679081,0.04676038083894958,0.02744531211291624,,,,
2020-11-17,,,,,0.05204232760453974,0.05755858157159247,0.052437078506066666,0.04777007967866337,,,,
2020-11-18,,,,,-0.009936278849795133,-0.0005749548450437693,-0.009412761432339543,-0.007442053345148936,,,,
2020-11-19,,,,,0.005675267946849406,-0.001610583665015244,0.006052596821670614,-0.011047910393583287,,,,
2020-11-20,,,,,0.05302752846407591,0.04615072496631761,0.05220097360872917,0.0626584862962927,,,,
2020-11-21,,,,,0.1439562303086774,0.17438453506135446,0.14656243957192314,0.11718369401851358,,,,
2020-11-22,,,,,-0.026762371648331815,-0.04478935914752174,-0.028513713566351406,-0.001810509975705199,,,,
2020-11-23,,,,,0.12948090591086447,0.1673392655270503,0.1330263251332655,0.10310952638307994,,,,
2020-11-24,,,,,0.1091031730000655,0.17224160172457692,0.11180074613717195,0.14408193226703694,,,,
2020-11-25,,,,,-0.05342953924272913,-0.03826593044136424,-0.05244281858486468,-0.039817305136948034,,,,
2020-11-26,,,,,-0.12392013507113164,-0.12738097850165325,-0.12416140515090628,-0.10762909151363459,,,,
2020-11-27,,,,,0.023913509429615957,0.05588413812576798,0.025451443506783016,0.04920127729436707,,,,
2020-11-28,,,,,0.052537475236027725,0.037205459806693486,0.05154243517018801,0.050121569543479176,,,,
2020-11-29,,,,,0.019677655309619617,-0.002531110423350384,0.018081289018943177,0.017143238860714,,,,
2020-11-30,,,,,0.07097510416991822,0.06596891038152662,0.07161166203334447,0.05377971906528528,,,,
2020-12-01,,,,,-0.06797176128702298,-0.06101346123545283,-0.0659861445516394,-0.06669952626549122,,,,
2020-12-02,,,,,0.021074602338575277,0.023032358197939504,0.02133404775393578,0.018235970950388605,,,,
2020-12-03,,,,,0.015067967051520881,0.019019487395880247,0.015630875704516836,0.016619977736275278,,,,
2020-12-04,,,,,-0.08152350861517088,-0.06877654857260224,-0.07822719513913845,-0.08442264753892237,,,,
2020-12-05,,,,,0.04423828287639083,0.03546787813527296,0.04232682212720742,0.049046855413318505,,,,
2020-12-06,,,,,0.00936906866071846,0.0029158366471220077,0.00870915474400313,0.015418362122838355,,,,
2020-12-07,,,,,-0.015699276533872188,-0.009382408022763912,-0.01457316915813656,-0.02241362898235601,,,,
2020-12-08,,,,,-0.07034257497418472,-0.06338592731118117,-0.06849057419144955,-0.0735060809275057,,,,
2020-12-09,,,,,0.03684153008369283,0.022893075174536863,0.034116394531742276,0.051263325288984925,,,,
2020-12-10,,,,,-0.027883689824153537,-0.02219622346991983,-0.026567586795490032,-0.03222967572822121,,,,
2020-12-11,,,,,-0.02693740816192984,-0.018437392317410286,-0.025236775895356833,-0.028861917694646327,,,,
2020-12-12,,,,,0.027620339836630235,0.0362223360557856,0.028959525554924884,0.02690506929365901,,,,
2020-12-13,,,,,0.04034339937304879,0.02994535469662135,0.037940837748988245,0.04586313624143427,,,,
2020-12-14,,,,,-0.004087447267204858,-0.0020011041489238325,-0.0034902745212819137,-0.0038588151710417773,,,,
2020-12-15,,,,,-0.0036798828565478784,0.0069043780631213095,-0.0019086643360873802,-0.011683028304488856,,,,
2020-12-16,,,,,0.10546735210971075,0.0854586322936276,0.1026562303246693,0.11203544841857103,,,,
2020-12-17,,,,,0.009888917234906036,0.021428935980058707,0.0137388175071023,0.006265820459176386,,,,
2020-12-18,,,,,0.015155018381917906,0.016605208867733902,0.015286319394769399,0.010516546790987819,,,,
2020-12-19,,,,,0.013790445494300928,0.02296655834782838,0.015540783374016716,0.003559667311988514,,,,
2020-12-20,,,,,-0.0055759793954341386,0.001076354513989495,-0.005315875666135778,-0.02293623761583708,,,,
2020-12-21,,,,,-0.06155292567046387,-0.057693441499452894,-0.05972996491516944,-0.05135959411889189,,,,
2020-12-22,,,,,0.0029169318350360084,0.018502200545759982,0.00632265523094434,-0.0008437686932088392,,,,
2020-12-23,,,,,-0.16479064545891137,-0.12460068570496709,-0.1542627031388691,-0.15127721602011665,,,,
2020-12-24,,,,,0.13088720446010557,0.08984528537811975,0.12109748349733812,0.13442942996266344,,,,
2020-12-25,,,,,0.02590357313179433,0.04451063310707935,0.028695568562024466,0.006298344024647286,,,,
2020-12-26,,,,,-0.0021636567802180593,0.013535630923747642,0.0027022891391776053,-0.0004152112770769139,,,,
2020-12-27,,,,,0.010300683386022622,0.017782422942869407,0.010803146673872943,0.005519664396805062,,,,
2020-12-28,,,,,0.02698218602791696,0.02979782652446199,0.027485626122220254,0.03551167522236205,,,,
2020-12-29,,,,,-0.021987362638587374,-0.02570417022606794,-0.02121662844813143,-0.006374715808987635,,,,
2020-12-30,,,,,-0.00791083225521614,0.005632072101429903,-0.0036231737552624797,-0.008874736871587774,,,,
2020-12-31,,,,,-0.010734631048652776,-0.010142595678520818,-0.009923468421788754,-0.0061843741557009585,,,,
2021-01-01,,,,,0.011329133285298942,0.002800032993911772,0.009464752613188373,-0.002751962138236391,,,,
2021-01-02,,,,,0.02072716260525204,0.04043048745100603,0.02916018533398404,0.052096184477757906,,,,
2021-01-03,,,,,0.11625440576667893,0.12932377632281733,0.1140787550866926,0.13766789141921765,,,,
2021-01-04,-0.013701064199660195,0.0027191770894721312,-0.011905939089692156,-0.0030642842788547175,0.04516079223322002,0.027384787287787173,0.03681195763139292,0.030669150564191564,-0.003890754794180156,0.0027183092621871565,-0.005491585728967234,0.02660328515095233
2021-01-05,0.012674408604811128,0.0012830428180634816,0.008925434665857325,0.006508369333771854,0.04535021621589661,0.022358987743084105,0.04323211342157537,0.045351178660304144,0.018120376539992038,0.0012830247825508373,0.012951141573721587,0.04166172857772317
2021-01-06,0.013264430714510807,0.00586400456475599,0.010374289769888835,-0.010627271618318742,0.17477270939392503,0.08054798957228365,0.1534907257057737,0.12176457735422262,0.040182477161079845,0.00586347228911752,0.02902526333750579,0.09774516624122012
2021-01-07,0.009679796812702828,0.0066711105181483325,0.008791691342859287,0.01977848975848683,0.01246324314431502,0.005882409647210418,0.011724326379492615,0.0016914175938075615,0.010143704534638191,0.006671236190918766,0.009462914846461614,0.017668886936921726
2021-01-08,0.0028657693620504293,-0.002270044656984285,0.0028944474698255744,-0.0032905028979552694,-0.007003682538939726,-0.007530967294417909,-0.004079933874845803,0.012050095284754574,0.0012208607118854053,-0.0022699435126379763,0.0017895501773503987,-0.0015407789475083713
2021-01-09,,,,,0.08814075491705675,0.10396933761330134,0.08505209618558215,0.051415661071240015,,,,
2021-01-10,,,,,-0.02676059395587328,0.007468765637786509,-0.024190212404902055,-0.04297111570853895,,,,
2021-01-11,-8.806647741709244e-05,0.00013154103286891602,-0.0010633249669295798,-0.001136328171129149,-0.12870502230789244,-0.1394749569098558,-0.12843467345053697,-0.1222625038709848,-0.02152422578249631,0.00013166692380622844,-0.01606228715595675,-0.04351051773353489
2021-01-12,0.003012843574414888,0.0008359833489446114,-0.0004123690740174571,-0.012421462783200795,-0.01873015718865717,-0.03747110336127269,-0.023502608595099853,-0.021566650005773878,-0.0006109898860971216,0.0008358710728495731,-0.0026516503603917474,-0.01676117257027502
2021-01-13,8.70916577731952e-05,-0.0014393795903437279,0.0002506431860574669,-0.0003587867690059569,0.0823859488799264,0.08300188085910906,0.0841455908604257,0.08912232825311905,0.013803567861465397,-0.0014394213991562967,0.010015389501438998,0.04083718269737875
2021-01-14,0.003088648294878565,0.003980682824988487,0.001839360712365441,-0.00943084164674117,0.01972143296946164,0.03738567336849021,0.024218370273219186,0.028592733155883475,0.005860779073975744,0.0039806074227064945,0.004153710058190447,0.02185739542263835
2021-01-15,-0.010835450462099168,-0.004653896884822231,-0.007383761281465507,-0.01019515951079492,-0.03879468771114989,-0.03456575637424404,-0.039145375926631344,-0.03673702889234182,-0.015495323336940946,-0.004653727207638267,-0.011062555134449785,-0.033278936800849646
2021-01-16,,,,,0.026781295053940557,0.014938849378109648,0.022965590345783903,0.04253303974206106,,,,
2021-01-17,,,,,0.002929735952032664,-0.010458910285006617,0.00031699058663957574,0.010383736142249463,,,,
2021-01-18,,,,,0.025718389419126575,0.030247004700157516,0.02670986162825047,0.027930023676544104,,,,
2021-01-19,0.00728379663203324,0.010365938927652649,0.007032163656899501,0.008693378945708383,0.009387901143479227,0.014629497672584863,0.00830533326048798,0.011382115996681121,0.007634480717274238,0.010365649891807074,0.007223657458564189,0.013369306683688964
2021-01-20,0.00797222209594991,0.015271813031710291,0.010026981269983767,0.026437188738576995,-0.00588969894780378,-0.005949467721383327,-0.006626022371824368,-0.0052927934918314086,0.00566190192199096,0.015271691347163448,0.007974482393470416,0.012079069741632096
2021-01-21,-0.00735487307514049,-0.009447078488992209,-0.006309967238977783,-0.0002775850333305715,-0.12997330223040066,-0.13019692177512107,-0.13018033961494893,-0.143974996652913,-0.027791277934350513,-0.00944692472599744,-0.020840703738360736,-0.0735558470932637
2021-01-22,-0.0028008371292316974,-0.000831575225005925,-0.0024163003889292566,-0.006711965742106046,0.060561232008807364,0.05989716917445346,0.06129901061261738,0.07786367630707808,0.007759507727108147,-0.0008314772633495332,0.004919370409232731,0.034804734905823725
2021-01-23,,,,,-0.002104304596237205,-0.0038711989434436545,-0.003517407362220343,-0.0043713684143551895,,,,
2021-01-24,,,,,0.02788878387300729,0.0413054027009048,0.02845763676197641,0.043288305135064716,,,,
2021-01-25,0.0019324605381932263,0.003664527307516206,0.0031329649734977883,0.0025165985401361243,-0.022128620741430138,-0.01880517983113422,-0.020377224539188124,-0.02367435324812457,-0.002077719675077335,0.0036645594911965075,0.00033544811013759784,-0.009896223206364692
2021-01-26,-0.005039220682649926,-0.00218000277588862,-0.0036894076478279072,-0.008224805922659069,-0.002506439651979331,0.0014337036736557492,-0.0018275376795806654,0.0021690227023326097,-0.004617090510871492,-0.0021796547487783246,-0.0035498387814634448,0.0003935316730450326
2021-01-27,-0.02581577840422142,-0.021147597759009956,-0.025340534578340203,-0.039122791371042055,-0.07433293275748028,-0.06952986068621075,-0.07327365434872853,-0.07226364483127153,-0.033901970796431244,-0.02114704129806197,-0.030911375230474727,-0.05105542216919242
2021-01-28,0.01064321496244822,0.0009634688412478576,0.0094602162771428,0.017465214750417363,0.09385199353492835,0.07960759486113266,0.09188540986706997,0.0807943046126372,0.024511344724528244,0.0009631695025655631,0.019249426984141012,0.057654845906730603
2021-01-29,-0.014793783126670682,-0.009883386938793204,-0.012522869606591106,-0.00582838862634863,0.02826646477641599,0.036731854834185215,0.02857387417069201,0.04024607527546401,-0.0076170751428229,-0.009883575434959812,-0.007521956674269834,0.009828320809041764
2021-01-30,,,,,0.07294494996215131,-0.003430128490110001,0.052834107030063804,-0.002396715098671193,,,,
2021-01-31,,,,,-0.016892319482285013,-0.02741857681709503,-0.020350318683966882,-0.03395260857884418,,,,
2021-02-01,0.008517686014717273,0.0011157863850779976,0.007717024844528341,0.0031817684067992446,0.018638160220836718,0.031286753043571265,0.020371393145044568,0.044797642338281846,0.010204431715737181,0.0011158948167060542,0.008653455604703613,0.019847491163217303
2021-02-02,0.01747388970615294,0.006338365582020611,0.015503736699340001,0.02306719615700427,0.04105192217355689,0.03760779878072791,0.042088076362823496,0.060472275562353274,0.02140356178405361,0.006338431195076083,0.01818239030102318,0.03671567118434584
2021-02-03,0.0019027846101926735,-0.0026348746767465873,-0.0017125008312594836,-0.012081054014665934,0.0470529366919517,0.04526102076559145,0.04791138005049698,0.059408454753485516,0.009427809957152509,-0.002634238356297207,0.0039588717243986375,0.014530313079643515
2021-02-04,0.009138734300265726,0.0021149410136935384,0.007252512610880813,-0.007455065556902264,-0.01763156392605623,-0.028573846497134982,-0.020060491037799243,-0.022786513361298534,0.004677017929212065,0.0021157751876391792,0.004469798543535806,-0.011820947129178635
2021-02-05,0.006317001689045663,0.01477241352096419,0.0078720021914145,0.0037863848493194592,0.08420520824667656,0.08207125311828384,0.08109107376254236,0.09413563377960432,0.019298369448650807,0.01477261011307377,0.01638311186247676,0.03115928796596585
2021-02-06,,,,,0.02224549467936311,-0.004761616972236227,0.018554624841869725,0.03654046272452261,,,,
2021-02-07,,,,,-0.0031776159818694078,-0.0002606430370088657,-0.004298732856025606,0.0004987849042530001,,,,
2021-02-08,0.013036997474039067,0.003113115317931019,0.009968097266412344,0.021720714160624464,0.08091486208561834,0.0974842594213144,0.09107275150765162,0.09693197687933497,0.024349974909302272,0.0031131110784249293,0.018482591786442792,0.0634659537087346
2021-02-09,-0.0027438667563593655,-0.0011451038555268989,-0.0027920067529802737,-0.018972197972277775,0.06552021148361524,0.08525710314362926,0.06597718410230173,0.042554534902577906,0.008633479616969735,-0.0011451191269521493,0.005352861087857875,-0.0029904635527417535
2021-02-10,0.0014557026145883103,-0.006907367665954206,7.661476189982011e-06,-0.00045411176061270345,0.04281518400419214,0.007433145373327299,0.03304501097034696,0.062103276395703816,0.008348949512855613,-0.006907606974044334,0.00436515193929246,0.004774412564224608
2021-02-11,-0.0010303835566599063,-0.005050707232391665,-0.0012917592622214108,-0.000733571889666717,0.07786914577868172,0.11132780522744345,0.08226596067997069,0.060623207633578535,0.012119537999230363,-0.00505078232930578,0.008169401066522692,0.03217141724611092
2021-02-12,0.004467629428637099,0.004286604798694697,0.003938492764541447,0.0036361290908255607,0.05428926109808539,0.013036847846608808,0.043145839800056485,0.03154169313110704,0.012771234706878482,0.004286516867971763,0.009302013420447312,0.02941013665945045
2021-02-13,,,,,0.09582165507240964,0.12198191196750886,0.09568316076707149,0.02767152126164952,,,,
2021-02-14,,,,,-0.029392275423807516,-0.028901431609261525,-0.024116328760408434,-0.031960916672821735,,,,
2021-02-15,,,,,-0.0442129748696292,-0.0578736156407353,-0.04419745090704308,-0.026246178978593562,,,,
2021-02-16,0.0005560289992204569,-0.00975925341257539,-0.00294803807345397,-0.005771222597164799,-0.0022474451004349414,0.00533444178173942,0.0011860628428695431,0.009597439158424294,8.878331594455735e-05,-0.009759223734058587,-0.0027827621577980275,0.002094539131826921
2021-02-17,0.002470031678470779,0.006639133639566776,0.0026022327944029075,-0.011674300569626189,0.04211707838283616,0.04419095610292654,0.04419883221198192,0.0452667542868906,0.009077872795865008,0.00663917377562359,0.007280063502660939,0.010052329406226876
2021-02-18,-0.005919355778125218,-0.009279991701586386,-0.004428577833204159,-0.0003072870984090104,0.0029177062460999047,0.010802947618492483,0.00282032840919109,0.013124969667402694,-0.0044465121074210336,-0.009280008346297055,-0.003500356486713906,0.0015199466076203244
2021-02-19,0.0011058595895655544,-0.0076408463391160145,-0.001934911848587832,-0.002111436870285971,0.04897981498578349,0.06348748043063145,0.052978568612524334,0.047805457159390996,0.009084852155601876,-0.007640573059803764,0.004164359804296176,0.021355175990790523
2021-02-20,,,,,-0.017299540561226037,-0.031347863167674614,-0.01753730034909941,0.018674182258111374,,,,
2021-02-21,,,,,0.024297174916646205,0.028817883575170043,0.02455776408878542,0.01057890835900643,,,,
2021-02-22,0.002141918707192052,0.0016936542909289278,0.00016957135008839987,-0.01636059822723911,-0.0628095634120048,-0.08252241758800885,-0.06627463595056038,-0.053813515440657995,-0.00868332831267409,0.0016938341171851337,-0.007064498624655293,-0.034688979878482656
2021-02-23,0.0002474703381477858,-0.006791562518712277,-0.0008570548095623988,-0.011748416652403114,-0.1578836306811806,-0.1543452242725078,-0.15415471252686225,-0.13630357092416082,-0.02610771316507361,-0.006791377384520397,-0.018821020368650652,-0.06387710416655533
2021-02-24,0.014576435503532905,-0.00042167478743371825,0.009602374896965042,0.015214601815257455,0.03967004054777338,0.03835096025962653,0.03852640414475715,0.04846622773777196,0.01875870301090632,-0.0004214201109498324,0.012942169152308128,0.02047479280212206
2021-02-25,-0.018364899811465808,-0.008993412613283487,-0.016106682209825352,-0.030278791100563033,-0.05295585849293988,-0.06640007697985476,-0.05386440664014857,-0.042677000281584165,-0.024130059591711488,-0.008993719307745812,-0.020415985387482318,-0.048628802308917224
2021-02-26,-0.012928311779984663,-0.017512769356797377,-0.013233939052213952,0.0028273670607648093,0.0024429722756437833,-0.01846523744253666,-0.0025296753098903078,0.01995923214465676,-0.010366431104046593,-0.0175123152918847,-0.011916715590049207,0.008021672027583374
2021-02-27,,,,,0.030875544497424058,0.021594703509880582,0.026250600200570774,0.030140001622215695,,,,
2021-02-28,,,,,-0.04371588305482724,-0.04078982011752835,-0.04139850720118185,-0.03066615766953567,,,,
2021-03-01,0.019963326496913788,0.008954479770244125,0.01804118808710722,0.018187696156553988,0.06607202453353705,0.06607202453353705,0.06881974265285053,0.06072714222699271,0.027648109503017656,0.008954489376090934,0.02348829785630711,0.0330281292269157
2021-03-02,-0.002791341663546041,0.005124485275292266,-0.001593042079433525,-0.009201174642201307,-0.016013865689389763,-0.016013865689389763,-0.016697898840682485,-0.028220260385539184,-0.004995095667853328,0.005124472997336216,-0.003139826290745883,-0.016568454063174694
2021-03-03,-0.00703708544492842,-0.013164847654112731,-0.009710073942703594,-0.02357213999940831,0.03318617359233237,0.03318617359233237,0.03544356969193276,0.035941443191538955,-0.00033320893871828473,-0.01316485532195282,-0.004591123816693745,-0.0033260751084055753
2021-03-04,-0.007899217627752662,-0.0028668017875568773,-0.008170543184707668,-0.02127532031325339,-0.015426510631809486,-0.015426510631809486,-0.01697542184831298,-0.02708717709001647,-0.009153766461762136,-0.002866793972919715,-0.00869842174759458,-0.03227028723772897
2021-03-05,0.017580768996769726,0.015330112061232064,0.017050535603636584,0.01335292315800366,-0.008545836651957895,-0.008545836651957895,-0.006925933405036793,0.004125617833803518,0.01322633472198179,0.015330112482155722,0.01420083988133779,0.016442966824007695
2021-03-06,,,,,0.009728254619080622,0.009728254619080622,0.010219494960911927,0.010723191200118096,,,,
2021-03-07,,,,,0.028383768233542828,0.028383768233542828,0.030393338428779407,0.030784054666721603,,,,
2021-03-08,0.0018204582191550921,-0.005211318089592264,0.0002427956662925369,-0.026086400291983235,0.017667051426591484,0.017667051426591484,0.018704201473868257,0.01984612997642195,0.0044615570870611574,-0.005211329185410382,0.0024108847250888603,-0.011741148878783308
2021-03-09,0.0073186245017265615,0.007242851325736552,0.008575463221900212,0.023507651370945425,0.04293290972022339,0.04293290972022339,0.04293162972647893,0.04001351275100335,0.013254338704809366,0.007242852830823993,0.012221161788197805,0.031618121175914775
2021-03-10,0.009821255768227703,0.009290862770278845,0.008231176648130325,0.0010101335558447802,-0.028226124243624442,-0.028226124243624442,-0.024103466821592003,-0.0250660762916549,0.0034800257662523444,0.00929086541090553,0.004328432502539788,-0.005455998191591368
2021-03-11,0.005296440739070051,-0.0002982486739367007,0.004835309190439225,0.02040736419457506,0.0023940473055714564,0.0023940473055714564,0.005348839076008624,0.006949276616088552,0.004812708500153618,-0.0002982678650765162,0.004564862397602096,0.013535960545829895
2021-03-12,0.007082392417840364,0.005024140593769221,0.0062081618917843,0.006045248669438646,-0.020080210825309995,-0.020080210825309995,-0.018471257719564444,-0.017995217675633463,0.002555291877315302,0.005024128472596307,0.003418932665921352,-0.01060351832162581
2021-03-13,,,,,0.07880501646479615,0.07880501646479615,0.07911952029999109,0.060969199119225846,,,,
2021-03-14,,,,,-0.04799197369537732,-0.04799197369537732,-0.04679026775882758,-0.037083177195934056,,,,
2021-03-15,0.005841980012247008,0.013781932726025282,0.007799599332841374,0.0023666762156429413,-0.03623773511569324,-0.03623773511569324,-0.03814248631639873,-0.034954720855887515,-0.0011713058424096992,0.013781962889780047,0.0029006221705815613,-0.02064558204168493
2021-03-16,-0.00020791992646234747,0.005241149093348604,0.002380629899211429,0.00208446022234888,0.04313253655506745,0.04313253655506745,0.04021017032081338,0.052889908031155695,0.007015489487125953,0.005241145693560406,0.006673881974896459,0.03667625990680788
2021-03-17,0.0021785532396102385,-0.01028985408502858,-3.8191028349850503e-05,-0.00022721410172976182,0.03066081182372897,0.03066081182372897,0.031085545286268536,0.04527095393508179,0.006925596336963362,-0.010289887390173268,0.0033544150312025275,0.022361489847292734
2021-03-18,-0.013475213399477744,-0.007808637170982629,-0.011656736340574562,-0.016711865801052824,-0.02291498038891239,-0.02291498038891239,-0.022697842905313154,-0.03765128705794677,-0.015048507897716848,-0.007808663884126957,-0.012679862002040866,-0.024035886157236216
2021-03-19,-0.004686513277944682,-0.00249706009013151,-0.003937308103944602,-0.0015506451761253509,0.019194399500747632,0.019194399500747632,0.020275757798355297,0.033143358887327036,-0.0007063611481626293,-0.0024970554522446937,-0.0013510571006778817,0.00912514439878345
2021-03-20,,,,,0.01827007279656291,0.01827007279656291,0.015324557157499924,-0.003874579354796847,,,,
2021-03-21,,,,,-0.016144502509962688,-0.016144502509962688,-0.014801136098415274,-0.007490793895153543,,,,
2021-03-22,0.005873122338467356,0.009902424403231278,0.007160746130180481,0.01188368298532469,-0.02999483570511283,-0.02999483570511283,-0.03344782088072873,-0.051903865165249044,-0.00010487066879600628,0.009902450853418987,0.0029623678830825845,-0.015638065577617877
2021-03-23,-0.008100983457706074,0.00023634972776481094,-0.005716118159120955,-0.010865351215146738,0.007114226187603334,0.007114226187603334,0.006411697653496891,-0.0003266987397010023,-0.005565115183487839,0.00023634928656687072,-0.004291636794286824,-0.0021510595453810887
2021-03-24,-0.0033054256888003205,-0.006576195089998742,-0.004625124750909634,-0.0120022054920202,-0.0667762833825415,-0.0667762833825415,-0.06321165603742199,-0.04827260380876468,-0.013883901971090516,-0.006576223587579397,-0.011413783648649992,-0.02178518114519062
2021-03-25,0.007122806063378128,0.002564731077647825,0.005897564502097353,0.0042302360468276685,-0.0010923526180134256,-0.0010923526180134256,-0.0033318941234252303,-0.0038894974262131416,0.005753612949812869,0.002564726161953556,0.005062701520212357,0.0052319192418740085
2021-03-26,0.019635042704920395,0.017387622684421154,0.019462191265569372,0.024483796570271363,0.08749287264445914,0.08749287264445914,0.08754605744334738,0.09062509232386959,0.03094468102817685,0.01738762115435742,0.027188306421309122,0.04768511563131247
2021-03-27,,,,,-0.008717834840823146,-0.008717834840823146,-0.006624679977013102,-0.004918973559951579,,,,
2021-03-28,,,,,0.004100426246299149,0.004100426246299149,0.00265412986288197,0.001985086043223409,,,,
2021-03-29,0.001102290935636236,0.01090974519505992,0.003434390768585627,0.0043985248795507595,0.037739657887588596,0.037739657887588596,0.03817532333070203,0.03591791105073798,0.00720851876096163,0.010909752896707228,0.007279094585364588,0.011893536502540145
2021-03-30,-0.003326924065019589,-0.009056313377964378,-0.005087702076609576,0.0002970529038993024,0.013383750136438468,0.013383750136438468,0.014729928522732793,0.013379712521364147,-0.0005418116981099119,-0.00905631443143217,-0.0030013623638075622,0.006434725490443734
2021-03-31,-0.0009145486313490105,0.001550571064913161,-0.00029367793576180913,0.007822259298765606,0.06639746310842415,0.06639746310842415,0.06926762959633462,0.07505174398650086,0.010304119991946515,0.0015505881662603671,0.007678444468579749,-0.0004161120617693664
2021-04-01,0.011919235422437927,0.00840325281422078,0.01116235929196805,0.008386872775222055,0.028439295434994006,0.010697874528868234,0.025069747029527453,-0.002023354934272471,0.014672578757863942,0.00720361329576414,0.012254172674314563,0.0020543308439742447
2021-04-02,,,,,0.053509068979526064,0.054278995680902956,0.05119637650960006,0.04397897379558273,,,,
2021-04-03,,,,,-0.050500959073344384,-0.03196952138848487,-0.04730010714328876,-0.013170141455781185,,,,
2021-04-04,,,,,0.08008234444670534,0.08625869636640883,0.0780975984079751,0.07737008220231367,,,,
2021-04-05,0.005203894475596236,0.011279243481023373,0.00813793785608715,0.002714820649223287,0.1124723293949645,0.05914605471118526,0.09782145573361099,0.05375543038256672,0.023081966962157616,0.011795041415974976,0.016988530119289264,0.004825020762242798
2021-04-06,0.000311781422257147,0.0002827320916914939,0.0005194002726441204,-0.0002143875188608546,0.034239733482870995,0.015814873368159118,0.02860476252261163,0.00840087534201749,0.005966440099026121,-0.0009605443895604443,0.0032117669436487416,-0.005129721924299301
2021-04-07,-0.0009843279076349229,-0.0007725930062742551,-0.0012197301135486306,-0.003114210320913588,-0.07683383516515306,-0.056042448183628905,-0.07185579745824981,-0.07699422702883094,-0.013625912450554611,-0.0021995256926977905,-0.007894181389075123,-0.019268708224309324
2021-04-08,-0.00125898675424055,-0.00031599897937618237,-0.001059127247967179,0.002435784128751687,0.06650800161559935,0.0611126860708832,0.06405826224741472,0.06412569324596626,0.010035511307399434,0.0013709321449514205,0.005163555127027966,0.02019098400947988
2021-04-09,0.002570252431860107,0.003696349219214639,0.002703307064843051,0.00574677848616007,-0.026439087808186844,-0.024249036995907743,-0.02463471917291903,-0.021019077071630223,-0.002264637608147718,0.0029661257784102226,2.1556464276606304e-05,0.0008938183119893816
2021-04-10,,,,,0.1020844027159667,0.07371980371785868,0.09279627865654572,0.07287756090508016,,,,
2021-04-11,,,,,0.01134172738606192,0.0016627466186774024,0.009755630105766303,0.0038337131064912207,,,,
2021-04-12,-0.0004073299999306901,0.0013707533076199423,3.952481566599201e-05,0.002896188891631959,0.0011626642882354276,0.0015928844075451154,0.00017000874382889792,0.015369168707394718,-0.00014566428523633715,0.0021739782727611965,0.00030118502151505486,0.007140480952769732
2021-04-13,0.0017323719424837069,0.00228230488587729,0.0028783489441317218,-0.003404331763463352,0.10969981126458485,0.09555845031529893,0.10498507115762354,0.09411380833063736,0.0197269451628339,0.004015642600733228,0.01262230027245025,0.023265750815051844
2021-04-14,0.003358111298976988,-0.002726458656277074,0.00036181729620459184,0.0006102485599910332,0.02628859256885361,0.019307373523224473,0.024952426315392434,0.017374680733978687,0.00717985817728976,-0.0032191043441760214,0.0026365656606966333,-0.002285200677987896
2021-04-15,0.009449393897939496,0.007355741110719314,0.011190788017929745,0.008296457818270021,0.060911491093833904,0.08725774845630023,0.06126729015825705,0.0464160205881685,0.01802641009725522,0.009289254909500687,0.016283558650376055,0.01681436037736541
2021-04-16,0.002841443813238727,0.0017462136538175439,0.0032185577317514415,-0.0012986154866058582,0.050656624114549645,0.04026102739027684,0.048545337658157196,-0.01903757777722414,0.010810640530123875,0.0014670529424297921,0.007883931323797309,-0.012138783176937007
2021-04-17,,,,,-0.03176555482050418,-0.023663060040376688,-0.030842123069324278,-0.02291548209729127,,,,
2021-04-18,,,,,-0.07403361917153414,-0.07021703731501115,-0.07326340140604676,-0.07868529961426991,,,,
2021-04-19,-0.003529347591823395,-0.0008869561686895483,-0.003689432035748659,-0.0016767772266030657,-0.06293211235912946,-0.05435191954463277,-0.05887092245560958,-0.04749024592385102,-0.013429808386374404,-0.0019944322261138143,-0.008962595412633506,-0.008825236466821842
2021-04-20,-0.008747199313497125,0.005621841117763321,-0.004044210423074655,-0.01097447461749024,0.03341952255413645,0.029277410468967664,0.031532822830292996,0.03590785073093605,-0.0017194123355581915,0.005948346820183236,-0.0007389722666351779,0.001399223708337574
2021-04-21,0.01074810100907438,0.004960839776860076,0.008323873826151173,0.01040983601224474,-0.04142399100162268,-0.03616047506600349,-0.040496335321735105,-0.03520167871180462,0.002052752340624871,0.003874085973985169,0.0036833978005208533,-0.007247549885840987
2021-04-22,-0.009628306971395238,0.001183746327847291,-0.007717685610397714,-0.011539132506623338,-0.04904992826934679,-0.03194544516711335,-0.04641588799801679,-0.04480883094021249,-0.01619857718772049,-0.00037641281167685904,-0.011478734328244991,-0.022587809621700164
2021-04-23,0.008856224632086745,0.0026260900684026353,0.006824100812255755,0.010180853858689274,-0.016415494666891482,-0.017930319219205758,-0.016895696642856815,-0.012521842979255456,0.004644271415590371,0.002586100445086875,0.0047090446839593856,0.007428917375356874
2021-04-24,,,,,-0.06806209030471672,-0.06058053017462992,-0.06471385196267089,-0.053627268592366724,,,,
2021-04-25,,,,,-0.009028471809759443,-0.0024224730030286954,-0.00882063407526262,-0.0011838392651721402,,,,
2021-04-26,0.0010310242022457843,-0.006475183648160071,-0.0008714275747133732,0.0059066099027870415,0.15086850243841626,0.13084487341516318,0.14466943746439578,0.13112592939227985,0.026003937241607527,-0.00416843115338832,0.012899290011941218,0.037809238729988606
2021-04-27,0.0010263258205212857,-0.005165668888376833,-0.0002668124935756083,0.00773530402565222,0.0428384009368606,0.043045751712916504,0.04170027783957095,0.04860855517694399,0.007995005006577837,-0.0040965589882447665,0.0037044676360782035,0.02239669976028836
2021-04-28,0.0005173149641775312,-0.0001875056535575428,-0.001421335867310555,0.0046302168680767575,0.0015703408166000024,0.006191639254071519,0.002226364035091085,0.0026089299650532676,0.0006928192729146098,-0.0004475830059272558,-0.0012883254716747196,0.004058528699960909
2021-04-29,0.008854898351562737,0.008216534049171626,0.008008771269581647,0.008498506929846487,-0.010431513593727104,-0.010372055717299057,-0.011494628355965476,-0.010218713446105771,0.005640496360681097,0.008130670186045342,0.006285434033068211,-0.0001540932898237917
2021-04-30,-0.006729647523317545,-0.0013220765573490514,-0.004591844056729352,-0.00590676114641594,0.07615810292228212,0.06089441081727826,0.0748128247229409,0.058293129245199034,0.007084977550949065,-3.212949549519737e-05,0.003026686741540931,0.01813178567301173
2021-05-01,,,,,0.03980355255574375,0.03980355255574375,0.03794510312123555,0.0507888888954899,,,,
2021-05-02,,,,,-0.014599904851997027,-0.014599904851997027,-0.015201459793186989,-0.015303820069413335,,,,
2021-05-03,0.0074376449481444815,0.00794131228876802,0.006389161469911935,0.0060152658337411236,0.05547610251981762,0.05547610251981762,0.05727767471037591,0.06945947741193903,0.01544405454342334,0.008372301935396698,0.010412172252210238,0.012396376522474876
2021-05-04,-0.002314237599044821,-0.004500079114940417,-0.0036541850688612773,0.002311870300719436,-0.0223198060480419,-0.0223198060480419,-0.022147264736014704,-0.007074298295496691,-0.005648499007211002,-0.0057655193397373565,-0.004846925669537343,-0.011083294480265701
2021-05-05,0.005992361499102265,0.0021204100964250213,0.003232864297902501,0.00525580778390155,0.23237817771357977,0.23237817771357977,0.2184262500227528,0.16874706836760484,0.043723330868181844,0.00480178856386587,0.020396085952501152,0.028326522743497715
2021-05-06,0.008050152328450045,0.007117183778127312,0.008002300228473876,0.0051675038930647605,0.09504982199971372,0.09504982199971372,0.08635716842708725,0.09029979540185261,0.022550097273660655,0.007268859674445934,0.014364934688380173,0.008726873752787226
2021-05-07,0.00963665939255605,0.0010353053592030432,0.007591301089192229,0.009752772469371692,-0.03738328711875315,-0.03738328711875315,-0.032780102446753785,-0.01825710654964925,0.001800001640671186,0.0006416839594804254,0.004247557015703158,0.00846899887126954
2021-05-08,,,,,0.01505247076056373,0.01505247076056373,0.01862733840959443,0.02753518108807647,,,,
2021-05-09,,,,,0.016957994597490093,0.016957994597490093,0.016027040573818357,0.004814442973765995,,,,
2021-05-10,-0.0043271232369361135,0.004964373496935025,-0.0020929348330524667,-0.004295113263715066,-0.06333573003276818,-0.06333573003276818,-0.06254314483521298,-0.063117762516033,-0.014161891036241459,0.003640707010652959,-0.006927857892590205,-0.014486873614586233
2021-05-11,-0.009261384465219461,-0.0087312091702527,-0.007404769406990169,-0.01014991406265231,0.12326469466551512,0.12326469466551512,0.11234663260455038,0.057410325940358546,0.012826295389902967,-0.007729795036575116,0.0020755945247403523,-0.0005971728229151302
2021-05-12,-0.015936792590103527,-0.013801347897783346,-0.01642676199216667,-0.015282290731986864,-0.17908713683757876,-0.17908713683757876,-0.1733884572321069,-0.1454192761800963,-0.043128516631349416,-0.015743998157555922,-0.02849831862150065,-0.03946085959804746
2021-05-13,0.008494958615479206,0.012059304188995127,0.010190748511617375,0.012325175761178808,0.062101834705833046,0.062101834705833046,0.056282598786429654,0.06866556303122684,0.017429437963871506,0.012246766446572927,0.013696091379114848,0.026008790181428685
2021-05-14,0.013989839118725322,0.003054338783209764,0.01074329284051368,0.010768698699121356,0.05375639703224409,0.05375639703224409,0.051772592180149124,0.06420648315152686,0.020617598770978452,0.003135117627658669,0.013831391651860927,0.00892274702266446
2021-05-15,,,,,-0.039831537137129135,-0.039831537137129135,-0.045219398365887405,-0.030712353032574573,,,,
2021-05-16,,,,,0.0028746940214076752,0.0028746940214076752,0.0012859733299973347,0.002569337044389482,,,,
2021-05-17,0.0031098894478385746,-0.0013429478963517495,0.001177010022542713,0.0056389748996764025,-0.0662059129899039,-0.0662059129899039,-0.06730066078844132,-0.0659314306684686,-0.00844274429178517,-0.0025222652824952413,-0.004064014414169207,-0.012419689073308371
2021-05-18,-0.008646340971441622,-0.0043167393477747925,-0.006089862411151666,-0.008491681193048866,0.01708008379277666,0.01708008379277666,0.014567977933239606,0.008356065683890794,-0.004358603510738577,-0.0040291014481786055,-0.0045149353972175205,-0.0077796466788312285
2021-05-19,-0.00535526478265715,0.0005242000061558492,-0.0029036803151792343,0.0036936036045655722,-0.30337348731353303,-0.30337348731353303,-0.2902632906207052,-0.2626528206700287,-0.05502496853780313,-0.0036338731303466143,-0.02573466808902974,-0.042205303371726094
2021-05-20,0.008595708763838073,0.010216622948908833,0.009850539022740263,0.008583044161786773,0.14700206982203626,0.14700206982203626,0.1453400887069468,0.15707830830769895,0.031663435606871106,0.011849363066472413,0.020244603291157064,0.033223494843170866
2021-05-21,0.0023746797752530247,-0.001500251497382602,0.0007171722247481411,0.0017557905101303758,-0.1408603473018848,-0.1408603473018848,-0.1358497193057132,-0.1256692923388686,-0.021497824737603276,-0.00318469591299697,-0.009855226940609913,-0.021585962666583584
2021-05-22,,,,,-0.06160251327788787,-0.06160251327788787,-0.05534295864086016,-0.048776377671141596,,,,
2021-05-23,,,,,-0.1129073822434224,-0.1129073822434224,-0.11096315223986687,-0.10303263498351807,,,,
2021-05-24,0.006160084121522578,-0.0014878533332078588,0.004512176754207939,0.00878983507927875,0.25292356727981136,0.25292356727981136,0.2437897944237784,0.22710335910342022,0.047287331314570705,0.00122822907915683,0.023207852520951453,0.03588977559116513
2021-05-25,-0.005482264863134029,-0.005519272804917494,-0.004821519560535005,-0.005455565686024459,0.002828693352260959,0.002828693352260959,0.003699069379191463,0.014027067580387626,-0.004097105160568201,-0.00536861985625297,-0.00418308683796142,-0.00513198255535523
2021-05-26,0.0037127526757294287,0.0008207763056368613,0.002448694657751118,0.004755234400993972,0.07066872279801245,0.07066872279801245,0.06829737786488224,0.06775285176840928,0.014872081029443264,0.0016406185472414648,0.007543590682300363,0.015700933206706284
2021-05-27,0.002493264197657327,-0.004354889885960197,-8.768342519351701e-05,8.884477204302512e-05,-0.03622452964270197,-0.03622452964270197,-0.035512146883737196,-0.054345060586079796,-0.003959701442402558,-0.004901228444928103,-0.002841073114280581,-0.009092222021007934
2021-05-28,0.002936812078919124,0.0015066005800627384,0.0032032379820509283,0.0077768409372641276,-0.08364161267040388,-0.08364161267040388,-0.08426216694641114,-0.08641558518899915,-0.011492925379301376,0.00021641171776933335,-0.00355380189078412,-0.011070789737825437
2021-05-29,,,,,-0.05675666284012572,-0.05675666284012572,-0.0543183744656176,-0.054828428851980235,,,,
2021-05-30,,,,,0.04599013554369838,0.04599013554369838,0.045193803963777944,0.06049885098366271,,,,
2021-05-31,,,,,0.09017948488864361,0.09017948488864361,0.08694609535105537,0.09062163259115309,,,,
2021-06-01,0.006155867931106327,-0.004300482747475274,0.0008701490319141851,0.010013301634734451,-0.019186745025294893,-0.019186745025294893,-0.019041509194460602,-0.0210975012439777,0.001932099105039456,-0.004349927960054099,-0.00027417309221084807,0.002587848310939227
2021-06-02,0.003927973385446997,0.0012045878741636365,0.003048296012225739,-0.0057618520996582994,0.015686303567012755,0.015686303567012755,0.017110217738604844,0.01681474466812449,0.005887695082374622,0.0012977735615712805,0.003973786069328696,-0.001215776626196808
2021-06-03,0.0015356426218946573,0.004016786281342296,0.0019320160206174907,0.00478438727628857,0.03417599714809401,0.03417599714809401,0.03641417162228392,0.038048465679915086,0.006975701709594548,0.004228397581541478,0.003942148384704267,0.006711795494362193
2021-06-04,0.00663026846810969,0.006110329364183593,0.0067996962207627154,0.007066451403034141,-0.07013513415978842,-0.07013513415978842,-0.06848766169344754,-0.06702261610089222,-0.006163965303206659,0.005877443054529767,0.00246325347122557,-0.00212868590213072
2021-06-05,,,,,-0.03151695830923769,-0.03151695830923769,-0.03138233102597365,-0.031220102166620203,,,,
2021-06-06,,,,,0.017874280878071483,0.017874280878071483,0.017582509792583266,0.017893484505387483,,,,
2021-06-07,-0.001919024263638152,-0.00413536326918502,-0.0014580498509245074,-0.0008303743007673783,-0.08261493454301594,-0.08261493454301594,-0.07909237524473688,-0.07287940204686694,-0.015368342643534448,-0.004465938525366734,-0.005910422935162361,-0.0075197693354589435
2021-06-08,-0.0026256523440645048,-0.005496240802276347,-0.003914786824393247,0.00035696577672225584,-0.0010986656821033386,-0.0010986656821033386,-0.001628936362420815,-0.0038447164546841803,-0.002371154567070978,-0.005411935772244408,-0.0037691950941394674,-0.001547754406955734
2021-06-09,-0.0026214941868457227,0.004984568589239579,-0.0002210394071480767,-0.015175245220144877,0.05692371448042061,0.05692371448042061,0.06099878714681773,0.06305171891738179,0.0073027072576986665,0.00514594874007315,0.0032135499397732592,-0.007192570648240932
2021-06-10,0.0035983856432469483,0.00837725560065677,0.005500460408966581,-0.0034720175195781583,-0.046790220968375595,-0.046790220968375595,-0.04387842704138775,-0.04893198569598456,-0.004799715458690141,0.008234220848735641,0.0026878186986917167,-0.00842346447891221
2021-06-11,-0.00019304660451298535,0.001991385639497606,-0.0003537172353265136,0.0007471451756894106,-0.034612165788076216,-0.034612165788076216,-0.03091113215047364,-0.028453318362601048,-0.005929566468440189,0.0017572668727688378,-0.0021949783987050497,-0.003358475461657756
2021-06-12,,,,,-0.006108771207590479,-0.006108771207590479,-0.008940515166435301,-0.009114585892061426,,,,
2021-06-13,,,,,0.06060711073488845,0.06060711073488845,0.06378511374063109,0.067195929360787,,,,
2021-06-14,-0.0015218262616063984,0.0003435446926150906,-0.00016625086852240574,-0.008214258969517167,0.012104542324334043,0.012104542324334043,0.0135666985041368,0.012777584663706813,0.0007492351693836755,0.00037710110872892904,0.0005765413518910317,-0.005103394950088648
2021-06-15,-0.0014924320060200648,-0.004470574781007068,-0.003174622420691439,-0.00588409889237662,0.012503131044355522,0.012503131044355522,0.012542393232074959,0.010443027476166268,0.0008401618357091983,-0.004442157798014545,-0.0022219731641092565,-0.0033388023476191592
2021-06-16,-0.00794295372627938,-0.010999441242032282,-0.00938633538105372,-0.01037447580716401,-0.06975206723694478,-0.06975206723694478,-0.06845774647177337,-0.07066459901009976,-0.01824447264472362,-0.01123381112442398,-0.01270913736614157,-0.015202862040287288
2021-06-17,-0.008628992318018565,-0.0004130022374623848,-0.004579477414963749,-0.014030202341150929,0.009720760770419102,0.009720760770419102,0.00860714833302079,0.0013335540942395086,-0.005570700136612286,-0.00014626656234128645,-0.003643790356705425,-0.013033622154820677
2021-06-18,-0.015075440337741249,-0.010720535148840988,-0.01397397910322736,-0.007375632038912091,-0.057720620884889655,-0.057720620884889655,-0.05774844708861756,-0.05474798786217319,-0.02218297042893265,-0.010948295984476436,-0.016518916159989298,-0.011119616047887962
2021-06-19,,,,,-0.020498713298390713,-0.020498713298390713,-0.01893368357803783,-0.021851174219244936,,,,
2021-06-20,,,,,0.011456111133318935,0.011456111133318935,0.011171321136768263,0.01588510198936877,,,,
2021-06-21,0.016981836922855053,0.010393546130239021,0.014498548865705702,0.020698347559016343,-0.19019405150636529,-0.19019405150636529,-0.1819211000132349,-0.17713578227425578,-0.017547477815348336,0.00949306493653502,0.0032780117739170792,0.002306083898759525
2021-06-22,0.0013849084679286628,-0.0008140687120801108,0.0005344249634282823,0.0018113839197151996,-0.034837352458124686,-0.034837352458124686,-0.028279310446881728,-0.03033962311268833,-0.004652135019746895,-0.0010452760757735523,-0.0013493317982586964,-0.001632370836215972
2021-06-23,-0.003409218992398384,-0.007386624600434193,-0.005035793437527768,-0.001087267802260387,0.08559700466060852,0.08559700466060852,0.08019997866396802,0.08446553249587904,0.0114251516164361,-0.007027590459057752,-0.00010850263592613251,0.006271334471528307
2021-06-24,0.008045844887354254,0.005178970878096799,0.00635430798149991,0.011567787595266565,0.06135694304332537,0.06135694304332537,0.05833049085157447,0.04672853660978156,0.01693102791334944,0.005950993154628206,0.009511118908469158,0.015681451494901605
2021-06-25,0.007796049512859092,0.011306599909556372,0.008239501251221169,-0.000789343663351695,-0.08057487382765757,-0.08057487382765757,-0.08075012450992998,-0.0828696347508706,-0.006932437710560354,0.010692584211269836,0.003200146373424564,-0.007376615833716345
2021-06-26,,,,,0.011936020786419112,0.011936020786419112,0.012065682214493612,0.010563729326506847,,,,
2021-06-27,,,,,0.05340874980562807,0.05340874980562807,0.05636128801599879,0.06366770280942129,,,,
2021-06-28,-0.001687111721288643,0.002245476999534422,0.0011958549478548802,0.001170352130483352,0.018891398769319227,0.018891398769319227,0.01728839316335863,0.013471344318211403,0.0017426400271460013,0.0023223265089565874,0.002056237037226103,0.0011478301305626313
2021-06-29,-0.00041512416175831345,-0.003047068992644066,-0.001036018732578137,0.0064174855285441135,0.07656251270863891,0.07656251270863891,0.07048908355434076,0.09818675171106311,0.012414481983307891,-0.0029456999883320273,0.002998554489786963,0.018443677313936882
2021-06-30,0.004396661504242164,0.007579623943700998,0.0036930627260059095,0.0040108326823931765,0.010229283835137904,0.010229283835137904,0.008507624021495982,0.014075477529804606,0.005368765226058119,0.007567344606149249,0.003959467205409418,0.004578158008339957
2021-07-01,0.006588444236266209,0.0035913098753662808,0.005521926306078456,0.0034456053966436416,-0.05285788169081334,-0.05285788169081334,-0.05196238993184385,-0.05637028559237531,-0.003319276751580385,0.0033801184063124833,0.0027476233034935092,-0.00018057635455575552
2021-07-02,0.003787028865862499,0.005067535574073597,0.004433625250271853,0.004113786440268569,0.006644821951439307,0.006644821951439307,0.008242803292969971,0.015484401819279287,0.004263327713458632,0.005131706446785216,0.004585959709576639,0.004559521693111957
2021-07-03,,,,,0.022742221109748103,0.022742221109748103,0.022638766060223463,0.028343802200048774,,,,
2021-07-04,,,,,0.021951839457896506,0.021951839457896506,0.022681455857035945,0.02247044490099794,,,,
2021-07-05,,,,,-0.04758275314865554,-0.04758275314865554,-0.046996146730829774,-0.046584560645599314,,,,
2021-07-06,-0.008689862235726455,-0.002129221875657614,-0.0051269686754345355,-0.004232195159299548,0.018173860759549767,0.018173860759549767,0.01864344076715786,0.02323772523883734,-0.0042125750698470835,-0.0021273287294865362,-0.00395049573714939,-0.0028845743807480906
2021-07-07,9.602564581949089e-05,0.0023249169926980134,0.0015848146015266032,0.002012106827633612,-0.01356780382657763,-0.01356780382657763,-0.012843810901348094,-0.015612298581936843,-0.002181279266246696,0.0023458123811393975,0.0008829038504138354,3.998582932223636e-05
2021-07-08,-0.006922522612545072,-0.0049059193686448975,-0.006452528764939697,-0.011077693615612012,-0.04999297514892138,-0.04999297514892138,-0.04910974960072685,-0.05432718034275323,-0.014100931368607789,-0.005229935012477042,-0.00848173457784994,-0.012386748507951933
2021-07-09,0.012116703153243312,0.0068319439718093795,0.009924580887472884,0.01746793599446786,0.03256800205560832,0.03256800205560832,0.02999761019583313,0.016878724458535388,0.015525252970304144,0.006838020051984211,0.01094787012779376,0.017065782758946265
2021-07-10,,,,,-0.01606017871014616,-0.01606017871014616,-0.014833158017374854,-0.013595606083640736,,,,
2021-07-11,,,,,0.01105089689578709,0.01105089689578709,0.011713143116476036,0.013488231011903327,,,,
2021-07-12,0.004299687110597881,0.0021149090814866892,0.003941242675563289,0.008357137277784797,-0.021458439480235236,-0.021458439480235236,-0.02342625729092562,-0.03140576264128338,6.666012125695827e-06,0.0019059876278595294,0.002635300229628445,0.0056662548437379
2021-07-13,-0.004766188522257001,-0.0025999488560338093,-0.0037801473962343545,-0.010962975963815154,-0.0327299161905157,-0.0327299161905157,-0.030977389061659668,-0.032850781255982515,-0.009426809800300116,-0.002709845824599422,-0.005177828441653664,-0.011755475469808846
2021-07-14,-0.0013789228043061602,0.004102998860430592,0.0011344007367277155,-0.0019167445113482322,0.005343652094854679,0.005343652094854679,0.00586582153634434,0.007754577727344075,-0.0002584936544460197,0.0042046294877779765,0.0014630798801651148,-0.0011917370925689213
2021-07-15,-0.0012527313665276262,0.0014967600012147685,0.00031625080772804777,-0.003995747507535057,-0.033657562374154494,-0.033657562374154494,-0.03392478123688141,-0.03803321330050295,-0.006653536534465437,0.0012124587605720255,-0.00125083111205306,-0.005463263812050373
2021-07-16,-0.0094583508671908,-0.001328735180497971,-0.005504641130581744,-0.014618264511722863,-0.02451103417517737,-0.02451103417517737,-0.02390115249842215,-0.02560995668870928,-0.011967131418521895,-0.001525260380384178,-0.006309967395115469,-0.01457818239823414
2021-07-17,,,,,-0.0020961608637220745,-0.0020961608637220745,-0.001127086967022842,0.0012257418399125564,,,,
2021-07-18,,,,,0.0029498340208449774,0.0029498340208449774,0.0032892811784346124,0.00686227557345018,,,,
2021-07-19,-0.017265279227803593,-0.013609114890952729,-0.01480812547604956,-0.01138009132596684,-0.048431026233618495,-0.048431026233618495,-0.04666832545958856,-0.03838512041916124,-0.022459570395439412,-0.013930593196073584,-0.01646968212634786,-0.013367845948998903
2021-07-20,0.011365506267585474,0.005391990577871937,0.009068797643275221,0.014930740845921534,-0.039675775806226554,-0.039675775806226554,-0.0390533507993301,-0.040167986482468554,0.0028586259219501335,0.004968756272095912,0.00671026588301624,0.012782561068612213
2021-07-21,0.01031280545381726,-0.0017402630312613597,0.005546512063980411,0.01128109093190483,0.08404642491288189,0.08404642491288189,0.08488238874256845,0.09177297126987286,0.022601742030328026,-0.0012614638665087129,0.009274560028264366,0.014616885467564924
2021-07-22,-0.0012903191319496312,-8.67882144002511e-05,-0.0007925532916557222,0.0015686159588835457,0.035105539490129026,0.035105539490129026,0.031181269779819634,0.021299968765994784,0.004775657305063478,7.71175857904306e-05,0.0006781283718098384,0.0016181210564741332
2021-07-23,0.005172454986152822,0.01021415066223085,0.00700844908394683,0.006697537472713379,0.030230782391342626,0.030230782391342626,0.03119687245445829,0.03705043401717608,0.009348842887017789,0.010183931656369622,0.00821380903001229,0.008168681182816174
2021-07-24,,,,,0.02087857317535161,0.02087857317535161,0.021340778289681957,0.031735713444534346,,,,
2021-07-25,,,,,-0.0013191821921649024,-0.0013191821921649024,0.001931889640103266,0.0003338484434758898,,,,
2021-07-26,0.005689444061937252,0.0010575925108155728,0.0033900514239813494,0.002480112628982227,0.024043643109556537,0.024043643109556537,0.026737079642692056,0.024848679991774678,0.008748477236540467,0.001135142684181461,0.004484931039921991,0.0031710718870521905
2021-07-27,-0.002067414333794766,0.00116537495302938,-0.0005128942718797104,-0.0064704427011965885,0.026644279596079668,0.026644279596079668,0.02909775335362994,0.029143110949745924,0.0027178679878509734,0.001298405475777833,0.0010480009615659014,-0.005020013982927069
2021-07-28,0.0024506105914112656,-0.0009841727778890585,0.0009947638426586478,0.0035136480488944543,0.02586977610000846,0.02586977610000846,0.02318187564431112,0.020070866812138825,0.00635380484284413,-0.0010541905385944052,0.0019339933567595847,0.0032551803612163796
2021-07-29,0.0063301812971962015,-0.0006432992141765816,0.0043885494659346,0.009396848411800541,0.018439540828283675,0.018439540828283675,0.017073437279990278,0.013100893383452165,0.008348407885710783,-0.0005330817869460627,0.0049172056848629,0.008384658944368241
2021-07-30,-0.005476928437086001,-0.002676662340952289,-0.004301538599983229,-0.0026497473142721353,0.02907854641851262,0.02907854641851262,0.031465878893761325,0.03211358896215921,0.0002823173721804373,-0.002519004329435504,-0.0026597032548897914,-0.0010034170443790232
2021-07-31,,,,,0.00498091412772671,0.00498091412772671,0.0041174136873007765,0.006441875739943879,,,,
2021-08-01,,,,,-0.02275880745195085,-0.01497247244196333,-0.0225466587067871,-0.015568551085704275,,,,
2021-08-02,-0.0025946151195928874,-0.001553620478939015,-0.0016484303925298088,-0.001806425361779241,0.010486102598031722,0.0041462022784879765,0.00797870701373876,0.004545679711822856,-0.00041449549998878624,-0.0013668735443001562,-0.0011234272751106608,-0.001821239662389278
2021-08-03,0.0065559375586991524,0.0006650797781385333,0.004838430838590535,0.010581539445423447,-0.015388954950252165,-0.012349304768471849,-0.01609986173044773,-0.015994521049328102,0.0028984554738739295,0.0003280429063585478,0.003822911882232715,0.00807759432981262
2021-08-04,-0.007995184894552277,-0.008180627149548163,-0.007128351099659811,-0.0025292198643359094,0.0358624309879367,0.04469268800814057,0.03780294912672034,0.04357273302456031,-0.0006855822474707844,-0.00786186036353207,-0.005099794997301532,3.5542954376273493e-06
2021-08-05,0.004858409186381644,0.00443773929181775,0.004440769235060322,0.005131853238307598,0.0162912139985419,0.02353668055524209,0.018003946394619025,0.020701642089485415,0.00676387665507502,0.004668164061625751,0.00526172185118476,0.006913965203300888
2021-08-06,0.0033861593133184616,-0.0011925260622267669,0.001361392338343249,0.00396101314362773,0.022413974415808856,0.02729826147417699,0.02443605156769021,0.02216719502806637,0.0065574618304001945,-0.0009247046983147522,0.002421304010986186,0.00466920993328041
2021-08-07,,,,,0.07056124046525346,0.05680197858172706,0.0676045328759344,0.07907090517335136,,,,
2021-08-08,,,,,-0.044867926635484945,-0.03481842287510851,-0.041968640210834705,-0.039763018132350635,,,,
2021-08-09,-0.0025151353318879433,0.0011269635612161403,-0.001580588587590345,0.005202633033855219,0.053636190115404374,0.05739555769396749,0.054171031324061106,0.04403827966527775,0.006843418909327442,0.001329760374599515,0.0010537502135475314,0.006595923992034872
2021-08-10,0.00622520196822989,0.004474988169738668,0.004217647734152945,0.016036162987115705,0.019223181862006014,0.022050650243611677,0.017114802855156607,0.026086257902773385,0.00839153195052591,0.004428660488433386,0.00476712432308757,0.013521098253267767
2021-08-11,0.008553749273534141,0.004139558339985128,0.00726978839572653,0.006376110691778073,0.06307775869864235,0.04709593178437338,0.05663231165172158,0.0488693614173041,0.01764108417771884,0.0048033106956428635,0.00975319447501489,0.007269408499019956
2021-08-12,0.0018025545333928798,0.002794651125164318,0.002449409771512,0.005883762787988549,-0.02182670386777582,-0.015344956901218737,-0.02162370001264597,-0.017507415997911613,-0.002135655200135237,0.002866505484212305,0.0013566193101553748,0.0042485679440628045
2021-08-13,0.0011371561711445756,0.0039461133773556,0.002708283144968819,0.0011346849255719827,0.10036157544278566,0.10283374376223293,0.09903673500404324,0.10129077954326085,0.017674559383084754,0.004303470699651812,0.007232504962437422,0.004487214011269491
2021-08-14,,,,,0.0461467226724572,0.00665625866851578,0.037398361343544996,0.0277998042151841,,,,
2021-08-15,,,,,0.018995419510658647,0.0038486320602688926,0.016033769073784895,0.023765170845240612,,,,
2021-08-16,-0.0013067599761297922,0.0067511992034804775,0.0018180693358372012,0.00017874557497368586,-0.04406572804376267,-0.036259659166223555,-0.042012897251413654,-0.04713686097278441,-0.008433254654068604,0.006482989338913391,-0.0001691251344599682,-0.0011922506602571228
2021-08-17,-0.00534792781736097,0.002869754469043466,-0.0024158718736707364,-0.010343478509214668,-0.06500531543194384,-0.050863930969347,-0.060903500804838986,-0.062274232310746476,-0.015290825753124777,0.0025252694278347877,-0.005184750697963812,-0.011654405994174654
2021-08-18,-0.012821725418145535,-0.01087682223886418,-0.012095375458742803,-0.006048334456966105,0.0130701500554424,0.01750033657897104,0.013015898587605382,0.025763232710033192,-0.00850641283921421,-0.010830638302490958,-0.010887486844477538,-0.005525726933926755
2021-08-19,-0.004620087357378641,0.0015310012215337598,-0.0014363173494989431,-0.004455395205790811,0.061922290088710884,0.06773440647482577,0.061440727644349935,0.07133623793580395,0.0064703088836362815,0.0017609621409911847,0.001507110881187195,-0.00247438154091557
2021-08-20,0.005321036088544203,0.003869293662424489,0.005433688522340128,0.009085761798801438,0.038683251853805764,0.034812328505692776,0.03931753823641397,0.03627446225555831,0.010881405382754462,0.00396620961399904,0.006986308432121076,0.011002413477524911
2021-08-21,,,,,-0.02392748511978322,-0.017245926635376444,-0.022181155639101793,-0.0210897393207654,,,,
2021-08-22,,,,,0.018669111161964916,0.03318124009006559,0.019450078691369572,0.026380221578140982,,,,
2021-08-23,0.01027523578460937,-0.0014212930596534448,0.00580374872952801,0.010292866989276723,0.02087886156926002,0.025645163123443414,0.02043402630188288,0.0262426917140922,0.012042506748717808,-0.0013186462614339603,0.006254361044094815,0.009032424995730608
2021-08-24,0.0021334034039965652,-0.0052143394847559785,-0.000738474197466461,0.0047132192395297305,-0.06750241932459834,-0.056274265316351636,-0.06394738181419957,-0.060014671172911566,-0.00947256705076925,-0.005548850743869319,-0.003886809726740337,0.0012757147065027624
2021-08-25,0.00029726073591912483,-0.003591257468825725,-0.0009887154833334005,0.0002280583741697547,0.02174154514931408,0.021078841196204526,0.021787153381353085,0.01780590256580356,0.0038713081381516177,-0.0034078572624924885,0.00015868349116825707,0.0020826330862742733
2021-08-26,-0.007054964671320488,-0.0061641283323076446,-0.0058749973521838505,-0.007592029351350402,-0.06146006562904986,-0.051522766463977306,-0.05879936169279657,-0.05566437657833952,-0.016122481497608716,-0.006413240775691941,-0.00836535896183821,-0.009708804952148056
2021-08-27,0.011274058695481978,0.0017593478526301823,0.007960611136273076,0.01081815875801273,0.07269710012304198,0.07426875065797672,0.07105557565094509,0.08163471074352942,0.021511232266741977,0.002138451954949285,0.010875663924963532,0.012902318961860901
2021-08-28,,,,,-0.010523062092153713,-0.009657647545229438,-0.00993363479048407,-0.012577118651856154,,,,
2021-08-29,,,,,-4.2230907735907525e-05,-0.0010223590024689413,-0.0003162611660385019,-0.004200982192698603,,,,
2021-08-30,-0.0008556941413459171,0.003844197571003294,0.0012423728555293616,0.0020292253375460674,-0.03427301946401956,-0.02984874580119382,-0.03346199125947709,-0.02830525391259025,-0.006425248361791525,0.003585917113214917,-0.00036901473834314945,-5.480148192645429e-05
2021-08-31,-0.000351542824984785,0.003754789298906033,0.0008155350735142939,-0.00456388685304592,0.03392646145784673,0.02788443045472528,0.03160379367857895,0.03253108195755818,0.005361457888820467,0.003937480879909616,0.0023564462678975166,-0.0029280627910655203
2021-09-01,-0.002052550198318417,0.0009827926295090002,0.0002449719401721226,0.0022282379436665413,0.055449157188527144,0.055449157188527144,0.055483247078534394,0.06422939279906963,0.007531067699489176,0.0011466406008647989,0.002906593068064045,0.0047409219239294515
2021-09-02,0.00692413419262577,0.006287714341987992,0.005797463167242512,0.0023396866084857866,0.011792504731032993,0.011792504731032993,0.012165462996622972,0.009187565669079651,0.007735529282360306,0.0065878072419315635,0.00621536184510825,0.00372658093918675
2021-09-03,-0.003473960978767832,-0.0011223348292054213,-0.0025989727328604674,-0.0035978673876678746,0.04657082039539469,0.04657082039539469,0.04398289651024717,0.022051908625922288,0.004866835916925921,-0.0011542240970988545,-0.00046267207801840154,-0.0030298039264893646
2021-09-04,,,,,-0.010212329589721382,-0.010212329589721382,-0.010052256299974385,-0.018053047613183548,,,,
2021-09-05,,,,,0.05662671470017477,0.05662671470017477,0.0529932261235122,0.03722322015920411,,,,
2021-09-06,,,,,0.006357202425683395,0.006357202425683395,0.005333334521616525,0.002260690520190121,,,,
2021-09-07,-0.010009097258011457,-0.013690946770999484,-0.011236831852426944,-0.009441043969919133,-0.16764027258755143,-0.16764027258755143,-0.16090833915310288,-0.1469421001450325,-0.03628095981293478,-0.015213887402683127,-0.018506202731888,-0.017653093593430935
2021-09-08,-0.001972143961338453,0.004300602607866262,0.001004480499099534,-0.002801729702794904,0.00043078365749039645,0.00043078365749039645,0.001167505536097657,0.0029450431529906714,-0.0015716560248669777,0.00510656314966333,0.0013889253925680421,-0.0015466562250436523
2021-09-09,-0.006242056306770116,-0.011077776664625396,-0.007971758890911208,-0.005492577769398526,0.002673009912500279,0.002673009912500279,0.00245751919418764,0.0009539756128452688,-0.004756211936891713,-0.01113262457824473,-0.00757687742090084,-0.00485986439635096
2021-09-10,-0.0037122719779800507,-0.007398854542170225,-0.004469577319833311,-0.003737177233077069,-0.042101786452271174,-0.042101786452271174,-0.04168286139822803,-0.043525697944920214,-0.010110524390361903,-0.007770090296179891,-0.0063319413824705194,-0.006789150035784558
2021-09-11,,,,,0.0297849708151881,0.0297849708151881,0.029244242543554882,0.03551427564858868,,,,
2021-09-12,,,,,0.03900898067552668,0.03900898067552668,0.03822722024131374,0.032976485539251865,,,,
2021-09-13,0.005540850199334926,-0.0003182899296235532,0.0026106880023835134,-0.0026367500438373684,-0.043186748837215544,-0.043186748837215544,-0.04204271619676071,-0.046115264369872754,-0.00258041630675682,-0.0006936397462431517,0.0005638233135890764,-0.004637192235872748
2021-09-14,-0.009594622715975658,-0.005681829218845607,-0.007950020591472895,-0.011463299273297731,0.03937859648466578,0.03937859648466578,0.04053246739812237,0.03782837813323185,-0.0014324195158687495,-0.004824979779221001,-0.0054924347525884005,-0.008844630843269105
2021-09-15,0.008697701909292489,0.002973823793269035,0.005632922319925093,0.006087913837198272,0.033761799679333064,0.033761799679333064,0.03339820164164657,0.03607500837906846,0.012875051537632583,0.003447529871809192,0.0069830939939882234,0.007370050767781381
2021-09-16,-0.004843745212585662,-0.00466774686713277,-0.004691986369073934,-0.005458469294305578,-0.02260339800954957,-0.02260339800954957,-0.021558432619377815,-0.02091810038684164,-0.00780368734541298,-0.004939830493854,-0.005578023584182605,-0.006536339220881687
2021-09-17,-0.01150139410424331,-0.00788821720541044,-0.01097256358493231,-0.017139394229366455,-0.02821032375523107,-0.02821032375523107,-0.02906440783050118,-0.03415846781662376,-0.014286215712741262,-0.008391448681301693,-0.011861206714941796,-0.017100791045352424
2021-09-18,,,,,0.01464204485320872,0.01464204485320872,0.014532653760415085,0.0121422845460434,,,,
2021-09-19,,,,,-0.03591036263566109,-0.03591036263566109,-0.03369724559498318,-0.029022387201912206,,,,
2021-09-20,-0.017107007363820304,-0.00912406451197807,-0.013946407031431067,-0.020194399116929055,-0.11422485591169482,-0.11422485591169482,-0.11185959312418076,-0.1081103478053941,-0.03329331545513273,-0.009737650617080512,-0.0184003000721795,-0.023025219525119912
2021-09-21,-0.0021089054322317364,-0.004189503319704923,-0.002395671927763721,-0.003927564264326003,-0.053436343716621634,-0.053436343716621634,-0.05271296420797071,-0.05105290992848621,-0.010663478479630055,-0.004510314089514981,-0.004749056508731297,-0.006722973554439906
2021-09-22,0.008905878341474216,0.00042897048823603405,0.005381428412598405,0.00898885187232466,0.10935609613773782,0.10935609613773782,0.10669268567014953,0.11583131433820908,0.025647581307518146,0.0012899300950614452,0.010128302251847366,0.014326669812370152
2021-09-23,0.011459114793696434,0.0032447844466163057,0.007716079648078987,0.009052156874868544,0.01626576948492713,0.01626576948492713,0.017788768086457966,0.017272966224156035,0.012260223908901547,0.003216094743403287,0.008001424723364504,0.009201414574909873
2021-09-24,-0.002344335646622537,-0.002575161017965499,-0.0032295531714792635,-0.006661111058728033,-0.062483391070832464,-0.062483391070832464,-0.06071808949978429,-0.054358438061579216,-0.012367511550657528,-0.0032133191470539485,-0.005982740587509853,-0.009370653757391482
2021-09-25,,,,,-0.004266625386774614,-0.004266625386774614,-0.004090252537251526,-0.002576690387632953,,,,
2021-09-26,,,,,-0.006350457317357295,-0.006350457317357295,-0.0041637756542801385,-0.00011515524982751331,,,,
2021-09-27,0.00328948149457919,-0.003403240320714946,-0.0012281472334723623,-0.0013247209762670253,-0.031077363869180544,-0.031077363869180544,-0.03060036142037555,-0.030885678738829206,-0.0024383260660474316,-0.0033423637655785976,-0.002635172477034155,-0.003444094456183178
2021-09-28,-0.011152180037691915,-0.005383889037368328,-0.01026657294370193,-0.01193291713611548,-0.03298589471628974,-0.03298589471628974,-0.03319541980212763,-0.03193993251773952,-0.014791132484124888,-0.005472714948608211,-0.011137950318992309,-0.011785511293508884
2021-09-29,0.003919694130095626,0.008601669081108931,0.005691113328115878,-0.0006142372968141036,0.025201653417809958,0.025201653417809958,0.02406610004999829,0.018217713222235886,0.00746668734471468,0.008954090835518905,0.006711306797314046,0.0014232704590460457
2021-09-30,-0.01011277736990756,-0.00949390256198478,-0.009415235019866023,-0.012577027548963053,0.03985386657347911,0.03985386657347911,0.04126810195845095,0.03848112673891123,-0.0017850033793431175,-0.009178894253248202,-0.007220636251154877,-0.010258681705476466
2021-10-01,0.012342170182835965,0.014194891449769554,0.010318506692224609,0.009102448476171431,0.08583803887920276,0.08583803887920276,0.08641098470958246,0.08579144801101743,0.024591481632230426,0.014194900094851774,0.013567190771758256,0.01638581369249987
2021-10-02,,,,,0.013146846189772719,0.013146846189772719,0.011788599130465493,0.007058053459228834,,,,
2021-10-03,,,,,0.016058019141841507,0.016058019141841507,0.014171667567700939,0.00898999657934696,,,,
2021-10-04,-0.002745104393907883,0.002248490524248227,-0.00195978962536327,-0.008707181390476128,-0.0148396687445018,-0.0148396687445018,-0.012613286686807494,-0.017773840676094308,-0.004760865119006869,0.0022484969329077424,-0.002257496925301085,-0.007826246345578127
2021-10-05,0.005693677902995397,0.0011152384314371783,0.004075791089541377,0.01016294670047959,0.03911206691222192,0.03911206691222192,0.039420734302657905,0.033287019195717436,0.011263409404533145,0.001115236702303908,0.005416794863695393,0.00977835515083419
2021-10-06,0.001097153300396221,0.002561815232785007,0.002875007321921051,0.0038904689300772962,0.026312077457067155,0.026312077457067155,0.02983815233206381,0.0006303342099257137,0.005299640659841376,0.002561813857991778,0.00396934475618689,0.004501764293258058
2021-10-07,0.008043666617446347,0.008648249872121145,0.007131859658283685,0.007176725274217198,-0.00638939697911447,-0.00638939697911447,-0.006995820961171336,0.0023278421863413626,0.005638156018019544,0.008648248451919463,0.00648760918443025,0.006585745989843747
2021-10-08,-0.0008405341466329578,-0.0051409939901580935,-0.0026558517602752758,-0.0018687301501916645,-0.00968783863579299,-0.00968783863579299,-0.008732711776461243,-0.0036659350852961564,-0.002315084894826297,-0.005140993250269558,-0.00284004824821322,-0.0017197035734494795
2021-10-09,,,,,0.039018902838405284,0.039018902838405284,0.035472277061566755,0.039394264934048275,,,,
2021-10-10,,,,,-0.039372271971353526,-0.039372271971353526,-0.03626393057023408,-0.03734133453184927,,,,
2021-10-11,-0.008973806475380097,-0.008677565355106939,-0.008690499518424632,-0.006198509920576825,0.01616616745924252,0.01616616745924252,0.01901180051577772,0.00719928439487725,-0.004783810819609663,-0.008677565328115464,-0.007509231090263067,-0.004846140517049518
2021-10-12,-0.0007657505468342872,-0.0008217781271550116,0.0003798688978997803,0.0067359520488255034,-0.024509927769433698,-0.024509927769433698,-0.02456996316077189,-0.022293887042524663,-0.004723113417267521,-0.0008217782576480199,-0.0005913887647621912,0.005074342416613944
2021-10-13,0.0032749128553063644,0.0006363521341414245,0.003812587871679474,0.006130148241280342,0.03190285056564601,0.03190285056564601,0.03225169331430328,0.025429229425274126,0.008046235807029638,0.000636349287685141,0.004899702724433534,0.007829073855856064
2021-10-14,0.012783921551769491,0.008856397643741075,0.012459260786505614,0.016960208983217137,0.008162714258494453,0.008162714258494453,0.00824770417011988,0.011184720633007487,0.012013720336223653,0.008856391191943005,0.012210915774506736,0.015237531053015452
2021-10-15,0.0047869773089702266,-0.0006606514637432973,0.0025916505006712146,0.003290717171034588,0.021102700113018336,0.021102700113018336,0.025221721882330086,0.011933227626727503,0.007506264442978244,-0.0006606530203019579,0.0035084454747577676,0.005983314643603841
2021-10-16,,,,,0.002720576167623346,0.002720576167623346,0.0018982478178056728,-0.006444021574336185,,,,
2021-10-17,,,,,-0.015497446977474582,-0.015497446977474582,-0.01260041220190333,-0.012150353504219558,,,,
2021-10-18,0.00027362495568025177,-0.001739353176562041,-0.001168185614830864,0.005419386269687601,-0.005306693572157262,-0.005306693572157262,-0.005006692133003316,-0.012838636078964337,-0.0006564281322926673,-0.001739354784417441,-0.0014097220894706355,0.005045868239335599
2021-10-19,0.009805851901735373,0.01375352067885328,0.010839477687056474,0.0035336674144953446,0.01297720783032219,0.01297720783032219,0.014839562323535473,0.013666258749138694,0.010334411223166513,0.013753526314931359,0.010982449020285756,0.0028972906584057313
2021-10-20,0.008858487613223512,0.010443850068816138,0.009912303875019405,0.0051723007679595635,0.051224364064108824,0.051224364064108824,0.04969905572575468,0.045130235485774814,0.01591946702170439,0.010443853047414183,0.011552288206260756,0.007849172060342538
2021-10-21,0.0007577563531104435,0.00554625145864444,0.00321437090825775,-0.0004643271015116167,-0.034430299987499836,-0.034430299987499836,-0.03613227091939748,-0.02589173166143459,-0.005106919703657935,0.005546253635289986,0.0015813818806618524,-0.00294601197727736
2021-10-22,0.0012181275672072393,0.0024719664220544412,0.0016339266470922656,0.009057462154478339,-0.009454713940141793,-0.009454713940141793,-0.01053190134433376,-0.005204958053232889,-0.0005606793506842658,0.0024719731683716588,0.0011518428552556989,0.0074774931121460745
2021-10-23,,,,,0.019371535732781185,0.019371535732781185,0.019329625124055175,0.0193860489526283,,,,
2021-10-24,,,,,-0.01474130699186601,-0.01474130699186601,-0.014842798672029497,-0.016113169443341534,,,,
2021-10-25,0.0061577379699742085,0.004432254467895536,0.004526655756699861,0.010673380472834622,0.018419186895322202,0.018419186895322202,0.020234985680794192,0.014449691065468296,0.00820131279086554,0.004432254489988919,0.005097298236612918,0.009746928625664616
2021-10-26,0.005035039278010809,-7.616505356864214e-06,0.0047821477051608816,0.015198170085002037,-0.012946919667983727,-0.012946919667983727,-0.01478495789749108,-0.005651579193399051,0.0020380461203450533,-7.613051228535685e-06,0.003948447054624942,0.01149588606741341
2021-10-27,-0.016021570019775676,-0.010918250938674915,-0.013152233285663692,-0.017093570449711337,-0.09185131642847817,-0.09185131642847817,-0.08630710584786844,-0.09184463057310946,-0.02865986108789275,-0.010918249986682923,-0.016307797270049853,-0.022680324991159847
2021-10-28,0.008177747360443858,0.018198229445962083,0.008602719176907692,0.015741103041181193,0.056729009743049105,0.056729009743049105,0.05551050305151213,0.06349634740886637,0.016269624424211402,0.018198232901743733,0.01072820217480162,0.01934363326703269
2021-10-29,-0.0029640878507516404,-0.0011526115977314247,-0.002902900084624091,0.0030375103841000194,0.029088612824405093,0.029088612824405093,0.029108869201851118,0.026516832137244473,0.002378028928441148,-0.0011526052491909015,-0.0016197415462325473,0.0031769860960260956
2021-10-30,,,,,-0.010681812392085377,-0.010681812392085377,-0.010989327266595867,-0.008819014209367789,,,,
2021-10-31,,,,,0.014693243654273571,0.014693243654273571,0.011714287784959318,0.010946662409210895,,,,
2021-11-01,0.007461175731891202,0.005334443143723118,0.005566384713997528,0.003016167306256031,-0.004326641926342823,0.002225989857987234,-0.0038258883956738873,-0.007361176939323191,0.005496539455518861,0.005334420146827389,0.005145857734113262,0.00334898767462023
2021-11-02,0.004540063787491219,0.004659886766138966,0.004833615707097742,0.009486655784482097,0.03306533584491416,0.034768511405521105,0.03404203269205516,0.04076184127556788,0.009294275797061704,0.00465986346219302,0.005960863560770633,0.010012214722678268
2021-11-03,0.005006007983429447,6.574435342389369e-05,0.0046663241040296455,-0.001991296260829639,0.01674063604824131,0.016079441057927323,0.01555349913173713,0.021678519691471144,0.006961779327564757,6.570462834040001e-05,0.004902186568638483,-0.0007495500446078911
2021-11-04,0.004566805541999333,0.0005877378054832117,0.0038586935995512774,0.0059515246943677175,-0.025559105240697582,-0.026346868538039574,-0.025384644921081882,-0.02272123787052718,-0.0004541795884501549,0.0005877381787685755,0.002392150257717895,0.002202981883958006
2021-11-05,0.0043175481299794465,-0.012150084416292676,0.00011465698900190572,-0.014848138025501773,-0.010200996638369953,-0.009914084415255583,-0.00979398716030975,-0.010221832612075234,0.00189779066858788,-0.012150036437534636,-0.00017534821521905365,-0.013388141420632972
2021-11-06,,,,,-0.004239194414665415,0.0022543615492580395,-0.002685587705317481,-0.0015745547754219215,,,,
2021-11-07,,,,,0.023886360748030924,0.01884266019468137,0.023544402157282873,0.02500037671046003,,,,
2021-11-08,0.0037433371955652994,0.0015704730232465188,0.0017392931138375414,0.01055697549807453,0.060246401128590546,0.06680908725838261,0.06074108095858559,0.0487806145786256,0.013160514517736172,0.0015704214979588762,0.0037531741010649418,0.01071791933296242
2021-11-09,-0.0007145187867039059,0.0006130518255361563,0.00038907816686120514,-0.0032957761618473006,0.05803352156635903,0.05397584969667958,0.052346609788835416,0.030894845682958468,0.009076821272139917,0.0006130641070903331,0.0023808553870754783,-0.00036206708555199847
2021-11-10,-0.007127343452293768,0.0008712431669099014,-0.003517818165029891,-0.005639002469965602,-0.052120905365666895,-0.03958494133114668,-0.04943663338770045,-0.05641618367803638,-0.014626270437855951,0.0008712493318164715,-0.005090429345774166,-0.007014701764750847
2021-11-11,0.0010659591267172443,0.0023973934822578225,0.0006255673532732419,0.006437438909879384,0.011579788077556885,0.007661184942829595,0.01054985437990703,0.011719759431641653,0.002818263951857184,0.0023974186105349404,0.0008866357968264321,0.005271404986415567
2021-11-12,0.002158136556547572,0.002297316936033705,0.0023020173534855407,0.0035045552645056885,-0.0210453390297695,-0.022852284226189984,-0.020498969637968604,-0.018453047936119883,-0.0017091093745052728,0.002297294150748918,0.0014134633502097718,0.0028379711965061246
2021-11-13,,,,,0.012155992174102792,0.008887378061161782,0.011032776140002594,0.012231348602644208,,,,
2021-11-14,,,,,0.011670347080749634,0.018215696614847593,0.012352723582340552,0.004106573200558449,,,,
2021-11-15,-0.0008570796974349084,-0.0024696536604322398,-0.0016459499252758061,0.002041944938045927,-0.014913367152786261,-0.019082218331723553,-0.015416239910981002,-0.0018554797723675108,-0.0031997942733268006,-0.0024696600462717627,-0.002078617250477793,0.0022363362214062204
2021-11-16,-4.381857837486576e-05,-0.005059670648716017,-0.0010062795129622162,-0.0017293909771438428,-0.08539536762425981,-0.08273695885549366,-0.08301191503704473,-0.07937943743284054,-0.014269076752689023,-0.00505969688690156,-0.004309827647802785,-0.005433381051908214
2021-11-17,-0.006410498431443284,-0.002921426460513767,-0.0045529229450793195,-0.00963911429801533,0.005029029807759611,0.004878192971058471,0.005059262610108233,0.008633226032988571,-0.004503910391576134,-0.0029213988099440185,-0.004043428082807976,-0.007661359921009607
2021-11-18,-0.0012952494090488886,-0.002013440133703804,-0.0018543173184294957,0.008093885682804398,-0.0665955079971689,-0.06930566037505793,-0.06620232358146094,-0.0629366643931002,-0.012178625840402222,-0.002013448854650003,-0.00450456049837914,0.004771331594720238
2021-11-19,-0.00810801196367364,-0.008046746548087493,-0.005943061671641128,-0.007744888969827295,0.050189937841265554,0.05393998261617499,0.04894590756026976,0.04957719165356749,0.0016083130038162283,-0.008046752869657777,-0.003929580968815365,-0.007142345600203361
2021-11-20,,,,,0.015769369693102133,0.02359963017959377,0.01733608690026198,0.01570696117218837,,,,
2021-11-21,,,,,-0.01876418665940255,-0.023480820125529354,-0.019220056416842792,-0.020236371171468263,,,,
2021-11-22,0.0021290502357046793,0.0038082765609326673,-2.578415536871656e-05,0.005171393173105774,-0.03659805229489672,-0.04109117017698368,-0.037390760751140034,-0.036995455832589536,-0.004325466852728887,0.003808274092239391,-0.0013190974367593548,0.0032648425882700377
2021-11-23,0.0076140353899424845,0.006673074764185082,0.006252295537329261,0.012146300350250772,0.02241482154078316,0.0231660585040148,0.022645784168342835,0.021206114234278272,0.010080833081749266,0.006673077994004028,0.006992087529635424,0.0124836642835981
2021-11-24,0.0015933253638177264,-0.0009064695412522082,0.0014274277077532098,0.003584427301350149,-0.02499458171002355,-0.026828189143251635,-0.02501345095153577,-0.0256675613967206,-0.002837992481822486,-0.0009064718380910489,0.0003852733320177305,0.003058937291771585
2021-11-25,,,,,0.009420096135543756,0.004593157909633624,0.00923016586797345,-0.009639484063891899,,,,
2021-11-26,-0.021907080259714443,-0.014688592937947123,-0.01820287530145238,-0.027400754648592623,-0.06649545894871833,-0.06444156919290943,-0.06613126398473931,-0.06510294319390379,-0.02933847670788176,-0.014688602098602241,-0.020170221474904146,-0.030361665108522024
2021-11-27,,,,,0.01136172499470266,0.011060158865075461,0.012114124541016503,0.012730432811890678,,,,
2021-11-28,,,,,0.021529982658934313,0.02879783423647319,0.02395291024381602,0.026652463139084846,,,,
2021-11-29,0.007100239839562273,-0.0006853956912759575,0.00675568766518394,0.012128523509997451,0.01799870615317625,0.01981675190289815,0.0178330080038363,0.019495249858453387,0.008916650891831265,-0.0006853984316095516,0.007132991150461505,0.013056577694067524
2021-11-30,-0.0227366521971692,-0.02163121453533038,-0.022226304780651327,-0.01671182916112993,0.002987059510877521,0.00486038192410468,0.0024379918517852695,0.004091146813096146,-0.018449366912494745,-0.02163121697482457,-0.021353640065174297,-0.01658493349113708
2021-12-01,-0.013137975243081343,-0.011568102032449455,-0.011912397467484953,-0.008058767832695865,-0.004816033852340695,-0.004816033852340695,-0.004338440215859687,-0.005813643593359718,-0.011750985011291234,-0.011568102086259602,-0.011548841755905459,-0.007974889092549382
2021-12-02,0.021514026022957152,0.01415265352716407,0.019532302043901117,0.024007078523047773,0.0029771478098470127,0.0029771478098470127,0.003943767612877595,0.012214159047535035,0.018424546320772138,0.014152656004334905,0.018992256484816564,0.026040455594504037
2021-12-03,-0.0009151530011433481,0.008929498675540925,0.001688789659731454,-0.007138848578455906,-0.054804135310390995,-0.054804135310390995,-0.05569180317773807,-0.05819575476269705,-0.00989665005268462,0.00892950244361814,-0.0003144717282802851,-0.00987251418955163
2021-12-04,,,,,-0.09966679308991833,-0.09966679308991833,-0.09512597712155284,-0.07783245537653873,,,,
2021-12-05,,,,,-0.025153555791845417,-0.025153555791845417,-0.021821046339448136,-0.020793899530759982,,,,
2021-12-06,0.013552429844853974,0.010291529859580638,0.013044353723147068,0.006718425292128099,0.040040442806494346,0.040040442806494346,0.03838715094701814,0.030601725356284203,0.017967098671794034,0.010291532008526505,0.014052812464822921,0.0077367428721916605
2021-12-07,0.014952137327276693,0.0030724937564693506,0.011874316214529234,0.023607567730865846,-0.005612405331474191,-0.005612405331474191,-0.0055160830198220726,-0.002585189605942004,0.011524713550818216,0.003072491953890533,0.011187317863208169,0.02248485666147903
2021-12-08,-0.0005769049565259765,0.0009202972448910183,9.906846102627242e-05,-0.0031380819492230626,0.03731739189615066,0.03731739189615066,0.032232607341618646,0.03005107214030343,0.005738811185586794,0.0009202979452589044,0.0013929750470893902,-0.0027740132603745263
2021-12-09,-0.00681983318171246,-0.0029196517176276774,-0.0058400482338247925,-0.008198473496769542,-0.06974011815598742,-0.06974011815598742,-0.06870580369233296,-0.05440561830413739,-0.017306547344091625,-0.002919652065097718,-0.008021994513280832,-0.010171593588698302
2021-12-10,0.005428423454781844,0.00763553852073614,0.005971874373875252,0.004058577779544462,-0.03764782144196946,-0.03764782144196946,-0.03586554088312436,-0.04426148006394148,-0.0017509506946767062,0.007635544881891131,0.004420037556847071,0.0028913858965214263
2021-12-11,,,,,0.062185845911676044,0.062185845911676044,0.06077560800388372,0.05875515085808986,,,,
2021-12-12,,,,,0.0005450006496776847,0.0005450006496776847,0.0022413375471609155,0.0005227976906625464,,,,
2021-12-13,-0.006038152907783945,0.004929926473043328,-0.0011082595882819677,-0.007009767201080757,-0.08065923921980625,-0.08065923921980625,-0.08002591953478749,-0.0819740661348912,-0.01847500062645433,0.004929936029355257,-0.0040043979635706215,-0.009493467467110954
2021-12-14,-0.001934503618555359,-0.0002606383411332631,-0.0024568354732499207,0.0004167318637337777,0.011911581619101387,0.011911581619101387,0.009444544188985656,0.00364141313318669,0.0003731772543874324,-0.00026063909095181917,-0.001939012443374553,6.939071258373961e-05
2021-12-15,0.008657972774681649,0.013111164560270084,0.010299983481557574,0.017678915316282934,0.04872903431115065,0.04872903431115065,0.05006823573946144,0.05100683690224778,0.01533648303075982,0.013111164931204143,0.011694450830352575,0.020207997530320713
2021-12-16,0.004803852555990488,0.010391148245221124,0.006096921258472565,0.0012421838775366898,-0.03275391370957652,-0.03275391370957652,-0.03226691197550019,-0.028623514503019695,-0.001455775154937346,0.010391151991428182,0.004878833768808366,-0.0003472635364521723
2021-12-17,-0.012437317144134917,-0.012393237255191097,-0.011430745398345757,-0.015114523984944117,-0.024771957522853383,-0.024771957522853383,-0.025214759026428245,-0.027437492367431426,-0.014493090540587996,-0.012393235287251315,-0.01198893794988635,-0.016333806742155555
2021-12-18,,,,,0.020225622720911683,0.020225622720911683,0.01936876478249405,0.020885959360967064,,,,
2021-12-19,,,,,-0.0022465892681545643,-0.0022465892681545643,-0.00209086588024509,-0.0031539381924032836,,,,
2021-12-20,-0.008131606148534016,0.001979972841776364,-0.004973439787314027,-0.007219478251443331,0.0027239347357453153,0.0027239347357453153,0.0025094769318019907,0.003206686949596806,-0.006322349334487457,0.0019799812977473762,-0.00460444831455366,-0.006230579406393265
2021-12-21,0.01462265780225411,0.0037349334834250953,0.010266501512772093,0.010223401523590586,0.03319664389737751,0.03319664389737751,0.03333125126029792,0.03518890527238057,0.017718322151441344,0.0037349263397875227,0.011047890780939058,0.010655721459212349
2021-12-22,0.0059381861769704,0.006386875125760872,0.0059109952191894535,0.009439133595404256,0.005615825220858107,0.005615825220858107,0.00473798112630922,0.009606651035099363,0.005884459350951685,0.006386875314563279,0.005824988283228395,0.009757268627040698
2021-12-23,0.005000741890955203,0.0017174798720443784,0.004033112190871563,0.0008033113951367588,0.052881521190734665,0.052881521190734665,0.053265501983314104,0.055481362821726644,0.01298087177425178,0.0017174756661918224,0.005767528399521801,0.003256955695844607
2021-12-24,,,,,-0.025854589725139758,-0.025854589725139758,-0.0239553096804015,-0.03500613054920911,,,,
2021-12-25,,,,,0.012088707351344341,0.012088707351344341,0.011204080434707605,0.018780811822870145,,,,
2021-12-26,,,,,-0.0019257207082916453,-0.0019257207082916453,-0.0011656348481754147,-0.0022774485291893855,,,,
2021-12-27,0.01264332388442449,0.01063843693713126,0.011975054357829291,0.020290953175267183,0.006955401909512827,0.006955401909512827,0.006677754695294819,0.004279476003639334,0.011695336888605875,0.010638433775427461,0.011699483752363236,0.020806214321458016
2021-12-28,0.001782330226257714,0.004462187536049168,0.0026642513571826774,-0.0035350102065754077,-0.06626174340482957,-0.06626174340482957,-0.065577344255203,-0.06535964331007575,-0.009558348712256833,0.004462189914536789,0.00020850304469093782,-0.005051013288930976
2021-12-29,0.0003804504800486441,0.0010153188332515388,0.001356012929488749,0.002170804591243545,-0.02867247058178535,-0.02867247058178535,-0.028852891160429793,-0.03490719288415873,-0.004461703030257021,0.0010153188909003009,0.0003145181696214134,0.0010524476271573855
2021-12-30,-0.0015226750242771365,0.000622712691452203,-0.0005778328459456293,-0.0037506863090478746,0.016974196767416672,0.016974196767416672,0.017119945133556674,0.02148400411068363,0.0015601369410051654,0.000622714891114178,6.0293957030405676e-05,-0.00310804470481128
2021-12-31,-0.0011037789850730853,-0.0011399069538872274,-0.0010930838015194215,-0.0008191065583977358,-0.015267470914003978,-0.015267470914003978,-0.015816622081983745,-0.020424718997702814,-0.003464394306561567,-0.001139904164433323,-0.001636786012808234,-0.0015521102733854313
2022-01-01,,,,,0.02912269050477836,0.030787045037674158,0.029187363493238614,0.029650843954015474,,,,
2022-01-02,,,,,0.015540556191764499,0.016014430324775498,0.013867010391477327,0.007128671366174981,,,,
2022-01-03,0.007893532580496583,0.0020975829327162837,0.0037565636705254885,-0.007947782853854177,-0.020728701930202716,-0.01827677689957956,-0.020518508867901696,-0.025428798960703172,0.003123160162046699,0.0020976077173369746,0.002710642530567953,-0.008776543526655765
2022-01-04,0.008287326862424097,-0.0005495257075680766,0.004367093551753912,-0.0017598654268640055,-0.011764087452726647,-0.011718184062807824,-0.011520090937094368,-0.007248515115684709,0.00494542447656564,-0.0005495250348269878,0.0038975177617963774,-0.0019374097213989891
2022-01-05,-0.009811024567845612,-0.0017457591184011903,-0.008805956660302513,-0.00823288710498185,-0.06206812715046752,-0.05603160963842104,-0.060881424414782004,-0.058986243834909226,-0.018520541664949267,-0.0017457186205591495,-0.010733941023602351,-0.008997510143357642
2022-01-06,0.0005963769310551337,-0.00397735329573451,-0.0012179863697795858,-0.00018513261797173703,-0.0008726027668847446,-0.002378597513574653,-0.001775073067120732,-0.003011692585629631,0.00035154698139848743,-0.00397735796817318,-0.0011650929324994006,0.0003612168623842649
2022-01-07,0.0013930725716407816,0.00432081180492376,0.0018294885530459439,-0.012613376001654195,-0.040404478130600344,-0.04796566071870969,-0.041126154203752596,-0.04365772527646124,-0.005573185878732739,0.004320839051230823,0.00023478281320608017,-0.013192376204374731
2022-01-08,,,,,-0.020935419274153235,-0.01720681664628643,-0.019190621286410886,-0.020281511013306552,,,,
2022-01-09,,,,,0.00938373839620118,0.008526741088330625,0.009068510494734085,0.007071994195120931,,,,
2022-01-10,-0.006524926800297903,-0.0011048443314773577,-0.005931318365923484,0.0014154349255190767,-0.03018341787231781,-0.02736984466546919,-0.028250163875813025,-0.025639125422469676,-0.010468008645634555,-0.0011048350934134957,-0.006936992626206871,0.0008130699493275021
2022-01-11,0.010108670902059979,0.003825083685942251,0.006742728764331902,0.006445193622483913,0.03416218451646136,0.036457789477733066,0.03402399907519989,0.04101525937203755,0.014117589837793543,0.0038251564687337442,0.007673148559797753,0.007226282335255053
2022-01-12,0.0028088568181742126,0.0011934487944042784,0.002819512649176577,0.005634213673410177,0.05390506305509349,0.05888610253015099,0.05303680666942915,0.05164434987801641,0.011324891190994092,0.0011934767624217245,0.004815037979923374,0.007191015850738282
2022-01-13,-0.005023576980461089,-0.002185349365579082,-0.004385760442311014,-0.013003294526915635,-0.034351553179315694,-0.03868040769487948,-0.03463495321149391,-0.03777182842586956,-0.009911573013603523,-0.0021853953835085723,-0.005379097188777912,-0.013311727522966655
2022-01-14,0.0018072024404420658,-0.002506623393680762,-0.0004801271434517809,-0.0014126653037954857,0.025946966258798363,0.017072681053457228,0.024537627693775373,0.028593785819388484,0.005830496410168117,-0.0025066052440883605,0.0004411697313627218,-6.710646113480575e-05
2022-01-15,,,,,0.008994754628404667,0.0002193211873357647,0.00789357259278384,0.009923332149571524,,,,
2022-01-16,,,,,0.0065039051181924774,0.021027556500921342,0.007317951163300928,0.013613198008671598,,,,
2022-01-17,,,,,0.00046937886742684943,0.014964897879615902,0.000829936088666709,0.0024314439204795703,,,,
2022-01-18,-0.010761970773172893,-0.00915398681669085,-0.009513255984549185,-0.011551003033652151,-0.015388287946141763,-0.026482585122036162,-0.01628027108886123,-0.010321971159096891,-0.01153302363533437,-0.009153916136190734,-0.00959017158899896,-0.010846323591278262
2022-01-19,-0.0067844203426378705,-0.0004615880771343559,-0.004004078980207691,-0.010549324016116177,-0.029012441761665654,-0.02808099856643949,-0.028078066524853,-0.03540542169757551,-0.010489090579142503,-0.00046160228965123017,-0.004874001132315713,-0.01127201307916125
2022-01-20,-0.011862060931541647,-0.011034173056969366,-0.010678985548151578,-0.015461384062550865,-0.04252286623358551,-0.04021704126365975,-0.04106074490134583,-0.043552739162390414,-0.01697219514854896,-0.011034124748050005,-0.011759564748073383,-0.016289532920347422
2022-01-21,-0.012930960558085396,-0.004511834224046172,-0.009401741134303367,-0.010787543614601342,-0.11571254110166601,-0.11663437241573735,-0.11572120771078895,-0.11759213587546131,-0.030061223982015495,-0.004511889248426012,-0.013290824787778004,-0.012322201547497124
2022-01-22,,,,,-0.05885921527965914,-0.05450544645525084,-0.05737888241904534,-0.05556455383736826,,,,
2022-01-23,,,,,0.03875242717376981,0.04040996746303667,0.03911903565234454,0.04691224746219541,,,,
2022-01-24,0.0023074557928835946,-0.005013679617337643,0.0007606671277583548,-0.0009321694791574053,-0.028662159065224815,-0.02704547718191226,-0.02640736009945899,-0.028447420544656633,-0.0028541466834678063,-0.005013714438470681,-0.00033248413228022803,-0.0017000679508107303
2022-01-25,-0.0033894377559069424,-0.004984248390159005,-0.004939808748761098,4.309376943991631e-05,0.0004887591135445127,0.0007660466601650431,0.0008144902424881711,-0.00047352829911764555,-0.0027430716109983653,-0.004984206232706787,-0.004499895738002775,0.00028002077336011186
2022-01-26,-0.008848441165001992,-0.015999283426981356,-0.010895283559647183,-0.01029339388166425,0.005058996734153465,0.008962292011770324,0.0048979278010625555,0.01185033028755138,-0.006530534848476084,-0.01599929788034486,-0.010340152100200235,-0.009613581026333091
2022-01-27,-0.0034117832324707786,0.00018889085019369202,-0.0027164176031502004,-0.0033951784222911695,-0.008704446363619856,-0.011540225043693631,-0.008303362524861479,-0.013797805699710779,-0.004293893754328956,0.0001889008748896808,-0.0028573360049863683,-0.0037749279310262326
2022-01-28,0.0168862597049742,0.016034810587989754,0.017691806064182893,0.03142840823519595,0.025426408633765198,0.024337704756636793,0.024819307173162712,0.023770973474472035,0.0183096178597727,0.01603472422234417,0.01804336875607684,0.03096802004132911
2022-01-29,,,,,0.014763887792000531,0.020826981129063605,0.015002361706885249,0.010012635401123762,,,,
2022-01-30,,,,,-0.01730228000829739,-0.017048625392625617,-0.016576028447707038,-0.011690006670261408,,,,
2022-01-31,0.014021638256743595,0.010867952609164228,0.012883494187518907,0.009292892006011444,0.014535726144460118,0.0181663221955894,0.015011239930000848,0.023251593834874622,0.014107319571363013,0.010867975792706484,0.012685225614664666,0.008703634763648693
2022-02-01,0.010950258432124882,-0.0026297820095607678,0.006210095820662032,0.0044205420392112085,0.023033684182255224,0.01779649818685004,0.02235108310730761,0.02169294840192965,0.012964162723813271,-0.002629612916394911,0.006789980602132303,0.004873181485735206
2022-02-02,0.009991702955684328,0.011437922797764895,0.010281168677489088,0.02233407632865864,-0.0392681340350189,-0.03765857924955244,-0.03938516669384759,-0.04093893684688268,0.0017817301239004546,0.011437892781443302,0.008209997179067738,0.021529039614391385
2022-02-03,-0.00951382855415483,-0.005871440310837592,-0.008442915500772806,-0.00602018525153578,0.015430349548788727,0.008601117527208869,0.014758199945654875,0.011685443900813835,-0.005356465536997568,-0.005871443255255095,-0.007456153357129118,-0.004593104262960884
2022-02-04,-0.000965093450563159,-0.003722450732806386,-0.0028279520930528023,-0.0038316151595228012,0.08722734863520698,0.095643863312844,0.08877746621331535,0.09289589333257439,0.013733646897065199,-0.003722403432832277,0.0006500000811136193,-0.002861515629503191
2022-02-05,,,,,0.009422977778614994,0.01407014382264645,0.00944625694501439,0.004853644957113669,,,,
2022-02-06,,,,,0.02460039905956177,0.020949146250068405,0.024321802317971267,0.020002001825927755,,,,
2022-02-07,0.0023266470700742488,-0.0010679316341009497,0.0011234783729675765,0.0028386148599422113,0.07049951598030699,0.04196412225433355,0.06749264467957374,0.07080684174369618,0.013688791888446367,-0.0010679284743587334,0.003759465508886539,0.004235155311419357
2022-02-08,0.004025120961881327,-0.001222703969185291,0.00331133866722854,0.002471214690738242,-0.0025026088809162687,-0.005075138589124426,-0.0024975681297010003,0.007865846561896341,0.0029371659880817287,-0.0012227820974322775,0.0030084705391955646,0.0017265933202972683
2022-02-09,0.012606793313618199,0.006435310482603979,0.010318485365322459,0.018738915238163713,0.019764412626272824,0.01876730770624761,0.019499516029716103,0.014393676440539297,0.013799729865727303,0.006435277749165172,0.010448044379213988,0.018779830729474662
2022-02-10,-0.016922118858680182,-0.01731288460045495,-0.018017099338166198,-0.02017334020254632,-0.026291180600430487,-0.025326680642016337,-0.025813326898622754,-0.03322933832013783,-0.018483629148971906,-0.017312868021581006,-0.01834165441644927,-0.01955863071522668
2022-02-11,-0.010206802133622505,-0.0026967731235881657,-0.008456700144788333,-0.006767502598556061,-0.059878460105618043,-0.05447697156247083,-0.05845946419360616,-0.057834117561855455,-0.01848541179562176,-0.002696780779485837,-0.010065212618504724,-0.006628018819648164
2022-02-12,,,,,0.004881581624613972,0.0014205967751715165,0.004374012788124841,0.00905443051100791,,,,
2022-02-13,,,,,-0.0009595511905362898,-0.0002495457458923508,-0.0007636547845831069,-0.004762582602855711,,,,
2022-02-14,-0.00634100905569615,-0.007921729199961485,-0.006097254674506255,-0.0066401179420368115,-0.004873680716226226,0.0036134532491627486,-0.003968251636502055,0.004440855487589268,-0.006096454332451165,-0.007921679080493847,-0.006081573136471307,-0.007364854511767025
2022-02-15,0.010470141652055797,0.0021554440050257783,0.007630443802384516,0.004100720439472501,0.055317919791162566,0.050577452528560954,0.054712780945666124,0.05666599175715462,0.017944771341906925,0.0021554870197441726,0.009141913559610436,0.003988199886812591
2022-02-16,-0.0004521061122067472,-0.0017978104982247674,-0.0008492506585580184,0.0005876348819034103,-0.015403125009194408,-0.014521966970714234,-0.015466032921918725,-0.014352426415775985,-0.0029439425950380242,-0.0017977137957013822,-0.001372413677157745,2.5517614222093105e-05
2022-02-17,-0.015235853249305863,-0.006712092026372188,-0.01233134488337627,-0.01094253583378663,-0.07783500010761192,-0.07047519623705996,-0.0773876651607002,-0.07246424487132896,-0.025669044392356868,-0.0067120029337445555,-0.014636326711280734,-0.01146915821846789
2022-02-18,-0.008409016441980765,-0.005524793127708016,-0.0072066919930955185,-0.007873662180904595,-0.007808763498197357,-0.011064910477249279,-0.008175957778218211,-0.0066006723909967716,-0.008308974284683532,-0.005524779197648167,-0.007141003211930588,-0.007848568647082617
2022-02-19,,,,,0.005728448292466137,0.002474465716401038,0.005368063389640755,0.009611865672671603,,,,
2022-02-20,,,,,-0.04326270437002942,-0.039622441632234495,-0.04295481517950916,-0.04663543561293288,,,,
2022-02-21,,,,,-0.0626345494325867,-0.04776337634081394,-0.06079548481810435,-0.05433139560714707,,,,
2022-02-22,-0.006636163123505222,-0.0039582329730954505,-0.005305419069239044,-0.005933088539024235,0.039267972983908536,0.03591117064442909,0.0388754731445561,0.03449265097431385,0.0010145262277304029,-0.003958258807452912,-0.003505437414186972,-0.004641489065877664
2022-02-23,-0.011444759515712766,-0.00271135757562588,-0.010092691698887555,-0.0005973015828727572,-0.020894244531552655,-0.02158563920965014,-0.021007667052958482,-0.02542643767313655,-0.013019673685019413,-0.0027113627399956864,-0.010414737733726283,-7.054148039384569e-05
2022-02-24,0.0066461620133129295,-0.0010916422989443607,0.0051025538109491795,0.003998837114866312,0.0018385094903915378,0.013093984246078478,0.0034930801496202146,0.0023283664397648132,0.005844886592826034,-0.0010915828291280507,0.0047298398353594895,0.003243611794685068
2022-02-25,0.025427521482620955,0.02619172829862364,0.025604598077069916,0.03604120644090639,0.04265680231986539,0.02689039212898417,0.04099859360078923,0.04341254723290819,0.02829906828882836,0.026191595809323665,0.02631130609336346,0.03631239009756486
2022-02-26,,,,,0.002904508069891176,0.004680091901775777,0.002888634038682418,-0.006157959164757778,,,,
2022-02-27,,,,,-0.04140870790385846,-0.03951196528102963,-0.041146137911879446,-0.03793693740239927,,,,
2022-02-28,-0.002195598379704531,-0.005069523336150446,-0.004262095702038469,-0.002656574394246569,0.10086406570540668,0.10663031141268176,0.10270313314412162,0.10478608670882385,0.014981012301147338,-0.00506943301810656,-0.0001399968817276271,-0.0010469347303348076
2022-03-01,-0.012896231197349315,-0.001801438364624323,-0.00995261963922056,0.0031793209390537825,0.0031196221938872945,0.005946525798510933,0.0039086386467940505,0.009326722098083776,-0.010226922298809874,-0.0017982462504271886,-0.009162528491072899,0.00346128167680007
2022-03-02,0.01978061939202785,0.012024982880704528,0.017149404317754004,0.018072530912969276,-0.018961438742063776,-0.015173047493322699,-0.01840839621012081,-0.0134898463065025,0.013323609703012586,0.01202233487568261,0.015643819988366444,0.01679978428622935
2022-03-03,-0.0008418490610408492,0.008520356234669724,0.002545321850007585,0.006773975867865377,-0.01945143008743081,-0.02979177970894937,-0.02037286723845482,-0.022005409407081976,-0.003943445898772509,0.008519640278390075,0.0018487213617909266,0.0072746604834833285
2022-03-04,0.0018169686926337776,0.006835517901980922,0.0038803867427088705,0.010078140641142465,-0.0696371325993718,-0.06591226182018861,-0.06955686212495228,-0.06525697247979859,-0.010092048189367153,0.006828709177784727,0.001120193771499924,0.0081091144948933
2022-03-05,,,,,0.0252353977196617,0.02062133422237854,0.024428382545371472,0.031598571928400335,,,,
2022-03-06,,,,,-0.03685028874198392,-0.03444025050351311,-0.036297218763465706,-0.03231282094141044,,,,
2022-03-07,-0.01776749892036473,-0.008791822755178251,-0.013598006599067179,-0.010951510218380704,-0.01777702786344355,-0.018125784284990294,-0.017550529539525676,-0.013270144013597277,-0.017769087077544526,-0.008792768010542844,-0.013519799080867785,-0.010875599132888573
2022-03-08,-0.004451663647359792,-0.0136869063782791,-0.007819067796865363,-0.021491808040368855,0.019149664845266434,0.024844744542491047,0.01963369983356423,0.019122899776251374,-0.0005181088985887561,-0.013687823775815079,-0.00676966736898762,-0.02115401516005948
2022-03-09,0.015019626125899077,0.004324020263405828,0.011759513759363925,0.009717928589428179,0.06142501332371159,0.061045803341838845,0.06176318881352625,0.05502016863271339,0.022753857325534494,0.004328566335005242,0.013516025779594362,0.009996853766767115
2022-03-10,-0.0008810613935192386,0.001759246642173753,-0.0003785751267736054,0.007892900983575875,-0.04529719373610162,-0.046522684652746324,-0.04568124713075456,-0.0400176461499818,-0.00828375011728297,0.0017542189655901789,-0.0021376703729287043,0.006692164158217217
2022-03-11,-0.008321164119682886,-0.005365680327726807,-0.007681449997621548,-0.0073529469600620125,0.00725138935331222,-0.007103390076697824,0.005575855310014642,0.01639723119481455,-0.005725738540850365,-0.005364563640564575,-0.0070496688517005645,-0.007343780544753236
2022-03-12,,,,,-0.0003131008534325579,0.002544014071051675,-3.0434936222905598e-05,-0.002444945203088797,,,,
2022-03-13,,,,,-0.026829848389654964,-0.02157834256343775,-0.02644712860933059,-0.024243083918182334,,,,
2022-03-14,-0.009521426509802988,-0.004675916126602566,-0.007701231337077241,-0.005649417986097188,0.025832757715324072,0.027710707122253424,0.026541258905238462,0.028391870795986884,-0.003629062472281808,-0.004668173882212125,-0.0061042336156458266,-0.004003943320205881
2022-03-15,0.009821014009503299,0.007377721112069012,0.00948639382154152,0.012628754310348064,0.002887432540878421,0.0023769942854669473,0.0025943371102973723,0.002266672583278997,0.008665417098065821,0.007374573525243172,0.008917359193649506,0.011549447641077487
2022-03-16,0.01583014592972459,0.005854425293919266,0.012788706385060975,0.005957422696757258,0.041546730983816206,0.03834128181489889,0.04131931081829044,0.03784863211934479,0.020116243438739852,0.0058574178060919625,0.013666616654368153,0.00657022823623863
2022-03-17,0.014569366617528792,0.011354017594501106,0.01343453925766923,0.0178529496348323,-0.0021367286149943324,-0.0010295523357946412,-0.002175629358762379,-0.0006805357579862571,0.011785017412108271,0.011354885242657766,0.012888309566655907,0.01781097672809721
2022-03-18,0.004900691902451894,0.0032159971098556285,0.003649910755990007,0.009235767196479823,0.022870714126966354,0.026512619739907727,0.023093785330171146,0.020830200305452663,0.007895695606537636,0.003217184718032964,0.004285867969017283,0.009143411403062645
2022-03-19,,,,,0.04889256616829627,0.026481727010561038,0.046411943080866845,0.015521752813119894,,,,
2022-03-20,,,,,-0.0008807548129557872,-0.01663559082407803,-0.0023080941768311228,-0.017703574126278265,,,,
2022-03-21,0.003616403556229848,0.002582512543860771,0.0025269579912830546,0.013213600684968704,0.023983811636451396,0.016223271550791417,0.022442324904253887,0.013182251216234318,0.007010971569600104,0.002582272838248372,0.003383782269455747,0.012624439896533824
2022-03-22,0.0055469342443239394,0.0044571661346966066,0.0052390333799626565,0.0008127034392289646,0.06288462575961844,0.0506089722110745,0.06140986763615376,0.028089773486601317,0.015103216163539684,0.004458033515733533,0.007358393831275639,0.004873173355155285
2022-03-23,-0.009675333619606638,-0.009417838199226664,-0.009049438300187588,0.0006952383852279348,0.012081167675711223,0.019929136815568124,0.012356187606257521,0.008798870683222817,-0.006049250070386996,-0.00941266697839985,-0.007984785116901896,0.00022247165817058955
2022-03-24,0.010775713212324891,0.006451808932313374,0.0091215575939884,0.015298947410786926,0.02453322843609056,0.019343674064519895,0.02428170655633565,0.021816930317338203,0.013068632416285832,0.006452899640377026,0.00953073289120898,0.015243241875525856
2022-03-25,0.009012400337871582,0.008603994855410834,0.009289610785747816,0.011041744706331583,-0.011489590412916785,-0.007066385736885783,-0.010625176985579163,-0.009900510364676873,0.005595401879406857,0.0086041945480155,0.008620792713928611,0.011047834122364434
2022-03-26,,,,,0.009594654493158005,0.014015323469877237,0.009666754399783338,0.01146305226367414,,,,
2022-03-27,,,,,0.042547875454710636,0.04560545352057349,0.042955057053904906,0.04209439433566531,,,,
2022-03-28,0.0008465485017869991,0.005532411971665742,0.0029438645562211126,0.0010021581604693218,0.00445177065782223,-0.0016776440289876199,0.003862701771943514,0.0029296773041509495,0.0014474188611262038,0.005532070307397053,0.002942124824158045,0.0006803436691894511
2022-03-29,0.012421936723784473,0.012777502808481184,0.012432581772222232,0.006306127968342722,0.013999177555741139,0.012323568511112373,0.013745207510377161,0.008311384852203844,0.012684810195777252,0.012777861499547488,0.012440213074761624,0.007100042681897173
2022-03-30,-0.004279865159334702,0.0005400941642348053,-0.002228387021968879,0.0011010130129068291,0.009501167971384695,0.011678797613366414,0.009378279861066072,0.01035217455802522,-0.001983026304214804,0.0005388056815962932,-0.0016859226163485062,0.0014837336226665317
2022-03-31,-0.01461285970420726,-0.008931577747652165,-0.012465432281530322,-0.010151797951023356,-0.03077250341725826,-0.01525200283452435,-0.029547533275722637,-0.03254325040671186,-0.017306133656382425,-0.00893509895834775,-0.013126576534172887,-0.011062817320126438
2022-04-01,0.006186125023239844,0.009152913026214618,0.008433018898507004,0.011840128153805916,0.01314246889255092,0.01617171685312974,0.013524934071480177,0.018960888931748313,0.007345515668125022,0.00915471858548712,0.008791149328753535,0.011919005256135267
2022-04-02,,,,,-0.010246088629816429,-0.009482894648693023,-0.010292838776216985,-0.014033135672874293,,,,
2022-04-03,,,,,0.019144810628382403,0.014226201792632674,0.01848226289859023,0.01656406454306429,,,,
2022-04-04,0.002385126357386453,0.0029136024833471023,0.0013019033667984398,-0.0036830930793292117,-0.006553388346854017,-0.006363773424014342,-0.006636881135157912,-0.008869584991702805,0.0008953739066797098,0.0029079081049622067,0.0007792251655543989,-0.003929074362345202
2022-04-05,-0.010698340505611342,-0.004397201526033913,-0.007032411267796712,-0.0028288928745508336,-0.028460521862655356,-0.02656899111914312,-0.028088436302100145,-0.027136150404278032,-0.013658704065118673,-0.004403976109729052,-0.0077024125089301745,-0.0030210412756666175
2022-04-06,-0.0012633246356550405,0.011159047083440761,0.0038763749062779317,0.013355571757610008,-0.09165544300198733,-0.08133748910193651,-0.08990797480073644,-0.08330106599583784,-0.016328677696710422,0.01113486700001371,0.0003769481869366344,0.011698251124551416
2022-04-07,0.0016102370143205448,0.003462523531417143,0.0020785268558766484,0.00989765239465958,0.0361365525133895,0.02168021673800238,0.034431134721220044,0.04218964361981969,0.007364622930832038,0.003455380680704833,0.0033325053812545955,0.01208778383006051
2022-04-08,0.003154132343436489,0.007182987686568742,0.0038929633870836977,0.004104280026326405,-0.0418624787584597,-0.033547587049286016,-0.040775240910215935,-0.03659986013063659,-0.004348636173546209,0.007178043068233469,0.0022591616011086784,0.0036544193503066074
2022-04-09,,,,,0.01842106310011493,0.016755680624635345,0.01824775732117097,0.02124872942612774,,,,
2022-04-10,,,,,-0.017001828378892973,-0.016476405269138326,-0.016963996367243356,-0.01901636756137523,,,,
2022-04-11,-0.011840453695113766,-0.01431832246561569,-0.011596599775772258,-0.024297037705598136,-0.08038746598850147,-0.07587207754539207,-0.07949185907765804,-0.0742817113867257,-0.023264955744011717,-0.014357656439646812,-0.01432589122363948,-0.02575921853398718
2022-04-12,-0.0008602131354637925,0.0027380576215613748,-0.0006303565398584348,0.005094927943186672,0.0283449435915488,0.02590634674708883,0.027819019753550008,0.024447775496996324,0.004007312985704972,0.002764546465257556,0.0006216536785271684,0.005635028861136886
2022-04-13,0.009111691535789817,0.006209356881012896,0.007263395016437118,-0.001171189539103836,0.03716934184651202,0.04463144844737632,0.03707887538088866,0.020522721256024713,0.013787966587576845,0.006225253981304227,0.008317652167577507,-0.0018464374918676597
2022-04-14,-0.0021576094399995685,0.0017534014969354476,-0.0009428254107351251,0.0022352768330561874,-0.02365856424583321,-0.025557691954168398,-0.023927750378086844,-0.02358998752918115,-0.005741101907638509,0.0017585731318997299,-0.0017547697887600705,0.002049273402307154
2022-04-15,,,,,0.031038335249899567,0.019152096827425087,0.0298251449430565,0.028005585294006523,,,,
2022-04-16,,,,,0.014421413264668358,0.003038595353172054,0.013029283094849955,0.004690234050215033,,,,
2022-04-17,,,,,-0.038583655169079335,-0.029662033541767222,-0.03728443034447739,-0.02917412986609092,,,,
2022-04-18,0.0008561339045568393,-0.0045347682038566406,-0.0014955575272943738,0.004299692381895788,0.02228925033010376,0.026411091248884914,0.02265425188243345,0.01955296388675607,0.004428319975481326,-0.004510059531363317,-0.0004865269614622305,0.004061488127411095
2022-04-19,0.012514123824200304,0.008660217142668448,0.010772012229466972,0.0005725519446964398,0.021499995707293638,0.014430384865435885,0.02092356250021075,0.01904497010383306,0.014011769138049192,0.008676321053265742,0.011055703271848356,0.0011264264196333101
2022-04-20,0.0015008733592365077,0.002564080528074546,0.0028408320643513586,0.004644512340557623,-0.012096637850906013,-0.014030319158703683,-0.01211389048332819,-0.017293940896488808,-0.0007653785091205787,0.0025956709973154767,0.0023975713585244257,0.004628333977990033
2022-04-21,-0.01236558266008561,-0.010494382269409644,-0.011401318471461945,-0.02045207647876624,-0.020877854849308073,0.0039116405470918745,-0.017465634266767387,0.0042781015752759825,-0.013784294691622687,-0.010481047701877244,-0.011525497854924058,-0.02000703773843028
2022-04-22,-0.02310687701405426,-0.015621019673696925,-0.02090260298671241,-0.025416515576361785,-0.011750225224195167,-0.015833415963271796,-0.012753688957028003,-0.0186113457215663,-0.021214101715744397,-0.015616838657837072,-0.02052224059883462,-0.024135952134877167
2022-04-23,,,,,-0.012860547675251912,-0.00921039673008507,-0.012166038442605512,-0.009144545899201842,,,,
2022-04-24,,,,,-0.013762498814561454,-0.011784493683483603,-0.013466788562088971,-0.014906387862230842,,,,
2022-04-25,-0.002562322005097424,-0.0014984606005447722,-0.002628728114503872,-0.008596122042435839,0.01016629986165194,0.01647492217894044,0.01075528847315612,0.008677541076407143,-0.00044088502730586316,-0.0014996630558623421,-0.002225980504464057,-0.008855912809814351
2022-04-26,-0.020589946642060254,-0.015963491313033065,-0.017907892507700193,-0.011247695740168765,-0.06831752801509475,-0.06208723155546342,-0.06750320760128059,-0.06849150422905002,-0.028544543537566,-0.015986730515829436,-0.019767809056408396,-0.012261108042698723
2022-04-27,0.0004532832337849477,-0.0029530164457107814,0.00023175442307137663,0.0024520386078548053,0.024420882858019202,0.02722694372023236,0.02467060152749015,0.023231528003675804,0.004447883171157322,-0.002948345817313183,0.0012552161503865153,0.0031422849010314933
2022-04-28,0.017596976760320904,0.01555774261963846,0.01597256708739931,0.02417390086761864,0.008911743483814662,0.00812948730138176,0.008939264114057476,0.004518242713233735,0.016149437880903197,0.015536392443216668,0.015573733768182807,0.023310600136647913
2022-04-29,-0.03513723368055067,-0.03135427262853559,-0.033875399768836516,-0.05069476527539865,-0.03646867383836265,-0.03183295257982272,-0.03571984476875927,-0.03771639052924086,-0.035359140373519345,-0.03135132608305437,-0.03387737255876391,-0.05114948771509083
2022-04-30,,,,,-0.05335987681911827,-0.03571724132543882,-0.050957531855932395,-0.04329309648158229,,,,
2022-05-01,,,,,0.047335770451658335,0.0490136035903118,0.04773732000783161,0.05095110542359751,,,,
2022-05-02,0.004282752066340887,0.0005895941085789324,0.0012711038514178407,-0.012727047212578129,-0.003150579813704691,-0.002731370820190539,-0.003329350212115902,0.0010824576667289151,0.003043863419666624,0.0005895887563713176,0.0007344840149301087,-0.012727032963792939
2022-05-03,0.006419254004216236,0.0026863322308922502,0.005326244752017402,0.008241853027847211,-0.010712090547274924,-0.0057387274189623335,-0.00988572885586126,-0.004654119141148028,0.0035640299123010435,0.0026862925116252667,0.004555854645407942,0.008241871309639793
2022-05-04,0.03059747582803359,0.024569553362516715,0.027867121334570703,0.017659568491835434,0.09768777207422856,0.0960318218003328,0.0974903136292457,0.08779978388055357,0.041779191869066076,0.02456961908563002,0.030791614288959886,0.017659604620624943
2022-05-05,-0.025223333537134414,-0.014931961440328339,-0.02138133131544066,-0.022871430220490794,-0.08792760957755685,-0.08914825309348448,-0.08820246551204323,-0.08813118639834662,-0.03567404621053815,-0.014931998944124432,-0.024065863171759586,-0.02287143993138171
2022-05-06,-0.00373481405522967,-0.005786690162435751,-0.003719174502246288,-0.000637500818082883,0.009911536356464601,0.022481824808671516,0.01172502012049352,0.025179934014919796,-0.0014604223199472912,-0.005786700911458781,-0.002846865487301829,-0.0006374593295938153
2022-05-07,,,,,-0.025861551667197512,-0.024886342673183133,-0.025620589973459427,-0.02541587368312148,,,,
2022-05-08,,,,,-0.01912325233741754,-0.0176659127570748,-0.018885085898131343,-0.0135812113002198,,,,
2022-05-09,-0.035055110842849325,-0.014206503281803935,-0.029205363537676717,-0.05205400243109489,-0.13858540201932165,-0.1363002631200457,-0.13787908686088407,-0.1363679520997224,-0.052310159372261376,-0.014206530668988492,-0.033805745192033866,-0.052054007014575486
2022-05-10,-0.004350157266790659,-0.007975973356054955,-0.006183839427571607,-0.007475486624900165,0.03548752611899278,0.04016005544796199,0.035794718357418924,0.03794020257020088,0.002289456630839913,-0.00797597581532456,-0.004527749574572318,-0.007475483896386011
2022-05-11,-0.0034181327814378324,0.006990752501669358,-0.00033569903752032746,-0.0008674983138903549,-0.14409244004091043,-0.11372584360484925,-0.13878258505065347,-0.1167057587887725,-0.026863850658016598,0.006990775389349088,-0.006636345335830303,-0.0008674997073513823
2022-05-12,0.0022033135934364768,0.007125232929008265,0.0033203834120564863,0.005912716113259983,-0.04872558742882797,-0.04333514453497887,-0.04754872684457727,-0.04848562708947678,-0.00628483657694093,0.007125237026694681,0.0010213288204518718,0.005912707739422872
2022-05-13,0.02229112494462501,0.009921905051305552,0.018071110143884742,0.01568087801581936,0.06680643620759522,0.05676345844921513,0.06532423105463044,0.05807806411157053,0.02971034348845338,0.009921991676386781,0.0198755794475578,0.01568089607763904
2022-05-14,,,,,0.021150943771016485,0.016817476467110765,0.02063042066629671,0.010110430291138735,,,,
2022-05-15,,,,,0.041672055707046005,0.03361080911594175,0.04077004204756077,0.03294885676266557,,,,
2022-05-16,0.0013181692032246067,0.00615518411604472,0.0027206014665193574,0.0048468072516162424,-0.05961559892154227,-0.05793452834357585,-0.058965293662232326,-0.05291039992898791,-0.008837458817569869,0.006155179406768199,-5.9634145206977226e-05,0.004846812511580841
2022-05-17,0.01945053993405474,-0.0028341617451735964,0.014053831748061879,0.007347903425577919,0.04388035967930753,0.03662576369957043,0.04280268765524712,0.044033672865844066,0.023522176558263535,-0.0028340353583416115,0.014965664537233636,0.007347922976353451
2022-05-18,-0.02801387185213911,-0.024525987391207447,-0.025062584348812558,-0.0315628867403051,-0.07934075845361611,-0.06823439567991053,-0.07744327035902492,-0.0638234351829009,-0.036568352952385266,-0.02452612850023326,-0.02731469621103206,-0.03156290799243048
2022-05-19,-0.0018228315479148116,-0.005287895197302191,-0.0019945334034883245,0.0006907166903182816,0.04750690560771123,0.04662617056563041,0.04742439595701305,0.05304094146496838,0.006398791311356195,-0.0052879583654673835,0.00024418935821466856,0.0006907075842395009
2022-05-20,0.0006859801810684977,0.002977452039900092,0.0027893649798927255,0.0024390270258779724,-0.03175963714668381,-0.029688133252559507,-0.03170333824157738,-0.032877265235434404,-0.00472162270689022,0.0029774851618957847,0.0013287744603370081,0.0024390240734092137
2022-05-21,,,,,0.01647804411295526,0.014636197505401793,0.016423389588678765,0.015324687121372187,,,,
2022-05-22,,,,,0.03472782004763588,0.03531896390298941,0.03488751940698805,0.033607570370645955,,,,
2022-05-23,0.019290594368582815,0.01714005311281112,0.017290360496616985,0.015755891424276584,-0.0328043162476431,-0.03647560123802996,-0.03315686170497442,-0.03582024982763546,0.0106081092658785,0.017140158338775083,0.014807676058965569,0.01575591687223223
2022-05-24,0.0004160499764193638,0.00987489368530694,0.00481276035218265,0.003576515476233592,0.03203904359740626,0.02267457717578775,0.03137109388297965,0.021645837845723617,0.005686548913250512,0.00987493496891287,0.006403443874597571,0.0035765046462583857
2022-05-25,0.008934932428617256,0.005386050528872884,0.0069432758472607985,0.010629103939339093,-0.009345323136245278,-0.0014006207922936814,-0.007933433913635607,-0.0012436471902309743,0.005888223167806835,0.005386030822072372,0.006116117723273551,0.010629117185727788
2022-05-26,0.015234428874930362,0.0057356236294359205,0.010681469654251355,0.00892767325269013,-0.05070413016976659,-0.04078984810239527,-0.048866590373597085,-0.04117704686790651,0.0042446690341475385,0.005735597541152504,0.007681021689235305,0.008927691999612635
2022-05-27,0.019582410573768312,0.01093259728552654,0.017034053606955996,0.018688305879242462,-0.02852164180232375,-0.03273920442749614,-0.028619605757100017,-0.03025812539027581,0.011565068511086301,0.010932594253518765,0.014757408989334414,0.01868830126933677
2022-05-28,,,,,0.01804435320543567,0.01544284353528729,0.017378527836311244,0.011518032215352178,,,,
2022-05-29,,,,,0.02776182819934858,0.01941202370722177,0.0268331615109174,0.014687301783093456,,,,
2022-05-30,,,,,0.08357793585561525,0.07894720374063253,0.08283130073504398,0.07453217086526177,,,,
2022-05-31,-0.00768683234845191,-0.009308760684638899,-0.008133165031212107,-0.01580861200522208,0.011728387575256224,0.013075767718804915,0.0116817055397162,-0.0030538762151662863,-0.004450962361167222,-0.00930880346132822,-0.00725259615590025,-0.01580861966896683
2022-06-01,-0.0052480854871945655,-0.005580388407977522,-0.005405249975616891,0.0007913832682022277,-0.0710803050374161,-0.055772503154482254,-0.06875539094195918,-0.05839676448877329,-0.016220122078898155,-0.00620081312639182,-0.0091023667061752,0.0007913877362509165
2022-06-02,0.014666480722361937,0.0029370673699229354,0.011315399149517982,0.0015274876612545354,0.0241083992323192,0.014796491429807056,0.023134202490538058,0.01995344123696282,0.01624013380735481,0.0028769793785820732,0.011641531224127848,0.0015275039796297763
2022-06-03,-0.00828168804204499,-0.005277640416333341,-0.007404189215644372,0.0018835914669438967,-0.02621997954174823,-0.030071142744586287,-0.026305602200452284,-0.01934577310684611,-0.011271403291995524,-0.005331258793330723,-0.008353682431690782,0.00188358858623976
2022-06-04,,,,,0.00729477174064296,0.007772254656719085,0.006818520331289614,-0.0012754517044351607,,,,
2022-06-05,,,,,-0.004211390828016737,-0.004224780797298677,-0.0036152496429449365,0.0026362973295418583,,,,
2022-06-06,-0.0004726634839063062,-0.004635833166514408,-0.0008998720729813585,-0.0027535313437817214,0.02920144611179571,0.026379100955657892,0.028889172777214218,0.0244858577178702,0.004473021448710696,-0.004149112250105503,0.0007899465045515884,-0.0027535340476606152
2022-06-07,0.010212564518665373,0.007720229218484665,0.009196690228960313,0.012769768026320166,-0.011969793902402003,-0.008193571932790739,-0.011576143098919054,-0.01974262436665559,0.006515504781820812,0.007403552054897966,0.007915231645814352,0.012769780246915082
2022-06-08,-0.01288874606797629,-0.00960142524173851,-0.012440996072460497,-0.008236544861594761,-0.013612383477299806,-0.0205027703087337,-0.014633173207570937,-0.014740554903606906,-0.013009352302863542,-0.009891660720438985,-0.012580557263941129,-0.008236537753476936
2022-06-09,-0.023559022078012803,-0.022741989723338168,-0.022319925155932216,-0.024549498010038064,-0.006290799584613548,-0.002069290195310319,-0.00572111044820893,-0.001977646932233488,-0.020680984995779597,-0.022512842521531365,-0.02130905471297631,-0.02454949857548875
2022-06-10,-0.025725198523414775,-0.009445992648891196,-0.020563459195419277,-0.012351882166910867,-0.052389569676345525,-0.04390244399230398,-0.05090382696916904,-0.04661743452279405,-0.030169260382236565,-0.009233023783606716,-0.0218070566403723,-0.012351905805519144
2022-06-11,,,,,-0.05910299544008757,-0.05380427673274589,-0.0577289243879523,-0.05920604271214688,,,,
2022-06-12,,,,,-0.05806915079641411,-0.041424477892128615,-0.055768962607314905,-0.04668077836940981,,,,
2022-06-13,-0.04038529147505947,-0.03230873112622596,-0.03741308481923743,-0.04258926497691083,-0.12649945561716175,-0.14634148421785162,-0.12952108809538299,-0.147009920826059,-0.054737652165409836,-0.03337259143779875,-0.042455994225768935,-0.042589257572675815
2022-06-14,-0.006491442095683101,-0.013659403868258608,-0.009370659528612303,-0.007754416346414973,0.011680498107776518,-0.019011864874812195,0.007091043862252185,-0.011247217104466167,-0.0034627853951064965,-0.013769681199391932,-0.00862064329650417,-0.007754408855027123
2022-06-15,0.010895650187921787,0.0028833004706062364,0.008892065218582395,-0.005114915791776443,0.06542525357596153,0.04790490090760355,0.06383522776646675,0.0624239827842141,0.019983917419261737,0.00297878960208623,0.011682301097565007,-0.0051149214209761495
2022-06-16,-0.028833026531388663,-0.007921155019073653,-0.02267834846654517,-0.021975457731215082,-0.1071884006610222,-0.10555566000784157,-0.10609277181642351,-0.10349566343419292,-0.04189225555299424,-0.008534016298594233,-0.027053531884171256,-0.021975466836645703
2022-06-17,-0.004012950146138571,-0.004146525209878864,-0.003853970285886728,-0.02018709451944079,0.036461982033388525,0.03415294909624654,0.03483217581733412,0.02116596822140327,0.0027328718837826144,-0.0039172064827989956,-0.001696943645196274,-0.020187122552878984
2022-06-18,,,,,-0.04251541303837564,-0.04326021429904131,-0.04250293429622088,-0.04451567032813296,,,,
2022-06-19,,,,,0.07927452664115973,0.06310560905962605,0.077659531901395,0.08140072522436753,,,,
2022-06-20,,,,,0.0015757411640274664,-0.004475512663248069,0.0010370328274239818,0.009234555086341223,,,,
2022-06-21,0.021283145794544638,0.022231407724640738,0.021779587189717113,0.0353767726693362,0.005971368768382866,0.01551589904076767,0.007498126810516921,0.011792354282895236,0.018731182956851,0.02227133826306642,0.020985617683934043,0.035376798372504084
2022-06-22,-0.0034361485113255366,0.0033286150195953007,-0.00011738402247952714,-0.004984558657386857,-0.03599036081922781,-0.03804973804679328,-0.03591734518099846,-0.03762871460666912,-0.008861850562642583,0.0030985428427857996,-0.001978365449814403,-0.00498457171384949
2022-06-23,0.0025338360448495245,0.013105121245685076,0.006371229085411771,0.0035448044585992466,0.047340504070337984,0.0435778967998735,0.046968774810641566,0.048254623493873085,0.0100016140490976,0.013642021398134304,0.008985845150498198,0.003544773774260104
2022-06-24,0.02872286471939655,0.014236518639681658,0.02415201828725716,0.0177589879352273,0.03819140914105866,0.03865097984628328,0.03780406294825386,0.045016351445114414,0.03030095545634023,0.013866967192010806,0.02450642487321076,0.01775899638151966
2022-06-25,,,,,0.007753439427377806,0.0032830222274110223,0.00726373961969807,0.0028830080449164033,,,,
2022-06-26,,,,,-0.021408985862141752,-0.020762684187298774,-0.021255393049244807,-0.02019285715067075,,,,
2022-06-27,-0.003099116276753979,-0.002958160910737814,-0.002398587563078496,0.012412390980243524,-0.006753675892738909,-0.0031931697044116155,-0.006086973042425787,-0.0012267431368187948,-0.0037082095460848007,-0.0031329138719822774,-0.00253060198931988,0.012412378967812304
2022-06-28,-0.009510549810128442,-0.00882949949949542,-0.00958860454411415,0.0014046825472636213,-0.043163800565628886,-0.039295992901269255,-0.04185218172359068,-0.03668955783204771,-0.01511942493604518,-0.008804430037604267,-0.011242080619199697,0.001404676969773428
2022-06-29,-0.005108620032928053,0.0005428228864819163,-0.0026142428801419764,-0.006635629883092454,-0.014634249838758707,-0.016450441007906793,-0.014975010288623358,-0.02478317566786415,-0.006696225000566496,0.0005160129727299318,-0.0031416545867773717,-0.006635649302717616
2022-06-30,-0.00757003786096443,-0.007531922967618987,-0.006346190695297765,-0.0061834133422324945,-0.007364903002337223,-0.010472642054269503,-0.007631441371565985,-0.008594570983464606,-0.007535848717859894,-0.007468725221360931,-0.006221162949065101,-0.006183422493155512
2022-07-01,0.01073505233633957,0.01485557852670383,0.013103717157488448,0.01717736921938208,-0.022743101604300778,-0.01922237955370814,-0.02209802217896551,-0.028998581929422437,0.005155360012899511,0.014855555962425044,0.011151683151961163,0.017177372366730632
2022-07-02,,,,,0.010206534368909838,0.008721268422042707,0.009497974905240758,-0.00019185257683349759,,,,
2022-07-03,,,,,0.006203747849250052,0.008882523175043844,0.006643238034439853,0.011379287792636902,,,,
2022-07-04,,,,,0.03434928007958627,0.03606141090632894,0.0344193978255726,0.02451969691569351,,,,
2022-07-05,-0.006293927342713394,-0.0035842559757350498,-0.007163516030125447,-0.01667990758858995,-0.019035901264224744,-0.009563129613428908,-0.017343481120626045,-0.01991034070667376,-0.008417589662965286,-0.0035842556538614387,-0.00802683379613548,-0.016679908951289034
2022-07-06,-0.00013597333307193254,0.0015119481165462335,0.00048142537963108027,-0.0011324544914162423,0.01714929107079264,0.01828099928756897,0.016802211423529084,0.010323414872344384,0.0027449040675721625,0.0015119571988862325,0.0015148833401215482,-0.0011324486171782318
2022-07-07,0.01411019528266564,0.0023814110149884757,0.009549889069799826,0.004435161972221499,0.03818408898870451,0.03831227031362278,0.038138999634339185,0.03394128044550522,0.018122510900338784,0.002381396920640033,0.010981846744527131,0.004435160773218136
2022-07-08,-0.0033276940985262076,-0.002897180405112253,-0.002989531035554847,-0.0009457001962949266,-0.009716256354324614,-0.004719782530823875,-0.008677881767973501,-0.0059929865748473,-0.004392454474492608,-0.002897223544111315,-0.003315482834804228,-0.0009457006192099014
2022-07-09,,,,,0.014113331687002918,0.005223800347946708,0.012829136325070479,0.016438633947924112,,,,
2022-07-10,,,,,-0.039914641433941585,-0.04052346618227087,-0.03971414150401138,-0.043634364615666124,,,,
2022-07-11,-0.007581620815643347,3.708804637890033e-05,-0.004553510826204048,-1.2960601706967696e-05,-0.055941769132582544,-0.0504370383520635,-0.054984182580911395,-0.05222260188165742,-0.015641645535133215,3.712115028283861e-05,-0.007341108165392385,-1.2958932332843795e-05
2022-07-12,-0.0038619318641055773,-0.005766394034089161,-0.004482988477817993,-0.009005574808249213,-0.023506154582261483,-0.022232155207393706,-0.023083651433239438,-0.013355162286263957,-0.007135968983798229,-0.005766414650616008,-0.005687314219312185,-0.009005575089396515
2022-07-13,-0.003726968837860016,-0.0012848365166148405,-0.0036910863322701854,-0.0034227891946179124,0.04427791375235155,0.046379531903881235,0.04410043168194133,0.038501849337856206,0.004273844927175245,-0.001284812021766554,-0.0008495260260130848,-0.0034227865077574872
2022-07-14,-0.004163211008786747,-0.004849746859920567,-0.004313047430664686,-0.0029528643048239355,0.023188826061356818,0.02668632208304803,0.023098883179344287,0.021717526996056405,0.0003954618362371789,-0.00484980526755606,-0.002709493002850987,-0.0029528610224473415
2022-07-15,0.01860881534336057,0.010472486249212853,0.016108354530712004,0.012766233041583367,0.013295712298953434,0.015708024375676755,0.013226340110031123,0.00954389670994402,0.017723298169292714,0.010472476832315869,0.0157896944614646,0.012766234309120337
2022-07-16,,,,,0.05154078995565464,0.04320757298392411,0.049473381821522035,0.06045510167002759,,,,
2022-07-17,,,,,-0.0009481346380628367,-0.014397002044736306,-0.0029291397562399473,0.010922808495100852,,,,
2022-07-18,-0.0032098002043968567,-0.012056648638395073,-0.006359662725520664,-0.008370819354038111,0.10792768941483928,0.08922743504063146,0.10404799182064303,0.10852750273649889,0.0153131147321425,-0.012056677580157386,0.00013830088269502927,-0.008370824122263113
2022-07-19,0.027385120685752964,0.013738319860225943,0.022138734919042016,0.014224156852149308,0.018286943077011588,0.01823244006803768,0.01846836026985365,0.008813706203415473,0.02586875775096274,0.013738325781100406,0.02154865518175814,0.014224152359738779
2022-07-20,0.0026521370079764716,-0.006591770194832887,-0.0017497791614735508,-0.008229894301533385,-0.03622962949559685,-0.026591618835660042,-0.034586041261929365,-0.0416402320042671,-0.003828157409285748,-0.006591816600620893,-0.004085627613070969,-0.00822989883334482
2022-07-21,0.005351057035176228,0.0040768849989155,0.0039607312437351504,-0.003772278847712033,0.024561258029602205,0.01377764583329553,0.02266949897958088,0.034469181114309376,0.00855275720091389,0.004076915806244046,0.004914334540903072,-0.003772279376570374
2022-07-22,-0.0049439479230477265,-0.00019282893941818444,-0.0023089870372410572,0.002000146576949236,-0.007789360004250423,-0.01616090212018711,-0.00841979334111891,-0.025207732974106535,-0.005418183269914843,-0.00019284322250941334,-0.002460328576983223,0.002000149534776536
2022-07-23,,,,,0.0075367209362238955,-0.0016658880168902745,0.005939184161111219,0.005556025667621369,,,,
2022-07-24,,,,,0.019692387162963055,0.020698692029832495,0.019191109519629584,0.010472462647177003,,,,
2022-07-25,0.003585901730108284,-0.0034270597481580348,0.0015793937655136244,0.01779062150749743,-0.07276478282443086,-0.06985308393766787,-0.07159524183282528,-0.06556641398894315,-0.009139212362314906,-0.003427095024964779,-0.0028058537409345343,0.017790621927950147
2022-07-26,-0.004859655657097752,-0.004929380473440467,-0.0028128271614926,0.002438528089769922,0.00427972286266034,0.0019215057274980425,0.004172696006722974,0.015506460495780392,-0.003336425903804736,-0.004929350287037602,-0.0024017408705696683,0.002438527003038845
2022-07-27,0.011691570468449711,0.004911069086724593,0.008218181394972107,0.0024195218409701898,0.10911298957386757,0.07971330028388397,0.10497551964250652,0.11665191845707548,0.02792847365268602,0.004911085910389967,0.01379619956843964,0.0024195191889838275
2022-07-28,0.010345161395059145,0.007821993644406267,0.010469324105789286,0.008211223618330812,0.07791692582964407,0.06495072790083882,0.07474815179491853,0.0826361822160378,0.021607122134156626,0.007821936808291567,0.014508883595755905,0.008211222736288687
2022-07-29,0.009706179215131486,0.002871324180672769,0.0070077524041655325,0.014730089681364706,-0.005829183344439626,-0.005472144777931252,-0.0057505450263520596,-0.010365362467161028,0.007116952121869639,0.0028712956097515807,0.006197350382665299,0.014730070934245323
2022-07-30,,,,,-0.004675670221653649,-0.0023360106330956344,-0.0043590130954203115,0.0036610494100755044,,,,
2022-07-31,,,,,-0.016465189612308164,-0.01460036269946547,-0.015864873766696125,-0.0223424900623144,,,,
2022-08-01,-0.0016167632894356567,-0.004907201737450574,-0.0026058121881831105,-0.011863913648669152,-0.012699082640371008,0.0002623241045548419,-0.010671377733145762,-0.011542699655798652,-0.0034638165145915484,-0.00490718567775495,-0.0032353351979617687,-0.011863901706547558
2022-08-02,-0.009763777204931854,-0.00511764957327901,-0.009021463436819881,-0.006568091697462384,-0.018731547141342078,-0.021407580844053475,-0.019680420746325953,-0.007197338085983582,-0.011258405527666888,-0.005117716921264271,-0.009538920071490618,-0.006568099216025545
2022-08-03,0.006348969490789134,0.013569538315876928,0.006956955353704135,-0.011347361678919247,-0.005898263614123967,-0.005745995027270887,-0.005925081244479104,-0.0058681552898536245,0.0043077639733036166,0.013569568787720062,0.006121977682004492,-0.011347291128862364
2022-08-04,-0.0016205048618749829,-0.007979633393357497,-0.002229726962511608,-0.018547280986372594,0.0014520885855312192,0.0014488936400738836,0.002240982877289901,-0.004405164563715221,-0.0011084059539739493,-0.007979475929641044,-0.002168467693418797,-0.018547235615177994
2022-08-05,0.0015885986438003053,-0.004352630576627283,0.00028063428332011014,0.00592557968723669,0.04574473649123465,0.030514031362027905,0.04289249540030933,0.04779991824900185,0.008947954951706028,-0.004352638106855199,0.002861304800782115,0.005925546747018761
2022-08-06,,,,,-0.009351144158146453,-0.0016446320355849556,-0.008970523622896746,-0.012960225897343358,,,,
2022-08-07,,,,,0.006392427307688353,0.005904541952435465,0.006290562414586062,0.007572762796798594,,,,
2022-08-08,-0.00012185518376140361,0.004206254100753139,0.0011097559815325187,0.006601129918877221,0.022944762116980797,0.02560998521013404,0.023001300036465302,0.01864532115381894,0.0037225810330289637,0.004206246764130626,0.002499627538541933,0.006601116543865156
2022-08-09,-0.0008059676403024049,0.0020238016037715796,0.0012229605597410954,0.01399591551098421,-0.04364255068394753,-0.038697147500110156,-0.04242858877947052,-0.03519058966134356,-0.007945398147576593,0.002023864812892022,-0.001178636309721595,0.013995878855036687
2022-08-10,0.016739152484819587,0.011431791128615797,0.01400702189432204,0.0040030374787552265,0.05001775589284965,0.03797225776220909,0.04823670321546758,0.05153298936735199,0.022285586386157935,0.011431735513218274,0.015842598954280526,0.004003026221042379
2022-08-11,0.005926270642628072,-0.001316527451916038,0.0035824645803015434,0.013185819102222926,0.013045285139439911,0.0011649133460813657,0.010758044977317954,0.018999303539745684,0.007112773058763379,-0.0013165516162917717,0.003973296061586121,0.013185763001501939
2022-08-12,0.014869254887947707,0.014423650646344502,0.014624446586895316,0.006800956643823542,0.014118240519318504,0.008086368400598091,0.013347113612336611,0.017321020830067653,0.014744085826509507,0.01442363550386285,0.014509036660619487,0.0068009747489584825
2022-08-13,,,,,0.007878268833164915,6.759620208141156e-05,0.0067713596174173675,0.007270099999999678,,,,
2022-08-14,,,,,-0.012942023802462376,-0.007789572900916419,-0.011603218633345172,-0.009033546163417441,,,,
2022-08-15,0.004334572828434532,0.011788221039355942,0.005249459646441272,-0.0073141334481804845,-0.01673484372583201,-0.012468185668511569,-0.016729956610555402,-0.012689263829552577,0.0008230034027234425,0.01178817474291759,0.004032485934884007,-0.0073141015550395455
2022-08-16,0.002959074994956916,0.012986210687035545,0.004492873179235174,-3.837732599710185e-05,0.00209126616210481,-0.0034057974972692886,0.0025421394840558728,-0.006990953337619604,0.002814440189481566,0.012986176946192505,0.004434241850665022,-3.835920892841393e-05
2022-08-17,-0.008142599544448665,-0.0062567164710995386,-0.007167841128972905,-0.0006644255713121601,-0.006078541612463406,-0.013332134920196085,-0.007213666357014622,-0.013990716265132578,-0.00779858988911779,-0.006256711049351477,-0.0069986611847649574,-0.0006644117464222346
2022-08-18,0.003991893977378181,-0.002528347761925145,0.0020354661436535705,0.011449358318103356,-0.017337879464370286,-0.020357128232677858,-0.016815138150765567,-0.01752443952192148,0.00043693173708676884,-0.0025283457671111415,0.0008443572621579919,0.011449327000464027
2022-08-19,-0.008808503379776995,-0.0045839179414010195,-0.006867077687453384,0.016594248165943733,-0.1080894597290833,-0.08653988807688603,-0.10414006733954531,-0.11226603500690156,-0.025355329437994716,-0.0045839094007557955,-0.012522343764772919,0.016594170104872397
2022-08-20,,,,,0.014368971101450911,0.010237683323145957,0.014845502794094375,0.0020121643027106993,,,,
2022-08-21,,,,,0.031694698941254096,0.019233359654758884,0.030029533479760014,0.020909967384378753,,,,
2022-08-22,-0.019339684380979442,-0.01401702483902116,-0.017206701302731164,-0.013700995899991495,0.02147356950618195,-0.001515210412772432,0.019223858589973636,-0.00010061562325556551,-0.012537475399785884,-0.014017041220159003,-0.014804228513744001,-0.013700977070105912
2022-08-23,0.0019793433425868753,-0.005095286804579623,-0.00034528923405586283,0.01607893706395124,0.014107231905767195,0.02018334300191873,0.01411962084413562,0.011789764865098636,0.004000658103116927,-0.005095240546567106,0.0004213118591544964,0.01607885201879808
2022-08-24,0.002355895547515559,0.0002523763207036725,0.0015665615495197335,0.002830689375688641,-0.007648736420349412,-0.011003558395883817,-0.008676720962842237,-0.0026281492489782787,0.0006884568862047296,0.0002523727713544939,0.0009476816298478893,0.002830671744830727
2022-08-25,0.013855207018783827,0.005763839786744949,0.011454737614887729,0.005332512003004908,0.01094257699168686,0.008570779359956801,0.010145878992806192,0.022031361959825035,0.013369768680934336,0.0057638657481042434,0.011185000228970975,0.005332506975204948
2022-08-26,-0.02769034731246524,-0.018070526613399248,-0.02504966129697409,-0.014168851753068114,-0.07803359417007812,-0.06452887361456107,-0.0762652315393579,-0.0725425748396408,-0.03608088845540071,-0.018070609954444202,-0.027895969269323112,-0.014168855057603288
2022-08-27,,,,,0.0021792845693798693,0.0016923372669356627,0.0025475993387324525,0.003543218480514064,,,,
2022-08-28,,,,,-0.033573061151733086,-0.02608567976525527,-0.03208724188617421,-0.04158975472380678,,,,
2022-08-29,-0.0038147275975503707,-0.004091982277342511,-0.003577713735803189,0.003930424513212144,0.04925487420357117,0.03849639559719024,0.04728389289008065,0.057063146936696084,0.005030206035969886,-0.00409202357781428,-0.00035281151421750383,0.00393038273091789
2022-08-30,-0.013364542345735522,-0.008370206487765323,-0.012148551919299148,-0.01858654973328231,-0.026894195820249905,-0.018170466739772843,-0.02501311169656326,-0.010633596782193909,-0.015619484591487917,-0.008370212740008143,-0.012930317130977245,-0.018586503940519097
2022-08-31,-0.007346647125874835,-0.0021764214637873674,-0.006465320825039405,-0.011358185728286804,0.0032082975179153817,0.004904714823520128,0.002940961207259861,-0.0012140850784868786,-0.005587489685243131,-0.0021764335255002923,-0.00579213958029446,-0.011358183183702084
2022-09-01,-0.0006877551969647991,0.011715798957104982,0.003796094226666874,-0.0017870059845666805,0.02437063798841811,0.010460900103740973,0.022486427154517534,0.027314911646779304,0.0034886436672656863,0.01171580042712035,0.005326791235412489,-0.0017868482506461212
2022-09-02,-0.009523452905370697,-0.009395289587425637,-0.009706396961576332,0.0005639877286682124,0.004941360554689911,-0.0028673025722918324,0.004129197123898401,0.0020524147602979147,-0.007112650662027255,-0.009395291601126732,-0.008843424552704591,0.0005640567259780579
2022-09-03,,,,,0.0021444066227914943,0.0019224875260225303,0.0018970678834313004,0.0055148240897648255,,,,
2022-09-04,,,,,0.009466664886264419,0.0073090146919659585,0.009064250581524267,0.010878161143202905,,,,
2022-09-05,,,,,0.031521784509391984,0.0033598063866431597,0.024578487584090106,0.05546913882519911,,,,
2022-09-06,-0.003960837321840622,-0.002502601895044658,-0.0032760045881398492,-0.007075207159090822,-0.0711698190596358,-0.05366368856073395,-0.0673758896969469,-0.07521779012894428,-0.015162334278139821,-0.002502596311178692,-0.007316956834725172,-0.007075268758050647
2022-09-07,0.015912572907354677,0.016646640862885843,0.016574080471238824,-0.00035515510899942186,0.05776727663863668,0.034814018779511256,0.05427293061029314,0.07290458040463642,0.022888356862568345,0.01664662031370362,0.019011100834420955,-0.0003552813917431638
2022-09-08,0.006066542642071267,0.0026585272607282657,0.004146543238268135,0.000990187820896443,0.005849298003899806,0.013753336677302407,0.005658878245043648,-0.009460616317492326,0.006030335202376025,0.002658506082912512,0.004107535372172424,0.0009903171747786931
2022-09-09,0.01464305635253413,0.009125012954931335,0.012756739086115994,0.013290991098520668,0.05861627705926811,0.06723070496093467,0.0595328242469923,0.046652362405918885,0.02197192647032312,0.00912501732669099,0.015502975959112151,0.013291099856490086
2022-09-10,,,,,0.01834220726446272,0.00985348375623257,0.01813535143059141,0.02560448353539817,,,,
2022-09-11,,,,,-0.011384277713285618,-0.00722566413344374,-0.010545679542883967,-0.013536448988326977,,,,
2022-09-12,0.008484821861791865,0.008517684453029174,0.008647914516387047,0.007219425780378027,-0.007453641423881051,0.003815628617456692,-0.005965988709921018,-0.016899008291797024,0.005828411314179709,0.00851765718570151,0.007822416901957471,0.007219309243801692
2022-09-13,-0.04004930998571301,-0.030131588773701458,-0.036398495617790065,-0.024866029214241133,-0.07111080127953139,-0.07004838785164327,-0.07086887236487893,-0.07118114399226823,-0.04522622520134939,-0.030131587744318206,-0.03826863965104166,-0.024866026343424642
2022-09-14,0.0031318623014507806,0.006230189494123857,0.003669706880388899,0.02036418626133231,0.021343579918086813,0.009005722203583262,0.018562717757215602,0.032256815497201344,0.006167148570890121,0.0062301615376815,0.00465518487654117,0.02036440312080346
2022-09-15,-0.0161715370948445,-0.010520334731764827,-0.014970603218669047,-0.016654274280371473,-0.04826521767813676,-0.02795009018869128,-0.04476152638545537,-0.05953707423971295,-0.021520483858726538,-0.010520342948837818,-0.016794148575605263,-0.0166541131495267
2022-09-16,-0.007247144972022488,0.0007209226154515563,-0.0045303321125790596,-0.005973652907701266,0.013050713012939598,0.03097706161183649,0.014548912639192065,-0.004277667756257642,-0.0038641686411954724,0.0007209235085997325,-0.003197621115012643,-0.00597352496718731
2022-09-17,,,,,0.031041752444428392,0.035366632971323884,0.03100358694077041,0.023620487709060486,,,,
2022-09-18,,,,,-0.07844006705083154,-0.04954725955325255,-0.07292603467929502,-0.0947282534183021,,,,
2022-09-19,0.00623659457267969,0.0036877653990779464,0.005455650128755012,0.002305876888485499,0.02205062184171413,0.024606119465561196,0.021012878382733528,0.01745557691984214,0.008872265784185429,0.003687737692981436,0.006422150475001527,0.0023057294322308196
2022-09-20,-0.015572445225681554,-0.013462920029860066,-0.01509568130822148,-0.00810716520670623,0.00012092982397091546,0.016194566562901073,0.0009808199204295823,-0.016832723987635956,-0.012956882717406143,-0.013462928102143218,-0.014058737605139466,-0.008107247818250486
2022-09-21,-0.016955160199631784,-0.013005715569042441,-0.016177352603110103,-0.014661024687205752,-0.039127276267486556,-0.030864301217944486,-0.03751898962235931,-0.044448724960921934,-0.02065051287760757,-0.01300571049633279,-0.017465617241015568,-0.014661051930773309
2022-09-22,-0.009265739650809665,0.0033225684478508113,-0.005498721492533524,0.0008405123505286277,0.06731721632356923,0.09087260222519203,0.0678512077716686,0.037348024817102005,0.0034980863449201515,0.003322587109512419,-0.0007030351329628569,0.0008406735222071745
2022-09-23,-0.02221841628898861,-0.01659121376552838,-0.020047408935391448,-0.03470000499904056,0.011085161822327872,0.014640486344846163,0.010675856846678601,0.00220852331078443,-0.01666781993710253,-0.01659118979014131,-0.017987079623114067,-0.034700143052569674
2022-09-24,,,,,-0.021096523709983692,-0.02503938155588031,-0.02118612820900378,-0.013957852198182751,,,,
2022-09-25,,,,,-0.013323073667573293,-0.007992724211922753,-0.012406148342441919,-0.014644427186955647,,,,
2022-09-26,-0.016062688619373502,-0.010554194823247058,-0.01515163141969825,-0.01673346794047692,0.002677652663144337,-0.008395355247894245,0.0021009326094093136,0.009627558078692002,-0.01293929840562053,-0.010554196689642907,-0.014079500597858723,-0.016733313131575313
2022-09-27,-0.00366578905075212,-0.005765572040544678,-0.005333062582865475,-0.0014892287853649486,-0.015303930453989192,-0.018474570861963996,-0.01502438201945291,-0.009858707784969112,-0.005605479284624965,-0.0057655469259996215,-0.006098504124592953,-0.001489171787825115
2022-09-28,0.021300718433708194,0.022218845769587887,0.02067128432563445,0.029789916209432686,-0.0012962799289126913,0.0016059356451272743,-0.00028346930722011345,-0.005062412368188785,0.017534552039938055,0.022218839889077444,0.019236713904614757,0.029790151407939024
2022-09-29,-0.019865724827656663,-0.016198817847445743,-0.019639686295871147,-0.00991813856687635,0.026085138651090946,0.03840357530399688,0.02694521384721927,0.01573730921065093,-0.012207247581198724,-0.016198851914750827,-0.01683466434894378,-0.009918058150468133
2022-09-30,-0.014866290633047615,-0.01678681766770904,-0.01527058578346479,-0.017397823259063645,-0.004491731472247418,-0.0018568549128004002,-0.004428051819025175,-0.007393725081761191,-0.013137197439580917,-0.016786816974091182,-0.014642035640582095,-0.017397884272911324
2022-10-01,,,,,0.0008534505682332936,0.003980847507140369,0.0006568152566892192,0.013892312067794173,,,,
2022-10-02,,,,,-0.025340823712240203,-0.02051284019975378,-0.023561926818437065,-0.029025137828068395,,,,
2022-10-03,0.0321847780436476,0.02584913074100005,0.030436788236603635,0.03450368414219947,0.02177381961999727,0.017804977370524656,0.021172911014694182,0.01408506686832798,0.030449618306372543,0.0258491035709973,0.029672908092118786,0.03450365311533289
2022-10-04,0.029652109428984046,0.02112609016392903,0.026680739083611755,0.024404736595837664,0.024596952998144017,0.027364801758820733,0.024813732827348063,0.01972922978411198,0.02880958335717737,0.021126095292932887,0.02628810000594549,0.024404714258312102
2022-10-05,-0.0032365855896064845,-0.003915649145689872,-0.005070260325121409,0.007327342728048913,-0.004256612742547317,0.0007189923578780613,-0.0036178754650434274,-0.00235991774708797,-0.0034065901150966233,-0.003915615476259242,-0.005234003835921226,0.007327377280298251
2022-10-06,-0.011450484466690947,-0.007689180576130899,-0.012831242147436406,0.00024796762676070755,-0.006072386991168045,-0.0036814531875532597,-0.00565917175747695,0.001421485441159497,-0.010554134887437125,-0.007689156019596985,-0.012554338326076006,0.0002479921887648411
2022-10-07,-0.023496317394339123,-0.014049773874498163,-0.02106825117346931,-0.009781632870143197,-0.0041997237012902245,0.005650040416591738,-0.0036385614523520137,0.0056853752505690676,-0.020280218445497645,-0.01404973648789,-0.01968191760400783,-0.00978159969614135
2022-10-08,,,,,-0.0031627007461755177,0.0029044869951016673,-0.0026807163814536097,-0.0012671543277852373,,,,
2022-10-09,,,,,0.010305532644744562,0.013851296848350122,0.010355290148341452,0.013950794603980788,,,,
2022-10-10,-0.005697925739041466,0.0013866749947895277,-0.0033405550358923484,-0.010470281581630932,-0.04378364997925048,-0.028703708469598382,-0.039201307544440483,-0.05598643321986799,-0.012045546445742966,0.0013866217233803294,-0.005854717529235508,-0.010470219885671848
2022-10-11,-0.0033305028978534053,0.01564853520002669,-0.00041554768190400174,0.006228045832413098,-0.01811325390537241,-0.023733789664756928,-0.018310852134232426,-0.02395782900298475,-0.005794294732439905,0.015648494706294726,-0.0015058317720178767,0.006228116797542627
2022-10-12,-0.005622661763774911,-0.004535326491512744,-0.0073083689109958196,-0.002671506235465256,0.0017588610791762658,0.004767914073622701,0.002057988051641502,0.00254037666727176,-0.004392407956616383,-0.004535259629656753,-0.006930712972810115,-0.0026714649106816665
2022-10-13,0.02967841986663328,0.01919995441406798,0.027854413385089802,0.03543057635025212,-0.016872170705753243,-0.014589342616095256,-0.01562780561163019,-0.024158117502544905,0.021919988104568855,0.019199920379910525,0.02468017784908317,0.03543053433446904
2022-10-14,-0.018412143694895352,-0.01158331818985107,-0.01611368057001807,-0.011799930329765725,0.0024026320207527047,0.010368157087324708,0.004424089092167714,0.013450298248525505,-0.014943014408953998,-0.011583337253663372,-0.014621257991579125,-0.011799904337576396
2022-10-15,,,,,-0.007131151020167648,-0.013449884507883567,-0.008507814161236455,-0.005526977238615638,,,,
2022-10-16,,,,,0.011621146466186614,0.008149414878845383,0.010855911011011384,0.0044118959112811945,,,,
2022-10-17,0.020060602583880392,0.011909710904842488,0.01846947433138391,0.011475889632043513,0.011846976355508422,0.009701000022451332,0.011529522937815156,0.01388873278247753,0.018691664879151734,0.011909683466779054,0.017901270006195735,0.011475895421377643
2022-10-18,0.011945856181977304,0.010582331505386823,0.012205532526905144,0.005364576718143008,-0.015818455509828577,-0.013896752952874313,-0.015272362777454362,-0.017336168430840695,0.007318470900009654,0.010582321345601844,0.010358278593308491,0.005364550292614364
2022-10-19,-0.00776157460082436,-0.0076636700384534965,-0.009135631516953638,0.0014283307062046666,-0.024324659241497005,-0.016221537602104246,-0.02238922381692423,-0.028194008943706893,-0.010522088707603131,-0.0076636466310890505,-0.010194315126028282,0.0014282954379276783
2022-10-20,-0.004160841489002483,-0.0025781654431045278,-0.004552158014300279,-0.0013215081507730242,-0.002619610516268811,-0.0013408998789949799,-0.0018491212089331458,0.0003967254701676918,-0.003903969660213536,-0.0025781141701725504,-0.004422792902651882,-0.0013214923279854305
2022-10-21,0.023757129279621488,0.020213820955138812,0.022473036596423655,0.026045793141284516,0.013255302797449077,0.007848306375881572,0.011813086629412287,0.014622086105977261,0.02200682486592608,0.020213823374733316,0.021652959234154293,0.02604580433919249
2022-10-22,,,,,0.01085435584045934,0.0054241605590403565,0.009164657891786911,0.01246701221621558,,,,
2022-10-23,,,,,0.019051152137463643,0.013761696810118514,0.018269145468708305,0.009996093453928313,,,,
2022-10-24,0.008125459137320448,0.01752791868869341,0.009763496186168613,0.011644659886338367,-0.0200393127323265,-0.017951221457488828,-0.01903401307042128,-0.022316187009969735,0.003431330492379288,0.01752791967111419,0.007805969982116122,0.01164471222960789
2022-10-25,0.01680246788305665,0.008590401760830865,0.014920354717833761,0.002357631857356072,0.053188844301937294,0.031094165535464135,0.049383643510556255,0.03444671474831549,0.022866863952870096,0.00859041133064161,0.01730529469184692,0.0023576015053104775
2022-10-26,0.004962875049564562,0.012254942830092081,0.007104975759717652,0.014156844455439199,0.023395554187381103,0.020189533821598882,0.023099072961206064,0.020486528723561208,0.008034988239200652,0.01225494498963231,0.008314388055455299,0.014156870966861365
2022-10-27,-0.00014844107300958435,0.0013962409857066354,-1.1136472023910203e-05,0.0018063431364960668,-0.021055507328959756,-0.0184826267504305,-0.020339239726638318,-0.01427918835522135,-0.003632952115667947,0.0013962254294268756,-0.0014636535649412503,0.00180636623564233
2022-10-28,0.024284049445694265,0.022788279273592105,0.023331336088284343,0.002581351097708883,0.020022714690651536,0.01531442993350329,0.019093314704315023,0.017343357939407514,0.023573826986520472,0.022788268591381198,0.023053118531755384,0.002581351928842115
2022-10-29,,,,,0.01645220704709567,0.010806793449007295,0.015757784164355373,0.0045195484722184275,,,,
2022-10-30,,,,,-0.02340182217984157,-0.017706683596846948,-0.02196283015124128,-0.027355969506836386,,,,
2022-10-31,-0.007574400264519281,-0.007490326333447035,-0.007129507826659935,-0.0011638167108471793,0.0012976892075733605,0.0004957584916333523,0.0012624528038624257,0.009210954805919401,-0.006095718685837176,-0.00749034646217773,-0.006479956344473031,-0.0011638095920655863
2022-11-01,0.0023824155053552673,-0.0012237789121741758,0.0015255734975723873,0.007329921809619666,-0.004912792959008127,-0.0048327978526361785,-0.004833084056420809,-0.004592859501584913,0.0011665474279613675,-0.0012557321988915424,0.0009724767731802373,0.0073299315947289514
2022-11-02,-0.017184054928434216,-0.011270443460820309,-0.016592369328139848,-0.018242492917930352,-0.014486227815160457,-0.0027592270203212043,-0.013816594859717942,-0.031091137013236757,-0.016734417076221923,-0.011214511893116804,-0.01627046890524021,-0.018242505431017957
2022-11-03,-0.002437219007115463,-0.004951956380361816,-0.00325229097681228,0.005138157866323633,0.015883857574179074,0.009525301840118756,0.013977921129157876,0.01904894688060986,0.0006162937564336262,-0.004857688722718951,-0.0017741185649377297,0.005138197648940731
2022-11-04,0.018582602903941765,0.014322665157761965,0.016538527300489388,0.010257981898066463,0.0685059505372958,0.06737734451572228,0.06639251290015037,0.065976153858927,0.0269031608428341,0.014590647161561186,0.020130793358382592,0.010257992950172113
2022-11-05,,,,,-0.00020999726714571263,-0.002422626911141451,-0.0010089744833153805,-0.006543622121209933,,,,
2022-11-06,,,,,-0.03910438366190772,-0.029250848694888407,-0.03646127981112475,-0.03982475030650852,,,,
2022-11-07,0.007644605369874352,0.013773282952756358,0.006529813014318358,0.019457518402140786,0.00012663336940262862,-0.006053893510833019,-0.001164447882864581,0.0010796230147128195,0.0063916100364624,0.013639337646311173,0.005694405130088552,0.019457536223510763
2022-11-08,0.00691434438709532,0.01095188188846838,0.00771954471506068,0.01258666188653837,-0.1167796687963813,-0.1056166867199471,-0.11281977176403087,-0.12277544801581475,-0.013701324476817447,0.010459094399327483,-0.0018693110120526022,0.012586660265462096
2022-11-09,-0.02140736571925811,-0.011843727688774647,-0.01857872101896845,-0.024991273620411616,-0.14533737478270545,-0.1393558650654863,-0.14252669398306284,-0.15000516487909543,-0.04206236722983267,-0.012663892505404895,-0.028207796091140908,-0.024991310077026343
2022-11-10,0.0495644501631361,0.021932317890430788,0.043507249275846954,0.013170109905547739,0.15718182435819014,0.14584457401565976,0.1513530263590563,0.1574364407442757,0.0675006791956451,0.022749554611011687,0.051650726170673913,0.01317011645450901
2022-11-11,0.011668351522039641,-0.004794571073971268,0.007331267601186709,0.006890532464581592,-0.017450224027057117,-0.020419673490034665,-0.018611547294091473,-0.019524095725897035,0.006815255597190179,-0.00508064753982448,0.004912310293837139,0.006890595246897175
2022-11-12,,,,,-0.031724200843263994,-0.02955909448439016,-0.030295917831258064,-0.037419238176824854,,,,
2022-11-13,,,,,-0.03424062873727751,-0.04584431941716496,-0.03686553521437754,-0.03909444304002127,,,,
2022-11-14,-0.008784826109372677,-0.0023680164091922297,-0.008463001592635336,0.004097387510532057,0.023508344251123928,0.027119395593537855,0.022402951533967704,0.031650889905615515,-0.0034026310492899113,-0.0021269387446820167,-0.0060044907130045785,0.004097396211027145
2022-11-15,0.009768660956136386,0.0068721171670303996,0.008879018822713794,0.003981430004787699,0.014770586640126848,0.018783661168340855,0.015027004918354526,0.014775625880496484,0.010602315236801463,0.006987155588757646,0.009395113940059398,0.003981444148169408
2022-11-16,-0.010351341361087306,-0.0006893704556702606,-0.007195426690321303,-0.00708249889650488,-0.018455154464827005,-0.01718451360232613,-0.01772246452027704,-0.025612979858017845,-0.011701976878377256,-0.0007127144485215914,-0.00775717477176808,-0.007082516959753864
2022-11-17,-0.0023031547499413737,0.004560279149988154,-0.0020740772886627427,0.005597751876914152,0.005198850055400295,0.0169838329728795,0.005674925441485273,-0.0023823480770908457,-0.0010528206157177623,0.004505341960773948,-0.0014965689505812001,0.0055977290740660095
2022-11-18,0.005043184604821626,0.00843188404373992,0.006599780104939753,0.0021895152712883507,0.002262774809897816,0.0013639038323229095,0.0027278612528881226,0.0035331123397211164,0.004579782972334324,0.008385181119537599,0.006447997099499179,0.002189502081896104
2022-11-19,,,,,0.007957564572855102,0.012222460285613117,0.009166199799073425,0.00802871935454431,,,,
2022-11-20,,,,,-0.04097185663900473,-0.03782881573060347,-0.04005013503856109,-0.053004601451515296,,,,
2022-11-21,0.0008225379434163569,0.0038475996276220057,0.00214215876799466,0.00015778642255155195,-0.013766519939743082,-0.00661939896788286,-0.011948050087496005,-0.0060115785412178085,-0.001608971703776883,0.0036521196909903297,0.0011055787282114153,0.00015777019410759307
2022-11-22,0.01480286462718221,0.009113431287928405,0.013235093567331635,0.017623714840808002,0.03818765204158874,0.039806016040073146,0.03562353478022106,0.019452150921397182,0.018700329196249955,0.00922412669958586,0.014951473667198378,0.01762373182283854
2022-11-23,0.003386155798051086,-0.0011364117154068756,0.00290274784649928,-0.007162838913643462,0.04600819648222201,0.03729146925935816,0.04253337767656703,0.04393003845185819,0.010489829245412906,-0.0009688576133610378,0.006047028343617456,-0.007162836148665964
2022-11-24,,,,,0.01047953732323903,0.018347996519550006,0.011878529681023466,0.01765824690392758,,,,
2022-11-25,0.0007421905149644115,0.0007641560058653944,0.001512774027560466,0.00017991390846449295,-0.006553732974283943,-0.009226229902478211,-0.006219107490342747,0.00611776407936601,-0.0004737967332436475,0.0007582080273871737,0.0009943613471040155,0.0001799062826564824
2022-11-26,,,,,-0.003913906244352327,-0.005380000125907344,-0.004054628964005722,-0.00771219998942449,,,,
2022-11-27,,,,,-0.0016151355296764704,0.0028752208268929607,-0.0007565420583985652,-0.0010063564271993834,,,,
2022-11-28,-0.01842082903175117,-0.009825453016577538,-0.016631113840785076,-0.015297891406104562,-0.017932822384435165,-0.015420553528039836,-0.016962594360527817,-0.018639010522321406,-0.018339494590531837,-0.009828753439214837,-0.016528181886606694,-0.015297910280847891
2022-11-29,0.004199710872548122,0.0030120256593950527,0.0038924154730993754,0.003966885940602884,0.016379010998877487,0.015368502289589026,0.01597187061004146,0.01831556889649199,0.006229594226936348,0.0029724594852061264,0.00477480719968314,0.003966911193126113
2022-11-30,0.023794226081712402,0.017219857337942873,0.021865443181018303,0.014402257922835292,0.034122282916634196,0.029083332084529373,0.03346559531186671,0.03786532159821717,0.025515568887532696,0.017141781531780406,0.02255875441951287,0.014402253917720115
2022-12-01,-0.0002670937734517388,0.0011761502678072815,2.8534686136699928e-05,-0.0019339858064300758,-0.02010211654273666,-0.02010211654273666,-0.01922084880399191,-0.020626317348240053,-0.0035729309016658923,0.0011761083663795408,-0.0014560051866570488,-0.0019339839971153254
2022-12-02,0.0015015822510261343,0.0029075408788005646,0.0016973128046946463,0.0012460248494662544,0.00869650707204106,0.00869650707204106,0.008350879983846702,0.006006360708337468,0.002700736387861955,0.002907522702196359,0.002169094881135919,0.001246020638450282
2022-12-03,,,,,-0.019275456071140583,-0.019275456071140583,-0.01844369604670765,-0.024630511103204328,,,,
2022-12-04,,,,,0.011134860482354783,0.011134860482354783,0.010083622833912705,0.010134898294204511,,,,
2022-12-05,-0.017223212605578297,-0.008300052924891046,-0.015534416298283987,-0.009273911011292314,-0.0018791591478292905,-0.0018791591478292905,-0.0019051891475515912,0.0037827280812601353,-0.01466587036262013,-0.00830006919704819,-0.014330158682498838,-0.009273911567532
2022-12-06,-0.01234790929014816,-0.010452405103973666,-0.010074786275320298,-0.012111453985883132,0.006433327246687715,0.006433327246687715,0.006200341852811219,0.004823785688685954,-0.009217703200675513,-0.010452461100664378,-0.00854595997645086,-0.012111455578126784
2022-12-07,-0.0011825738283450572,0.002942069087624902,-3.8767442846333914e-05,0.004976286787814588,-0.01939734123673914,-0.01939734123673914,-0.01856595414485129,-0.02836844530781663,-0.004218368396410738,0.002942099756856129,-0.001346129730572101,0.004976288035919687
2022-12-08,0.007090693516795499,0.004249494730772521,0.005836726843209596,0.002590644607027074,0.021648162393384764,0.021648162393384764,0.021914123322717943,0.02723388474554706,0.009516938329560378,0.004249480418476675,0.006982649232296502,0.002590621734978526
2022-12-09,-0.010230167262818932,-0.01644830868652547,-0.010582733385587144,-0.0168658986308629,-0.005385923408072269,-0.005385923408072269,-0.005358154978404157,-0.010292814399444761,-0.00942279328702782,-0.016448297608725584,-0.010226519485968952,-0.016865895025129148
2022-12-10,,,,,-0.00041431654895387473,-0.00041431654895387473,-0.00031727716326034343,-0.0004276331905397337,,,,
2022-12-11,,,,,-0.012363960479477366,-0.012363960479477366,-0.01213990012898791,-0.007669634019815843,,,,
2022-12-12,0.01662403157485824,0.006462545075371939,0.015215112169593373,0.009450379188195052,-0.0025423718663757033,-0.0025423718663757033,-0.001925328365297508,-0.0019610480549582874,0.013429631001319251,0.006462572824318335,0.01385183776149147,0.009450382057695704
2022-12-13,0.008769632273229215,0.003025683468826532,0.007380967605627255,0.001679962621449892,0.022912054945997577,0.022912054945997577,0.022399052416242692,0.02523932949200445,0.01112670271869061,0.00302563692730418,0.008417603602334565,0.001679956982400437
2022-12-14,-0.008793645194072684,-0.0003100069204990595,-0.0069907498566817395,0.00031943611817697904,-0.010998918446365035,-0.010998918446365035,-0.008510170815485326,-0.0112311920432099,-0.009161190736121408,-0.0003100652191510778,-0.0070741138775297216,0.0003194367110718012
2022-12-15,-0.021585069814526625,-0.015422939765478746,-0.019525965458589485,-0.013878111860333515,-0.0234077154992274,-0.0234077154992274,-0.021745208471238328,-0.025603156869364607,-0.021888844095310084,-0.015422899037815574,-0.019503587096925474,-0.01387810699624456
2022-12-16,-0.009499489174056304,-0.005922824875933994,-0.008947817034708708,-0.004536765910590627,-0.08042107349128047,-0.08042107349128047,-0.07644044520683188,-0.08051242212099975,-0.021319753226927002,-0.0059227988304403,-0.014159634772729801,-0.0045367656946095885
2022-12-17,,,,,0.014197022017520213,0.014197022017520213,0.015088665110111284,0.011450112189166209,,,,
2022-12-18,,,,,-0.0065492284917213275,-0.0065492284917213275,-0.006834910383695444,-0.011109260428700923,,,,
2022-12-19,-0.006694591923182899,-0.0013512081402828585,-0.005486828123242969,0.0007367421956107034,-0.030900155037951897,-0.030900155037951897,-0.028636060899366846,-0.023811852196721557,-0.010728852442311063,-0.0013511546839290315,-0.007178774749431786,0.0007367445691475163
2022-12-20,0.0031792629903663805,0.0009486582179642413,0.0028371979753278468,6.981454844006427e-05,0.03630442386762824,0.03630442386762824,0.0349850482020399,0.03779621307296796,0.00870012313657669,0.0009486564033910391,0.005253663793187811,6.9826645817096e-05
2022-12-21,0.017830127277777868,0.011459577737621627,0.01574577352033208,0.011079835538771801,-0.003591498772828528,-0.003591498772828528,-0.004630297708684225,0.00424704577672227,0.014259856269343464,0.011459548736005321,0.014066309916212284,0.011079841094272161
2022-12-22,-0.011582264695177421,-0.0048546722369055394,-0.008769613548486254,-0.006536879201119884,0.006183164973579569,0.006183164973579569,0.006732930957408668,0.006139032872457939,-0.008621359750384586,-0.004854640206487289,-0.00737125094847213,-0.00653688634287532
2022-12-23,0.007750029854520147,0.004562835739346028,0.007392217016107745,0.008059529878081898,-0.0010842824716702953,-0.0010842824716702953,-0.0021957446630315423,-0.004051596830369972,0.006277644466821743,0.004562822489399401,0.006670845461109484,0.008059538901333171
2022-12-24,,,,,-0.0009345266149806466,-0.0009345266149806466,-0.0004902724332084462,0.0016387048126081682,,,,
2022-12-25,,,,,0.0003434715730120659,0.0003434715730120659,0.0005812522356752545,0.003781287325762946,,,,
2022-12-26,,,,,0.01605461149027626,0.01605461149027626,0.015124643482369072,0.016641909310893842,,,,
2022-12-27,0.0002655482786428598,0.001319681964900237,0.0017798002686093555,0.003799293327097296,-0.011762568229070092,-0.011762568229070092,-0.0113339652896249,-0.013182148914922196,-0.0017391378059759658,0.0013196987156196076,0.0009042347463441751,0.0037992959964208766
2022-12-28,-0.012808033008290866,-0.010123462946312112,-0.012263630203309492,-0.01159601170108435,-0.027080495320851314,-0.027080495320851314,-0.024651082156526977,-0.026144241284133483,-0.015186776727050936,-0.010123449676306356,-0.013204040424835568,-0.011596016112344922
2022-12-29,0.013599359712046968,0.0067142317001907745,0.011645983991235061,0.003720121665835651,-0.0006051108231715056,-0.0006051108231715056,-0.001508442823350551,0.0032316887011645916,0.011231947956177222,0.00671421796408982,0.01048321648475513,0.003720119123990838
2022-12-30,-0.001881776224189355,-0.00011827567831006403,-0.00210874318577352,0.002090386969681116,0.00041194725546174184,0.00041194725546174184,0.0009630936960645372,0.003465254100125501,-0.0014994889775808388,-0.00011828766760753887,-0.0019551217576088773,0.0020903796469077013
2022-12-31,,,,,0.0012423581931927934,0.0012423581931927934,0.0007126533926641455,0.004970735548128828,,,,
2023-01-01,,,,,0.007755602914296445,0.0061033459947170705,0.007598857088677429,0.004519181868143803,,,,
2023-01-02,,,,,0.01900434961362503,0.018159633340720988,0.017874077615281713,0.025044189504508364,,,,
2023-01-03,0.0022509057491670527,0.00048686028040244474,0.0030988151432322724,-0.011925777355361298,-0.0027050635667062563,-0.002306882939183992,-0.002613180031351414,-0.0046134502897514865,0.0014249108631881689,0.0005016108045082212,0.0026580518273588744,-0.011925785175671362
2023-01-04,0.018428178719494946,0.008682477245313394,0.0162396450323051,0.005738007259919325,0.0370398709618052,0.007089533967258432,0.02974694592971003,0.04980677203268318,0.02153012742654666,0.00862872212493738,0.017106982489297217,0.005738005373206246
2023-01-05,-0.00679763801193668,0.0015545328530703533,-0.005559016753645111,0.012116088586215008,-0.014915270707060857,-0.01304265029991879,-0.01410322202952612,-0.023753691098235635,-0.008150576794457378,0.001509741582258696,-0.006241712063729098,0.012116092769610837
2023-01-06,0.023249459158050576,0.0151910251707325,0.02176305047216986,0.019888929449893816,0.02399224989900126,0.008650654866829057,0.018852078804835835,0.03170984289263136,0.02337325761487568,0.015110464199613231,0.02152684457447583,0.019888931725571445
2023-01-07,,,,,-0.0033150493784421474,-0.00011535405703410527,-0.00299302847002232,-0.00580771632417132,,,,
2023-01-08,,,,,0.02215294241808401,0.01742497265413982,0.022237328709922462,0.017480039543648306,,,,
2023-01-09,0.00017208903132034795,-0.016352176945601028,-0.003434176383759062,-0.022080003432532917,0.0273397797884958,0.021878301844491466,0.026447741488014667,0.01942482745642803,0.004700037490849591,-0.01629284102017633,-0.0013290465782552566,-0.02207999631571676
2023-01-10,0.007616604974202161,0.0020685478110509838,0.006467130557113658,0.007443122016931467,0.006023627086972294,0.004329361467650273,0.006007332244048349,0.0027876605725786294,0.007351108659663848,0.002076276566367431,0.0063248769255686565,0.00744312872052937
2023-01-11,0.00985384963869968,0.002629932675022024,0.00819932445408113,-0.00016828087183577353,0.0293627235624937,0.033276896150801295,0.029914870229277947,0.03752389672033915,0.013105328625998683,0.0026990031279995916,0.0098160837247409,-0.0001682761291669336
2023-01-12,0.007037757028810944,-0.002818738666934057,0.0043424851614911,0.002028810943027673,0.025749110740923696,0.030576912359286015,0.025836374373419676,0.015468065975318445,0.010156315980829734,-0.002785734713015227,0.005782909623645981,0.0020288198655823483
2023-01-13,0.0034311464254617027,0.002457748525639648,0.003073187714809207,0.0024922453839515205,0.03391595944645199,0.03968020216580003,0.035662005703178165,0.028056842280320373,0.00851194859562675,0.0025717639676503218,0.005504157743612302,0.002492244000068464
2023-01-14,,,,,0.034338832142037486,0.03072013998850478,0.03436546869622091,0.036811183397162946,,,,
2023-01-15,,,,,-0.0026764894860901167,-0.00358944828917461,-0.002227351646451638,-0.005240058097599414,,,,
2023-01-16,,,,,-0.004590647914346924,0.00046571673927657585,-0.0031330145265796765,-0.004556456316761432,,,,
2023-01-17,-0.004052224805721268,-0.006503481284448546,-0.0053033443422906825,-0.008169628062976756,-0.004905501990651051,-0.005460728361157516,-0.0052138706142580045,7.253663102785432e-05,-0.00419443766987623,-0.0065263271303459495,-0.005357161452974452,-0.00816962661362944
2023-01-18,-0.01596550501830723,-0.01739495673728071,-0.0169336773542308,-0.0172642282649091,-0.042835744481502354,-0.034247174436870004,-0.04149875922010625,-0.042792897490954065,-0.02044387826217308,-0.01744728963872924,-0.018953082995230953,-0.01726422716034575
2023-01-19,-0.007476202030265403,-0.0016621690661933882,-0.005895795252343266,0.0037336641538441625,0.023740913258057026,0.023024839068483505,0.023522049776110405,0.02296630105987539,-0.002273349482211665,-0.0016103194816674744,-0.003524588768024693,0.003733665836823579
2023-01-20,0.01531290783669132,0.008749960676484954,0.012909544485480835,0.007335379439050098,0.06451981663484795,0.056599281297320475,0.06302771396825087,0.06452886933200377,0.02351405930305075,0.008805880382453684,0.016595395441278943,0.00733537809589468
2023-01-21,,,,,-0.009632871913905806,-0.0043494298577370395,-0.00890234733946908,-0.023131428349230314,,,,
2023-01-22,,,,,0.009943629551392632,-0.000274497687394553,0.008079348793110057,0.0038418112759343965,,,,
2023-01-23,0.011435710954858264,0.002570834963383887,0.0077941451228617795,-0.0046792752480025734,0.020945304673450772,0.03085031379477368,0.02132561911783626,0.02312512916276827,0.013020643241290347,0.0026058630206108944,0.008584389890407254,-0.004679276425279383
2023-01-24,-0.0028834216294746063,-0.0025046211967600274,-0.0026245491872600086,-0.005732293379152838,-0.041702126622754424,-0.03450157695994537,-0.04005055998316869,-0.04524642044197594,-0.009353205795021241,-0.0026261867402428587,-0.005565315216585295,-0.005732292299085466
2023-01-25,0.0018486905394841727,-0.0016218821435811884,0.0018745223527365218,-0.0028129718649082184,0.030705961642368048,0.024452694313658693,0.02986635068062142,0.028651028298399713,0.0066582357232981525,-0.0015936264604121014,0.004059942864843016,-0.0028129713987176596
2023-01-26,0.008422064284225662,5.022318040264975e-05,0.00580254631956459,0.008615136588988936,-0.0017370736202734988,-0.003775426684310074,-0.0021108492487765186,-0.00793828974781387,0.006728874633475803,3.064452867276424e-05,0.004951018785470763,0.008615141992082721
2023-01-27,-0.001206481854240275,-0.005936164981280355,-0.0019344841616188,-0.009779420149689414,0.010663978155810239,0.010759088369691595,0.011550458424036746,0.009646769564544673,0.0007719281474348106,-0.005864583815990477,-0.0009343164336476689,-0.009779421389974598
2023-01-28,,,,,-0.008871756409081723,-0.0054156876565933775,-0.008290130261277524,-0.007812243117055338,,,,
2023-01-29,,,,,0.03185076197963703,0.024156871759007076,0.03007193981422933,0.036177167294955785,,,,
2023-01-30,-0.010144239154965134,-0.0037836640901986723,-0.008014243670547204,-0.010130534193424898,-0.04704284596112843,-0.0396487799985293,-0.04505305283581051,-0.04408529674600087,-0.016294006955992344,-0.003830416805952081,-0.010747573373652416,-0.010130536711315606
2023-01-31,0.011922802217140906,0.00756847381023548,0.011160048207377931,0.011826479857068514,0.01970616656237656,0.014710326528145103,0.018306909124624533,0.018265454541354358,0.013220029608013514,0.007533312834121836,0.01171604403792775,0.011826477730443426
2023-02-01,0.006518284067217185,-0.018929642756081628,0.0018395768645073647,0.0029889952078376737,0.025797610005811867,0.023652097900872093,0.02467274640295829,0.032473578464644506,0.00973150505698297,-0.01885328430692417,0.0033630743947323616,0.002989011169417489
2023-02-02,0.00015704536703527573,-0.011519312808659062,-0.0028871144021761397,-0.023156830837012036,-0.004085517910096637,-0.004518687977888929,-0.003389054335015085,-0.00719365970670933,-0.0005500485124867098,-0.011407910164484267,-0.0031996801730073384,-0.023156812999607215
2023-02-03,-0.012768350780830776,-0.009469322617207945,-0.011868817265405774,0.003958772146088897,0.013795338410564273,0.007456300233613467,0.012052023317518383,0.018902884064691514,-0.0083410692489316,-0.009379270784212246,-0.009804279209829188,0.0039587745674726825
2023-02-04,,,,,0.0008217074966740401,-0.0033873334066119613,-0.0005104770058802254,0.004832385658620849,,,,
2023-02-05,,,,,-0.021485676165057394,-0.017156221669944356,-0.01886848988979041,-0.027024636168655358,,,,
2023-02-06,-0.004594982931553284,-0.0016021192274164424,-0.00317387795721206,-0.003450240495951154,-0.017506770629490034,-0.015369203452396276,-0.016734413622422055,-0.016477437287628315,-0.006746947547876076,-0.0016075048085271463,-0.004052506721902077,-0.0034502548663788123
2023-02-07,0.01095346104811467,0.00823108567475179,0.008907007906015679,0.010934071762166951,0.03869117832630642,0.03448890220359964,0.03809180682267647,0.04226694197577196,0.015576413927813289,0.008337368222326435,0.010977570274204209,0.010934057106872688
2023-02-08,-0.009564990182089905,-0.007578393310678735,-0.009293716814028324,-0.0014096667825159064,-0.015035624875278052,-0.009592182066706766,-0.012067462546836867,-0.019205684019648922,-0.010476762630954598,-0.007491956670035701,-0.009616766276155224,-0.0014096699948350914
2023-02-09,-0.009694773106965707,-0.0014768369091892489,-0.008521590136990722,-0.004030342901721805,-0.05771134865422327,-0.05536526665324953,-0.05750488390621217,-0.057220362601646306,-0.017697535698175303,-0.0017846846270261727,-0.012302908916120939,-0.004030347795262656
2023-02-10,0.00760192629547806,0.012030266255479531,0.009894213522578408,0.01910331725230499,-0.0009264932442613174,0.0006429134482441518,-7.039990549901696e-05,0.001968888804873,0.006180523038854832,0.012020532604762081,0.009299403835422347,0.019103312212928453
2023-02-11,,,,,0.011119083825479525,0.0079922787755458,0.01042518444133574,0.011276444801387212,,,,
2023-02-12,,,,,-0.014240155531741516,-0.011121072699184324,-0.012617111218892677,-0.019378345042611888,,,,
2023-02-13,0.00875099441629904,0.007919384463324776,0.008140315558149992,0.008511264075088393,-0.003184222497895306,0.003287689275056148,-0.0001400477233978049,-0.01123419356706916,0.006761791597266651,0.00801079068511109,0.007333167308692555,0.00851126870335127
2023-02-14,-0.0006439293321590837,-0.007016872576008855,-0.003179046175802309,-0.0013342835811015043,0.029872183904632737,0.024527558233222904,0.028493202121814366,0.031047753588671605,0.004442089540639553,-0.006831018132752582,-0.0008286417394085723,-0.001334275102758074
2023-02-15,0.00028921341721578115,-0.00016384730336285492,0.00014232893994198465,-0.009099150718790217,0.06536374685986238,0.06602397248498378,0.06567634663557223,0.0611276962656226,0.011134968990990214,8.544869003890086e-05,0.0052553347511163735,-0.009099148964629449
2023-02-16,-0.013939445741509307,-0.012951206757917702,-0.012544408219729236,-0.008186676334006885,-0.0437863949888458,-0.04298459627013827,-0.04444135919240699,-0.03878834559820714,-0.01891393728273206,-0.013207530872378734,-0.01492974182206323,-0.008186673046038172
2023-02-17,-0.0027721399648127057,0.013409805348561694,0.0008972341084935027,0.0003183883850006652,0.04882788616562266,0.039773888333419646,0.04839574810046483,0.052894447573318966,0.005827864390259856,0.013725967116861436,0.004982563983634083,0.0003183784734049801
2023-02-18,,,,,0.007887810379065562,0.0046010171580969685,0.00666529291925456,0.007651045246423923,,,,
2023-02-19,,,,,-0.010708115017883579,-0.011338091537210366,-0.009885561355589096,-0.012909825444224365,,,,
2023-02-20,,,,,0.025052763815127686,0.027314812259232102,0.02487715508402319,0.01838628266590434,,,,
2023-02-21,-0.0175027760743078,-0.004634224137878204,-0.014936923967470194,-0.009320422644922569,-0.01918195592707385,-0.014928477138488376,-0.019935318332117494,-0.024326303159442196,-0.01778263938310214,-0.0047789353828355426,-0.015083241425667545,-0.009320429801612556
2023-02-22,-0.0055512586445058175,-0.004483155637166668,-0.005722814963824498,-0.006643656374110967,-0.007432613906955421,-0.007173274113581868,-0.006833090727628809,-0.0012559104554312537,-0.0058648178549140844,-0.004488566802502217,-0.005865991727296618,-0.006643653850073501
2023-02-23,0.005478965095513964,0.002474408937284161,0.0029973026299670398,0.0001304129127195847,-0.011735816425103697,-0.010512303477273843,-0.010627309355772227,-0.011650876016128995,0.0026098348420776876,0.0024517740974991055,0.0017639389171620699,0.00013041790344036318
2023-02-24,-0.009477223615106894,-0.007007659772003547,-0.008271646009009767,-0.007018762780937857,-0.03497155614609792,-0.029610024835801694,-0.03360660339451991,-0.03672865528255628,-0.013726279036938729,-0.007082968013580086,-0.010192792548151515,-0.007018762123164975
2023-02-25,,,,,-0.00247534121806664,-0.001178153300684652,-0.002160660570921399,-0.001012518251420393,,,,
2023-02-26,,,,,0.017734774694643064,0.015690135681464084,0.017915899915901177,0.01696258399999575,,,,
2023-02-27,0.0017761100564900147,0.00035739779194110495,0.0010183421147093232,0.0005340233224286678,-0.004616748672202599,-0.00411906084249088,-0.004316279913071451,-0.0034666600887868007,0.0007106336017079122,0.00034862314129524883,0.0005252641787018541,0.0005340292131905502
2023-02-28,-0.0042929255026671834,-0.010052017064739177,-0.005552644728753098,-0.007599732498159325,-0.012715198199124325,-0.012660009200435241,-0.011990773293379324,-0.006548624310958845,-0.005696637618743372,-0.010068352470955944,-0.006204294708486526,-0.007599717273351454
2023-03-01,-0.001058031993739652,0.00025082123714702487,-0.00149436542333019,0.004773154570953416,0.02613632945537423,0.02003729343783045,0.02435914645160001,0.03334778938134467,0.0034743615811126615,0.0002506444642357035,0.0006163123327491064,0.0047731797020627706
2023-03-02,0.011963634596800691,0.0059492701213663,0.010333922348734498,0.0056412372697331155,-0.010070787872863439,-0.012691558665745287,-0.009822205974083,-0.006580939244345596,0.008291230851856674,0.0059494236096711926,0.008598867378516936,0.005641245945021925
2023-03-03,0.013041698662887858,0.003906886959887523,0.011879501638873987,0.010332818449673476,-0.022607444872867956,-0.03315121958662717,-0.024654421457013513,-0.018346142914395517,0.007100174740261895,0.003906916972134752,0.009002002641021262,0.010332826491376892
2023-03-04,,,,,-0.01880899563048919,-0.011856897548730821,-0.016899658689159647,-0.02275658740722201,,,,
2023-03-05,,,,,-0.001995698481330155,-0.00013754453070924052,-0.0008967329758041711,-0.0011943830346987563,,,,
2023-03-06,-0.0018086637367767805,0.00938827153282863,6.28032845951727e-05,0.008717563347464964,-0.00392180502006011,-0.002515232854875872,-0.0031604462486146297,-0.00694376549911059,-0.0021608539506573357,0.009388326318006268,-7.675416632559057e-05,0.008717562926881688
2023-03-07,-0.017166087290682315,-0.010837878348169315,-0.01670547062469475,-0.012400525934046912,-0.008894546655637112,-0.007945650962023995,-0.008977785937321424,-0.011695535856147452,-0.015787497184841456,-0.010837874529346706,-0.01603428718921616,-0.012400534793407766
2023-03-08,0.003191727051693716,-0.006608375033241597,0.0008384214135769594,-0.006524952817975587,-0.027210303066710507,-0.021350207832136946,-0.025007237124537538,-0.0304258728188859,-0.0018752779680403218,-0.006608271316650937,-0.0013816256221884247,-0.006524939875150798
2023-03-09,-0.01731871782501915,-0.01151261383255752,-0.01600775846896812,-0.0145909278481459,-0.06062363391736244,-0.06533539774095788,-0.06409647527266958,-0.0679709241753016,-0.0245362038404097,-0.011512549003222771,-0.019608243210827773,-0.014590941386376495
2023-03-10,-0.013042274760361034,-0.0030279244066826996,-0.011133653692553088,-0.009165688109616018,-0.004351473976778364,-0.008384091054543559,-0.006173902133475999,-0.014259181258068108,-0.011593807963097256,-0.003027941052692165,-0.010558294064586127,-0.009165717373073408
2023-03-11,,,,,0.0018321938898936076,0.008961944034510273,0.005232156265144325,-0.003601387971624426,,,,
2023-03-12,,,,,0.0674362877377666,0.06930216240070465,0.06887831473101491,0.0737212789392296,,,,
2023-03-13,-0.003516018063804469,0.00607683929996703,-0.0010656176122082971,-0.008904733595901883,0.043876827588640886,0.04795211668724042,0.04449800754483275,0.04399454931804316,0.004382789544936423,0.006076690951104949,0.00265403396215166,-0.008904744192124824
2023-03-14,0.01454549521775727,0.0070392955188417145,0.012436396884821095,0.01018527420054471,0.020163527323838592,0.020136819382903844,0.018314535448047158,0.01971773891160658,0.015481833902104157,0.007039341872645353,0.012843028986828393,0.01018527680233085
2023-03-15,-0.00968814247115212,0.004338093038147434,-0.006572308477725763,-0.021061415752895673,-0.05192990719788017,-0.04491680031472302,-0.04796393774008326,-0.059875221257122385,-0.016728436592273455,0.004338067059824112,-0.009782690916037912,-0.021061448715673402
2023-03-16,0.014200648998945934,0.0015788895581596318,0.010327527367870874,0.00322158618964706,0.018210966972107202,0.015587692276069934,0.016793294841777193,0.021409990026679798,0.014869035327806143,0.0015789986310034926,0.010664209170986911,0.0032215992546985547
2023-03-17,-0.012241012240181464,-0.01329612567498532,-0.012569409888564328,-0.018820045089831074,0.06565744021574993,0.06239714028483582,0.06330024975183561,0.06574634016111532,0.0007420631691404397,-0.013296164016078454,-0.006601167687644246,-0.018820056967969345
2023-03-18,,,,,-0.022695728368747784,-0.026180326691305524,-0.02415121124910682,-0.0179786682362218,,,,
2023-03-19,,,,,0.02849706335215436,0.027086868286348573,0.027728479497038022,0.025011713814063728,,,,
2023-03-20,0.011381656021337802,0.013351730864470814,0.01203623420494412,0.021236370739072943,-0.03439950547262127,-0.029803444782022986,-0.0320105661236714,-0.0422472050050351,0.00375146243901129,0.013351775637219147,0.008587379781758438,0.021236375009336977
2023-03-21,0.008352348230895295,-0.0013169318953449862,0.005666324039136153,0.012957479261345353,0.07619108897481006,0.0745795494441494,0.07269404930108789,0.06777740842486733,0.019658805021547755,-0.0013168980221913197,0.011056094583986898,0.01295749478449545
2023-03-22,-0.01994875486296806,-0.014736843993782039,-0.0192436436979885,-0.017652786935636412,-0.04933245640002721,-0.04862061243993809,-0.05379163517005288,-0.04277800198334559,-0.024846038452477917,-0.014736900587895818,-0.021827087212953154,-0.01765279650465579
2023-03-23,0.0017877909140547078,0.0055772474081296295,0.0010992660469543343,0.0005833607066085028,0.04653891872498437,0.04800736944687451,0.04983646593974804,0.05816721650398028,0.009246312215876318,0.005577290171316452,0.004713688844893519,0.0005833523433637482
2023-03-24,0.007631212702629167,0.016215839762625032,0.010143737478209198,0.0051370766024258635,-0.027248347242557584,-0.029413775425195278,-0.027622189067244028,-0.02030688484532068,0.0018179527117647104,0.016215851261480358,0.007350668154495949,0.005137063469507036
2023-03-25,,,,,-0.0020463756958890474,0.004389514492664611,-0.0005334867635414346,-0.00959116649712446,,,,
2023-03-26,,,,,0.013712003864556753,0.012393420873288532,0.013128987669061525,0.017046383450968816,,,,
2023-03-27,0.004297343942389522,0.0054351684275076384,0.004670558301803695,0.011891810634442272,-0.01925061693997912,-0.01325172406765248,-0.017450113574342868,-0.025545659901231595,0.0003726837953280834,0.005435166571246472,0.002976436028762828,0.011891808481553107
2023-03-28,0.001599486089735003,-0.0010789108760161845,0.0016845782611475033,0.006626372307873165,0.029880537619454882,0.02693368339593536,0.028054540106615587,0.024235981635067856,0.00631299467802165,-0.0010790620077087611,0.003922496119473022,0.006626385521165788
2023-03-29,0.01557046620206545,0.006555575253069741,0.013627728444422157,0.006419935656288767,0.02862273797752435,0.029819931859116057,0.027249050214066654,0.023138420478858612,0.0177458448313086,0.006555633320585268,0.014690266713594883,0.006419938844283984
2023-03-30,0.004909293457587829,0.004649655252214117,0.004319633306828838,0.00589760762121392,-0.00176075907499288,0.00028272549652751545,-0.0007538744051312795,-0.0033614925490291774,0.003797618035491046,0.004649599802021768,0.0038639842724061506,0.005897606387331277
2023-03-31,0.01245554165487161,0.006890227801662395,0.01159880571498882,0.009821617991545475,0.02249685501481828,0.02612532653511528,0.022012210583461825,0.012391471190144845,0.014129093881529388,0.006890233018296141,0.012347305755931057,0.009821622038082867
2023-04-01,,,,,-0.004093416876705502,-0.005578348229794774,-0.003602324884121437,-0.0008393830952803955,,,,
2023-04-02,,,,,-0.007162079471210981,-0.01131870862224092,-0.007963475433591844,-0.0022981363101375707,,,,
2023-04-03,0.006940014431519134,0.010848755652174746,0.007306679588362774,0.02136962410236108,-0.0018588488543411666,0.0032084627506752624,-0.0016008007661220298,-0.01192418300566805,0.005473537217209085,0.010848755328710078,0.006600209051298686,0.02136962395671623
2023-04-04,-0.0050640905631622185,0.00553589346416565,-0.0029858638039603823,-0.00715172575248664,0.008769344303898264,0.001909668158899305,0.007717100711584909,0.012270996934124137,-0.0027585180853188025,0.005535922383925285,-0.0020507169870352597,-0.0071517228042333155
2023-04-05,0.003700067303833979,0.015280399801221242,0.007054099148571449,0.013560704740797128,0.004589962586101925,0.004386035493520949,0.004672462841284667,0.005636410657027643,0.003848383184211968,0.01528046052219966,0.007140083102165857,0.013560696788101699
2023-04-06,-0.00016101982917674716,0.00023337873651718487,0.00032827793137483357,-0.00439254668777467,-0.008989619099706548,-0.00975532936719589,-0.00838265912211076,-0.00778138909917966,-0.001632453040931714,0.00023337946624395157,-0.0003027431727196147,-0.004392569411588059
2023-04-07,,,,,-0.0007157523707202245,-3.330535266226047e-06,-0.0003911243035375576,0.0016641462231956473,,,,
2023-04-08,,,,,-0.007581287504680156,-0.005503299925379528,-0.006880119942792219,-0.007375040569540492,,,,
2023-04-09,,,,,0.0085751661116362,0.008856294778598225,0.008534849677304798,0.007300757413160174,,,,
2023-04-10,0.003514247817485643,-0.0013962635268838248,0.0019850204234099973,-0.0012506907678142987,0.023579695263970035,0.022592331370095746,0.023232788730138145,0.029832634910802094,0.0068584890585663754,-0.0013962835997602895,0.003601899978020355,-0.001250689675571307
2023-04-11,0.002569206481788522,-0.0005357509896337498,0.0023265332672053967,0.0014263502974489846,0.0038228605318978977,0.003103694136216241,0.002672520374842561,0.0007715258163967446,0.0027781488234734177,-0.0005357521626695133,0.0024141982495768113,0.0014263737391372933
2023-04-12,-0.0022219339949199977,0.0009926668579987455,-0.0013448906723733563,0.001841873502044487,-0.0047451783135010975,-0.007993090828958022,-0.006249948313474278,-0.009992695117667547,-0.0026424747146835148,0.0009926361281733659,-0.0016348634805575498,0.0018418716380143004
2023-04-13,0.00697289572006567,0.00926726301626793,0.007296790641545095,0.009342546886247876,0.02334972192127425,0.014677571285488814,0.02124876684242486,0.02134044020257203,0.009702366753600436,0.009267216658141062,0.008393335138749947,0.009342571391188591
2023-04-14,-0.005796901834398558,-0.004260261199277978,-0.0060035579109596875,0.0017292236287836085,0.015352888933841126,0.014588313025166208,0.01541032516959073,0.01965998805533288,-0.0022719367063586083,-0.004260284387274155,-0.00432751599704081,0.0017292443564191479
2023-04-15,,,,,-0.0004410469546381693,0.0014536954401934742,-0.0004048162333981522,-0.0033854604887266705,,,,
2023-04-16,,,,,0.007813593645352735,0.008065010748054198,0.0077290460783021936,0.010795932899504777,,,,
2023-04-17,0.0050131419049538805,0.00028222033226673064,0.004523099844049674,0.000879477737961246,-0.023954347127940975,-0.024193517413487017,-0.023349728287992682,-0.020314725865060633,0.00018522706613807055,0.0002822124055191892,0.0022804463522544983,0.0008794792669063107
2023-04-18,0.0003185701739072887,-0.0018914612958755342,-0.0006504150684946064,0.007351794789063497,0.02048926563833755,0.022316184505664548,0.020830720745543006,0.026590095467047704,0.0036803527513123322,-0.0018914262540944665,0.0009535960601944667,0.007351774611416811
2023-04-19,0.0021501861398795594,-0.0006554277158769091,0.002254400318028255,-0.0010691712193340189,-0.0703063812395199,-0.058898918312855576,-0.06591556442542652,-0.0725905044724125,-0.009925908423353688,-0.0006554383704463178,-0.0033046221748828483,-0.001069183134379707
2023-04-20,-0.006963271769652837,-0.005090698713816418,-0.006991367967883882,-0.012278266814550772,-0.016593825169400268,-0.01759307906419618,-0.016270499505305548,-0.01298127404094131,-0.008568364002944074,-0.005090762891123501,-0.007793636367444493,-0.012278206827567018
2023-04-21,-0.0010172047667623987,0.005608483290249868,0.0006980080014084173,0.011450678950923212,-0.036250648570689395,-0.030632807432107417,-0.03420724797305889,-0.040626888075604335,-0.00688944540075023,0.005608527524010579,-0.002041430084609606,0.011450666182368419
2023-04-22,,,,,0.027746816801226506,0.024188308035998512,0.026482063179050233,0.024841029585345363,,,,
2023-04-23,,,,,-0.011357535930528783,-0.0076237629857046334,-0.009624486454963468,-0.006661531894387958,,,,
2023-04-24,0.0017570893495593106,0.0017399088762656946,0.0018090287012596858,0.002071731711723391,-0.006202409007347477,-0.0052884099609326034,-0.006063102883294605,-0.002164254736578058,0.00043050629007484705,0.001739917316763067,0.0011835587824102149,0.0020717718513542857
2023-04-25,-0.014954209205319131,-0.0002750634540896106,-0.011660086955329201,-0.00792027722080875,0.016867220618823685,0.016168723467361056,0.015849732286328105,0.018428709675989478,-0.009650637567961992,-0.00027504541554684674,-0.00920315468374056,-0.007920257375872288
2023-04-26,-0.012476823412631977,-0.019452256068991702,-0.014371760083741329,-0.017623165300436023,-0.012759860883439278,-0.00909367832388204,-0.011782138245040024,-0.012394703871355427,-0.01252399632443319,-0.01945228254049302,-0.01438196604688417,-0.017623119301595914
2023-04-27,0.01466191302179606,0.005180670572632811,0.012527246898917566,0.012623127649420916,0.01493264831109805,0.015000511836728948,0.014950067102720862,0.018740691502714513,0.014707035570013054,0.005180768460622969,0.012492653040615491,0.012623131433033431
2023-04-28,0.009482238561268225,0.003646392383148999,0.00744004104543266,0.0028983293675921037,0.003736322462608444,0.004065976824676647,0.0043218283312639275,0.005711638132357236,0.008524585878158259,0.003646367895158832,0.007088825271471993,0.002898359772641091
2023-04-29,,,,,0.005886241885930077,0.007955557141253287,0.006664652294022781,0.005962806837075578,,,,
2023-04-30,,,,,-0.013803832708956977,-0.010879371356647688,-0.013010733245652193,-0.013773148049763522,,,,
2023-05-01,-0.003422566579296094,0.001233710187739483,-0.0027977001462693,-0.0016791596537546185,-0.017095930932513506,-0.015609308425834927,-0.01562919760696097,-0.016553054245765395,-0.00570146063816566,0.0012336999920423552,-0.003856318953150663,-0.0016791596537564222
2023-05-02,-0.016682054474223176,-0.007305736906905397,-0.015455049980880983,-0.007235518303317192,0.01303856664680343,0.015064904914549827,0.013302254069715424,0.014173857085843749,-0.011728617620718737,-0.007305741968345755,-0.013151802617398895,-0.0072355183033200945
2023-05-03,-0.012217496177713009,-0.00918262751128069,-0.01076769125063269,-0.023678322496838065,0.007033688642077719,0.005037146415040081,0.006526837653277942,0.006619180447884208,-0.009008965374414552,-0.009182627075747523,-0.009250625159342841,-0.023678322496835737
2023-05-04,-0.005351289952589209,0.0006048150836174858,-0.003999410548982941,-0.010634035810936469,-0.010527365221955643,-0.007517117672377555,-0.009417171943419789,-0.005049329916548883,-0.006213969164150282,0.0006048252563429151,-0.0044005342182724646,-0.010634035810936148
2023-05-05,0.01751524961317628,0.011005392099851477,0.01559510476218089,0.015248583957624025,0.0206916461158581,0.018360173672281974,0.020857233791001458,0.025197310339490936,0.018044649030289916,0.01100540988736869,0.01588988008455992,0.015248583957625307
2023-05-06,,,,,-0.029721123498456306,-0.0239410215299865,-0.028043448511012044,-0.030926589217139106,,,,
2023-05-07,,,,,-0.011481109989431838,-0.009634333632499882,-0.011591983358975592,-0.012907588763774977,,,,
2023-05-08,-0.0006943661313251724,-0.00029690104724959375,-0.0013582814289590784,0.000354069505477272,-0.03585792627868483,-0.03127234908065074,-0.03412030395926843,-0.03368148225986198,-0.006554959489218449,-0.00029689565910406433,-0.004173087932643524,0.00035406950547597926
2023-05-09,-0.004258718762879401,-0.004605277216581697,-0.004051248920532761,-0.0017154405750333579,0.016064871833109975,0.02142106941995321,0.0154903954671679,0.007542958369653097,-0.0008714536635478385,-0.004605271589895183,-0.002428722912357612,-0.0017154405750317524
2023-05-10,-0.0017783329876314966,-0.0005092408175577915,-0.0015021449059840577,-0.0059201662580256244,-0.0016382682780426983,-0.00610378305476163,-0.001657209897194515,0.0030866001567550986,-0.0017549888693666974,-0.0005092397553909512,-0.0014839614509729092,-0.005920166258026008
2023-05-11,-0.008972948417903203,-0.0016177561496652404,-0.007798925681823939,-0.0042850957252152785,-0.02088555232312441,-0.016045025893523277,-0.02057577474356567,-0.018633816594801275,-0.010958382402106734,-0.0016177639153462308,-0.008695615948989122,-0.004285095725217734
2023-05-12,-0.0008388740546909411,0.0013983304484579601,-0.0001654598016107629,-0.0025625973889935034,0.006633145413243956,0.007116924582520513,0.007163515025692418,0.0068054246406785875,0.0004064625232982086,0.0013983258954997212,0.00041860088324637365,-0.00256259738899299
2023-05-13,,,,,-0.006690148368844428,-0.006206527545359341,-0.005970943190377779,-0.0038415243630395583,,,,
2023-05-14,,,,,0.009488724033330365,0.010911625599566507,0.009024321334872902,0.009910397433275315,,,,
2023-05-15,0.004566875681341903,-0.002886302217284765,0.0024402706657994837,0.007061819854879878,0.008324650956111014,0.007212128318734205,0.008453355715986944,0.015744752807937423,0.0051931715604700895,-0.002886307669749141,0.002741860049582712,0.007061819854880591
2023-05-16,-0.015969316778035862,-0.014929211440059953,-0.016621322854452746,-0.009761996127351034,0.008422101567971952,0.003431266298305824,0.007703245162360762,0.013372832562536012,-0.01190408038703456,-0.014929217427379191,-0.014616778005670829,-0.009761996127351118
2023-05-17,0.012319075380388223,-0.001378152667693347,0.009317838167320059,0.008870557031879344,0.014914573072979954,0.013666212883501267,0.01427042388339188,0.016049840149321277,0.012751658329153513,-0.0013781506565383487,0.009589328706095456,0.008870557031882392
2023-05-18,0.005885373981134901,0.0008585955352774314,0.0034860045630010455,0.002658505592935701,-0.01162563308424376,-0.013984434619111826,-0.011792353235010765,-0.010438626486307353,0.0029668728035717913,0.000858611381861974,0.002084704582743238,0.0026585055929366965
2023-05-19,-0.0024750102388178584,0.0003157818658091956,-0.0015496927001291613,0.0027070818693851594,0.003288349523594647,0.0028776825878629973,0.00348501824548496,0.008672295884966801,-0.0015144502784157742,0.0003157693195515598,-0.0010370892103797706,0.0027070818693843797
2023-05-20,,,,,0.004911939670877463,0.008421348766282753,0.006514344956381974,0.01016898429612894,,,,
2023-05-21,,,,,-0.010665021585102118,-0.002901734208311566,-0.007653309500595994,-0.0028278793951176016,,,,
2023-05-22,0.0006733174629292172,-0.005845178080847793,-0.00016436466441249105,-0.009134243912403334,0.00852947908232017,0.010236016615207648,0.010197508100181076,0.00915573087561726,0.0019826777328277086,-0.005845153277447501,0.0005592675513423425,-0.00913424391240028
2023-05-23,-0.007158860298573354,-0.0032994720959335284,-0.006672661289625183,-0.009935942198040153,0.008546689643816751,0.006569431533744355,0.008323655016594192,0.010812559584070321,-0.004541268641508334,-0.0032994670807409447,-0.005341565544645075,-0.009935942198038181
2023-05-24,-0.0092430297574062,-0.006640101769796253,-0.008867839604651975,0.0011446970262032387,-0.029311627575694967,-0.027425191549751548,-0.0287064559205298,-0.033805157981623125,-0.012587796060454322,-0.006640103084365882,-0.010462399188144275,0.001144697026200619
2023-05-25,9.278741905413931e-05,-0.012647656173457863,-0.005744970876141358,-0.010698028005808203,0.0006137923240644661,0.0004738975712371983,0.0006825886566063305,0.00295426695610863,0.0001796215698891933,-0.012647657229716074,-0.0055383917477057,-0.010698028005803654
2023-05-26,0.008663674683658414,-0.0008777533149011183,0.0056504713002715826,-0.0023528913501092105,0.013862260516455062,0.004912190350861923,0.011442254098269832,0.009238863482367198,0.009530105655791187,-0.0008777484011448978,0.00598273461504619,-0.0023528913501063334
2023-05-27,,,,,0.008685536718812826,0.010061449681604915,0.009435016927115285,0.01037686697354076,,,,
2023-05-28,,,,,0.027256993493929828,0.02321560244693246,0.02609907561263011,0.02956506985619582,,,,
2023-05-29,,,,,-0.006321640644553051,-0.008383234775122034,-0.007012201670106779,-0.004213486655449198,,,,
2023-05-30,-0.0018190711166541518,-0.0035796756343207344,-0.002761781208167995,-0.009409958094243583,0.009550061586042526,0.0036801672240296306,0.008847613579009508,0.015321319504367447,7.578433379529465e-05,-0.0035796623005151388,-0.001777140168391495,-0.00940995809424054
2023-05-31,-0.004663092855496196,0.006841874080523086,-0.0016595337819516522,-0.0016297927991045593,-0.010968334133005764,-0.006812119352072469,-0.01093115824274834,-0.014861897823932314,-0.005713966401747791,0.006841886047464883,-0.0022466373845554245,-0.0016297927991077306
2023-06-01,0.005148317863618266,-0.002058645744558252,0.0029997587199614858,0.01531449395106517,-0.0070050480359822205,-0.00837687914453426,-0.007177823667463995,-0.0018700893189091358,0.003122756880351519,-0.002058608519892628,0.0018752883671899149,0.011129499387574793
2023-06-02,0.019500197664424103,0.011877712133510316,0.01757167603137864,0.01163537658602899,0.03047013415412552,0.03459806028627851,0.03414704528341589,0.039589904039035236,0.021328520412707667,0.011877705732640421,0.019076347504990022,0.014877095766543814
2023-06-03,,,,,-0.0032645391579624763,-0.0029195268696212587,-0.0036870920713154313,-0.0061522048143264115,,,,
2023-06-04,,,,,0.0019090477931811847,-0.000901288798332412,0.001334432944297503,0.0020823838658116994,,,,
2023-06-05,-0.0058969493851712155,0.0021843623533172314,-0.004009279732525994,-0.0047141116777446816,-0.055567419705904994,-0.0517785123908846,-0.05426782767806585,-0.0492473144539114,-0.01417536110529351,0.0021843365734942497,-0.00824169265442602,-0.010030580066896753
2023-06-06,0.004403184679716094,-0.006340820228300887,0.0016367238978891416,-0.009346884061272768,0.03446928333226702,0.03587418446948584,0.033203531385717217,0.03410495065383268,0.009414201121807917,-0.00634083011207931,0.004155541851193621,-0.003586384064306135
2023-06-07,0.00825333091667653,0.000992431304010065,0.008113312075103223,-0.0036462188173214272,-0.033975661274086084,-0.029327608561971613,-0.03293670210411102,-0.024545235018052253,0.0012151655515494283,0.0009924324574478328,0.004671955212805163,-0.005182363835917947
2023-06-08,0.004105881849056211,0.0063665589277400875,0.004441020986063542,0.018502439423521224,0.007310911144695709,0.008392017712653077,0.007447755389064681,0.005747680661136845,0.004640053398329463,0.006366583483914525,0.0046866516893397355,0.016763263570319344
2023-06-09,-0.002802731516898366,-6.158818598988114e-05,-0.002873160696745765,0.0020081616316943475,-0.01150854034035888,-0.013629194950492729,-0.014440751741162923,-0.008262514305885843,-0.004253699654141783,-6.156399100529658e-05,-0.003867237075154914,0.004660022533059832
2023-06-10,,,,,-0.08270980281888682,-0.07432195717309376,-0.07832757197615699,-0.05859657328474149,,,,
2023-06-11,,,,,0.0016502033140609273,0.0007268196005212288,0.0019151749743925315,0.008483308163540699,,,,
2023-06-12,0.005228664642244208,-0.0023730709668779194,0.003127239234682457,0.003864446016626248,0.0004878984388572815,-0.0008447195656177193,0.0008694005362912182,0.002245835199774261,0.004438536941679719,-0.002373057773614919,0.002730534756141642,0.0037902051700819494
2023-06-13,0.00731871902904849,0.006579592063437044,0.006428736076617103,0.009243354372322522,0.0022993820597000175,0.006100626667031869,0.0029967313969359696,-0.00019342130033177447,0.00648216286749041,0.0065795666127154324,0.006038582531994086,0.006085209043429576
2023-06-14,0.0001272434929677031,0.0015324474004165052,-0.000707968331038556,0.0028996047323872768,-0.04317234608044321,-0.03409157907674107,-0.04094290140496855,-0.04534548140516248,-0.0070893547692674475,0.0015324427038652052,-0.0043853494567247225,-0.00812091055100054
2023-06-15,0.010003512200136698,0.009022005584279373,0.010634035486071228,0.006029577786571576,0.0057891036915591046,0.0029773846101462283,0.005387002465961414,0.0090578633533108,0.00930111078204043,0.009021965416291692,0.010162391544339525,0.005556371101185972
2023-06-16,0.0005502064556709694,0.0004105161457548058,0.0012681046972339127,-0.0003587295444809678,0.011168012818247086,0.012781388418912439,0.010903563194981468,0.0130500655756383,0.002319840849433655,0.00041050400063473707,0.002103692789430871,-0.0009236724185145679
2023-06-17,,,,,0.00953205851289305,0.009804168924380866,0.009800636752134396,0.009645576817350145,,,,
2023-06-18,,,,,-0.005460914609440514,-0.007761855959555609,-0.0063603238016669405,-0.0022572923805168456,,,,
2023-06-19,,,,,0.006550246328475962,0.00494895727940332,0.006227103980720355,0.008481512295375882,,,,
2023-06-20,-0.012622406708579167,-0.007812293334161008,-0.011599631115364007,-0.006414719816959003,0.027151896154307277,0.03050209351758173,0.027059101463812144,0.02628830396021476,-0.005993356231431429,-0.00781229891878341,-0.008194671456754335,-0.006322065275895459
2023-06-21,-0.003164890673324905,-0.0019181841921690345,-0.0017429962687477358,0.0008015637503173713,0.06914386829461867,0.08671169279326034,0.06832093138372754,0.043342718568593834,0.00888656915466569,-0.001918175218550202,0.004362473613868682,0.0032918387078695126
2023-06-22,-0.00559242287012034,0.007981862979739858,-0.0035037220907929577,0.00291548327457515,-0.0036441032838237077,-0.005198293037103669,-0.0038316033199833135,-0.004032514517089612,-0.005267702939070903,0.007981854516455555,-0.0034290588324643752,0.001488499381559068
2023-06-23,-0.00725958143982272,-0.004848662820255895,-0.007258172196776335,-0.005302275087816469,0.07470161177942011,0.1004139506427698,0.07251169764664032,0.023329204951929458,0.006400617430051085,-0.004848654070796701,-0.0005679319375767177,-0.003891794629952431
2023-06-24,,,,,0.011652634564868595,0.03101806928696043,0.011571496964166775,-0.012146084558467062,,,,
2023-06-25,,,,,-0.01086883664227928,-0.013358141246226633,-0.0094332934681302,0.0027503988941773617,,,,
2023-06-26,0.006682503230795584,0.0008519012622329015,0.00625717364269035,-0.009682805317265808,0.005978334015964882,0.027296212365123154,0.007288462832290095,-0.010869296724944504,0.006565141694990468,0.0008519219737497558,0.0061744321671667645,-0.010452300501827879
2023-06-27,0.007222896182025429,0.0031134107184198853,0.005047178535208475,0.006525720895323734,0.02263140143154352,0.033933366796157424,0.022857403976233814,0.01128305582009466,0.009790980390278446,0.0031134207042852547,0.006432085445007142,0.00658308748540163
2023-06-28,-0.0017040372863230942,-0.0033856740461378886,-0.0021645087338620543,0.0015467289616403672,-0.03996466241134235,-0.026971509075630003,-0.037018266362645456,-0.03117130150689188,-0.00808080814049297,-0.003385660353839432,-0.005233664259092817,-0.0026100382725502674
2023-06-29,0.006333876012833468,-0.000187833480215811,0.005672545438341928,0.0013439291791346826,0.029699728716752083,0.036877007187282596,0.02899025083572299,0.015160538608125235,0.010228184796819901,-0.00018783558268088926,0.0076477217953714,0.0042449690745119326
2023-06-30,0.008314033679412117,0.006750454390383763,0.008368905413141147,0.017781152870683877,0.09404904955033085,0.08499613776315419,0.0880621492723072,0.06856539737910972,0.022603202991231905,0.006750469445038818,0.015371244287121692,0.015186806029027401
2023-07-01,,,,,-0.0018449409424392102,-0.0035588380093496477,-0.0009133673635357823,-0.008565902396642995,,,,
2023-07-02,,,,,0.005238620849933817,0.0010885491229346879,0.003816978208754769,0.015054624436347816,,,,
2023-07-03,0.005677130992006777,0.0035004525379845526,0.005243470020112134,-0.0032704240519377805,-0.005122109370999129,0.005986654737965639,-0.0022599233121322025,-0.008918028318669497,0.003877257598172459,0.0038076827538611954,0.004490575726396412,-0.005406933535043084
2023-07-04,,,,,-0.019442579812504756,-0.013210804073133341,-0.017797051157795493,-0.020514977434669946,,,,
2023-07-05,-0.004240653464778886,0.001895337118624533,-0.0025063898719190924,-0.00015255455768428233,-0.015160100684215772,-0.013499833190438348,-0.014422162014922298,-0.00860331913581612,-0.006060561334685034,0.0019229263394242402,-0.0033812000725563455,-0.0009297233278690126
2023-07-06,-0.012084138933912192,-0.008208148614265416,-0.011751960290354864,-0.01023449743409635,-0.025132335253464932,-0.02328737705901278,-0.023596289028561986,-0.01987740230594111,-0.014258838320504312,-0.007998255332183644,-0.01281287522184601,-0.009406302746452403
2023-07-07,0.0006819149565187501,-0.013873150551334304,-0.0020316110590497807,-0.0060321670899950155,0.01796298117539279,0.015049398411732282,0.017762664949652632,0.015600144145042008,0.0035620926596644227,-0.01298812892723686,-0.00044120419545851363,-0.007418003535544546
2023-07-08,,,,,0.001531650931283768,0.0063615391073547295,0.00300640031643012,-0.0030883152797695577,,,,
2023-07-09,,,,,-0.013726282828247383,-0.009814470990876146,-0.013989150833872562,-0.017555406697706978,,,,
2023-07-10,0.0047796696983343516,0.001075310495307165,0.0043497508334823356,0.009752018841157747,0.012686976892272453,0.009075120528910872,0.011613381733751498,0.013699480839472672,0.006097554230657367,0.0009200965281859443,0.004971329804782513,0.012297099270393927
2023-07-11,0.014211688018259465,0.00923075712639701,0.013020145273147673,0.003082867034327895,0.00029969873734785323,-0.002447352248314979,0.00011406136089333208,0.00021782219430914853,0.011893023138107533,0.008603417322347729,0.01167026032608366,0.0006653100397692604
2023-07-12,0.00823735096035434,-0.002926462434942144,0.006643043056211926,0.005372970590375086,-0.004325411937046786,-0.006131767645451211,-0.0042994224727350705,0.004273885643540732,0.00614355714412082,-0.0026375895300699967,0.005577082398086806,0.005573468834315057
2023-07-13,0.0056132899986313725,0.0012326668365799038,0.0042874472866617054,0.006270783208176633,0.1954993284896968,0.2446743426202747,0.19560038790062917,0.037163445429526494,0.037260963080475606,0.0023765949070346706,0.021857892120493643,0.03172376184455619
2023-07-14,-0.006609687433745769,0.003142424855581011,-0.005057740279277465,-0.0006451694476525797,-0.06154752460039317,-0.06125384825682697,-0.05993161967315364,-0.03878563295956537,-0.015765993628187005,0.002475130688605773,-0.009968823289668123,-0.007252085648475208
2023-07-15,,,,,-0.010010406055538589,-0.011685800301181548,-0.009127374541399997,-0.007867021322257493,,,,
2023-07-16,,,,,-0.005380767728361049,0.006537111788234313,-0.004339135267017179,-0.010238561484122877,,,,
2023-07-17,-0.003559608817588056,-0.005406521512513915,-0.0050950905260220775,0.0023653647660762302,-0.004097995284557188,-0.006884962629714478,-0.004175000425793801,-0.00894340246101067,-0.0036493398954162448,-0.00549641447676135,-0.00523606070576651,-0.0006066629641390717
2023-07-18,0.0059362027528230285,0.0009728166302639179,0.004858071547640881,0.006178733198482588,0.0006437713452430377,0.008086653002143685,0.0012789026886197976,-0.003895974900736434,0.005054130851559698,0.0008305342954855818,0.004546580499334103,0.007526190855466705
2023-07-19,0.00603795227252624,0.00768926791979646,0.006534198307842904,-0.0021040160924988478,0.029475186809692955,0.04189071701290172,0.03016824016751388,0.002150962858828276,0.009944158028720694,0.007946398690286897,0.008848349636376119,0.00021111170103513114
2023-07-20,0.0017480758015509055,0.015792253981651464,0.005241188996632862,0.007287948047083798,-0.00025280173185267,0.006199815590586135,0.0004466518476329345,0.0006444991206491868,0.0014145962126503103,0.015617730211683794,0.005223077074847417,0.006444961564774521
2023-07-21,0.0044898923598515935,0.006328677042669176,0.00568538210107073,-0.001352162004847079,-0.0015039225025845096,-0.00877782797256084,-0.002389388561856822,0.005981105665975756,0.003490923216112246,0.006205898568884369,0.005044904508635083,-0.00041531863882922457
2023-07-22,,,,,-0.012805089144875936,-0.005168010574330527,-0.009434242760378238,-0.005628494685509934,,,,
2023-07-23,,,,,0.013126348690180534,0.006986833661443896,0.011566340865340814,0.0149510292439347,,,,
2023-07-24,0.0054649418308621855,0.0011278847632863436,0.004262392110831248,-0.0054529227278640085,-0.03911088820428194,-0.03740594273973011,-0.03825687553605257,-0.03234554480489529,-0.0019643631749951666,0.00043639072478236286,0.00029704300790013674,-0.010467773503627778
2023-07-25,0.0034160131953540496,-0.0028029415696459513,0.0019253854555272693,0.014249212119405073,0.0004515707248740954,0.0021055736589966753,0.0008238960227229837,0.0021120027591299234,0.002921939450274057,-0.0027231359831922613,0.0016858689048167672,0.013041446140819068
2023-07-26,0.0021904630775948695,0.0029908038542085114,0.0020188138258598843,-0.00455888900125038,0.01536213004313094,0.020041743958386697,0.0152828741193941,0.009632601063898119,0.004385740905184213,0.0030941972373170566,0.0033022977028371718,-0.003397226288853675
2023-07-27,-0.004634011643839129,-0.0071929474129444676,-0.005118682260467887,-0.0032094643401815986,0.0022443134630713455,0.002390391028530229,0.0021996828931041563,0.0002896156639876871,-0.0034876241260207164,-0.006848370156864867,-0.004414745545629213,-0.002294998278039458
2023-07-28,0.004241321399844554,0.0026530655234698443,0.0032868760425026453,0.005492229880323215,0.007462819176447866,0.00968608176955519,0.008796489150114242,0.008667453107911302,0.004778237695945108,0.0034313994860178617,0.003698452794041278,0.0035745807630634526
2023-07-29,,,,,0.003363640436718895,-0.004777484879086357,0.0012753251481710745,0.0033370628339711955,,,,
2023-07-30,,,,,-0.0018887354070578294,-0.012674012460379459,-0.00483411495710113,-0.0026085943168828894,,,,
2023-07-31,0.004314741590100032,-0.0037757343888537623,0.0025905625135969708,-0.00019759525284299086,-0.017232735110357566,-0.016292462685853486,-0.01740006024400183,-0.01362446434746991,0.0007234954733570971,-0.004328131168324606,0.0005967749294561284,-0.0023159875917344607
2023-08-01,-0.0036317010240047836,-0.005410959430269954,-0.00481047264366455,-0.008331774712465672,0.008097901202082248,0.007215919433319175,0.008109208023371658,0.006108643854438414,-0.001676767319656945,-0.005245291531051982,-0.003742106993518235,-0.007486782728164581
2023-08-02,-0.013699281238668086,-0.008793228258909767,-0.011409881090839501,-0.009851621108732667,-0.03714694707929564,-0.02957515367480092,-0.034789968977698885,-0.03208855364972756,-0.01760722554543934,-0.009179647486054581,-0.013391405126044241,-0.012572106497031412
2023-08-03,-0.004931584621457255,-0.00706895216462195,-0.005456243912584793,0.0025775012870329936,-0.01737553628357058,-0.00714524829689705,-0.0137606881042669,-0.008116110619791577,-0.00700557656514281,-0.006724171142078362,-0.006355394753698145,-8.043377992716623e-05
2023-08-04,-0.002197023217300111,-0.0054509876891620105,-0.0023877772959649637,0.004547256686550054,-0.007302872222976842,-0.002053724795016025,-0.006021856282263866,-0.009121867592891984,-0.003047998051579566,-0.005687156917819774,-0.0027557140423908628,0.0014602061250124283
2023-08-05,,,,,0.004349784985149952,0.00472498829562582,0.004424995333447478,-3.0800481081515e-06,,,,
2023-08-06,,,,,-0.005434122335717784,-0.004610474017945103,-0.005290081472262121,-0.007551280735304783,,,,
2023-08-07,0.008020413923411242,0.012030698102102418,0.008859801721592814,0.014236837941142664,0.00701631019083232,0.005979434951901435,0.0063336276720141705,0.013895031621907979,0.007853063301314755,0.011637744621256357,0.008831898356790869,0.015331491161768249
2023-08-08,-0.0034409407439325817,-0.00395604842369746,-0.002433963551161261,-0.003974022070711969,0.014720931908673896,0.01250005748385521,0.013869995676516369,0.015357113340660821,-0.00041396196849816796,-0.003711518651351508,-0.0008650287049749126,-0.0014036890302126651
2023-08-09,-0.001925595822674385,0.002190745779238611,-0.0004808671551846309,-0.008578500200575634,-0.002395454912777484,-0.0022124892294999475,-0.0024713205084569705,-0.002594905474388735,-0.0020039056710249004,0.002215031814105381,-0.0005459375538758548,-0.007805478537876978
2023-08-10,0.0009644399956669525,-0.002049118479433457,0.0007607059835754645,-0.0007720894095767937,-0.010313452290058634,-0.0059951199550381615,-0.008440936103174512,-0.008342386684113462,-0.0009152087186206452,-0.0018166203037630483,-0.0001217442601344278,-0.0022464661521691964
2023-08-11,0.0016758150228857098,0.006072363806848886,0.0031750878412759764,0.0016722874960602059,-0.002505354091861368,-0.003200611284756213,-0.0024833877468800735,-0.0037741916235689895,0.0009789535037611967,0.005966672943423453,0.0027544714178379076,0.0017470590360158904
2023-08-12,,,,,-3.937036608947508e-06,0.002208277852684757,0.000627268057735179,-0.0006171252383329949,,,,
2023-08-13,,,,,-0.006202337709924488,-0.005356174440953273,-0.006073985649743279,-0.0035808497847406103,,,,
2023-08-14,0.0017062775996715214,-0.00044084227952347613,0.0004975095332887801,0.014786645978225646,0.0019515992508783106,0.0027257992352680547,0.002294230132319014,0.006258065372018898,0.0017471645415393208,-0.0003694117122352386,0.0005401480588687755,0.013860618310960242
2023-08-15,-0.01322545628250715,-0.006413169502569124,-0.011907998141847845,-0.006363981831889597,-0.028483106955607816,-0.02000083061303694,-0.025476345068160385,-0.015576436943663436,-0.015768398061357256,-0.006605617532536356,-0.013074801406666413,-0.008246001858982768
2023-08-16,-0.008186117279367165,-0.002768221955915522,-0.006829825075065111,-0.006044528696722176,-0.03890073461971866,-0.034322747511195885,-0.03640686815790884,-0.035269455647189175,-0.013305220169425744,-0.0032387260589679706,-0.009527691014186114,-0.010358706961989829
2023-08-17,-0.0046557882757702375,-0.0058256627934866086,-0.0045591721041564545,-0.010945183520425611,-0.08842940887497387,-0.07066529491569287,-0.0817297058425542,-0.08259555218376147,-0.018618058375637507,-0.0061686956327298035,-0.011539804400040592,-0.022178264430659997
2023-08-18,0.001733029370723882,0.003643996347475214,0.0016856348675648464,0.003450675351190147,0.006166164594595425,-0.0006443125128456287,0.0036383214781986147,-0.004268029405556733,0.0024718852413691387,0.003660348472933008,0.0019758535438723695,0.00396402350543941
2023-08-19,,,,,0.01446029421699644,0.009368143135933543,0.012674168063230764,0.009002015475740352,,,,
2023-08-20,,,,,0.016883672615801638,0.011875868488386475,0.01566979422531364,0.016976854214033513,,,,
2023-08-21,-0.0005131283529655397,-0.0029857129030700607,-0.00154471926419864,0.014154610122648332,-0.009879608817271868,-0.010410006662417846,-0.008949450639071804,-0.012512497503044626,-0.0020742084303499277,-0.003282655924756594,-0.002396737666880561,0.009763333758749415
2023-08-22,-0.004904403466574166,-0.005607334341232012,-0.004627504545178956,-0.01180320156144289,-0.014368192690346893,-0.009273596237595227,-0.01249919077711669,-0.007039805266336548,-0.0064817016705362865,-0.005476479932828324,-0.0053642157151815376,-0.011252552857264989
2023-08-23,0.007321780440630267,0.011035141925026023,0.007335718751289318,0.02192106628365159,0.03150211746919023,0.028896939059051364,0.030330999767880316,0.02742359018740709,0.011351836612056928,0.011412080251498298,0.009361604097864592,0.02276858919919332
2023-08-24,-0.012228581664713425,-0.009541989053145404,-0.011058683810838216,-0.012332408478866692,-0.012132670149970026,-0.010250583593773685,-0.0116655742873616,-0.010437999293905043,-0.012212596412256194,-0.009569775695879325,-0.011029083407987054,-0.01256199280564612
2023-08-25,0.004912513294952161,0.0024218125581017633,0.004710153409501271,0.00012328407809269744,-0.0010979540234162925,-0.002602236701196412,-0.001014797029176419,0.00040073897532172126,0.003910768741890751,0.002514193328969203,0.004254772599471467,0.0011223636500436688
2023-08-26,,,,,-0.00558602193954032,-0.0029346792040682453,-0.0045538743654238,-0.0034937433614670587,,,,
2023-08-27,,,,,0.009236659750104226,0.009947944901896556,0.008797319215288594,0.010671725952086571,,,,
2023-08-28,0.008364884527056863,0.0031089489218218756,0.006985017319765704,0.008560656679724799,-0.005905699793415332,-0.006699664717218995,-0.0063365177089819555,-0.01125722851321663,0.005986453806978165,0.0027048683734203376,0.005674045201806606,0.005693928688385034
2023-08-29,0.011982477817999243,0.005392776236646981,0.010812063601725088,0.01580574885191622,0.055070350603778455,0.05405378469063129,0.0536306318939731,0.06639685289398226,0.019163789948962447,0.00562936089386694,0.014558643256654985,0.0225374769002498
2023-08-30,0.0015849659208836808,0.0017988791535467064,0.0013585527344654245,0.0022299126471432783,-0.022248078588893397,-0.016151366791114494,-0.021392261393233174,-0.022055519366673312,-0.002387208164079165,0.0012211701158180517,-0.0007215516183740582,-0.0009602854090717673
2023-08-31,-0.0030555686910886835,-0.005027669386287087,-0.0041190006492760846,-0.0023330093712511674,-0.03801269052597048,-0.03407213743938187,-0.035076487829832186,-0.028802383346498428,-0.008881755663568981,-0.0046310366848036355,-0.006916272697991471,-0.005397651853264109
2023-09-01,0.004049068438607959,0.0006423442147237978,0.003261548854649887,-0.0009739464064434201,-0.012928701106311181,-0.012928701106311181,-0.011966312908615188,-0.0153072871158148,0.0012194401811214356,0.0003792014991004911,0.001826789820863694,-0.003758119925027464
2023-09-02,,,,,0.002151171943819353,0.002151171943819353,0.0030747168207613937,-0.0008723871216604442,,,,
2023-09-03,,,,,0.006164628955449203,0.006164628955449203,0.004629409650408634,0.008653807848671239,,,,
2023-09-04,,,,,0.0031609911132003286,0.0031609911132003286,0.0018845643809387526,0.002003583152938914,,,,
2023-09-05,-0.00872481301933522,-0.009626368291435192,-0.00960614373367801,-0.01005346664955279,-0.001604615569630974,-0.001604615569630974,-0.0010052541901044158,-0.003722211002147455,-0.007538113444384512,-0.009455461771916418,-0.008994008947314135,-0.009789881040902495
2023-09-06,-0.00417614715166231,-0.0025432609428263156,-0.0041032596461510135,-0.006592851172532795,0.0014576500461318863,0.0014576500461318863,0.002361000639912018,0.0055263144313076155,-0.003237180952029944,-0.001991998111562131,-0.003504576520045622,-0.006156637854719308
2023-09-07,-0.00017340816510796284,0.00665415540717919,0.0022164374795468136,0.0003489443920119766,0.007585107840102846,0.007585107840102846,0.007835178002890271,0.00815372017915901,0.0011196778357605059,0.006589980775224689,0.002841072910387286,0.0006459622230750941
2023-09-08,0.002637923536046848,0.003853342032870418,0.0037928635837390554,0.00035364835845609757,-0.00505856760002702,-0.00505856760002702,-0.0054008542249892235,-0.002672695874812566,0.001355175013367869,0.0037588930213904724,0.003092321682149773,-1.602727890744186e-05
2023-09-09,,,,,0.003653019516587175,0.003653019516587175,0.00262613051032515,0.004113167355282502,,,,
2023-09-10,,,,,-0.01358203824648161,-0.01358203824648161,-0.013251169270141798,-0.006560995699709228,,,,
2023-09-11,0.002865687446399155,0.003208775839516982,0.003239942299515947,0.003974708540360642,-0.033173901462008853,-0.033173901462008853,-0.031119393941441646,-0.03090727274576834,-0.0031409107050021806,0.0029854212059051257,0.00017181186789225683,0.0007907331009143271
2023-09-12,0.002308243851204291,-0.001316157118464994,0.001996729242341632,0.0021263403401616107,0.020236277370025098,0.020236277370025098,0.02361274020112932,0.029925900524206805,0.005296249437674423,-0.0003320639047307281,0.003911475683553081,0.005531146630870628
2023-09-13,-0.0009672270966173914,0.0001714721322434056,-0.0003787501317566708,-0.0035438648982272134,0.010910137712222902,0.010910137712222902,0.010983781526078165,0.007055094422560278,0.0010123337048559907,0.0003096477793000601,0.000609802714677734,-0.0029017021613642092
2023-09-14,0.012360870706178877,0.008451572668569612,0.012389625269990344,0.010372514503071164,0.015075647116377934,0.015075647116377934,0.016319022308153255,0.01934438382150268,0.01281333344121205,0.009301986842756344,0.012862601081385506,0.011249511412692476
2023-09-15,-0.010489077213557508,-0.008889276745633142,-0.009267506775423621,-0.012835190113933016,0.017594204754288655,0.017594204754288655,0.015736116799540647,0.014194449552614731,-0.005808530218916478,-0.008613780116468532,-0.006956162891130487,-0.009000287338025199
2023-09-16,,,,,-0.003896207474792124,-0.003896207474792124,-0.0038866272365774127,-0.005361603353107242,,,,
2023-09-17,,,,,-0.01639326751851299,-0.01639326751851299,-0.01422398178069565,-0.011380687085315356,,,,
2023-09-18,-0.00024995003851792553,0.000711393563536741,3.754437746108488e-05,0.002617380267288567,0.01968908084512331,0.01968908084512331,0.017972961053873047,0.015937032630855958,0.0030732217754222795,0.0008748465118380089,0.0016998812233115764,0.004316613802309273
2023-09-19,-0.004213502014856906,0.0003371448543555981,-0.0032590474937225027,-0.004562815667412663,0.011995626949226115,0.011995626949226115,0.011534157074563801,0.009212776477265441,-0.0015119805208430718,0.00046512460960293473,-0.0019186594372867815,-0.0032059806158298695
2023-09-20,-0.005264643861468341,0.0014061048924399002,-0.0032962839874938654,-0.008447196534743838,-0.010665434056974477,-0.010665434056974477,-0.010061493554927949,-0.0068921223665257565,-0.006164775560719364,0.0015749543690610145,-0.0037612775419412353,-0.008106162504088322
2023-09-21,-0.0185880687890133,-0.01414558659729309,-0.017061899967157266,-0.015115634689067344,-0.01980039929133834,-0.01980039929133834,-0.01952519510467252,-0.024034782285140718,-0.018790123872734137,-0.013942748976780762,-0.01716115646101597,-0.016145431680010966
2023-09-22,-0.0033341264056424035,-0.0017577780555056502,-0.0032678316992602098,-0.0003182623731554881,0.0012225372952483827,0.0012225372952483827,0.0012731934971922903,0.002635793565020159,-0.0025746824554939395,-0.0016933240802909154,-0.002881720502022663,-0.000267268871490133
2023-09-23,,,,,0.0025781426251764274,0.0025781426251764274,0.0027081738252962796,5.040508083429369e-05,,,,
2023-09-24,,,,,-0.013020335411775554,-0.013020335411775554,-0.01188553690093628,-0.010294403263792763,,,,
2023-09-25,0.002086940375641444,-0.0012560416810830457,0.0013869005548282035,0.0052747112300186,0.00871039004850741,0.00871039004850741,0.008502730925084743,0.010338221913642025,0.003190848654452438,-0.0008271345430240339,0.0020549962849556926,0.006012776343329919
2023-09-26,-0.01203867858893119,-0.006470334330792385,-0.011189639866751137,-0.007506680792680999,-0.003099137163124954,-0.003099137163124954,-0.0024540774849629984,0.002028704987733513,-0.010548755017963487,-0.0061755727707417125,-0.010388014183633406,-0.0066468406955607785
2023-09-27,-0.0014106684457594154,-0.006434434595454618,-0.0029290477466825593,0.002838331383393789,0.009322785106952891,0.009322785106952891,0.00915865347866086,0.017314514705756484,0.0003782404796926361,-0.00612858068459429,-0.001856514954827418,0.004647267460939292
2023-09-28,0.004051206390830821,0.0024025514778299294,0.002772146475347484,0.007721837901323705,0.02507332442056951,0.02507332442056951,0.024970510639645376,0.027545347468379874,0.0075548927291206,0.002466688099961712,0.004540224891562342,0.009781734658353284
2023-09-29,-0.001064597661618716,-0.00489419251065471,-0.0023967930821131773,-0.011442700725182338,0.005434094670924462,0.005434094670924462,0.006623755946428487,0.003916514444425303,1.8517727138480245e-05,-0.004184303526334233,-0.0016988474135279106,-0.010280482768411802
2023-09-30,,,,,0.004049637744505442,0.004049637744505442,0.003665732060280257,-0.002553180057738946,,,,
2023-10-01,,,,,0.029508245626091827,0.030716984373034387,0.02968290133634771,0.02622914263640516,,,,
2023-10-02,-0.01427779454884416,-0.006734860046674018,-0.01438733882729586,-3.4588118372057885e-05,-0.02263630601154587,-0.02816160389504902,-0.023504920170431477,-0.015746163063969976,-0.015670879792627778,-0.007124106064244758,-0.015225421816443629,0.000598629386891204
2023-10-03,-0.008623840049693498,-0.007817510186422263,-0.008049948070435985,-0.012367933535940099,0.00018829581268208113,0.0004809783433142656,0.0011951618177381902,0.005663346913652579,-0.007155150739297569,-0.006648003123171892,-0.007073603033795838,-0.015653884214377366
2023-10-04,0.0014587619619191327,0.0061352371817843835,0.0019411729561159218,0.0034275817731185864,-0.006274930158273262,-0.004708021245926243,-0.006028428633245792,-0.0028582524802087234,0.00016981327522040064,0.005371669749678981,0.0011707188510590419,0.004412954139070358
2023-10-05,-0.0018481504494788205,-0.008628789794963579,-0.002400113034197153,0.0018076252275518693,-0.011059632702356846,-0.012437806660794467,-0.011204956442942745,-0.013526935195618338,-0.003383397491625158,-0.008915299120903506,-0.0032560814793169313,0.0018259634436203973
2023-10-06,0.010572819190709792,0.003818963098442182,0.009475556498463301,0.012203437538184527,0.009812111022711314,0.012315582077163925,0.009372452936968735,0.005359009425052375,0.010446034496043382,0.0031723725700780574,0.009268089322043347,0.012196637950796308
2023-10-07,,,,,-0.004232898693495945,-0.003182061483947973,-0.003003567432450475,-0.0013036287166419773,,,,
2023-10-08,,,,,-0.004816313761426894,-0.003835070131974949,-0.004199276138475017,-0.0043952174852485495,,,,
2023-10-09,0.008763926303623774,0.004843409627368829,0.008841037114378565,0.004089700203025003,-0.03092759364739514,-0.025127552214194257,-0.029147326277093738,-0.02849010886343392,0.0021486729784539536,0.003970835084559865,0.0054744592653519775,0.0012535708033623986
2023-10-10,0.008282561086268072,0.008889526000963559,0.00806846262087104,0.005054687297544262,-0.0074236072208691,-0.005002507152541065,-0.0065476937040066545,-0.011425469829757359,0.005664866368411877,0.008872222738425537,0.006701293164466389,0.002708331506365745
2023-10-11,0.003365157629009226,0.002629012817446653,0.003533308682792311,0.012804529181902061,-0.008962957009541505,-0.006001749051650607,-0.008525523189053382,-0.007559702730891318,0.001310471855917437,0.0021848175902968374,0.0025556643007193054,0.013389220195720104
2023-10-12,-0.008311144835865694,-0.003597681678878064,-0.007970513695239143,-0.0033326511616987072,-0.008336279694453464,-0.01032805142581808,-0.008767086767711131,-0.00840435423418693,-0.008315333978963658,-0.003885486434429808,-0.008038095442133804,-0.003242602743114958
2023-10-13,0.0011147766253742544,0.002962911167900379,0.0023838357374755016,-0.008463316155428769,0.007031694669283151,0.005862540679541902,0.006960040656491513,0.007642926347412125,0.0021009296326924038,0.002998833379862033,0.0028586986424583194,-0.007439488023631432
2023-10-14,,,,,0.0015492963973016472,0.0019054935868866817,0.0008903468954437674,-0.0012871672359382473,,,,
2023-10-15,,,,,0.006085723990029368,0.006364622382524054,0.006954184320486333,0.009258414737985643,,,,
2023-10-16,0.010057492329704919,0.005797511357944574,0.009302620366794644,0.006342554349657486,0.029826719180017003,0.028555054835380015,0.03074448673532958,0.0382796813523881,0.013352363471423597,0.00629467001724323,0.011148005154918594,0.010201453152248883
2023-10-17,0.0027932697004872196,0.004521060299488288,0.002884504580807231,-0.006530718417750088,-0.018865643579989565,-0.014170326562341146,-0.016882576038749555,-0.014701833601670777,-0.0008165491795922443,0.00440516507347042,0.001083952353999081,-0.0076102152682206575
2023-10-18,-0.014298523672335568,-0.007545575477634372,-0.012829798729637746,-0.020523968763775716,-0.006922478049449166,-0.004099151858333043,-0.0056543710338487286,-0.00012247737342142287,-0.013069182735187828,-0.007061885691666155,-0.012108594066340012,-0.019454642203748592
2023-10-19,-0.009313396223776083,-0.006041806867614054,-0.009140419878195132,-0.009943733509370943,0.017096205176686596,0.006644204174725092,0.014367642062335343,0.0223922744354482,-0.004911795990365635,-0.005440071461357893,-0.006964118626945402,-0.009022358253435982
2023-10-20,-0.008972743882415861,1.2626983891860746e-05,-0.007078711929029512,-0.005552327529101078,0.02151512776330269,0.02347514377623064,0.022141204901870472,0.020772333748438003,-0.0038914319414627674,0.00022251188347888879,-0.004477134779521841,-0.0013214847693173882
2023-10-21,,,,,0.018699108965846388,0.017695294902903825,0.017434371210424522,0.01254511338965435,,,,
2023-10-22,,,,,0.00468562831336562,0.005866676503131735,0.004044187438394625,6.0704983842657916e-05,,,,
2023-10-23,-0.0065969844195609105,-0.003718254627802999,-0.006559031100531457,0.008952071680610078,0.05725437055352863,0.058678775766751935,0.0574570265104943,0.058761642688661644,0.004044908075954011,-0.003173752440358703,-0.001045471559654668,0.012078675939146974
2023-10-24,0.010865236461424663,0.01377699616180085,0.010972777422630812,0.016883862576538015,-5.517032091718671e-05,0.0051316557095443995,0.0015469769638758741,0.002034092749643288,0.00904516866436769,0.013554906610469653,0.010126093791879003,0.014439669907944245
2023-10-25,-0.012071946699170872,-0.0020137159768894284,-0.00964718828224914,-0.016008892248655836,0.003641279162773314,0.006595843513244004,0.005136563955186405,0.00692066066564566,-0.009453075722180182,-0.0015720557344767333,-0.008115410092331982,-0.01466655473697174
2023-10-26,-0.0020912306436232254,-0.00186640420155281,-0.0014224197249668813,-0.013767901707222011,-0.0004957256077606446,0.004045506966313261,-0.0007131310744654169,-0.009511247415550228,-0.0018253131376461283,-0.001833592095947689,-0.0013173297956173152,-0.013879094389766552
2023-10-27,-0.010091752733279386,-0.017062805268828456,-0.012508375391137139,-0.01375137496192883,-0.01083655687974755,-0.006790311560516153,-0.009252858486506,-0.01117569623613796,-0.010215886757690746,-0.017073604984218848,-0.012509899650225274,-0.015849164210833988
2023-10-28,,,,,0.012065201809833436,0.008191001392729099,0.01108248443894063,0.008649618092714351,,,,
2023-10-29,,,,,0.012478492769189995,0.012772680807490807,0.011815551560166355,0.011624828288164225,,,,
2023-10-30,0.010000411649502997,0.0036487929474406447,0.009185564193732825,0.01394604214780875,0.012115615043815276,0.007599721921801611,0.01017447276127113,0.013108453883832524,0.01035294554855504,0.004446668304930564,0.009335756977353601,0.013085952471372895
2023-10-31,0.0058765673887027255,0.00603880468723121,0.0051836540660843535,-0.012945003761274545,0.009585151462079566,0.010182645228555073,0.009040232284342895,0.01300405174563003,0.006494664734265533,0.006234479164414058,0.005451905314868872,-0.012677483527762197
2023-11-01,0.004883111660390648,0.004000266742980021,0.004868065318242964,0.008071585664375446,0.020423321832506593,0.026288954700440736,0.021859832848560936,0.017342671277994808,0.0074731466890766395,0.004184457536901331,0.0061370644475326,0.0077465739565843765
2023-11-02,0.025794960167503,0.014653108168128051,0.023023875040673217,0.010837555999295902,-0.010673215464948316,-0.00822851766850622,-0.010886958504684918,-0.018542968653671818,0.01971693089542779,0.014502115139061722,0.020280618590482795,0.00645101663204498
2023-11-03,0.01279402160740212,0.001661157989937068,0.010596903374016475,0.012125085075937736,0.005687092970192599,0.0008416033078349362,0.003048031397917061,0.0024779842614658367,0.011609533501200538,0.001537141952732437,0.009938608096243499,0.011998439600641814
2023-11-04,,,,,0.00926673148983166,0.009066774147641487,0.00917472359314236,0.00888002335435774,,,,
2023-11-05,,,,,0.022180669055755532,0.01810851030385671,0.018784092810137494,0.017481774514380172,,,,
2023-11-06,-0.004456576056500963,0.0009844936244348102,-0.003625540984443545,0.00844068286301616,0.029873216562228903,0.015383208503791485,0.023330090683626348,0.02021260878548232,0.0012650560466206796,0.0009689179219639633,-0.001251551892792834,0.011171269607364169
2023-11-07,-0.0037390629774691326,0.0014531355233279753,-0.0034973123153321005,0.00044636893740594816,-0.015245608939161118,-0.010350125169493476,-0.012539665010854894,-0.00850677783183935,-0.005656820637751129,0.0013889935134611348,-0.0043159940562948725,-3.795947331052289e-05
2023-11-08,-0.0011798844009913996,-0.0009187686516973322,-0.0015559962065574053,0.004168624844836951,0.00912336382899588,0.011519498805273481,0.009679444285032271,0.006858981054413422,0.0005373236373398133,-0.0008366103699979334,-0.000780578768235185,0.004810946610967231
2023-11-09,-0.008903880726641448,-0.009851957515880869,-0.010175416426741244,-0.006063821634578949,0.01894252133707796,0.05614012648038314,0.02509060332242019,0.01897345460559345,-0.004262813716021548,-0.009796192678086403,-0.008146747064172158,-0.007266668688788633
2023-11-10,0.010646732594233557,0.0048418122735466845,0.009021274507122194,0.015332771931082735,0.016119127764091114,0.025483681913830613,0.020615802472661215,0.012556367358534833,0.011558798455876488,0.005157762056840301,0.009817849521019273,0.013988122414223933
2023-11-11,,,,,0.0003847868334870935,-0.005953500367871465,0.0005869913417473542,-0.0021252790052142343,,,,
2023-11-12,,,,,-0.0006957615929076178,-0.00021813640535037904,-0.0003549330066126377,-0.0007688805787091565,,,,
2023-11-13,-0.0011335907036108953,0.003228787607445004,-0.0007641957932638915,0.005487463171916675,-0.015109750322123416,-0.014316752473708748,-0.014815655003662382,-0.002997478005591527,-0.0034629506400296493,0.0031564054048166044,-0.0019774278350817584,0.0046103670969450195
2023-11-14,0.02459404341561296,0.007302810865572765,0.021007256837064135,0.009435853759916289,-0.03211101876751308,-0.03380912859435607,-0.03250411453039259,-0.03686599989070552,0.015143199718425288,0.007003489283962458,0.01675915633183264,0.006599637490296838
2023-11-15,0.005349194798091735,0.003368897016092421,0.004420197576494062,-0.0020364999681122833,0.04185776999454001,0.04501162582020963,0.04164498983070465,0.036778127959379375,0.011433957330833112,0.0034342416098845983,0.007309501854371911,0.0007827830842384981
2023-11-16,0.000763167978912289,-0.014585408504007967,-0.00047824511054107204,-0.008417180072773485,-0.0333948653714404,-0.03289127475497078,-0.03276111563043102,-0.03668689627209642,-0.0049298375794798255,-0.014564759667650392,-0.0030648295084915456,-0.010730784940447293
2023-11-17,0.003168319812704509,2.5092081126175642e-05,0.0025182965667150765,7.016941572374658e-05,-0.0013511061181286092,0.0042156421078571255,0.000589882948034298,0.0012920348226330375,0.0024150821575656557,7.83499075442245e-05,0.002288144243566541,-0.0016660513955850536
2023-11-18,,,,,0.001020008947624163,0.0017113485922320597,0.00044980277420566964,-0.003444459439992322,,,,
2023-11-19,,,,,0.01752721150821428,0.018130795465702985,0.016885249833674867,0.018304845298233504,,,,
2023-11-20,0.004432305553655234,0.003987685060304241,0.004058441382973746,0.010135152553853761,-0.012497110479452678,-0.007759506946016023,-0.011726096085519232,-0.011491014420258846,0.0016107362148039147,0.003850118711611886,0.0026907386007798597,0.006849521859106967
2023-11-21,-0.0023448833096139056,0.003226405188386011,-0.0013552047020766165,-0.0033736196576120733,-0.05277398882146188,-0.053359672674214244,-0.05194247747506391,-0.04587366158043854,-0.010749734228255233,0.002972478519928355,-0.005322580930183269,-0.007026700345295608
2023-11-22,0.0017220553186484756,-0.0008068251333961759,0.0014841594653855178,-0.007471479150551259,0.04727342608349422,0.05317879002106543,0.048426813285208294,0.0495553551985115,0.009313950446122763,-0.0005459999054300477,0.005115828890730427,-0.004465166012511732
2023-11-23,,,,,0.0031977855030910773,0.001638352111635609,0.00302374453349764,0.004436023908223644,,,,
2023-11-24,0.002442867504645432,0.004453746544783111,0.0025704540003822283,-0.0007381290526716714,0.010683066717420787,0.012994924804684428,0.012150678145390517,0.010905215238708533,0.003816234040107991,0.00455172571931094,0.0033077387422832337,-0.00038045873892703064
2023-11-25,,,,,0.014944736662485992,0.015675157479414815,0.015966174778250148,0.010140775620120205,,,,
2023-11-26,,,,,-0.01078953734576411,-0.011050995631210949,-0.010573586565287316,-0.00810206069970651,,,,
2023-11-27,0.0005314905739881357,0.0004418824713918769,0.0002180700349368961,0.0004717016389528379,-0.024229064196371886,-0.026788606403364123,-0.02559706970139808,-0.022667889374174004,-0.003595268554405201,0.00017574823925704054,-0.0018141039789652327,-0.0006179887902833068
2023-11-28,0.0020426557000202085,-0.00021179685358788968,0.0014479530263298858,-0.003565298769304167,0.010875359748756308,0.012857999043442848,0.010940892834060014,0.009628294142592461,0.0035147730414762245,-0.00016499401052406286,0.0021737550997676545,-0.0032701591567128297
2023-11-29,0.004678034968830294,-0.0017928290314750248,0.0037154321523931565,-0.0004135282112769649,-0.0015633888162123303,-0.0030267007921656653,-0.0013057551639472356,-0.0014983754822828032,0.0036377976713231905,-0.0017558297847291846,0.003290423079268818,-0.0006654344721105862
2023-11-30,0.006384512229031318,0.00883231145164554,0.00757585903996347,0.0030612097734960706,-0.003735138334125721,-0.001824737126520544,-0.002923335349903473,-0.001240429772975343,0.004697903801838477,0.008823139586295317,0.006815580293138144,0.001609310739816174
2023-12-01,0.009225927380084266,0.0034279303702495203,0.008586680052013814,0.0015170333938981046,0.016457826731079015,0.015496338448028231,0.01516723754550685,0.013336426476780329,0.010431243938583393,0.0036850847845048035,0.009320923155332022,0.004779651466401358
2023-12-02,,,,,0.01966302971088343,0.024255550276880835,0.018843463448683095,0.017077366604674432,,,,
2023-12-03,,,,,0.00445921864006399,0.0062755727484111404,0.0046638891597700185,0.007434156910564472,,,,
2023-12-04,-0.0018134092183667127,0.0012957081497711287,-0.0008938960421881293,-0.011802008507438322,0.02434106799439686,0.023048336787599568,0.02450042436897501,0.03450472437526509,0.0025456703170938823,0.00217314617531597,0.0016310062486045468,-0.0010665791541562726
2023-12-05,-0.0052614857299654785,0.00306302186300971,-0.0038025297037237726,-0.00011447716057718162,0.018389489538105593,0.02537632673932281,0.019164520610085504,0.013544319012405331,-0.0013196565186203,0.0035660356774030308,-0.0017372284335450546,0.005333049165373154
2023-12-06,-0.0007160063436409092,-0.0030399282770980337,-6.525972501869668e-05,-0.0036291484439002694,0.0013237156875065548,7.714148159515152e-05,-0.0001153782107959707,-0.004355470983490493,-0.0003760526717829987,-0.0027245911597071786,3.592051594846949e-05,-0.006223550006046852
2023-12-07,0.0049002939512802985,0.0002895460256714935,0.00314470301993765,0.004909178085340207,0.024234277982301666,0.03177012873634332,0.021785003302069256,0.011142755188113166,0.008122624623117195,6.453869312228116e-06,0.004723729874263577,0.00493834942867588
2023-12-08,0.0032286936961363594,-0.0021638657211791937,0.002330010392852692,0.008122095906653025,0.046945668764004966,0.04019852898784513,0.041588050323268726,0.02344790434211942,0.010514856207447796,-0.0014661775504464188,0.005987620260684225,0.010776407124756644
2023-12-09,,,,,0.006388985528143444,0.0066276667479561015,0.004997745956501737,-0.008483441613439446,,,,
2023-12-10,,,,,0.001943994632641011,0.0046904155839022875,0.003054659411336209,0.0027669578442939516,,,,
2023-12-11,0.006783475745804726,0.006448769732027234,0.006673936823126722,0.0007794437516238289,-0.06588507928304639,-0.061327930663335854,-0.0621172265246885,-0.0587558947518325,-0.0053279500923371255,0.0051402331105586,0.00032379477094274554,-0.010299775079828011
2023-12-12,0.0007978025859253558,0.0036567539501633096,0.001123867560726997,0.010140523208874297,0.006350064513168773,0.00745660466229589,0.005355187088244121,-0.00019995276960134566,0.001723179573799259,0.0037168336576993343,0.0014769207937416987,0.009273864384092292
2023-12-13,0.02090241145857909,0.01506196834301183,0.020127497005185672,0.011375193129536491,0.03016846894188363,0.03872068578352454,0.028849974859977073,0.019404625057078795,0.02244675437246317,0.015074479804824424,0.020999428688628325,0.01277996980753875
2023-12-14,0.014493407254842453,-0.0031218828515330536,0.010433875298162379,-0.010123722176272554,0.0058804058603049054,0.006338312659651287,0.00707845767082498,0.011636753112663921,0.01305790702241953,-0.0027816888582577865,0.010039746441642818,-0.007787780485264711
2023-12-15,-0.003011783157942524,-0.00423528159945033,-0.003967466493461978,0.003208132343099832,-0.040073893962666106,-0.04275462196219008,-0.040026010460174594,-0.035929853794823385,-0.009188801625396455,-0.005008804787566336,-0.007328756689807179,-0.0011614776165540695
2023-12-16,,,,,0.018898953179226522,0.017832324168526453,0.017515601389559286,0.008275591548334365,,,,
2023-12-17,,,,,-0.01908536977025386,-0.02175032800034176,-0.017915203887413078,-0.014371081953326221,,,,
2023-12-18,-0.001377038017755587,0.003930065708953104,-0.00045665625216412124,0.008452777836150095,0.0026682168001951456,0.007800626512711843,0.0031590439619964754,0.00808642572653903,-0.0007028288814304657,0.003947835186154712,-0.00012810723348893625,0.011995368748761556
2023-12-19,0.008156436334441007,0.003911405599000219,0.007182097555486369,0.005363376273382569,-0.013889862746785242,-0.01482848632421511,-0.012780366151057888,-0.010592492572169562,0.00448205315423663,0.003613854795083019,0.005298775669008994,0.002874000754103544
2023-12-20,-0.014752978135857561,-0.013076934268254027,-0.014118283159834067,-0.019761321364239193,0.019194650398160328,0.023092312862153432,0.01993068290530764,0.020760635453828332,-0.009095040046854578,-0.012078301364876478,-0.011039968623090856,-0.013322670680286577
2023-12-21,0.008160532810200164,0.007611269927310703,0.007628146600864504,0.014061874142707109,0.028038946398433563,0.02792016729467428,0.026192368103209896,0.0135499665093657,0.011473601741572399,0.007652325377286322,0.009221550208554094,0.013935997783435464
2023-12-22,0.00195996413291749,0.00654978821239499,0.003192566274572835,0.0014549218793691297,0.017659209009807143,0.019459177744609826,0.01676207632409617,0.014462672259109586,0.004576504945732433,0.006436538481154674,0.0044986719983703734,0.002431744404264486
2023-12-23,,,,,-0.009033084431587101,-0.0063271103359755386,-0.006479830331179734,-0.005810165277890071,,,,
2023-12-24,,,,,-0.017737058550317878,-0.019540213894552655,-0.016804599805020193,-0.01340279805149416,,,,
2023-12-25,,,,,0.030472356480362447,0.019918346391612277,0.024328930822750755,0.018266966078949114,,,,
2023-12-26,0.006506457589898613,0.0032461000820325075,0.005338631612939567,0.007091044419834964,-0.022479580266228295,-0.02427779519144479,-0.022331412631395743,-0.02638831963223271,0.0016754512805441288,0.0025159667584362935,0.0028154577756559916,0.002596663182572489
2023-12-27,0.0014553578874705298,0.0036977966386737542,0.0018151428251411948,0.0012278031759472487,0.052546355730807716,0.04849175364208956,0.049144391331094134,0.05655714257600536,0.009970524194693391,0.004092501218340982,0.006267275332087045,0.012120811509564976
2023-12-28,0.0012242203691481567,0.0018678746345199046,0.0016272424277704325,0.0025533268118204584,-0.008408280584752969,-0.01319599658145177,-0.008793132302243312,-0.007170250495525546,-0.000381196456502031,0.00162921635335795,0.0007151096295116393,-0.00015897064488120535
2023-12-29,-0.003035118739159236,-0.00018007648240217484,-0.0022421914917182656,-0.0013811959699838432,-0.018570001800694725,-0.010364780854054628,-0.016039510771831942,-0.01603972810967065,-0.005624265916081817,-0.00029371263433782116,-0.003633597650544822,-0.004348571600081353
2023-12-30,,,,,0.00732226086147536,-0.0022348761282176416,0.005644291664033541,0.01262161323017659,,,,
2023-12-31,,,,,-0.011748167139113263,-0.0032377766385759277,-0.007428895135015221,-0.008181199723571104,,,,
