year_month,ticker,asset_class,RS_raw,DR_raw,LQ_raw,RS_norm,DR_norm,LQ_norm,PDAIS_EW,PDAIS_RF,PDAIS_LF,sector
2020-01,ADA-USD,Crypto,0.9547647358568507,0.9796715361928443,14.935711961151286,66.1444731358159,60.50808763601824,0.0,42.217520257278046,51.22466285871342,25.33051215436683,Crypto
2020-02,ADA-USD,Crypto,0.9571989755384678,0.9745920052462796,16.074901362130227,40.55630764339091,50.643928331520236,0.0,30.400078658303716,35.47133232115152,18.240047194982232,Crypto
2020-03,ADA-USD,Crypto,0.9173904310764381,0.9277619059678318,14.838871761910488,32.96645776932037,32.76821321433475,0.0,21.911556994551706,26.31369284896061,13.146934196731024,Crypto
2020-04,ADA-USD,Crypto,0.950440900359999,0.9724688299523091,14.980337889561284,35.970964117063296,27.27930026000534,0.0,21.083421459022876,26.16927213653325,12.650052875413728,Crypto
2020-05,ADA-USD,Crypto,0.9561320090358023,0.975659129500815,15.975156038008798,0.0,35.984765168883,0.0,11.994921722961001,10.7954295506649,7.196953033776601,Crypto
2020-06,ADA-USD,Crypto,0.9462598908638241,0.9744226744846264,16.75452737103729,0.0,0.0,0.0,0.0,0.0,0.0,Crypto
2020-07,ADA-USD,Crypto,0.9495787639873783,0.98108147990357,17.49142501479763,0.0,0.0,8.886029901196286,2.9620099670654287,1.7772059802392572,5.331617940717772,Crypto
2020-08,ADA-USD,Crypto,0.9575808628113055,0.9720150790677913,17.661829914066953,5.3921219638520705,0.0,6.753081862409682,4.048401275420584,4.046677354407972,5.130273510216224,Crypto
2020-09,ADA-USD,Crypto,0.9451751815802865,0.9539971944962072,17.935533328512385,36.983547488020115,4.089555632154681,9.750178006242624,16.941093708805806,21.668676034904987,14.064727427780532,Crypto
2020-10,ADA-USD,Crypto,0.9606096750371012,0.9768565447223158,18.159217183607026,0.0,0.0,10.94221033262588,3.6474034442086265,2.1884420665251763,6.565326199575527,Crypto
2020-11,ADA-USD,Crypto,0.9548721669984966,0.974779543726432,18.188836352900186,38.1466730758037,0.0,9.525612710319036,15.890761928707578,20.978459079965656,13.344702241352163,Crypto
2020-12,ADA-USD,Crypto,0.9381268631999337,0.9613616453901203,18.996137658891747,60.653778227965915,54.604586412720465,11.401134715441724,42.21983311870937,48.98849198088744,29.89235375740231,Crypto
2021-01,ADA-USD,Crypto,0.915806374522766,0.9587818048414652,20.779992125113246,54.398801892673085,54.44477868429307,18.059772814279267,42.30111779708181,47.14478911448032,32.60457980396079,Crypto
2021-02,ADA-USD,Crypto,0.9136442416706313,0.9690227441180997,22.686656068178547,39.33659711941466,78.41165456424196,23.843866471513568,47.19737271839006,47.96056822328263,37.85597021963947,Crypto
2021-03,ADA-USD,Crypto,0.9304766105191448,0.9622420266199014,22.366078651890216,0.0,12.115141344561161,23.29191709858516,11.802352814382106,8.29292582308538,16.398178528063326,Crypto
2021-04,ADA-USD,Crypto,0.9555694954091554,0.9720372769092107,22.283876454934692,80.98607349434208,65.71056720264939,12.547197656495152,53.0812794511622,62.71564643926488,36.86764673329539,Crypto
2021-05,ADA-USD,Crypto,0.9156289029242933,0.9499018231919107,23.086966136930435,61.959883229564106,69.79614543405404,21.45944552833804,51.07182473065206,56.21067435066587,39.22687304972645,Crypto
2021-06,ADA-USD,Crypto,0.9273274116357896,0.9475058593645654,22.13610491169858,39.12386749001486,45.080412369426035,23.90245338022056,36.03557774655382,37.86654813187935,31.18232800002052,Crypto
2021-07,ADA-USD,Crypto,0.9582005158024589,0.9686581018972085,21.369899820948884,77.24112690726979,56.456538140593835,22.828471050930798,52.175378699598134,60.123219105999205,40.4366156401312,Crypto
2021-08,ADA-USD,Crypto,0.9505125372145812,0.9813533468977259,23.163279849588847,37.07803811696042,66.8466992087797,28.911693084357697,44.27881013669927,44.37536743798566,38.13196331576264,Crypto
2021-09,ADA-USD,Crypto,0.9425389219897974,0.9634356737897891,23.23487272255722,19.40200877236277,60.521817762044684,26.983373045796867,35.63573319340144,33.25422432395416,32.174789134359614,Crypto
2021-10,ADA-USD,Crypto,0.966642270151477,0.977799431792722,22.43190509400202,100.0,72.33666674416091,22.25294246132422,64.86320306849504,76.15158851551311,47.81909882562672,Crypto
2021-11,ADA-USD,Crypto,0.9648264560393739,0.9717187957916306,22.18626883145363,73.71148798351457,33.73036855834552,18.19874874980367,41.88020176388792,50.614604309221676,32.40762055825422,Crypto
2021-12,ADA-USD,Crypto,0.9487885702538185,0.9614828234564822,21.43145710364501,23.53396708408307,33.76371805055942,18.17019644193475,25.155960525525746,25.530138245596312,22.361654892089348,Crypto
2022-01,ADA-USD,Crypto,0.9475136895922806,0.9643873731262332,21.33481894459976,0.0,0.0,19.67560812331537,6.558536041105124,3.9351216246630742,11.805364873989221,Crypto
2022-02,ADA-USD,Crypto,0.9576534147873649,0.9680196992611476,21.06541719700067,59.188902736210736,0.0,19.0480904859735,26.07899774072808,33.40406946530007,23.26663483882625,Crypto
2022-03,ADA-USD,Crypto,0.9575010574579431,0.9736459237128761,20.6612977554196,37.78583703425155,12.140856502844457,17.13397000183126,22.35355451297575,25.961969468345366,20.265720708517957,Crypto
2022-04,ADA-USD,Crypto,0.958883558049699,0.9689137450476568,20.47217464519015,47.816544263995056,29.55095339195486,15.336681403973815,30.901393019974577,35.84089443037875,24.67550837357427,Crypto
2022-05,ADA-USD,Crypto,0.9320084753402739,0.9443646392807928,20.26025368694707,6.504391855812576,0.0,17.104636498026725,7.869676117946433,6.673123227511633,11.56366026997855,Crypto
2022-06,ADA-USD,Crypto,0.9358825374103532,0.9555435826046317,20.077578872595105,0.0,8.011223880752114,18.62347870773118,8.878234196161097,6.128062905771871,12.77633200078913,Crypto
2022-07,ADA-USD,Crypto,0.9626067076732423,0.9749819373054488,19.753049536325516,68.98644236514156,38.69970909560504,17.683870850221698,41.790007436989434,49.639908081296625,32.147552802282334,Crypto
2022-08,ADA-USD,Crypto,0.9630078079055399,0.9741868840077007,19.613269308542932,68.82665866591631,45.20186644226205,17.890278356654484,43.972934488277616,51.551944936967665,33.53987203562836,Crypto
2022-09,ADA-USD,Crypto,0.9628043501064277,0.9710276817308582,19.58653318261981,65.54051360863917,58.906302074441705,17.301923139679875,47.24957960758692,53.90253205458807,35.2705170204241,Crypto
2022-10,ADA-USD,Crypto,0.9760886053974286,0.9807631970654782,19.00549232611757,63.69787163736186,47.886737773987704,15.363970310210911,42.31619324052016,49.287751212919424,31.53530406839646,Crypto
2022-11,ADA-USD,Crypto,0.9485657925504651,0.9656333236089583,18.54738170278502,25.256465719615523,38.408137510074205,15.439255042574542,26.367952757421424,27.238525121344935,21.99647367148267,Crypto
2022-12,ADA-USD,Crypto,0.9758382483240584,0.9781808434041747,17.76287251235442,62.19890121703355,25.62149059072275,14.915180196002739,34.24519066791968,41.76893382493415,26.513186479152903,Crypto
2023-01,ADA-USD,Crypto,0.9696712858764548,0.9834127223720548,18.713255557657547,61.21118895834208,34.67574271092849,17.224969339364126,37.70396700287823,44.45331116032241,29.51236793747259,Crypto
2023-02,ADA-USD,Crypto,0.9635553923907014,0.97561842446115,18.754737686125594,0.0,13.488548444878202,17.124108023290425,10.204218822722876,7.471386138121545,12.972174502949896,Crypto
2023-03,ADA-USD,Crypto,0.9648247794827798,0.9776060154692908,18.63592727157874,55.45092210368636,59.39202851864742,16.031994502177092,43.62498170817029,48.74946850787282,32.58778682577301,Crypto
2023-04,ADA-USD,Crypto,0.9679910306372276,0.9816627924778185,18.782434633878076,44.2480306897598,47.267701171707294,17.931858125033095,36.482529995500066,39.89069732139871,29.062261247313273,Crypto
2023-05,ADA-USD,Crypto,0.9788677781528167,0.983562216579028,18.071684201921467,52.998348493027045,46.02518027570441,16.559130622952345,38.527553130561266,43.618554453815314,29.740184127517697,Crypto
2023-06,ADA-USD,Crypto,0.9683266675159213,0.9713463595447511,18.11088137510304,59.65696595047124,44.53767547939817,15.949287493645453,40.04797630783829,46.37964311778416,30.408500782161155,Crypto
2023-07,ADA-USD,Crypto,0.9540654058907596,0.9781421721857471,17.988847094390888,61.56805893806445,24.153020538848004,9.258311803153333,31.659797093355262,39.8815979913173,22.699202977274496,Crypto
2023-08,ADA-USD,Crypto,0.9770968292974836,0.9820515779944538,17.790397489675183,67.76468974706165,60.99371468095048,8.07748193397953,45.61196212066389,53.795955664611874,30.59817004599015,Crypto
2023-09,ADA-USD,Crypto,0.9833514145755745,0.9862495438581246,17.137553409707987,89.13255327559732,50.927185528455645,6.938225378036411,48.999321394029785,61.23207737194264,32.17488298763244,Crypto
2023-10,ADA-USD,Crypto,0.9828183121640628,0.9906014172268864,17.360131766972668,82.9990226846981,75.79178597764292,8.586025999686038,55.79227822067568,65.95425233557914,36.90977733227983,Crypto
2023-11,ADA-USD,Crypto,0.970646342624328,0.9846731225729276,18.712244705156756,16.495700127932267,15.646231646041416,13.288380064966985,15.14343727964689,15.599395570771955,14.401414393774928,Crypto
2023-12,ADA-USD,Crypto,0.949491929569692,0.9777417947996064,19.899931723881096,0.0,0.0,19.71586998218476,6.571956660728254,3.9431739964369523,11.829521989310855,Crypto
2020-01,BCH-USD,Crypto,0.9206303694667325,0.9743169580460865,27.508200571060804,0.0,36.733690073941126,69.56290300450388,35.432197692815,24.932687623083112,49.084479817490546,Crypto
2020-02,BCH-USD,Crypto,0.948615280961936,0.9721474014385397,28.304902223491773,13.855580582694301,40.40702508670705,69.73141937369273,41.33134168103136,32.996181692097814,52.69137275809591,Crypto
2020-03,BCH-USD,Crypto,0.9120113438095677,0.9234036203120939,27.539035330742035,8.245949152051505,9.198935185507805,68.68565121629192,28.710178517950407,20.619785374936477,44.70036759728701,Crypto
2020-04,BCH-USD,Crypto,0.9490890127210175,0.9707523617458735,27.40563729660979,27.765814195315258,3.7483128873840337,68.23639365190131,33.2501735782002,28.654679694253105,47.24466160768065,Crypto
2020-05,BCH-USD,Crypto,0.965212988722437,0.9732986694039438,27.398550957913994,63.943570492722024,2.2015015226810526,64.90181482446503,43.68229561328937,45.61259866805834,52.17010329775964,Crypto
2020-06,BCH-USD,Crypto,0.972051567561516,0.9795160240445219,26.580921033641282,76.00699697121827,50.28550644957036,60.86049692359518,62.38433344812794,65.26124980519928,61.77479883831484,Crypto
2020-07,BCH-USD,Crypto,0.9744134452270232,0.987137592104677,26.311399919178427,70.51979879702662,52.95425777023591,61.759899024314,61.74465186385885,63.498156534446885,61.75075072804091,Crypto
2020-08,BCH-USD,Crypto,0.9624496304391269,0.9745480984748156,27.023572647221684,33.062214861773356,18.598654738723607,62.84990063139091,38.170256743962625,34.68068397878194,48.04211429893394,Crypto
2020-09,BCH-USD,Crypto,0.9548782391716751,0.9611240733212831,26.743835187292675,58.538952417104404,33.18850629307567,60.73496937302194,50.82080936106734,51.3730219710793,54.78647336584918,Crypto
2020-10,BCH-USD,Crypto,0.9746933532030018,0.9843349046281022,26.99446963698076,64.36445226923915,51.83103126387512,61.9514194092337,59.38230098078265,60.121819395628854,60.40994835216307,Crypto
2020-11,BCH-USD,Crypto,0.9611785078784983,0.9762640578453812,27.125166403810212,63.53046864174482,11.73531924496878,60.7266465560304,45.33081148091467,47.431159405569126,51.48914551096097,Crypto
2020-12,BCH-USD,Crypto,0.9421393816284823,0.9611178314139247,27.73159135237069,66.47649392620636,54.042440489134904,61.469682858309746,60.662872424550336,61.7449156815056,60.9855965980541,Crypto
2021-01,BCH-USD,Crypto,0.916575860730833,0.9500211943295684,28.714441471260624,55.313163355285596,29.981804061508154,62.517169166363715,49.27071219438582,49.15455672936799,54.569294983176974,Crypto
2021-02,BCH-USD,Crypto,0.9422765098009138,0.9625145346054312,28.87834307907159,89.4031935477519,56.11940643802856,59.91407333508886,68.47889110695644,73.52023337230229,65.0529639982094,Crypto
2021-03,BCH-USD,Crypto,0.9505825952346129,0.9632184624106114,28.004019028322592,67.46200776585528,18.627734777086697,55.81304085639888,47.30092779978028,50.481932487333424,50.70577302242772,Crypto
2021-04,BCH-USD,Crypto,0.9365501075209377,0.9680598003380442,28.82501672480626,57.655837275006796,50.07328389737319,54.91013970713695,54.21308695983898,54.83193174814274,54.49190805875817,Crypto
2021-05,BCH-USD,Crypto,0.8764266860786093,0.9321389880126697,29.336283611796244,18.924326379304787,23.763162065575383,60.61165518840785,34.433047877762675,28.713442847006576,44.90449080202074,Crypto
2021-06,BCH-USD,Crypto,0.925461282699373,0.9430598618996331,27.611247638233067,33.52260762801828,29.363387293431337,56.69460051486901,39.86019847877287,36.909240105012344,46.59395929321133,Crypto
2021-07,BCH-USD,Crypto,0.9606818723176965,0.9689926611112653,27.11697025893871,85.37266588943059,58.73690975068745,56.96065412405292,67.02340992139032,71.69953669473212,62.99830760245536,Crypto
2021-08,BCH-USD,Crypto,0.9639279119684536,0.9802700825648989,28.170348212669445,87.81802912080006,56.339801346549464,59.096036555935314,67.75128900776161,72.63016227555192,64.28918802703109,Crypto
2021-09,BCH-USD,Crypto,0.9538676414610531,0.962996057739339,28.71367549593962,59.56739106131206,58.66461324273848,60.93370130360214,59.72190186921756,59.569819764198,60.20662164297139,Crypto
2021-10,BCH-USD,Crypto,0.9616060874682892,0.9747354187261169,27.32141671521202,67.83884540482565,47.2881648097569,51.84020112448342,55.65573711302199,58.473912370236576,54.12952271760656,Crypto
2021-11,BCH-USD,Crypto,0.9579706054594261,0.9705598506563062,27.274255349158615,46.22308801760704,24.73778032192096,50.01005412075201,40.32364082009334,40.53488892953021,44.1982061403568,Crypto
2021-12,BCH-USD,Crypto,0.9589298535366133,0.9651965553188893,28.384742397063043,66.05270204704154,56.83210629044976,60.408590718745906,61.097799685412404,62.15770105440488,60.8221160987458,Crypto
2022-01,BCH-USD,Crypto,0.9704832871764854,0.9734126831348282,28.229942202063075,87.49091054014772,70.22117128861018,61.24987609430257,72.98731930768683,77.06178187551743,68.29234202233312,Crypto
2022-02,BCH-USD,Crypto,0.9625251526974822,0.9731804484028526,27.955866153219006,80.56657243590088,50.838789478777656,60.74057677902053,64.04864623123302,67.68303841738785,62.72541845034803,Crypto
2022-03,BCH-USD,Crypto,0.9577462761515023,0.9742885070085555,27.7366221584121,38.58258496938449,16.896136574413152,59.131435212647595,38.20338558548175,36.18642049954571,46.57460543634809,Crypto
2022-04,BCH-USD,Crypto,0.9596388198183555,0.9735888073818747,27.961025964525348,50.13094323604791,56.311927201493496,59.92416920794905,55.45567988183016,53.94388362006182,57.24307561227771,Crypto
2022-05,BCH-USD,Crypto,0.9482054080783193,0.9534807000010107,27.268569616501274,54.355375997221486,38.44864039732035,57.70362958694366,50.16921532716183,50.25300603519558,53.18298103107456,Crypto
2022-06,BCH-USD,Crypto,0.9517805675490938,0.9568625750963486,26.12088666014236,66.04450412062823,17.49634791534881,53.69663467950129,45.74582890515944,49.01048337081902,48.92615121489618,Crypto
2022-07,BCH-USD,Crypto,0.9568936455591162,0.9704900189507852,25.03143761403689,54.41358522660096,1.950001949986115,48.12713866463002,34.83024194707236,37.41722093122232,40.14900063409542,Crypto
2022-08,BCH-USD,Crypto,0.9492977254657459,0.9702519657742648,24.271030766923424,44.43200738514668,26.686588466991346,44.23998235363636,38.4528594019248,39.06997670339802,40.767708582609416,Crypto
2022-09,BCH-USD,Crypto,0.9553250958744073,0.965697496545476,24.163060405308826,50.16751491550444,41.74864628195389,43.108630145196,45.00826378088478,46.23007737137759,44.248410326609275,Crypto
2022-10,BCH-USD,Crypto,0.9750457469976125,0.9813749389962009,23.82935653702035,59.968601045288224,50.846261703176424,42.58957785661304,51.1348135350259,53.756094604919646,47.71671926366075,Crypto
2022-11,BCH-USD,Crypto,0.9538694422461909,0.9676512433148954,24.09824507555785,42.73076656771106,49.56932319903278,45.908589327228114,46.069559697990655,45.41789810901099,46.005171549685635,Crypto
2022-12,BCH-USD,Crypto,0.9773374259905291,0.9844376537461067,23.378479260133407,70.33694175594104,68.28019526995844,45.72479515442815,61.44731072677587,64.79748848984369,55.15830449783679,Crypto
2023-01,BCH-USD,Crypto,0.9763949653008036,0.9890245111703362,23.939935062134957,82.77228461533367,69.82854371214083,45.70897336423539,66.10326723056997,71.47650009415617,57.94554968403614,Crypto
2023-02,BCH-USD,Crypto,0.9726550985971122,0.9820576216957837,24.052341345396258,82.04343340756097,66.46097849740453,45.84401126813467,64.78280772436672,70.12881250662878,57.2072891418739,Crypto
2023-03,BCH-USD,Crypto,0.9661438293283491,0.976231069943659,23.901435857403335,65.26354112430222,47.841322785144754,44.68777713908156,52.59754701617618,55.92172282551085,49.43363906533834,Crypto
2023-04,BCH-USD,Crypto,0.9768266221795756,0.9827188250671518,23.369245786287657,85.9129027213682,57.3142661622595,42.94005993088987,62.05574293817253,68.73874319553993,54.409469735259464,Crypto
2023-05,BCH-USD,Crypto,0.9741749010956751,0.9822648210246365,22.998202710623033,23.991905496774365,38.05780658074127,42.95777970264459,35.00249726005341,32.004850663138484,38.18461023708988,Crypto
2023-06,BCH-USD,Crypto,0.9558961831178112,0.9800205529522632,22.855890808165107,5.913596165440607,78.2252363675863,41.64888798351561,41.92924017218084,34.75414658969932,41.817099296714744,Crypto
2023-07,BCH-USD,Crypto,0.9354346165766912,0.9760767595324193,25.275935359590854,37.519184009252335,11.952584083367345,51.82010000536504,33.763956032661575,32.70938723070938,40.98641362174296,Crypto
2023-08,BCH-USD,Crypto,0.9665787555316568,0.9733312630778869,24.457712339491767,31.21044315760686,6.7885331626906975,46.98864118375326,28.329205834683606,27.03950976436129,35.792979974311464,Crypto
2023-09,BCH-USD,Crypto,0.9594409176577947,0.9799130515462914,24.259618169436006,0.0,5.55248504761088,47.9574184407624,17.83663449612443,11.257229202435745,29.88494807397962,Crypto
2023-10,BCH-USD,Crypto,0.9702056201792936,0.9825930030824884,24.40915337162181,0.0,0.0,48.422455687272695,16.140818562424233,9.68449113745454,29.053473412363616,Crypto
2023-11,BCH-USD,Crypto,0.9791407167292228,0.9857793881740459,24.296773519347184,100.0,31.875150820088415,44.585670259534915,58.820273693207774,68.4796792979335,53.12643231973863,Crypto
2023-12,BCH-USD,Crypto,0.9703173987446443,0.9815141154093447,24.62362239350056,68.33836181671734,48.31794461703103,45.65772245187004,54.10467629520614,57.79610878384199,50.7258947578717,Crypto
2020-01,BTC-USD,Crypto,0.9722361420609588,0.9885660846400006,33.009265632560755,100.0,100.0,100.0,100.0,100.0,100.0,Crypto
2020-02,BTC-USD,Crypto,0.9763088109572017,0.9863783861322164,33.61362489767252,100.0,100.0,100.0,100.0,100.0,100.0,Crypto
2020-03,BTC-USD,Crypto,0.9319766711513847,0.9401939936880928,33.329143520182946,100.0,100.0,100.0,100.0,100.0,100.0,Crypto
2020-04,BTC-USD,Crypto,0.9585174548283786,0.9776281880310759,33.18953497936425,84.99082224236545,98.00871391713524,100.0,94.33317871983355,91.8980252963233,96.59990723190015,Crypto
2020-05,BTC-USD,Crypto,0.9633220385196183,0.9801319184235536,33.57619685759324,50.62847545180639,100.0,100.0,83.54282515060213,75.3142377259032,90.12569509036128,Crypto
2020-06,BTC-USD,Crypto,0.9734872464048473,0.9812179410659779,32.900293770119006,80.23788272462448,67.0881543638082,100.0,82.4420123628109,80.2453876714547,89.46520741768654,Crypto
2020-07,BTC-USD,Crypto,0.9847953721786825,0.9925179770921133,32.69029249012275,100.0,100.0,100.0,100.0,100.0,100.0,Crypto
2020-08,BTC-USD,Crypto,0.974227853322634,0.9856344480093009,33.22338362460215,100.0,100.0,100.0,100.0,100.0,100.0,Crypto
2020-09,BTC-USD,Crypto,0.9735417221273271,0.9774874613114568,33.527392263531496,100.0,100.0,100.0,100.0,100.0,100.0,Crypto
2020-10,BTC-USD,Crypto,0.9824908185400211,0.9912848895254776,33.584825008048824,100.0,100.0,100.0,100.0,100.0,100.0,Crypto
2020-11,BTC-USD,Crypto,0.9702389849013932,0.9874295116391973,33.97970863119832,100.0,100.0,100.0,100.0,100.0,100.0,Crypto
2020-12,BTC-USD,Crypto,0.965240919275479,0.9810505479034751,34.45397124295349,100.0,100.0,100.0,100.0,100.0,100.0,Crypto
2021-01,BTC-USD,Crypto,0.9541823280703474,0.9750959104187343,35.40411848797944,100.0,100.0,100.0,100.0,100.0,100.0,Crypto
2021-02,BTC-USD,Crypto,0.9483366502001072,0.9753254496295533,35.75935466820612,100.0,100.0,100.0,100.0,100.0,100.0,Crypto
2021-03,BTC-USD,Crypto,0.9602800293341484,0.9754186393382815,35.66437673682953,100.0,100.0,100.0,100.0,100.0,100.0,Crypto
2021-04,BTC-USD,Crypto,0.9710701204388095,0.9807590870169827,35.787212612238996,100.0,100.0,100.0,100.0,100.0,100.0,Crypto
2021-05,BTC-USD,Crypto,0.9502806424535051,0.9615566422189139,35.6232920252234,100.0,100.0,100.0,100.0,100.0,100.0,Crypto
2021-06,BTC-USD,Crypto,0.9476090474129091,0.9630413914515885,34.84173614626248,100.0,100.0,100.0,100.0,100.0,100.0,Crypto
2021-07,BTC-USD,Crypto,0.9651454346120476,0.9750464757536943,34.363800964849645,100.0,100.0,100.0,100.0,100.0,100.0,Crypto
2021-08,BTC-USD,Crypto,0.9671487581166696,0.9847714621905105,34.955618910315565,100.0,100.0,100.0,100.0,100.0,100.0,Crypto
2021-09,BTC-USD,Crypto,0.9652717326971871,0.9727804941227061,35.01807832875765,100.0,100.0,100.0,100.0,100.0,100.0,Crypto
2021-10,BTC-USD,Crypto,0.9634124429794234,0.9811832994101831,35.28017690174399,79.37426469002511,100.0,100.0,93.12475489667504,89.68713234501256,95.87485293800502,Crypto
2021-11,BTC-USD,Crypto,0.9713830439301829,0.9802594811827342,35.26978296704439,100.0,100.0,100.0,100.0,100.0,100.0,Crypto
2021-12,BTC-USD,Crypto,0.9670267351942241,0.9721460647789798,34.902280968650565,100.0,100.0,100.0,100.0,100.0,100.0,Crypto
2022-01,BTC-USD,Crypto,0.9737673854818262,0.977240063907338,34.65667906627478,100.0,100.0,100.0,100.0,100.0,100.0,Crypto
2022-02,BTC-USD,Crypto,0.9657097283106619,0.9781709030852656,34.44420675860634,94.54080644608099,100.0,100.0,98.18026881536032,97.27040322304049,98.9081612892162,Crypto
2022-03,BTC-USD,Crypto,0.9594822277676418,0.976178848736887,34.62176039958296,44.22292113452235,30.885146885807018,100.0,58.36935600677646,51.37700463300328,75.02161360406588,Crypto
2022-04,BTC-USD,Crypto,0.9759126742693731,0.9812209834397604,34.6921057602735,100.0,100.0,100.0,100.0,100.0,100.0,Crypto
2022-05,BTC-USD,Crypto,0.9636555167457105,0.9680743481964121,34.56989174237116,100.0,100.0,100.0,100.0,100.0,100.0,Crypto
2022-06,BTC-USD,Crypto,0.9576764178742497,0.9640091989239664,34.09922452218828,90.53738202413028,68.88906914708174,100.0,86.47548372373734,85.93541175618967,91.8852902342424,Crypto
2022-07,BTC-USD,Crypto,0.9670498370440604,0.9790960810686669,34.025383155579725,80.31995988613745,72.3587310358118,100.0,84.22623030731641,81.86759925381227,90.53573818438986,Crypto
2022-08,BTC-USD,Crypto,0.9723781933997943,0.9816443479823836,34.12756885712728,85.49959170643804,80.29205391008495,100.0,88.59721520550767,86.83741202624451,93.1583291233046,Crypto
2022-09,BTC-USD,Crypto,0.9664218506298058,0.9749744166337782,34.25210054595627,72.97599167812606,71.61068599607522,100.0,81.52889255806708,77.9712016378856,88.91733553484025,Crypto
2022-10,BTC-USD,Crypto,0.9822557788280702,0.9890621236546124,34.00140064065698,85.75173677875145,88.03581141703341,100.0,91.26251606526164,89.28661181448575,94.75750963915698,Crypto
2022-11,BTC-USD,Crypto,0.9618616171497517,0.9699963201431412,33.95254735469661,69.06313704986661,62.540026571380466,100.0,77.20105454041568,73.29357649634744,86.32063272424942,Crypto
2022-12,BTC-USD,Crypto,0.9828019102513413,0.9890900407271768,33.2711120301035,100.0,100.0,100.0,100.0,100.0,100.0,Crypto
2023-01,BTC-USD,Crypto,0.9817673098839907,0.9938410787155001,33.902080691184054,100.0,100.0,100.0,100.0,100.0,100.0,Crypto
2023-02,BTC-USD,Crypto,0.9746386051168098,0.9861345419786117,34.041823609019616,99.92683330761771,100.0,100.0,99.97561110253923,99.96341665380885,99.98536666152354,Crypto
2023-03,BTC-USD,Crypto,0.9671974718534952,0.9824398109084148,34.06507326579594,73.10175339346537,100.0,100.0,91.0339177978218,86.55087669673269,94.62035067869307,Crypto
2023-04,BTC-USD,Crypto,0.9774163948089737,0.9872056846131411,33.83473912709725,88.69401828265703,100.0,100.0,96.23133942755233,94.34700914132851,97.7388036565314,Crypto
2023-05,BTC-USD,Crypto,0.9815341863031551,0.9856662387438712,33.64342751830208,69.47928653504032,58.94609001140476,100.0,76.14179218214836,72.42347027094158,85.68507530928902,Crypto
2023-06,BTC-USD,Crypto,0.9768185127091458,0.9856273260806984,33.62946594825393,96.37157511293331,100.0,100.0,98.79052503764444,98.18578755646666,99.27431502258666,Crypto
2023-07,BTC-USD,Crypto,0.9835406579986977,0.9906588157010204,33.52491169962085,99.61511317122836,98.08909989711026,100.0,99.2347376894462,99.23428655474726,99.54084261366772,Crypto
2023-08,BTC-USD,Crypto,0.9858167021937686,0.9875810063412355,33.54105569546162,98.0695146775652,95.364453593154,100.0,97.8113227569064,97.6440934167288,98.68679365414384,Crypto
2023-09,BTC-USD,Crypto,0.9818270180624948,0.9873369819949082,33.29564760964278,83.44997152573107,58.714171974546325,100.0,80.72138116675913,79.33923735522943,88.43282870005548,Crypto
2023-10,BTC-USD,Crypto,0.9819278279581739,0.9931593382612904,33.53575500300382,77.13910642778895,100.0,100.0,92.37970214259632,88.56955321389447,95.4278212855578,Crypto
2023-11,BTC-USD,Crypto,0.9769056856118911,0.9904232080378866,34.18462384858714,78.02843313228648,100.0,100.0,92.67614437742883,89.01421656614323,95.6056866264573,Crypto
2023-12,BTC-USD,Crypto,0.976158046842276,0.9855490818016464,34.51867941458025,87.50433208067388,100.0,100.0,95.83477736022462,93.75216604033693,97.50086641613478,Crypto
2020-01,EOS-USD,Crypto,0.9430060693027027,0.9827409161152714,22.851519247885925,43.35890872501661,74.13617495584262,43.79773580032931,53.764273160396186,52.67985400932696,49.77765821636943,Crypto
2020-02,EOS-USD,Crypto,0.9543996281299103,0.9714922986655177,23.625980689461944,31.848564091061238,37.66374878090943,43.05375651785276,37.52202312994114,35.834157983374,39.73471648510579,Crypto
2020-03,EOS-USD,Crypto,0.9175038954759168,0.925220557913916,22.75204273901742,33.487902677333146,19.0247958291293,42.79640170008111,31.76970006884785,31.010670427421587,36.18038072134116,Crypto
2020-04,EOS-USD,Crypto,0.9504702387648526,0.9735726741590344,22.85851521005322,36.14903069844756,42.41185208497186,43.26482536071657,40.608569381378665,39.451036046858654,41.67107177311382,Crypto
2020-05,EOS-USD,Crypto,0.9651432524144813,0.9742714574034059,22.722361825566857,63.452523416575524,16.124191214089503,38.3341295365359,39.303614722400305,44.23034497982179,38.91582064805454,Crypto
2020-06,EOS-USD,Crypto,0.9719852255259248,0.9793188951749349,22.011585706157618,75.8114897555631,48.339297000082425,32.55998015318319,52.2369223029429,58.91953000844292,44.36614544303902,Crypto
2020-07,EOS-USD,Crypto,0.9762041532281095,0.9875069379029591,21.912745887951456,75.60463828911728,56.18379380905093,35.39090590513269,55.7264460011003,61.73563846830045,47.59222996271326,Crypto
2020-08,EOS-USD,Crypto,0.9566320770967176,0.9724834845045331,22.782068355953694,0.0,3.439259474895688,37.43423772362192,13.624499066172534,8.51862538719309,23.148394529152288,Crypto
2020-09,EOS-USD,Crypto,0.9509735505382279,0.9626441654798529,22.40383789964868,49.86466147085194,39.39502218985783,35.613912012533426,41.62453189108107,43.873619794890004,39.22028393966201,Crypto
2020-10,EOS-USD,Crypto,0.9795244033595921,0.9867072393712202,22.400988856379566,86.44305230193706,68.27321347869206,35.431540915258694,63.3826022319626,70.78979837762789,52.202177705281045,Crypto
2020-11,EOS-USD,Crypto,0.9672119000314802,0.9808514731458702,22.51148712836482,87.81561210205243,47.99956380372193,34.292400350981076,56.702525418918476,65.166155262339,47.73847539174352,Crypto
2020-12,EOS-USD,Crypto,0.9438167313916844,0.9598557513181188,22.716741478648434,68.91055895831873,51.13254503454981,32.72632720190515,50.92314373159123,56.340308429905335,43.6444171197168,Crypto
2021-01,EOS-USD,Crypto,0.9316934543215819,0.9527651831472703,22.79025606894467,73.27702656934365,37.644070146901434,29.32345313087399,46.74818328237302,53.79642495491705,39.778291221773415,Crypto
2021-02,EOS-USD,Crypto,0.9424000107203455,0.9711769155534761,23.7331043554456,89.61914817152046,85.79023142940507,29.940041250269473,68.44980695039834,76.53465176463564,53.045900670346796,Crypto
2021-03,EOS-USD,Crypto,0.9431743166850021,0.9606908753742229,22.932250903289674,42.604864377052756,1.7693331392773954,26.557747637157302,23.64398171782915,27.144781657741056,24.80948808556041,Crypto
2021-04,EOS-USD,Crypto,0.9245770905000857,0.9568788967192333,23.97565163767978,42.9690704349634,6.1160274891838755,23.503784898546634,24.196294274231303,28.02010044394619,23.919290523957436,Crypto
2021-05,EOS-USD,Crypto,0.8591925549453285,0.922969451297449,24.40478485947442,0.004977173348251871,0.0,29.71562952387356,9.906868899073936,5.945614491448838,17.830373148993786,Crypto
2021-06,EOS-USD,Crypto,0.9183056485794164,0.9347536115222753,22.549753782527475,12.044688604796669,0.0,26.379911103571622,12.80819990278943,11.29832652311266,18.236884383102307,Crypto
2021-07,EOS-USD,Crypto,0.944162810704922,0.9603752172370593,21.936041704901367,31.23881102894569,0.0,26.190820379502334,19.143210469482675,20.857569590373313,21.962254433490536,Crypto
2021-08,EOS-USD,Crypto,0.9604280279520042,0.9754915474198528,22.772874751124462,74.58067371573661,9.99139017985918,26.558195841940602,37.04341991251213,45.59939308021418,32.849330284283525,Crypto
2021-09,EOS-USD,Crypto,0.9370665499610762,0.9491096465730623,22.697616652393567,0.0,0.0,23.654174917116315,7.884724972372105,4.7308349834232635,14.192504950269788,Crypto
2021-10,EOS-USD,Crypto,0.954506406403778,0.9689509787922516,22.421680884628007,22.500152458991263,0.0,22.19107404770537,14.897075502232212,15.688291039036706,17.814674920421474,Crypto
2021-11,EOS-USD,Crypto,0.9595600284217796,0.96910261068994,22.120875352640738,52.59584856637931,13.430636799957995,17.789893121639793,27.938792829325703,33.88509394750501,23.87923294625134,Crypto
2021-12,EOS-USD,Crypto,0.9431754063820434,0.956047272683981,21.709005821891164,0.0,0.0,19.856192585858523,6.618730861952841,3.9712385171717046,11.913715551515113,Crypto
2022-01,EOS-USD,Crypto,0.9665383172196507,0.9707950070266674,20.770296640331544,72.4645692073619,49.854415776144855,16.271810877509445,46.19693195367207,54.4429715120263,34.22688352320702,Crypto
2022-02,EOS-USD,Crypto,0.9639177623423061,0.9733620615204703,20.471649293578167,86.67748183967286,52.62786908711223,15.45534053136379,51.58689715271629,62.21816975224286,37.134274504175295,Crypto
2022-03,EOS-USD,Crypto,0.9631164945032505,0.9763087749514038,20.319557364580945,56.03113393955274,31.84663396899176,15.105479241844769,34.32774905012976,40.59065300884285,26.638841126815763,Crypto
2022-04,EOS-USD,Crypto,0.953191590821919,0.9663026873230931,20.79936342543808,30.374269747218158,14.6047468203728,17.28471390279463,20.754576823461864,23.025501700279843,19.36663165519497,Crypto
2022-05,EOS-USD,Crypto,0.9405148974852013,0.9460160559352381,19.968527703039786,31.635117391329814,6.965149426011423,15.414675411289199,18.00498074287681,20.990038605726173,16.968858610241767,Crypto
2022-06,EOS-USD,Crypto,0.9545291764617763,0.9622766045971697,19.459251071492467,77.46293213186318,56.42965622812478,15.034929493931127,49.64250595130636,58.66734883315525,35.79947536835627,Crypto
2022-07,EOS-USD,Crypto,0.9628164213693103,0.9772631667503272,19.119092472812444,69.52137926443382,57.36311911600453,14.027503720101095,46.97066736684648,54.77512611103849,33.793401908148326,Crypto
2022-08,EOS-USD,Crypto,0.944825730994281,0.9688513394767707,19.87012010749942,36.474889246726946,20.096112198077382,19.34332454297528,25.30477532925987,28.134943191381744,22.920195014746035,Crypto
2022-09,EOS-USD,Crypto,0.9309176522954717,0.9527278916872609,20.123003306812322,0.0,0.0,20.32703948633069,6.775679828776897,4.065407897266138,12.196223691798414,Crypto
2022-10,EOS-USD,Crypto,0.9661657924555109,0.9712750132365422,19.017312498500363,28.21380735647155,1.9841999945266637,15.430682671992871,15.209563340997027,17.788300210992347,15.298011073395365,Crypto
2022-11,EOS-USD,Crypto,0.9517550463886949,0.9624868433083249,18.688198531767434,35.76432054552604,21.004843018874343,16.21221498538552,24.327126183261967,27.426056175502424,21.081161704111388,Crypto
2022-12,EOS-USD,Crypto,0.9743397043112647,0.9814297703759632,18.2743217206645,54.06430036337897,47.77255617202911,17.72120880280596,39.85268844607135,44.908158793859414,31.000096588765196,Crypto
2023-01,EOS-USD,Crypto,0.9756099170369327,0.9846766327524742,18.492396675792886,80.25483849031771,42.5930025514728,16.021347561030012,46.289729534273505,56.1095895228067,34.182376744976104,Crypto
2023-02,EOS-USD,Crypto,0.9642396341673573,0.9788380316813106,18.83393433796413,6.169160120596462,39.97483424293486,17.553456899576787,21.23248375436937,18.587721713094048,19.760873012452336,Crypto
2023-03,EOS-USD,Crypto,0.9573708540747033,0.9712778823618867,19.202285845770398,0.0,6.230356289870005,19.114213044233022,8.448189778034342,5.691949495807606,12.714599084513814,Crypto
2023-04,EOS-USD,Crypto,0.9694871270794488,0.9770080943236229,18.758026829898736,51.302981851018245,2.9852349013687722,17.79878194917343,24.028999567186816,30.10681778575444,21.536912519981463,Crypto
2023-05,EOS-USD,Crypto,0.9778095678993972,0.9788423900218152,18.220169700339774,46.457602801181125,17.040479480761224,17.354787141697706,26.950956474546683,31.81190267315847,23.112488741407095,Crypto
2023-06,EOS-USD,Crypto,0.9545284076105205,0.9598783754923715,18.255810135497054,0.0,0.0,16.734240883972998,5.578080294657666,3.3468481767946,10.040544530383798,Crypto
2023-07,EOS-USD,Crypto,0.9624150305788044,0.9810468414632338,18.318134888283982,72.34586745923563,41.3109637164826,11.181587167907932,41.61280611454205,50.80254027814418,29.440318535888405,Crypto
2023-08,EOS-USD,Crypto,0.9768482050318279,0.9788444007130698,17.87662685254594,66.90062728493763,41.058009564569325,8.580725675463082,38.84645417499001,47.483861646932226,26.74016277517924,Crypto
2023-09,EOS-USD,Crypto,0.9763863172959273,0.9805557100016806,17.433925836026987,63.1683541005381,10.154468840807176,8.64516826381155,27.322663735052277,36.35955135527352,19.851665546555985,Crypto
2023-10,EOS-USD,Crypto,0.9819090344803447,0.9874821010566336,17.372200232411902,77.01543415429235,46.27051755800423,8.654229021590535,43.98006024462904,54.11971814886555,29.849727755413635,Crypto
2023-11,EOS-USD,Crypto,0.9760302732281847,0.9862359222212628,18.288693832124313,69.42265508460021,38.572506450593714,10.914680326544083,39.636613953912665,48.466015542787034,28.147840502965238,Crypto
2023-12,EOS-USD,Crypto,0.9665135841771407,0.9781812381236855,18.544872416784543,55.856220165358664,5.62863032913048,12.274072648066642,24.586307714185264,32.071513711031805,19.661413687737817,Crypto
2020-01,ETC-USD,Crypto,0.9246760546551072,0.966043628990908,23.45830886058306,7.839598139893574,0.0,47.15507007851841,18.331556072803995,13.35081308565047,29.86096167508976,Crypto
2020-02,ETC-USD,Crypto,0.9441610175393703,0.9624980802498828,23.992176869338113,0.0,0.0,45.14168600219677,15.047228667398924,9.028337200439355,27.08501160131806,Crypto
2020-03,ETC-USD,Crypto,0.9102170570991367,0.9217026099027794,22.919918092360334,0.0,0.0,43.7043134686997,14.568104489566567,8.74086269373994,26.222588081219822,Crypto
2020-04,ETC-USD,Crypto,0.9539950916849785,0.9704789410093322,22.96474837149747,57.54278105741674,0.0,43.84822923580418,33.79700343107364,37.541036375869204,37.81749375296586,Crypto
2020-05,ETC-USD,Crypto,0.9571916812143988,0.9731448489633875,23.114727580914646,7.461664378677997,0.0,40.56334858880472,16.00833765582757,11.843501907099943,25.830342029018432,Crypto
2020-06,ETC-USD,Crypto,0.9718254799307376,0.9775707251519994,22.12131467749755,75.34072614015834,31.080003497935394,33.239594664056916,46.55344143405022,53.642283052271175,41.22790272605289,Crypto
2020-07,ETC-USD,Crypto,0.9718601686901639,0.9831033998089216,22.01650693335801,63.26959309013578,17.67953834131219,36.01293125037251,38.98735422727349,44.14124429753605,37.7975850365131,Crypto
2020-08,ETC-USD,Crypto,0.9688663068185795,0.9781342668969617,22.312794782668195,69.5293550269324,44.93003938325027,34.622287497683814,49.69389396928883,55.16814682797804,43.66525138064682,Crypto
2020-09,ETC-USD,Crypto,0.9677252501101468,0.9708593322377846,22.05372158938253,87.07866995448109,72.93743788509718,33.587345789075464,64.53448454288458,72.13803550058478,52.15562904136094,Crypto
2020-10,ETC-USD,Crypto,0.9780463683806246,0.9874703611215885,21.876183801575394,79.68821803667005,73.56225917852223,32.401645515411396,61.88404091020123,68.39311587497397,50.09108275228529,Crypto
2020-11,ETC-USD,Crypto,0.9643159840688043,0.9776527213050409,22.353187986459623,76.15919514466604,22.712923846308424,33.38541955727039,44.08584618274829,51.570558637679625,39.80567553255713,Crypto
2020-12,ETC-USD,Crypto,0.9485660943246172,0.9615308124822978,22.3233489484207,75.80253730026789,54.99462390259817,30.47153958240744,53.75623359509117,60.493963737394886,44.442355990017674,Crypto
2021-01,ETC-USD,Crypto,0.9356773546022454,0.9562996009773321,22.98534074302214,78.01099691129552,47.513516296311415,30.41652919693904,51.980347468181996,59.342859183928994,43.35482015968481,Crypto
2021-02,ETC-USD,Crypto,0.9261009157190028,0.9672549539545264,23.821415708103068,61.11842975598276,72.35653035769232,30.454506654149366,54.64315558927481,58.35707531612895,44.96769601522463,Crypto
2021-03,ETC-USD,Crypto,0.9390747810509121,0.9604255985346998,23.11267944194882,28.849611466181496,0.0,27.598506929274652,18.81603946515205,19.94450711894568,22.329026450801088,Crypto
2021-04,ETC-USD,Crypto,0.9239304697177624,0.9693828217370802,24.76400967842438,42.17588951428399,55.27468736650844,28.609495006774715,42.02002396252238,43.39224996844946,36.65581238022331,Crypto
2021-05,ETC-USD,Crypto,0.8591880211076567,0.9326867706724395,27.273587596836645,0.0,25.18275920827677,47.68878686438774,24.290515357554835,17.09258513536058,33.649823960287996,Crypto
2021-06,ETC-USD,Crypto,0.9142928117374696,0.9403749825534093,25.7367402367286,0.0,19.87208273389063,45.467656198473236,21.779912977454625,15.055156059861837,31.25501026586207,Crypto
2021-07,ETC-USD,Crypto,0.9346302206939776,0.960434074921967,25.33664761289181,0.0,0.40117679639356224,46.38721516245347,15.596130652949013,9.397796071408763,27.912564456750797,Crypto
2021-08,ETC-USD,Crypto,0.9528099644188589,0.9749496951513861,26.08572897536557,45.76742904458836,4.735806414500848,46.52922929398592,32.34415491769171,33.61030230544162,38.01818466820939,Crypto
2021-09,ETC-USD,Crypto,0.9459013972065164,0.9557994750111433,24.61773878443673,31.323488764811476,28.261888063157446,35.55253654361037,31.71263779052643,31.250818110075045,33.24859729176001,Crypto
2021-10,ETC-USD,Crypto,0.9627489349391344,0.9764786953560578,24.661792073828792,75.13709022649479,61.53956227055756,35.746364294202195,57.474338930418185,63.179686653255104,48.78314907593179,Crypto
2021-11,ETC-USD,Crypto,0.964200319026285,0.9737774649096917,24.37360101347334,71.20100377028115,49.70417364152296,31.874471306811884,50.926549572872,56.886648238959836,43.305718266447954,Crypto
2021-12,ETC-USD,Crypto,0.9626971112506422,0.9654006262557486,23.44855705771186,81.84745186452321,58.099722740523454,30.423262375567955,56.79014566020487,64.43829522953223,46.243392346350106,Crypto
2022-01,ETC-USD,Crypto,0.9643594643624457,0.9704492504646204,23.126015280768552,64.16534586611563,47.164266546418105,30.475658200437287,47.26842353765701,52.327084537070704,40.551317402769115,Crypto
2022-02,ETC-USD,Crypto,0.9556516219823858,0.9705312150062939,23.33041096202138,50.404837135475745,24.741063115876596,32.75303512775057,35.9663117930343,39.175344528050964,34.68100112692081,Crypto
2022-03,ETC-USD,Crypto,0.9458715405379726,0.9720053239024435,23.318456120452566,0.0,0.0,32.90623847165621,10.968746157218737,6.581247694331243,19.743743082993724,Crypto
2022-04,ETC-USD,Crypto,0.9432795035076972,0.9637512815989719,23.783915391598885,0.0,0.0,35.05428479118268,11.684761597060893,7.010856958236537,21.03257087470961,Crypto
2022-05,ETC-USD,Crypto,0.9382246132262483,0.9489263415748856,23.175878590848058,24.86887605866956,19.239807246590377,33.994776228197225,26.03448651115239,25.00533544895134,29.218602397970322,Crypto
2022-06,ETC-USD,Crypto,0.9458215927288355,0.9564109785266576,22.3142314792308,41.289390836986726,14.248831720967498,31.604195309464657,29.047472622472963,31.240183996676546,30.07016169726964,Crypto
2022-07,ETC-USD,Crypto,0.9355616453002431,0.9702516701248731,22.683500044159565,0.0,0.0,34.58533552341828,11.52844517447276,6.917067104683657,20.751201314050967,Crypto
2022-08,ETC-USD,Crypto,0.9243264119919556,0.9645804579693472,24.506023915665246,0.0,0.0,45.5693763052147,15.189792101738234,9.11387526104294,27.341625783128823,Crypto
2022-09,ETC-USD,Crypto,0.9364396169289784,0.9561412629230722,23.906622858364372,11.349949134099905,10.987507322755413,41.66259730911895,21.333351255324757,17.303746225700365,29.465049676842433,Crypto
2022-10,ETC-USD,Crypto,0.9673819341661439,0.9708648735098043,22.918389175214113,32.56274055589489,0.0,37.448131332463,23.336957296119294,23.770996544440045,28.98142691065678,Crypto
2022-11,ETC-USD,Crypto,0.9409001670188122,0.9590745936535581,22.286830898354722,0.0,2.1315687741734815,35.965526350055185,12.699031708076221,7.832575902263082,22.005629564867807,Crypto
2022-12,ETC-USD,Crypto,0.9667501044285702,0.9744229044674638,21.317524598425322,12.86539985890476,0.0,34.417518411961886,15.760972756955548,13.316203611844758,23.223591018958082,Crypto
2023-01,ETC-USD,Crypto,0.9505829974941492,0.9778770911001523,22.388052536178144,0.0,0.0,37.25162906416605,12.417209688055351,7.450325812833211,22.35097743849963,Crypto
2023-02,ETC-USD,Crypto,0.9640184484514195,0.9739787899614799,22.283081400081628,4.174937983681829,0.0,36.252320814755194,13.475752932812341,9.337933154791955,22.586380085589482,Crypto
2023-03,ETC-USD,Crypto,0.9627066075377626,0.9731649709900069,21.80744432270872,39.6935082451981,22.083497399907394,33.29192329444673,31.689642979850742,33.13018800146062,32.33055510568914,Crypto
2023-04,ETC-USD,Crypto,0.9726149179493997,0.980378152141135,21.904243262944558,66.05230629789092,35.04627660362271,34.952576354068285,45.35038641852731,50.53055140084594,41.191262392743695,Crypto
2023-05,ETC-USD,Crypto,0.9803735657551395,0.9836765740061596,21.11671413889224,62.30554783351935,46.72745519384183,32.87586151542088,47.302954847594016,51.746182777996395,41.53211751472476,Crypto
2023-06,ETC-USD,Crypto,0.9684916328569856,0.9748899106572392,21.196857053489563,60.37019586513793,58.29959987446267,32.66334110613956,50.44437894858006,54.207646116135685,43.331963811603856,Crypto
2023-07,ETC-USD,Crypto,0.9597886895875706,0.9805217068633137,21.619154590019303,68.95575097228136,38.208982469985976,30.461894512000654,45.875542651422656,52.032949129536604,39.71008339565386,Crypto
2023-08,ETC-USD,Crypto,0.9807704121758823,0.9832656822440131,21.20086712211302,80.5317664374797,68.54054548455238,27.981345779251015,59.0178859004277,66.42431601995577,46.60326985195702,Crypto
2023-09,ETC-USD,Crypto,0.9790130292664531,0.9849331961410438,20.80819974193719,72.96010144303865,41.50101084823985,28.079138251797847,47.51341684769212,54.54618162635085,39.739705409334405,Crypto
2023-10,ETC-USD,Crypto,0.9819137062032042,0.9883469756225864,21.020745256996104,77.04617687218766,54.45570713714943,29.273403636969952,53.59176254876902,60.71448130463265,43.864418984049394,Crypto
2023-11,ETC-USD,Crypto,0.9689683374410801,0.9845356901693519,21.948844294502155,0.0,13.630097937038876,31.42720608981704,15.019101342285305,10.374470599075071,21.582343241298002,Crypto
2023-12,ETC-USD,Crypto,0.9685114454964714,0.9790370155301427,22.198466883286144,62.412162245369714,16.58989518635357,32.33910553509066,37.113720988937985,42.65087078560906,35.20387480739905,Crypto
2020-01,ETH-USD,Crypto,0.9610549680279448,0.9860490078702833,28.07359371956868,78.33348195185249,88.82414595932944,72.69119287370802,79.94960692829665,80.35222333846667,77.0462413064612,Crypto
2020-02,ETH-USD,Crypto,0.9609627191453316,0.9814103357066649,29.310311243951627,52.263934222751075,79.19603521818036,75.4639290310939,68.97463282400845,64.98356348304843,71.57035130684262,Crypto
2020-03,ETH-USD,Crypto,0.9148950725002433,0.9261094793592015,28.337664543984303,21.498613853508488,23.83201553537723,73.0048371302846,39.44515550639011,32.499879013424334,52.8690281559479,Crypto
2020-04,ETH-USD,Crypto,0.9445142930199905,0.9739350927892251,28.749183199242196,0.0,47.380233193719434,75.61478543933923,40.99833954435289,29.337027045983675,54.844917902347426,Crypto
2020-05,ETH-USD,Crypto,0.9619905701498618,0.9759711083124221,28.80899723942884,41.25296262187885,40.44985333475379,72.91524025749659,51.53935207137641,47.34448536286488,60.089707345824486,Crypto
2020-06,ETH-USD,Crypto,0.9679691969124317,0.9808442071890486,28.280560272091314,63.97642070441388,63.398362988260715,71.38733842767328,66.25404070678263,65.28518693421981,68.3073597951389,Crypto
2020-07,ETH-USD,Crypto,0.976415818095114,0.9895314349777848,28.19331957005712,76.20567535053647,73.88586675542332,73.04160610392945,74.37771606996307,74.87691892268113,73.84327208354964,Crypto
2020-08,ETH-USD,Crypto,0.9626728912758022,0.9832441732627604,29.20781787118362,34.33104684627261,82.44944566223363,75.93819113115725,64.23956121322117,57.08799534803784,68.9190131803956,Crypto
2020-09,ETH-USD,Crypto,0.9481370332840744,0.9594294252926403,29.368993477236096,43.56332012295816,26.26928111983448,75.93008301278884,48.58756141852715,44.848460999987196,59.52457005623184,Crypto
2020-10,ETH-USD,Crypto,0.9715592747879452,0.9819462047952308,29.24697777489654,50.04125926683366,35.27542585341921,74.95598935899586,53.42422482641624,50.59445526124176,62.036930639448094,Crypto
2020-11,ETH-USD,Crypto,0.9647810082194547,0.9821270604856214,29.541842126062903,78.03097439002336,58.083283766868846,74.57307957095338,70.22911257594853,71.35508823926301,71.96669937395046,Crypto
2020-12,ETH-USD,Crypto,0.9559269691935531,0.9717391679970733,29.818005620102458,86.48417837316367,78.5313609210729,73.42827560866426,79.48127163430028,81.48715258463656,77.06007322404588,Crypto
2021-01,ETH-USD,Crypto,0.9317668445795606,0.9645351760215132,31.463001383330315,73.36423440091153,70.51039111870561,77.91758475634597,73.93073675865438,73.41875148733664,75.525475957731,Crypto
2021-02,ETH-USD,Crypto,0.9447607379314701,0.9668198540249558,31.81182105074362,93.74713328324697,70.86620409041325,77.00330234194881,80.53887990520302,83.53408833713722,79.12464887990133,Crypto
2021-03,ETH-USD,Crypto,0.9538027631902006,0.9698197739281867,31.346751498129837,78.26670093067662,62.65690540402413,75.09480140751947,72.00613591407341,72.94938236804944,73.24160211145184,Crypto
2021-04,ETH-USD,Crypto,0.9590503478899193,0.9768886846422558,31.938439228380304,85.25588023566152,84.7836744337458,75.07386218616291,81.70447228519008,83.07781488518708,79.05222824557922,Crypto
2021-05,ETH-USD,Crypto,0.9278938143545901,0.9548291923556005,32.67016342979795,75.42410376585863,82.56558795117905,81.49853797854504,79.82940989852757,78.78143586399204,80.49706113053456,Crypto
2021-06,ETH-USD,Crypto,0.9300542431002847,0.9484262735470324,31.76400547460388,47.308560055703936,48.334164289042505,81.56661806518234,59.06978080330959,54.467852927601186,68.0685157080587,Crypto
2021-07,ETH-USD,Crypto,0.9522041421495228,0.9644735195207083,31.289664402389544,57.59068739524227,27.934224449811744,81.74252550515682,55.75581245007029,53.524116133596024,66.1504976721049,Crypto
2021-08,ETH-USD,Crypto,0.9612746104002288,0.9815092630538295,31.851728891685617,77.7826406078298,68.35897564732572,81.2886752034107,75.8100971528554,75.65674803879476,78.00152837307752,Crypto
2021-09,ETH-USD,Crypto,0.9517106943753395,0.9664229886889875,31.90461022447775,51.92004799711684,73.1420456306632,80.7068681730895,68.58965393362318,64.04401132237528,73.43653962940971,Crypto
2021-10,ETH-USD,Crypto,0.9597859993255652,0.9772446286560905,31.808123329547094,56.215729283481785,67.80111577259643,78.99001882165209,67.6689546259101,64.24620313785024,72.19738030420689,Crypto
2021-11,ETH-USD,Crypto,0.9651354111120092,0.97958434439474,32.07174298967129,74.95023735663167,94.76141971466537,80.00509121737905,83.23891609622537,81.90456283619126,81.94538614468684,Crypto
2021-12,ETH-USD,Crypto,0.9609422694813848,0.9704059884894175,31.99485917945569,74.49003466116324,89.19126180837587,82.33858921663237,82.00662856205717,80.47011371642085,82.13941282388724,Crypto
2022-01,ETH-USD,Crypto,0.9646808431439376,0.9686003117003942,31.363468065469252,65.38947363404617,32.778650369108334,80.14352586310956,59.43721662208802,58.5570371003775,67.71974031849663,Crypto
2022-02,ETH-USD,Crypto,0.9571273380658332,0.9710126745348093,31.38662109730432,56.88042584416668,29.483944224928216,81.49926817778574,55.95454608229354,53.58524982511896,66.17243492049042,Crypto
2022-03,ETH-USD,Crypto,0.9610217851051887,0.9750910421555706,31.26704687552781,49.2251463397271,22.835101089977115,80.08720780927413,50.71581841299278,47.48054505871151,62.46437417150533,Crypto
2022-04,ETH-USD,Crypto,0.9715861074994238,0.978548814171493,31.60464339007958,86.74181310315565,84.70397896529407,81.61771613480579,84.3545027344185,85.10564346812721,83.25978809457342,Crypto
2022-05,ETH-USD,Crypto,0.9569714344591478,0.9615092910066586,31.296937292494793,80.25305650971171,72.31067992813419,81.03985944319109,77.867865293679,78.02770412193433,79.13666295348384,Crypto
2022-06,ETH-USD,Crypto,0.9466377467895268,0.9544295492920852,30.699514303023395,44.67990461473125,0.0,80.26932088064555,41.64974183179226,38.39381648349473,57.09757345133358,Crypto
2022-07,ETH-USD,Crypto,0.9465018835251606,0.970451248018338,30.70023044521413,27.906318105506905,1.6328055317302546,80.8220780671821,36.78706723480642,30.60741632570895,54.401071567756695,Crypto
2022-08,ETH-USD,Crypto,0.9529963625011367,0.9729477327786319,31.01097964741203,51.013073625172545,39.37119141967752,82.36895472428549,57.584406589711854,53.79168518334663,67.4982258435413,Crypto
2022-09,ETH-USD,Crypto,0.9572274731512195,0.9649571656602032,30.819915392564326,54.077696663983765,39.36555037434935,80.64615540728163,58.02980081520491,54.97774452575301,67.0763426520356,Crypto
2022-10,ETH-USD,Crypto,0.9741822653371536,0.9830844406192486,30.229031137690203,56.88078321334466,59.11659712782193,78.70896710242006,64.90211581452888,61.917164165502925,70.42485632968535,Crypto
2022-11,ETH-USD,Crypto,0.9432483642635341,0.9598278111425096,30.279596911045786,7.736767595719736,6.297641504235302,79.83874807160673,31.29105239052059,21.725425863451804,50.710130662955045,Crypto
2022-12,ETH-USD,Crypto,0.9721855441763182,0.9807901037470945,29.495610481524835,42.37079471853879,43.41133242976576,79.28598738993722,55.022704846080586,50.06599456618656,64.72801786362324,Crypto
2023-01,ETH-USD,Crypto,0.9784202191395938,0.9898242542974611,30.042857287948692,89.26674828498922,74.83821389226593,78.96826563471787,81.02440927065767,82.87849143711796,80.20195181628175,Crypto
2023-02,ETH-USD,Crypto,0.9710920862952575,0.9815850993600072,30.212838408257348,67.95123166020389,62.573746057070146,79.2419192592123,69.92229899216211,68.59612349906544,73.65014709898219,Crypto
2023-03,ETH-USD,Crypto,0.969401463709106,0.9815793290948076,30.427154353152627,89.49759504895185,92.77122472656467,80.20183389463317,87.4902178900499,88.62053172137196,84.5748642918832,Crypto
2023-04,ETH-USD,Crypto,0.9743844229497317,0.9837883402651262,30.45065510762965,74.3965353225989,67.48909793673778,81.54930445689654,74.47831257207774,73.7548579337001,77.30670932600526,Crypto
2023-05,ETH-USD,Crypto,0.9778866410836733,0.9838928074055848,30.079674025246753,46.933988374257574,48.05535576566171,80.90369949823037,58.63101454604989,54.064340816473376,67.54008852692208,Crypto
2023-06,ETH-USD,Crypto,0.9776577432808201,0.9841255544863964,30.10877213100212,100.0,94.16763961253316,80.9314552843495,91.69969829896088,94.43658294062986,87.39240109311632,Crypto
2023-07,ETH-USD,Crypto,0.9786156631519611,0.9880726119323069,30.012785407176477,93.25786318586266,82.81233925062273,79.48667973293246,85.18562738980594,87.36996931470465,82.90604832705655,Crypto
2023-08,ETH-USD,Crypto,0.9863721776561208,0.9883267546875341,29.778859379278234,100.0,100.0,78.04342178441578,92.68114059480526,95.60868435688316,86.82605307064946,Crypto
2023-09,ETH-USD,Crypto,0.9829519751315886,0.9870671266932133,29.609105634173908,87.6435395740471,56.781777380662476,78.76753692543289,74.39761796004748,76.60981038630887,76.14558554620166,Crypto
2023-10,ETH-USD,Crypto,0.9815834535056961,0.9882078484122271,29.765108383300763,74.87291749462919,53.13900453397561,78.69078754937172,68.90090319265884,69.11631761738163,72.81685693534399,Crypto
2023-11,ETH-USD,Crypto,0.9714374778474059,0.9877776732720039,30.569167914544636,24.27298802359709,61.18999827505991,79.73795510448907,55.06698046771536,46.441084515214335,64.93537032242484,Crypto
2023-12,ETH-USD,Crypto,0.9744949937436067,0.9840912822968366,30.843783320959222,82.04705650034894,81.32770699439085,79.81798153819005,81.06424834430995,81.38543665612974,80.565741621862,Crypto
2020-01,LTC-USD,Crypto,0.9508142113768747,0.9818439981979712,25.94664684554769,58.48927434431867,70.15384757878189,60.922910262050934,63.18867739505051,62.475373498204085,62.28237054185067,Crypto
2020-02,LTC-USD,Crypto,0.9569543257956802,0.976874397748645,26.717083584230583,39.795291981731545,60.20156345399948,60.67820272401199,53.55835271991433,50.093755571868016,56.4062927215534,Crypto
2020-03,LTC-USD,Crypto,0.9186010591190907,0.9298130435800758,25.66122452950348,38.53010443945753,43.86060973834752,58.52998219320993,46.97356545700499,44.12923157987501,51.59613215148697,Crypto
2020-04,LTC-USD,Crypto,0.9566853129486528,0.9733148560344855,25.889180237501492,73.87081613565226,38.877434721198036,59.90842042150827,57.55222375945285,60.5803225684872,58.49470242427502,Crypto
2020-05,LTC-USD,Crypto,0.9674058455990381,0.9761462361954394,25.948567488889754,79.38453645763498,42.95631021221495,56.66375956462573,59.66820207815855,63.911913205407124,58.46642507274542,Crypto
2020-06,LTC-USD,Crypto,0.9727835824836727,0.9807890399686834,25.10127767749561,78.16421445744045,62.8537093015543,51.69621621017034,64.23804665638836,68.27746326122059,59.22131447790115,Crypto
2020-07,LTC-USD,Crypto,0.9764898193323971,0.9881830919549317,25.050686981475703,76.41580699320086,62.09604159633651,54.20219374821323,64.23801411258354,67.67715472514404,60.22368596683542,Crypto
2020-08,LTC-USD,Crypto,0.9599862942582874,0.9767869963509113,25.73278750920331,19.062626840124672,35.037726811085655,55.11534286570119,36.40523217230384,31.06570003652827,43.88927644966277,Crypto
2020-09,LTC-USD,Crypto,0.9529812883282498,0.9601126984709042,25.196355945857313,54.32486390165645,29.059076342993727,51.777748386055336,45.053896210235166,46.235704530937404,47.74343708056324,Crypto
2020-10,LTC-USD,Crypto,0.9729378144772889,0.9844938850163989,25.555986395830164,56.34138562521932,52.93289284582047,53.64651892243112,54.3069324644903,54.77986445084203,54.04276704766663,Crypto
2020-11,LTC-USD,Crypto,0.9528327429098231,0.9774387465908962,26.471964891041566,29.93774096696239,21.021419839181952,56.984104307388684,35.98108837117767,32.672117296713516,44.38229474566208,Crypto
2020-12,LTC-USD,Crypto,0.9364815838385859,0.9614254657695614,27.385604539790286,58.2662517565235,54.7517328835847,59.486608138858024,57.50153092632208,57.45596737110876,58.295561811336455,Crypto
2021-01,LTC-USD,Crypto,0.9332600227080498,0.9570210412611212,27.824936342222152,75.13854110477851,49.52805344874161,57.53319606959466,60.73326354103826,63.934325800930665,59.453236552460815,Crypto
2021-02,LTC-USD,Crypto,0.9406848956935212,0.9664127517563278,28.12149488215261,86.62008531399677,69.47177682630387,55.50498886761444,70.53228366930502,75.25257347841243,64.5213657486288,Crypto
2021-03,LTC-USD,Crypto,0.9524750778960682,0.9675529215800391,27.337871945052687,73.8118922311323,47.53754184165681,51.97052917846662,57.77332108375191,61.56131450375652,55.452204321637794,Crypto
2021-04,LTC-USD,Crypto,0.9481292673792273,0.9702559937030311,28.021047204247665,71.85947707156899,58.70752654519239,49.70332364682721,60.090109087862864,63.482661228707656,55.9353949114486,Crypto
2021-05,LTC-USD,Crypto,0.9170879077961319,0.9398660387870168,28.156685598775166,63.56155507771438,43.78807341523461,53.22142915074048,53.523685881229824,55.561485393575666,53.40278318903408,Crypto
2021-06,LTC-USD,Crypto,0.9256765700546387,0.9422324105202743,26.628091378783964,34.1688011456862,26.438267749138806,50.8062052114991,37.13775803544137,35.177121939884564,42.605136905864455,Crypto
2021-07,LTC-USD,Crypto,0.9599676951582514,0.9683892935154624,25.969194912162695,83.03226886202455,54.62432734939794,50.14395008576417,62.600182099062216,67.93222265298449,57.617689293743,Crypto
2021-08,LTC-USD,Crypto,0.9606631928394548,0.9802938412609157,26.644040274283487,75.47012067436269,56.57024389397155,49.89492330664619,60.645095958326806,64.68511816670204,56.34502689765456,Crypto
2021-09,LTC-USD,Crypto,0.9432179208659126,0.9585462580820805,26.90747873462451,21.809363769733178,39.86596377348649,49.74129751006762,37.13887501776242,32.81273051892606,42.179844014684505,Crypto
2021-10,LTC-USD,Crypto,0.9618915246878196,0.9764409171646259,26.93794113684996,69.66165270194324,61.23072314990423,49.51972578727683,60.137367213041436,63.10398845339826,55.89031064273559,Crypto
2021-11,LTC-USD,Crypto,0.9464421576346884,0.9673716995468531,26.88746925407243,0.0,0.0,47.59177519229814,15.863925064099378,9.518355038459628,28.55506511537888,Crypto
2021-12,LTC-USD,Crypto,0.9526392508940633,0.9578266056139513,25.979957597937744,39.6784790757099,11.05258655103075,45.80049624109137,32.17718728927734,32.31511475138245,37.62651087000295,Crypto
2022-01,LTC-USD,Crypto,0.9636873106687285,0.970997346034849,25.520041474471295,61.60512083515205,51.42870875204862,44.91048159519368,52.648103727464786,55.21326936222935,49.55305487455634,Crypto
2022-02,LTC-USD,Crypto,0.9559226443761856,0.9688747940092644,25.320616634480004,51.59411031124278,8.42357973430838,44.7953016399265,34.937663895159226,37.2831894038992,38.88071899306613,Crypto
2022-03,LTC-USD,Crypto,0.9616643927164749,0.9737953987110404,25.250400751841706,51.31306337395347,13.247009564630691,44.37380841257257,36.31129378371891,38.50539623888046,39.53629963526038,Crypto
2022-04,LTC-USD,Crypto,0.9667518096782616,0.9734232921183598,25.099314716383684,71.92775210838548,55.36448536749212,42.88597337068115,56.72607028218625,61.150416338576605,51.19003151758421,Crypto
2022-05,LTC-USD,Crypto,0.9452377218472214,0.9515849097868111,24.678066201813948,45.58786988494513,30.452801136085405,42.69691024282921,39.579193754619915,40.469157331864025,40.826280349903634,Crypto
2022-06,LTC-USD,Crypto,0.946561244970572,0.959847056027185,24.23168982884956,44.36209639238528,38.95831376097852,42.73242477084154,42.01761164140178,42.415027278654506,42.303536893177686,Crypto
2022-07,LTC-USD,Crypto,0.9583451519445291,0.9734762154646466,23.939511524301746,58.11608220068424,26.380955208461337,41.82942089664056,42.10881943526204,45.33821184220863,41.99706001981345,Crypto
2022-08,LTC-USD,Crypto,0.9647877642641408,0.976202304810434,23.983890877700336,71.99377417041732,54.685183295625585,42.61558592321349,56.431514463085456,60.92555925853904,50.905143047136676,Crypto
2022-09,LTC-USD,Crypto,0.9595067251583714,0.9692261048412727,24.12852856112054,58.76251376476659,53.107097153760854,42.91390756583295,51.59450616145347,53.89616754167814,48.12226672320526,Crypto
2022-10,LTC-USD,Crypto,0.9779821779715236,0.9850126340784221,23.64150831357216,70.46930342117362,68.44493379388614,41.529373467291705,60.14787022745048,64.07400654221098,52.70047152338698,Crypto
2022-11,LTC-USD,Crypto,0.9414560616556007,0.9664283059411845,24.837964279797138,1.8315444421063076,42.80521307423659,49.96899402414395,31.535250513495615,23.751134948152924,38.90874791775495,Crypto
2022-12,LTC-USD,Crypto,0.9643800596928046,0.9788232009557108,24.136444050180867,0.0,30.001060945575098,49.88331343789629,26.628124794490464,18.976980971251788,35.930200251852796,Crypto
2023-01,LTC-USD,Crypto,0.9733406842848521,0.9856811525832323,24.640437147305786,72.9779977387487,48.88541429070745,49.5265221916207,57.129978073692286,61.05992759491072,54.08859572086365,Crypto
2023-02,LTC-USD,Crypto,0.9664749386839933,0.9798404541580424,24.798152629650595,26.322784105406683,48.221320970527735,49.88727862076379,41.477127898899404,37.605244068014414,44.84118818764516,Crypto
2023-03,LTC-USD,Crypto,0.9585641343289844,0.9705362479802747,24.626900765747312,8.876999272934567,0.0,48.63587909074731,19.170959454560627,14.165675454616746,30.9569273090353,Crypto
2023-04,LTC-USD,Crypto,0.9690041166459085,0.9783044910663442,24.63783803655461,49.025311158916125,15.318504026626087,49.85667584330994,38.066830342950716,39.079541956107875,42.782768543094406,Crypto
2023-05,LTC-USD,Crypto,0.9702933130334136,0.9760675431061979,24.462897683062746,0.0,0.0,50.80631787781452,16.93543929260484,10.161263575562906,30.48379072668871,Crypto
2023-06,LTC-USD,Crypto,0.9637726233523364,0.9703780640168239,24.462314275535114,39.967493548404775,40.77715124131065,50.3494905663685,43.698045118694644,42.286790259869285,46.35862329776418,Crypto
2023-07,LTC-USD,Crypto,0.9482512050960384,0.9765119776368082,24.606403318699265,54.063009883719474,14.523426679066482,47.909555782220465,38.83199744833548,40.97044410202378,42.46302078188947,Crypto
2023-08,LTC-USD,Crypto,0.970940983796552,0.972239150749469,23.847127912965266,46.37082054462868,0.0,43.42520546920049,29.93200867127639,31.870451366154438,35.329287390446034,Crypto
2023-09,LTC-USD,Crypto,0.9736003086725089,0.9798834150889004,23.464041980327433,52.78278733849984,5.340262683683006,43.375335239036694,33.83279508707318,36.66853952216216,37.649811147858586,Crypto
2023-10,LTC-USD,Crypto,0.979533365881842,0.9859363753590964,23.376657316660626,61.38212033543772,31.641739733142128,42.587467684250534,45.20377591761013,48.7010756245116,44.15725262426629,Crypto
2023-11,LTC-USD,Crypto,0.9788014317917155,0.9871615799733398,23.871678005653248,96.664645232972,52.15190802115871,42.203313914863294,63.673289056331335,72.41855780580627,55.08529899974412,Crypto
2023-12,LTC-USD,Crypto,0.9762069394493955,0.9835644477678857,24.005234113853742,87.66477219596851,74.57972233834688,42.261619988439136,68.16870484091817,74.65862679717615,57.80587089992656,Crypto
2020-01,TRX-USD,Crypto,0.9586794114087771,0.9801721820837775,16.82663159773848,73.73020503194945,62.73096199187653,10.462356606594955,48.97450787680699,57.776862434856675,33.56964736872217,Crypto
2020-02,TRX-USD,Crypto,0.9549878110803379,0.9725785664552514,17.355168821423163,33.678185623036654,42.21255060566898,7.299661555748166,27.730132594817935,30.962790304368653,19.557944179190027,Crypto
2020-03,TRX-USD,Crypto,0.9159677887365699,0.9257444360318999,16.34167918270804,26.428463407599406,21.857888928413846,8.127557238985442,18.804636524999566,21.397109830120943,14.533804810593915,Crypto
2020-04,TRX-USD,Crypto,0.9556530801734183,0.9740489395174078,16.584319840560884,67.60578017354953,48.94095299804641,8.808636334096356,41.7851231685641,50.246903253007964,28.594528434777004,Crypto
2020-05,TRX-USD,Crypto,0.9642087814480392,0.9737810133549878,16.98378958627555,56.8724613331822,9.104881456054331,5.7305335440416565,23.902625444426064,32.31380181221573,16.6337886842723,Crypto
2020-06,TRX-USD,Crypto,0.9646770807611403,0.9768873033109675,16.84237150427326,54.274691527477856,24.332731787864375,0.5440691452154579,26.383830820185896,34.54597912914134,16.047926150197725,Crypto
2020-07,TRX-USD,Crypto,0.976554268713564,0.9863298601704875,16.00913211609502,76.59881547833605,45.89150139585725,0.0,40.8301056247311,52.066858157925196,24.49806337483866,Crypto
2020-08,TRX-USD,Crypto,0.9578612673742162,0.9746315594342356,16.53483882189524,6.985712148851548,19.21146550681762,0.0,8.732392551889722,9.25629572647106,5.239435531133834,Crypto
2020-09,TRX-USD,Crypto,0.9285272228715209,0.9529955856142102,18.17374092481286,0.0,0.0,11.128986861124845,3.709662287041615,2.225797372224969,6.677392116674907,Crypto
2020-10,TRX-USD,Crypto,0.9768628069144705,0.983283362592487,17.19962932309969,74.27917044280811,44.54300169457371,5.40215156664202,41.408107901341275,51.582916043104575,27.00572536746158,Crypto
2020-11,TRX-USD,Crypto,0.9692173723411207,0.9807544913645756,16.953661115334118,95.8878841358245,47.2329074614816,2.4486304610382392,48.52314068611478,62.60354039856438,30.093336596084168,Crypto
2020-12,TRX-USD,Crypto,0.9497840336499856,0.9649734678434198,17.00698302881001,77.5699346482452,62.932128994646504,0.0,46.83402121429723,57.66460602251655,28.10041272857834,Crypto
2021-01,TRX-USD,Crypto,0.9477525277068634,0.9636420984726738,17.556808485140373,92.35962697833007,68.01657708784916,0.0,53.458734688726416,66.58478661551979,32.07524081323585,Crypto
2021-02,TRX-USD,Crypto,0.9344967656124593,0.9694396966516342,18.593700380967796,75.79947515468828,79.83982145350863,0.0,51.879765536065634,61.851684013396735,31.127859321639384,Crypto
2021-03,TRX-USD,Crypto,0.9481034939115353,0.9678753978313568,18.328135780279652,59.14383011494236,49.68838139143387,0.0,36.27740383545875,44.47842947490134,21.766442301275248,Crypto
2021-04,TRX-USD,Crypto,0.9015781804465833,0.960546149990739,20.346499684293352,14.75733157727617,20.533680826087327,0.0,11.763670801121165,13.538770036464284,7.0582024806726995,Crypto
2021-05,TRX-USD,Crypto,0.912707238588639,0.938364699540593,19.66169616863167,58.752527581556414,39.89730238326331,0.0,32.88327665493991,41.3454545057572,19.729965992963947,Crypto
2021-06,TRX-USD,Crypto,0.92881224543687,0.945114741679307,18.145230412579046,43.580654912055614,36.6275832989458,0.0,26.736079403667137,32.77860244571155,16.04164764220028,Crypto
2021-07,TRX-USD,Crypto,0.9555752912308807,0.967207242073538,17.526113127310065,68.63812455366791,46.56740816564737,0.0,38.401844239771755,48.289284726528166,23.04110654386306,Crypto
2021-08,TRX-USD,Crypto,0.9659548861411408,0.9827252292478598,18.367322504944394,95.48450532247855,80.15298770646862,0.0,58.545831009649056,71.78814897317986,35.12749860578944,Crypto
2021-09,TRX-USD,Crypto,0.9381835401581171,0.9585588276897629,18.880376413834913,3.9602303147316498,39.919065411085256,0.0,14.626431908605634,13.9558347806914,8.77585914516338,Crypto
2021-10,TRX-USD,Crypto,0.9628606251136127,0.9750450329381245,18.75444304827884,75.85034572061153,49.819280709006,0.0,41.889875476539174,52.87095707300756,25.13392528592351,Crypto
2021-11,TRX-USD,Crypto,0.9593955004732398,0.9690433046971163,19.324362057001686,51.936176946893056,12.970464564741416,0.3054249313392146,21.73735548099123,29.920312829136797,13.164583261130424,Crypto
2021-12,TRX-USD,Crypto,0.9655160885002431,0.9698111738141951,18.44027900936827,93.66640447634276,85.49648351872293,0.0,59.720962665021894,72.48214729378826,35.832577599013135,Crypto
2022-01,TRX-USD,Crypto,0.970171436983178,0.9731968968116316,18.07160470663697,86.30307704569657,68.5422518555381,0.0,51.615109633744886,63.714214079509716,30.969065780246936,Crypto
2022-02,TRX-USD,Crypto,0.9669538190169413,0.9759052033426674,17.9375277183753,100.0,77.68048221812715,0.12196679760842843,59.2674830052452,73.32853802495983,35.60927652219049,Crypto
2022-03,TRX-USD,Crypto,0.9766489900607362,0.9855183722614959,17.7747331624004,100.0,100.0,0.0,66.66666666666667,80.0,40.0,Crypto
2022-04,TRX-USD,Crypto,0.966070131346429,0.9763746418329344,17.968932734567595,69.8388397657544,72.25859003780668,0.432757771238231,47.51006252493311,56.68354844846685,28.679140623455158,Crypto
2022-05,TRX-USD,Crypto,0.9298068237069625,0.957402169933519,18.549598213703522,0.0,54.98815147467882,7.194853543914023,20.727668339530947,17.935416151186452,15.31454242128418,Crypto
2022-06,TRX-USD,Crypto,0.9553357087878387,0.9656605185050625,17.87564896445219,80.8134747504891,80.76402002497937,5.844279993686201,55.8072582563849,65.8047993814756,35.82206695130542,Crypto
2022-07,TRX-USD,Crypto,0.9747650908553148,0.9824746746153975,17.42519702685981,100.0,100.0,4.257908921171188,68.08596964039039,80.85158178423424,42.55474535270271,Crypto
2022-08,TRX-USD,Crypto,0.9805275943003156,0.9858327353517958,17.085791505403897,100.0,100.0,3.5919308421358016,67.8639769473786,80.71838616842716,42.15515850528148,Crypto
2022-09,TRX-USD,Crypto,0.9795695411124566,0.9837938207969702,16.936130142983316,100.0,100.0,2.3564915138542473,67.45216383795142,80.47129830277085,41.41389490831255,Crypto
2022-10,TRX-USD,Crypto,0.9862401829135908,0.9915351551280496,16.844902156728512,100.0,100.0,3.169725727734941,67.72324190924498,80.63394514554699,41.901835436640965,Crypto
2022-11,TRX-USD,Crypto,0.9712513080563304,0.9767690072636747,16.87694441875548,100.0,100.0,6.2700306191637605,68.75667687305459,81.25400612383275,43.76201837149826,Crypto
2022-12,TRX-USD,Crypto,0.9821772120609087,0.987836041899957,16.017132899757094,96.60892813972394,91.45028173860905,5.337307724240548,64.46550586752451,76.8070101362928,40.81422661021094,Crypto
2023-01,TRX-USD,Crypto,0.9805186841954121,0.9885736255354959,16.441047793092732,95.99598133520048,67.00415142554934,4.842045332685608,55.94739269781181,69.06764516180216,35.50525375176134,Crypto
2023-02,TRX-USD,Crypto,0.9741354402152721,0.9824683799700422,16.71521211254817,95.39027188948691,69.84010529827715,6.067226288465946,57.09920115874334,69.86061279191979,36.686411210632386,Crypto
2023-03,TRX-USD,Crypto,0.9645857357736685,0.9742090582687605,16.634854355516328,53.672638398439474,30.854713926056665,5.141819395891306,29.889723906795812,37.121097256214995,19.990562102434012,Crypto
2023-04,TRX-USD,Crypto,0.9798139789504517,0.9855550431538678,16.336937484790113,100.0,84.29662411539903,4.598523878666434,62.965049331355154,76.20869201035299,39.61843915027966,Crypto
2023-05,TRX-USD,Crypto,0.986157201889421,0.9923513977873415,16.497924819446922,98.05391920515044,100.0,8.12617302816431,68.72669741110492,80.65219420820807,44.48648765792867,Crypto
2023-06,TRX-USD,Crypto,0.9724607831188532,0.983045943340365,16.36647619559826,77.53087146104102,89.97480409355545,6.501357655326262,58.002344403307575,67.0581484896524,37.40194970411505,Crypto
2023-07,TRX-USD,Crypto,0.9838388318400034,0.9909823120993793,16.403713148049434,100.0,100.0,0.0,66.66666666666667,80.0,40.0,Crypto
2023-08,TRX-USD,Crypto,0.9841015151473782,0.9877505120294481,16.406344269830285,92.10859715248596,96.41809519736793,0.0,62.84223078328463,74.97972713545336,37.70533846997078,Crypto
2023-09,TRX-USD,Crypto,0.9862666912265701,0.9931024708928766,16.35929514481432,100.0,100.0,2.455883936710531,67.48529464557018,80.49117678734211,41.47353036202632,Crypto
2023-10,TRX-USD,Crypto,0.9854018135521759,0.9915441304714158,16.59317618237625,100.0,84.71364231266226,4.251697927953902,62.98844674687206,76.26443227938945,39.4937472193048,Crypto
2023-11,TRX-USD,Crypto,0.9791382803141653,0.9887950739633002,17.047971463377475,99.97604871988676,76.11526899664507,3.9613187596934814,60.0175454920751,73.61486881087559,37.59505479912246,Crypto
2023-12,TRX-USD,Crypto,0.9799659834119628,0.9848252690732017,17.044212600062206,100.0,90.72901088104533,4.0326575564785285,64.92055614584129,78.0252347756093,40.56539671009618,Crypto
2020-01,XLM-USD,Crypto,0.9605767295512798,0.9834666013684477,16.69936895401663,77.40676687207775,77.35822704679892,9.75821924636366,54.84107105508011,63.86249539935128,36.80793033159353,Crypto
2020-02,XLM-USD,Crypto,0.9643544665091723,0.9789829472006689,17.34198619883698,62.814416863215726,69.03122192828127,7.224498602415401,46.35671246463746,53.56147473057533,30.70382691974864,Crypto
2020-03,XLM-USD,Crypto,0.9263832286925725,0.9363930739755376,16.51402258463428,74.29438571207403,79.44491468737999,9.059633328397878,54.26631124261729,62.7925939279306,36.183640076929535,Crypto
2020-04,XLM-USD,Crypto,0.9522211154945341,0.9752098570623898,17.062078159070825,46.77580591799263,64.85592071443361,11.432356183762234,41.021360938729494,45.131150410078845,29.185759036742585,Crypto
2020-05,XLM-USD,Crypto,0.9567009360409727,0.9748007432919091,17.54120345330826,4.00609023648301,23.699411290556586,8.897470503886009,12.200990676975202,10.892362606185682,10.879582607739525,Crypto
2020-06,XLM-USD,Crypto,0.9672351555111883,0.9773451644487205,17.214807464027906,61.81323126872885,28.85309288319833,2.8507788457585606,31.17236766589524,40.13269926847563,19.843732137840572,Crypto
2020-07,XLM-USD,Crypto,0.9604560001326969,0.98186075421535,16.982807975834056,30.88666599074834,6.8139247440264405,5.83697919033877,14.51252330837118,18.65490625664986,11.042305661158219,Crypto
2020-08,XLM-USD,Crypto,0.9644507292882905,0.9779711963781759,16.977895297409464,44.43482396677088,43.73269669074987,2.6548538578532095,30.27412483845799,35.86819176218104,19.226416446216074,Crypto
2020-09,XLM-USD,Crypto,0.9591081561233854,0.9630036687928228,16.25106019930027,67.93574016691963,40.86286939524922,0.0,36.266203187389614,46.22673090203458,21.75972191243377,Crypto
2020-10,XLM-USD,Crypto,0.9710027195935556,0.9810593725653266,16.263928226245028,47.497721291702625,29.128967323333228,0.0,25.542229538345282,32.48755084285128,15.325337723007172,Crypto
2020-11,XLM-USD,Crypto,0.9453950215011234,0.9787471254698211,16.526291425134346,0.0,31.364362113403608,0.0,10.454787371134536,9.409308634021082,6.272872422680722,Crypto
2020-12,XLM-USD,Crypto,0.8980044458627179,0.950837223123945,18.337663800858046,2.4306364677765417,30.339114976913628,7.626994159194275,13.465581867961482,11.842451558801214,11.130146784454599,Crypto
2021-01,XLM-USD,Crypto,0.8700267463304558,0.9554574937511556,19.943213717595903,0.0,45.162030897474835,13.371232034832769,19.511087644102535,16.222855676209004,17.05514540039463,Crypto
2021-02,XLM-USD,Crypto,0.9336732637691948,0.9644611962844271,20.70324979650116,74.35949372334963,62.787210398779195,12.289362119460217,49.81202208052968,58.47378240520061,34.8029580961019,Crypto
2021-03,XLM-USD,Crypto,0.9524915169362907,0.9641638853286939,19.77244933650944,73.86705046759023,24.93347975882963,8.331180674343965,35.71057030025461,46.0798052963128,24.75881444989035,Crypto
2021-04,XLM-USD,Crypto,0.9338407140649949,0.9637673077065236,20.670568847338537,54.33234496759006,33.19752808488553,2.098796633014671,29.876223228496755,37.54519023586362,18.765252590303923,Crypto
2021-05,XLM-USD,Crypto,0.9153083460892366,0.940248343286914,20.790796250656975,61.60798114318142,44.778828354290084,7.073854595554203,37.820221364341904,45.652409996988574,25.521674656826825,Crypto
2021-06,XLM-USD,Crypto,0.9323895456875952,0.942238713595713,19.274857604533796,54.31806320023861,26.460549721971056,6.765650310147511,29.181421077452395,36.450326578740125,20.215112770530443,Crypto
2021-07,XLM-USD,Crypto,0.9534734986489842,0.9653361307173628,18.35645437982557,61.75043702986568,33.813823638091804,4.9314446290200395,33.49856843232584,42.00565453216439,22.07171891100352,Crypto
2021-08,XLM-USD,Crypto,0.9531715651271556,0.9758936317899135,19.21685976961823,47.135084963455725,13.891324185072923,5.121305069029054,22.049238072519234,28.759200751055552,15.278064871123162,Crypto
2021-09,XLM-USD,Crypto,0.9447884179142073,0.9545767888472055,19.056790237350192,27.377478902999115,23.096520995613954,1.0931781020948659,17.189059333569315,20.836331370602714,10.750706840979534,Crypto
2021-10,XLM-USD,Crypto,0.9509830603171902,0.9725750593756322,19.29669483714303,0.0,29.627089548879194,3.281256939464071,10.969448829447755,9.544378252556571,7.894172073454282,Crypto
2021-11,XLM-USD,Crypto,0.9585928481208735,0.9704759280779591,19.275511564552417,48.71795790344505,24.08660092799442,0.0,24.268186277146487,31.58495923012085,14.560911766287894,Crypto
2021-12,XLM-USD,Crypto,0.9559446717736069,0.9637162653085691,18.659427942604317,53.536913989640155,47.637068541126965,1.3312410834241168,34.16840787139708,41.325825773842986,21.033541156207896,Crypto
2022-01,XLM-USD,Crypto,0.9623114715002652,0.9707317585906823,18.36096956647002,56.364566612799095,49.3623130945948,1.7447305544632432,35.82387008728571,43.339923345670634,22.19221427415673,Crypto
2022-02,XLM-USD,Crypto,0.9601655832023569,0.9697237911313767,17.91737046540249,70.2125471925687,16.787091459836805,0.0,28.999879550801836,40.14240103423539,17.399927730481103,Crypto
2022-03,XLM-USD,Crypto,0.9616162919406348,0.9736204888700826,17.811962728261324,51.156777597887206,11.952632187222484,0.22098596587270797,21.11013191699413,29.20837564828489,12.754473536545563,Crypto
2022-04,XLM-USD,Crypto,0.966583636399868,0.9740806408397854,17.89624735205988,71.41240752350964,59.12727838718098,0.0,43.513228636896876,53.444387277909115,26.107937182138123,Crypto
2022-05,XLM-USD,Crypto,0.9500954465851806,0.9576729520799708,17.30760172890924,59.93916177204508,56.13022431671796,0.0,38.68979536292101,46.808648181037924,23.21387721775261,Crypto
2022-06,XLM-USD,Crypto,0.9510846425958197,0.9633707972633161,16.8686456931504,63.15345296252549,64.29820227468699,0.0,42.483885079070824,50.86618716366884,25.490331047442496,Crypto
2022-07,XLM-USD,Crypto,0.9643715506144513,0.975125149898192,16.68694199384217,73.48819703548003,39.87137349983735,0.0,37.78652351177246,48.70551056769122,22.671914107063476,Crypto
2022-08,XLM-USD,Crypto,0.9700725190349218,0.978671803242946,16.45085621202889,81.39705458858539,66.30510707166025,0.0,49.23405388674854,60.59005941579077,29.54043233204913,Crypto
2022-09,XLM-USD,Crypto,0.9638733592459314,0.975321354633057,16.518233060613046,67.737774939078,72.72746572622158,0.0,46.82174688843319,55.687127187405466,28.093048133059916,Crypto
2022-10,XLM-USD,Crypto,0.9681188979469678,0.9788606536881016,16.283286535466868,35.19812936393876,38.682492701210016,0.0,24.626874021716258,29.203812492332386,14.776124413029756,Crypto
2022-11,XLM-USD,Crypto,0.9531632740332128,0.965483403031765,15.734678460959021,40.404105398349536,37.57892146360511,0.0,25.994342287318215,31.475729138256302,15.59660537239093,Crypto
2022-12,XLM-USD,Crypto,0.9779845111092732,0.9807416826368482,15.044312521713982,73.84953739169413,43.08119906638195,0.0,38.97691215269202,49.84912841576165,23.386147291615217,Crypto
2023-01,XLM-USD,Crypto,0.9788646082042709,0.9864646074227932,15.55255546322224,90.69178873199905,53.79305302382491,0.0,48.16161391860799,61.483810273147,28.896968351164794,Crypto
2023-02,XLM-USD,Crypto,0.9740869191096211,0.9813303732224005,15.596066274437785,94.95280302949938,60.47822669103105,0.0,51.81034324017681,65.619869522059,31.086205944106087,Crypto
2023-03,XLM-USD,Crypto,0.9708132372223425,0.9810521780716429,15.690043511615057,100.0,88.34271011840052,0.0,62.780903372800175,76.50281303552015,37.668542023680104,Crypto
2023-04,XLM-USD,Crypto,0.9716325317240244,0.9820168819801764,15.493511764898921,61.41979288102486,50.636331300969864,0.0,37.35204139399824,45.90079583080339,22.411224836398947,Crypto
2023-05,XLM-USD,Crypto,0.9864720532455378,0.9877471748981732,14.981417603213657,100.0,71.72522735357066,0.0,57.24174245119022,71.51756820607119,34.34504547071413,Crypto
2023-06,XLM-USD,Crypto,0.9771934745538605,0.9824574864902248,15.16610720875767,97.99272779133142,87.68944163530067,0.0,61.894056475544026,75.3031963862559,37.13643388532642,Crypto
2023-07,XLM-USD,Crypto,0.9095304606614545,0.9740533058227235,16.961629297435387,4.081749060021939,0.0,3.258627879966653,2.4467923133295306,2.6926001060043,2.7715265399843796,Crypto
2023-08,XLM-USD,Crypto,0.9575983011652262,0.9722615363103916,16.42813792128633,0.0,0.139147886837474,0.12719006999699448,0.08877931894482283,0.0671823800506411,0.10414361936569148,Crypto
2023-09,XLM-USD,Crypto,0.9713709832981472,0.9791376573631252,15.932885868237832,44.472401177048745,0.0,0.0,14.824133725682914,22.236200588524373,8.89448023540975,Crypto
2023-10,XLM-USD,Crypto,0.9818907789509842,0.9860943090242358,15.840841929893578,76.89530190200672,33.13642698720757,0.0,36.67724296307143,48.388579047165635,22.00634577784286,Crypto
2023-11,XLM-USD,Crypto,0.9778668447665935,0.9852830613560669,16.34113395066716,87.477148398171,24.594035141583916,0.0,37.357061179918304,51.11678474156067,22.414236707950984,Crypto
2023-12,XLM-USD,Crypto,0.9765590111434674,0.9827509559817046,16.3099155063767,88.82008843940035,64.16007482226976,0.0,50.99338775389003,63.6580666663811,30.596032652334024,Crypto
2020-01,XRP-USD,Crypto,0.9632340919041372,0.9847342328339806,19.757221210243532,82.55611784440428,82.98652746520405,26.677151249559657,64.07326551972267,71.5094474116753,49.11481981165747,Crypto
2020-02,XRP-USD,Crypto,0.9652636539912947,0.9793490768872765,20.32132017104319,65.64256581361313,70.56440868230187,24.211675383944435,53.47288329328648,58.83294058828601,41.76840012954966,Crypto
2020-03,XRP-USD,Crypto,0.9298250618848808,0.9379657414623489,19.909709706988526,90.1119143871872,87.94978108932212,27.424355960638437,68.49535047904925,76.92576271251792,52.06695267168492,Crypto
2020-04,XRP-USD,Crypto,0.9609903800126022,0.9777734424225313,19.737576492475522,100.0,100.0,26.125471537557594,75.37515717918586,85.22509430751151,55.67528292253456,Crypto
2020-05,XRP-USD,Crypto,0.9703335614618875,0.9788311954203813,19.813500897087202,100.0,81.3838546963383,21.807487968595186,67.73044755497783,78.77665400262053,49.36126372042477,Crypto
2020-06,XRP-USD,Crypto,0.9801931834887893,0.9845515364957974,19.196879991563065,100.0,100.0,15.126891843701406,71.70896394790047,83.02537836874028,49.076135106220846,Crypto
2020-07,XRP-USD,Crypto,0.9741958867741288,0.9894541445354776,19.164516230893685,69.90202648995897,73.21004407096864,18.91585503674877,54.0093085325588,60.69719747361982,39.97192713423479,Crypto
2020-08,XRP-USD,Crypto,0.9666126664627038,0.9852002571171716,20.197143605852155,56.721506558409644,96.81196027514962,21.945021733488016,58.49282952234909,61.793345708447305,43.873706406804665,Crypto
2020-09,XRP-USD,Crypto,0.9652934203108543,0.9702231598895156,19.759650190912062,81.67634439383677,70.33995471911578,20.308651041015516,57.44165005132268,66.00188882085622,42.58845044719982,Crypto
2020-10,XRP-USD,Crypto,0.9783957084005752,0.9863153909300807,20.02575942641648,81.28475260491122,65.55738954680474,21.71845515599047,56.186865769235474,64.65328419769513,42.399501523937474,Crypto
2020-11,XRP-USD,Crypto,0.9507012128605482,0.9831356214633609,20.88962624758736,21.358071069156274,66.05611804356086,24.999888393987543,37.471359168901564,35.4958486264439,32.48277085893595,Crypto
2020-12,XRP-USD,Crypto,0.8963294587732739,0.9376785396817635,22.39935527961594,0.0,0.0,30.90718113992063,10.302393713306877,6.181436227984126,18.544308683952377,Crypto
2021-01,XRP-USD,Crypto,0.9032297581338348,0.939284196402005,21.052228817699923,39.454319151405706,0.0,19.585138219729,19.679819123711567,23.644187219648654,19.641946762118543,Crypto
2021-02,XRP-USD,Crypto,0.891148284757161,0.9461305049302992,22.243972102798786,0.0,0.0,21.264972839076435,7.088324279692145,4.252994567815287,12.75898370344586,Crypto
2021-03,XRP-USD,Crypto,0.9472344146062514,0.9625825925023035,21.25329247654867,56.2277911508273,14.386634411669307,16.873073601136415,29.162499721211006,35.80450061914173,24.24672927318117,Crypto
2021-04,XRP-USD,Crypto,0.8895476372997186,0.9553232328886349,23.7490712211156,0.0,0.0,22.036362910834537,7.345454303611512,4.407272582166907,13.221817746500722,Crypto
2021-05,XRP-USD,Crypto,0.9027997631004262,0.9350602049739093,23.189824125705957,47.87626192816456,31.33359383705374,22.10385470709221,33.771236824103504,37.75898005661684,29.10428397729899,Crypto
2021-06,XRP-USD,Crypto,0.921449059544332,0.9402846439081635,21.618753761614503,21.479761028758567,19.552727006888997,20.80389396703522,20.612127334227594,20.766477409853028,20.688833987350645,Crypto
2021-07,XRP-USD,Crypto,0.9509051953744474,0.963656402947459,20.993399175431243,53.333968833272195,22.364718791365696,20.59241198420886,32.09703320294892,37.49488245088757,27.495184715452893,Crypto
2021-08,XRP-USD,Crypto,0.9407093077177578,0.9744614320842782,22.43741484753743,0.0,0.0,24.53592727746997,8.178642425823323,4.907185455493995,14.72155636648198,Crypto
2021-09,XRP-USD,Crypto,0.9417187472918145,0.9550930956177113,22.156155529030443,16.494122283356496,25.277713576162284,20.298919464898376,20.69025177480572,19.89015910750661,20.53371885084278,Crypto
2021-10,XRP-USD,Crypto,0.9599055099657067,0.9773311206668399,22.07857369752137,56.97892641415571,68.50819346824319,20.114874647733235,48.53399817671072,53.06489617709746,37.16634876511972,Crypto
2021-11,XRP-USD,Crypto,0.9635347451087078,0.97340899862945,22.111492539432483,68.53239805318043,46.845137923413546,17.731229535333558,44.36958850397585,51.86598631068099,33.714244916518936,Crypto
2021-12,XRP-USD,Crypto,0.9605272025818066,0.9670326826199152,21.523769222952186,72.74980918841602,68.2374793780139,18.73095520952271,53.23941459198421,60.592339449516714,39.43603083899961,Crypto
2022-01,XRP-USD,Crypto,0.9651155429744165,0.9703692166116547,20.875484792346224,67.04523986333328,46.541565399017955,16.906044705671654,43.49761665600763,50.86629849250636,32.860987875873235,Crypto
2022-02,XRP-USD,Crypto,0.9441649090068484,0.9684440248399542,21.552060217481554,0.0,4.180051806253945,21.992652965127483,8.72423492379381,5.652546134901681,14.031602140327278,Crypto
2022-03,XRP-USD,Crypto,0.9578132095917469,0.9750345019003223,21.27407012289533,38.800060560385134,22.416688798789718,20.771242969036415,27.329330776070424,30.279285513636765,24.706095653256817,Crypto
2022-04,XRP-USD,Crypto,0.969115531117178,0.9751495589990766,20.96750146702611,79.17106124367893,65.24597559811734,18.28578236563548,54.23427306914392,62.81647977440176,39.854876787740544,Crypto
2022-05,XRP-USD,Crypto,0.9469049038384811,0.9521473850126005,20.416450749315707,50.513265348076345,32.82514247435846,18.00948204428291,33.78262995557257,38.706071825202294,27.47337079105671,Crypto
2022-06,XRP-USD,Crypto,0.9599542302035996,0.9683354559191992,19.897998690610514,100.0,100.0,17.581260777814904,72.5270869259383,83.51625215556298,50.54875646668894,Crypto
2022-07,XRP-USD,Crypto,0.9655332540039048,0.9771291039383232,19.82541509758009,76.45146562834263,56.26631176305019,18.101241481061745,50.27300629081819,58.72587463929872,37.404300366915606,Crypto
2022-08,XRP-USD,Crypto,0.9730669485483024,0.9811544837792453,19.656664401971373,86.72510889347726,77.9870576298138,18.13577136375201,60.94931262901435,70.38582600843317,43.82389612290942,Crypto
2022-09,XRP-USD,Crypto,0.9605957516625702,0.9771515434704269,20.057582479351872,61.00091916007477,78.61877137784572,19.958136157631976,53.192608898517484,58.07771822491749,39.89881980216329,Crypto
2022-10,XRP-USD,Crypto,0.9582760442417377,0.9765878584267982,20.413470804699582,0.0,27.687019570852346,23.310518516318123,16.999179362390155,12.968209574519328,19.523715023961344,Crypto
2022-11,XRP-USD,Crypto,0.9418505980970652,0.9586892103480711,20.043719293255293,3.131450896946918,0.0,23.652826010716925,8.928092302554616,6.296290650616844,14.81798578581954,Crypto
2022-12,XRP-USD,Crypto,0.974879564272686,0.9812905400563037,19.49162621813493,56.99484178594566,46.823288931347655,24.39986073459532,42.739330483962874,47.42437971929619,35.403542584215856,Crypto
2023-01,XRP-USD,Crypto,0.9745768686399715,0.9851430662546421,19.800597177014822,76.94212027467515,45.514788219356156,23.150690064281502,48.535866186104265,56.75563461600072,38.381795737375164,Crypto
2023-02,XRP-USD,Crypto,0.9746467202745637,0.9825488216736185,19.74372432730761,100.0,70.50186364496659,22.485702146226647,64.32918859706442,75.64769952273531,47.59179401672931,Crypto
2023-03,XRP-USD,Crypto,0.9650373980078276,0.9815248270242184,20.102873816098327,57.032624713354785,92.31336122033352,24.015364130113674,57.787116687933995,61.01339354880018,44.27841566480587,Crypto
2023-04,XRP-USD,Crypto,0.958607645865725,0.976694304949282,20.12075106313572,0.0,0.0,25.228624054754594,8.409541351584865,5.045724810950919,15.137174432852756,Crypto
2023-05,XRP-USD,Crypto,0.9780568924455556,0.9832628022780082,19.85030077822546,47.98630369454887,44.18646145339461,26.089811318100637,39.42085882201471,42.467052546912946,34.08843982044908,Crypto
2023-06,XRP-USD,Crypto,0.972927254296172,0.980768453128796,20.130158001760122,79.54766599404522,81.1298214455967,26.885957549985235,62.52114832987572,69.48997094069867,48.26707201791953,Crypto
2023-07,XRP-USD,Crypto,0.9063683082948564,0.9765858776605078,20.762418530077245,0.0,14.959955690231553,25.457945417190203,13.47263370247392,9.579575790507507,18.26675838836043,Crypto
2023-08,XRP-USD,Crypto,0.9634643805150628,0.972397912987596,20.391631388978265,20.38682327594237,0.9868606831586855,23.258559891393908,14.877414616831652,15.141181821197573,18.229872726656556,Crypto
2023-09,XRP-USD,Crypto,0.9789115027050046,0.9824034178790243,19.772606457956712,72.58163496121225,23.385636399236887,22.114688013959814,39.36065312480298,47.72944600316915,32.462267080465715,Crypto
2023-10,XRP-USD,Crypto,0.9803240341073286,0.9895552354990219,19.788293946831597,66.58518801222523,65.89070192000904,22.308400163528884,51.59476336525439,57.521484614821105,39.880218084564184,Crypto
2023-11,XRP-USD,Crypto,0.9695091415569299,0.9836065766328367,20.59403316041371,5.3163974772368645,0.0,23.83445858448526,9.716952020574043,7.425090455515484,15.36395464613853,Crypto
2023-12,XRP-USD,Crypto,0.9767620308775307,0.9828931817806905,20.571721322474104,89.4862936483103,65.98178060750305,23.405245065412394,59.62443977374192,69.21873001948853,45.136761890410106,Crypto
2020-01,ABBV,Equity,,,20.18931519853332,,,53.02204568811453,,,,Healthcare
2020-02,ABBV,Equity,0.9812844947924092,0.9894873571609941,20.46865198528557,50.328440117923876,70.39927038875679,54.86289102683577,58.53020051117215,57.256579380956126,57.063276717437596,Healthcare
2020-03,ABBV,Equity,0.9638530542891186,0.9717408484611088,20.709206456190863,95.4397205889547,92.7917934141821,60.30601814883647,82.84584405065776,87.61860194849926,73.82991368992924,Healthcare
2020-04,ABBV,Equity,0.9634206075309147,0.9751833929252373,20.21988862931977,96.55718111744781,88.60847037907067,43.434453583635744,76.20003502671807,83.54802238917226,63.093802449485146,Healthcare
2020-05,ABBV,Equity,0.9799331213786113,0.989013392817576,20.583301049516685,89.43654381717879,99.15614904653509,57.947047629926395,82.1799134978801,86.05452614853519,72.48676715069861,Healthcare
2020-06,ABBV,Equity,0.9827553293007205,0.9893879147018257,20.24876728992531,88.93766000977354,89.07190181278355,41.183005083352725,73.0641889686366,79.42700156539239,60.31171541452305,Healthcare
2020-07,ABBV,Equity,0.9869306548290635,0.9912813950694841,19.983481056222487,100.0,91.90812823689224,41.26041757157159,77.72284860282129,85.82452198538199,63.1378761903214,Healthcare
2020-08,ABBV,Equity,0.9889276258456693,0.9922095380604082,20.060304179570917,91.34719586816172,85.5128550152408,46.345466336781435,74.40183907339465,80.59654770600937,63.17928997874937,Healthcare
2020-09,ABBV,Equity,0.9860484630784279,0.9885187730991954,20.168697817987944,75.22181745135268,77.066880347017,41.88645464880428,64.72505081572466,69.1082637595423,55.58961234895651,Healthcare
2020-10,ABBV,Equity,0.987844255457304,0.9905325489954314,20.017942017628798,93.73066684543694,79.97674714106648,44.44794941430102,72.71845446693482,79.74794744789862,61.4102524458813,Healthcare
2020-11,ABBV,Equity,0.9762423984535911,0.9914249125157539,20.3632226094712,70.11265287506033,92.96191215195651,53.788623020553906,72.28772934919024,73.7026246872279,64.88808681773571,Healthcare
2020-12,ABBV,Equity,0.9870019060821367,0.9939349777467601,20.113644419048576,91.00707802043803,93.62626872941948,49.39396639034257,78.00910438006669,83.47021290711336,66.56304918417705,Healthcare
2021-01,ABBV,Equity,0.9879108081104434,0.9922358544111484,20.378050434506946,89.92470224617185,86.11842688138128,49.14960668969961,75.06424527241758,80.62780052544024,64.69838983933039,Healthcare
2021-02,ABBV,Equity,0.9822178182046739,0.9862561426845203,20.261153807786496,78.27776210788961,59.799182650514226,46.35472990063755,61.47722488634713,66.34958182922658,55.4282268920633,Healthcare
2021-03,ABBV,Equity,0.9860614643050554,0.990384650944278,20.16576768346645,88.2677687293802,83.91250167976719,39.4902139868028,70.55682813198341,77.20567766598082,58.13018247391116,Healthcare
2021-04,ABBV,Equity,0.986803995891959,0.9903811502705434,20.052162348706766,77.81419400575274,74.91560867679623,44.12500157376035,65.61826808543644,70.20677992066732,57.020961480766005,Healthcare
2021-05,ABBV,Equity,0.9901474549484985,0.9954035844012644,20.247043756468624,88.11303535436745,97.95582610766051,42.71276141910994,76.2605409603793,81.98581779330387,62.84142914387155,Healthcare
2021-06,ABBV,Equity,0.9903821491834646,0.9931277397729208,19.981457374320847,88.84788467308496,78.84980130643045,29.128899408464992,65.60886179599348,73.9046626101646,51.01687684098208,Healthcare
2021-07,ABBV,Equity,0.9917551391474979,0.9946426035377708,20.118293361661966,94.35101733493799,93.23153653067284,33.141568279985954,73.5747073818656,81.77328328266803,57.401451741113746,Healthcare
2021-08,ABBV,Equity,0.990826901935771,0.9930997305488444,20.042871915140097,89.29918753761002,80.37628391871213,32.07487117671703,67.25011421101307,75.17745317976205,53.18001699729466,Healthcare
2021-09,ABBV,Equity,0.9817363483584057,0.9827319582271559,20.26686836538578,60.871976363323114,16.610737044506443,41.51243152703931,39.665048311622954,43.72169560042135,40.4040015977895,Healthcare
2021-10,ABBV,Equity,0.9903226414302901,0.9935757399009204,20.064600921325347,90.6244302604255,94.40127964558232,37.216087351070044,74.08059908569261,81.07581649410146,59.33479439184359,Healthcare
2021-11,ABBV,Equity,0.9874207492226322,0.9949570776351839,20.00554838789462,77.02022247015783,93.96022962809388,27.522111583385072,66.16752122721226,72.20260244018411,50.709357369681385,Healthcare
2021-12,ABBV,Equity,0.9889637849868788,0.9943742038913345,20.33762972332441,92.95006819147041,99.6742389990326,32.95173149598832,75.19201289549711,82.96765209464265,58.29590033569359,Healthcare
2022-01,ABBV,Equity,0.9908653495212022,0.9947448194652633,20.657430506727792,92.24586997458651,92.28627323624777,38.633312284014906,74.38848516494973,81.53547941497057,60.086416012575796,Healthcare
2022-02,ABBV,Equity,0.9905619562837935,0.9948885900389463,20.787773477053445,99.4555699883842,100.0,40.160962534578786,79.87217750765433,87.75997750110785,63.987691518424114,Healthcare
2022-03,ABBV,Equity,0.9892288756198696,0.9949938343847708,20.56728863053373,100.0,100.0,36.63599896046484,78.87866632015495,87.32719979209297,61.98159937627891,Healthcare
2022-04,ABBV,Equity,0.9845942613841423,0.9898330773268509,20.792835391977345,76.32983590484693,74.14944136997629,44.3179647572958,64.93241401070634,69.2733433148755,56.686634309342125,Healthcare
2022-05,ABBV,Equity,0.9816635190980172,0.9839155000134442,20.570070533460083,79.17863853467095,68.11181779684907,36.92250279991563,61.40431971047855,67.40736516637332,51.61159294625338,Healthcare
2022-06,ABBV,Equity,0.9865768957672894,0.9900982004716733,20.3986765522299,89.77327071449395,89.63470724308789,39.51747255691968,72.9751501715005,79.68054204155727,59.59207912566818,Healthcare
2022-07,ABBV,Equity,0.9868241677984203,0.9923028455697185,20.337104048382166,85.23185114222314,93.44367919531956,40.78842744335328,73.15465259363198,78.80671481837808,60.20816253352051,Healthcare
2022-08,ABBV,Equity,0.9871432297936432,0.9883361489700395,20.144110324136,83.81516376780496,66.94795507596703,34.068879308759705,61.610666050843896,68.80574426844453,50.59395135401022,Healthcare
2022-09,ABBV,Equity,0.9869554203465317,0.9912799563274526,20.257602989869664,90.61930831317072,99.20433196553154,36.678498284278895,75.50071285432706,82.40665340310059,59.97182702630779,Healthcare
2022-10,ABBV,Equity,0.9793260517815545,0.985131292822612,20.27423646656507,67.11775068726841,69.56235187240364,38.833100660871445,58.504401073514494,62.19420103752959,50.63588090845728,Healthcare
2022-11,ABBV,Equity,0.9852205616435676,0.990619921679461,20.33894013750684,94.7751887981182,80.44441571071475,35.24695455829085,70.15551968904127,78.57031002393168,56.192093636741106,Healthcare
2022-12,ABBV,Equity,0.9906145825933022,0.995139516504782,20.246905665913797,100.0,100.0,39.47880652580099,79.82626884193367,87.89576130516019,63.68728391548059,Healthcare
2023-01,ABBV,Equity,0.9890250932045026,0.9904894572040549,20.484997958193276,94.5567989575459,79.60867673363803,40.921997790975766,71.69582449405323,79.3454020570595,59.386293812822245,Healthcare
2023-02,ABBV,Equity,0.988752195077938,0.9922358918710446,20.45725031856358,92.44087651599588,83.38044315099276,36.03901014860247,70.62010993853038,78.44237323301627,56.78767002255921,Healthcare
2023-03,ABBV,Equity,0.988469303988046,0.992712406021402,20.304563928882434,88.01562450496114,89.58710408123184,33.533172238027795,70.3786336080736,77.59057792445569,55.640449060055275,Healthcare
2023-04,ABBV,Equity,0.9903392367585842,0.9935274646137768,20.36202583461057,83.53087240154555,80.2946881205465,36.41618305116289,66.74724785775165,73.1370792471693,54.61482193511615,Healthcare
2023-05,ABBV,Equity,0.9816308244603777,0.9825204988813112,20.270832082866164,50.279400635775886,30.74873544232658,32.4884502279516,37.83886210201802,40.86201099617624,35.698697352391456,Healthcare
2023-06,ABBV,Equity,0.9872225105338879,0.9895193408674194,20.38967997580907,87.09334683060237,61.244305222654326,29.511731461437225,59.28312783823131,67.82231127438493,47.37456928751368,Healthcare
2023-07,ABBV,Equity,0.9886134724129215,0.9937349275151632,20.30295165816076,77.23177258945184,88.61457017264118,32.65460120810471,66.16698132339924,71.73117758813922,52.76202927728143,Healthcare
2023-08,ABBV,Equity,0.9873016226570649,0.9951328793396179,20.066996133740393,72.81124482202274,97.50614497037012,23.87436028068837,64.73058335769375,70.43233795826006,48.388094126891595,Healthcare
2023-09,ABBV,Equity,0.9913017813794562,0.9946916702642344,20.059636192863238,86.53370077640564,97.61253958224145,26.596698158252924,70.24764617230001,77.86995189452585,52.78726696668117,Healthcare
2023-10,ABBV,Equity,0.9907007885536562,0.9928123776727326,20.209933343938534,95.34279180057801,94.64275841154755,26.373657271673125,72.1197358279329,81.3389548780879,53.82130440542899,Healthcare
2023-11,ABBV,Equity,0.9869441812340545,0.9886473687344063,20.183579166338582,80.53061717813469,51.858231471587466,27.498239656869483,53.29569610219721,61.32242596191749,42.97671352406612,Healthcare
2023-12,ABBV,Equity,0.9913071151234891,0.9961251031748823,20.311103871451678,85.8525360592629,90.03159205503097,30.280619499183032,68.72158253782563,75.99186954597735,53.34519732236859,Healthcare
2020-01,ABT,Equity,,,19.857237354330426,,,43.04799351306487,,,,Healthcare
2020-02,ABT,Equity,0.987952860830231,0.9910175375770084,19.676242651395448,81.38621511085823,77.66819828207946,34.70755153384539,64.58732164226103,70.93507734682203,52.63541359889477,Healthcare
2020-03,ABT,Equity,0.9586457920427219,0.9703183314748187,20.48850956014551,87.89532925526913,90.88040178160779,54.25127615648545,77.67566906445413,82.06204039341398,68.30591190126665,Healthcare
2020-04,ABT,Equity,0.9556245178486917,0.9734435592074998,20.48550973409383,84.51991803550956,84.67058394394674,50.40177542337457,73.19742580094363,77.74148928561372,64.079165649916,Healthcare
2020-05,ABT,Equity,0.9776540318023612,0.985564882981387,20.13821014270614,84.4189952022347,87.90647534397372,47.29630346439307,73.20725800353382,78.04070089718809,62.842876187877536,Healthcare
2020-06,ABT,Equity,0.9790928956530613,0.984495870864725,19.97401195707097,84.08698265535317,75.5883513613482,35.75109832159315,65.14214411276483,71.87021640039967,53.385725796296164,Healthcare
2020-07,ABT,Equity,0.9837409539036812,0.9895395915211727,19.792163505442105,91.3778992245467,86.13035642904725,36.94396891574106,71.484074856445,78.91685032413574,57.668032480163426,Healthcare
2020-08,ABT,Equity,0.986225323954806,0.9937115709452916,19.59844979911239,84.74550541879205,91.83152513412742,35.52815469848331,70.70172841713426,77.02784118933091,56.63229892967388,Healthcare
2020-09,ABT,Equity,0.9779335307675164,0.9882738762670021,19.890804335020434,47.62904948049271,76.10376573749531,36.01459074112752,53.24913531970518,53.84857260972045,46.35531748827411,Healthcare
2020-10,ABT,Equity,0.9833097050927614,0.9893314601419707,19.84714328040775,77.55028199491586,74.61815231632335,40.182460075671784,64.11696479563699,69.1970787074893,54.54316290765092,Healthcare
2020-11,ABT,Equity,0.9823611962961089,0.9875619955839792,19.897759185638023,84.27490058981294,69.37227284698552,42.456793178686254,65.36798887182825,71.44049078473938,56.20351059457145,Healthcare
2020-12,ABT,Equity,0.9899017139863617,0.9919111008925341,19.867888434833432,96.93917084838479,82.97440871072807,43.17103605694377,74.36153853868554,81.99611524879957,61.88533754598883,Healthcare
2021-01,ABT,Equity,0.9903946468267607,0.9950914280847625,20.059893548899325,96.14654115256609,100.0,40.67899322978629,78.94184479411747,86.20906922224032,63.636704168384995,Healthcare
2021-02,ABT,Equity,0.9829277902033674,0.9933050766938081,20.10375297846325,80.3167444137014,98.96392582328414,42.13498048645386,73.80521690781313,78.2745460511267,61.137122339269425,Healthcare
2021-03,ABT,Equity,0.985896776376341,0.9892134199006064,20.102921829258406,87.70837470769047,78.24605166678373,37.81742292070708,67.92394976506043,74.89148743802177,55.881339027319086,Healthcare
2021-04,ABT,Equity,0.9876087649149713,0.9916830896295876,20.07280898592913,80.88529339272611,80.63411442251379,44.72103761693557,68.74681514405849,73.57708854650431,59.13650413320932,Healthcare
2021-05,ABT,Equity,0.9892860251430504,0.9914170328813231,20.006623222222146,84.82503731775734,76.01542086168489,35.49120917705657,65.44388911883293,72.31538675279545,53.46281714212239,Healthcare
2021-06,ABT,Equity,0.9780402598165857,0.9798377662840334,20.49844025931921,44.66024610861204,0.0,42.507214011356076,29.055820039989374,30.831565856577235,34.43637762853605,Healthcare
2021-07,ABT,Equity,0.9905798291436412,0.995466393540619,20.041064404956522,90.23999084156114,96.78610292309966,31.117176665391405,72.71442347668408,80.37926163078875,56.075524752167006,Healthcare
2021-08,ABT,Equity,0.9921777976938361,0.9958199480916246,19.926689105866764,95.0001632993518,93.90390314132792,29.205323136653007,72.7031298591109,81.51231721940486,55.30400717012775,Healthcare
2021-09,ABT,Equity,0.9916988983162809,0.9940091965163278,20.014937905118305,95.04537121506443,96.58940313824299,34.22877239900862,75.28784891743868,83.34526102880683,58.86421831006665,Healthcare
2021-10,ABT,Equity,0.9888615753698404,0.9910650275413337,20.13408525574824,84.14542300708662,73.47813565851474,39.094413957893984,65.57265754116511,71.93503499267653,54.98136010785666,Healthcare
2021-11,ABT,Equity,0.9873020977430823,0.991876547105059,20.16717461771121,76.53265245341163,74.9797781216744,30.932653472428967,60.81502801583833,66.94679035769393,48.86207819847459,Healthcare
2021-12,ABT,Equity,0.9878759648999478,0.9923281589710037,20.255437580712773,89.47445780665016,89.87060196826417,31.174826038546456,70.17329527115359,77.93337470151363,54.573907578110735,Healthcare
2022-01,ABT,Equity,0.9877118465468527,0.9902625939734493,20.62330018795479,80.52774255786598,73.39341342176515,37.82881575225298,63.91665724396137,69.84765845591312,53.48152064727801,Healthcare
2022-02,ABT,Equity,0.9834417058385397,0.9882752849129279,20.30162985028226,77.72267817774886,74.50003641040527,28.86739593623734,60.363370174797154,66.98482919924348,47.76498047937323,Healthcare
2022-03,ABT,Equity,0.9826633568210761,0.9864114886488579,20.181379241361448,83.58506302333772,67.76894077899446,27.3642653731646,59.572756391832264,67.59606682000012,46.6893599843652,Healthcare
2022-04,ABT,Equity,0.9840700774620528,0.9880557672573212,20.069025791690013,74.59759185316722,66.45009897388229,27.676828183395045,56.24150633681486,62.76919125542731,44.815635075446934,Healthcare
2022-05,ABT,Equity,0.9797288656337577,0.9845034543980008,20.20524468776009,73.69620691775538,70.05016164976361,28.327510922328685,57.357959829949216,63.52865413827251,45.74578026690101,Healthcare
2022-06,ABT,Equity,0.9819822065807825,0.9868598938246835,20.003616268132635,75.74105595998564,75.21746374893479,29.77813501363629,60.24555157418558,66.39139410740052,48.05858494996586,Healthcare
2022-07,ABT,Equity,0.9837975080152139,0.9892023620235093,19.989268702502272,73.30344148887114,80.07788304457982,32.46522671816546,61.94885041720548,67.16813100144262,50.15540093758947,Healthcare
2022-08,ABT,Equity,0.9878021496145103,0.991800684592162,19.791010893969677,86.47281269147479,83.82841017377231,25.557060918904973,65.28609459471735,73.49634158165009,49.3944811243924,Healthcare
2022-09,ABT,Equity,0.98489678272304,0.9877026373688486,20.070944516922687,82.38394165022662,85.25103791308868,31.83225487616765,66.48907814649432,73.13373317427344,52.626348838363654,Healthcare
2022-10,ABT,Equity,0.9814137664906236,0.9870274723723161,20.208438247149623,75.2817235948554,76.11922742698906,37.206597332420785,62.86918278475508,67.91794949200857,52.60414860382136,Healthcare
2022-11,ABT,Equity,0.9801513922907018,0.9869648919686604,19.939346954846663,75.14041628305196,64.91967066618159,24.500985881863855,54.85369094369914,61.94630651775323,42.712608918965024,Healthcare
2022-12,ABT,Equity,0.9856270156358032,0.9912714560379192,19.88549083169812,81.91063020163969,76.78824174120926,30.146632233794357,62.94850139221443,70.02111406994149,49.8277537288464,Healthcare
2023-01,ABT,Equity,0.9883755904884362,0.9933324540940287,20.07167393729396,91.95116764181965,95.83003207518225,30.52722404684669,72.76947458794953,80.83003825283384,55.8725743715084,Healthcare
2023-02,ABT,Equity,0.9895277119768944,0.9913913056968943,19.871145202837653,94.95551077895244,78.14704530084788,21.78189438251202,64.96148348743743,75.278247856233,47.68964784546728,Healthcare
2023-03,ABT,Equity,0.9863298019767991,0.9885378475474175,20.005003420881785,79.90858604084121,71.11862027166738,26.553520501062742,59.19357560452378,66.60058320213336,46.13755356313936,Healthcare
2023-04,ABT,Equity,0.9852495112080011,0.9930526663268436,20.03617945121464,64.08316238175479,78.2159187270085,28.709188398987433,57.00275650258357,61.24819448877743,45.68532926114512,Healthcare
2023-05,ABT,Equity,0.985837324490286,0.993550216604893,19.835873368589997,65.85034978461923,86.75204661849975,22.330704577023283,58.31103366004742,63.416929793264195,43.91890202683776,Healthcare
2023-06,ABT,Equity,0.9901664620878362,0.9922832039162108,20.006070842318273,93.99845053846589,78.2831457527017,21.304231286086036,64.52860919241787,74.74501525226067,47.238858029885144,Healthcare
2023-07,ABT,Equity,0.9894999107638061,0.994750418554391,20.035689078918395,82.69323871722632,96.82692727085542,27.09977811956473,68.87331470254883,75.81465316378272,52.163900069355186,Healthcare
2023-08,ABT,Equity,0.9877016665748571,0.9911848028755735,19.790724177155656,74.76810542829077,75.17555474299257,18.459764659555827,56.13447494361305,63.62867206895432,41.064590829990166,Healthcare
2023-09,ABT,Equity,0.9904363400080773,0.9919912623361743,19.765261436825966,81.93625703372494,78.89105032235327,20.56301899040408,60.463442115494104,68.74804741164927,44.50327286545809,Healthcare
2023-10,ABT,Equity,0.9856894708100927,0.9887261036386175,20.18503487694827,74.13754899584059,76.72305967991507,25.847764546325198,58.90279107402696,65.25524531115985,45.68078046294625,Healthcare
2023-11,ABT,Equity,0.9872479131888477,0.9924209024883156,20.06046894833441,82.0299853984669,78.70731706698433,24.938425678398144,61.891909381283135,69.61487295500838,47.11051590012914,Healthcare
2023-12,ABT,Equity,0.9913940970671111,0.9959703749869655,19.967521087924297,86.31344774799533,88.48409700461927,22.964882173791228,65.92080897546862,74.29492941014169,48.73843825479766,Healthcare
2020-01,ADBE,Equity,,,20.41294075465193,,,59.7387026507476,,,,Tech
2020-02,ADBE,Equity,0.9873586374017401,0.9927803182734984,20.68699638054755,78.61863195286634,86.04206429188191,60.41659316622412,75.02576313699079,77.20525389724257,69.18209514868411,Tech
2020-03,ADBE,Equity,0.9484275631575483,0.9630149374446062,21.35074738066941,73.0909438029588,81.06705939393733,77.90646856230177,77.35482391973262,76.44688343212096,77.57548177676028,Tech
2020-04,ADBE,Equity,0.9505298870509665,0.9681097684732485,20.867597504260516,76.65374233496573,72.5982450956617,60.42405308856183,69.89201350639642,72.19115531389373,66.10482933926258,Tech
2020-05,ADBE,Equity,0.9758056418231323,0.9850936279238225,20.639900769191197,80.34965686783896,86.36915462281806,59.30144315872729,75.3400848831281,77.94586345251035,68.92462819336778,Tech
2020-06,ADBE,Equity,0.9822017698614615,0.9894295801667703,20.90097665356315,88.2045031816476,89.18674101238388,54.0771695591536,77.15613791772836,81.67370780636969,67.92455057429845,Tech
2020-07,ADBE,Equity,0.9790103163199384,0.9859756322502095,20.797355338951434,78.59048280735111,74.30827498935719,59.62280272322496,70.84052017331109,73.5122844451277,66.35343319327663,Tech
2020-08,ADBE,Equity,0.9793304865496963,0.9876001687870416,20.779402288074277,67.90150201518716,66.12241144529376,63.18780597307311,65.73723981118468,66.42503563579633,64.71746627594005,Tech
2020-09,ADBE,Equity,0.9690011926855688,0.9800555016556836,21.344655072436748,17.25690062090789,43.783067328316925,66.73432400375383,42.59143065099288,35.11023530969979,52.24858799209726,Tech
2020-10,ADBE,Equity,0.9787249882899626,0.984182730712564,20.734513018152864,61.19089102199909,51.6473664373884,62.34343279337619,58.39389675092122,58.5583420008913,59.97371116790321,Tech
2020-11,ADBE,Equity,0.9739816540694848,0.981758922230296,20.88642531729598,64.8800528102289,33.93469816147964,66.52613096274551,55.113627311484684,55.92566204610745,59.67862877198901,Tech
2020-12,ADBE,Equity,0.9851964358441538,0.9902873631651153,20.911950535445833,87.3136550753511,74.42851969410255,69.6083402658421,77.11683834509859,79.90705149907473,74.113439113396,Tech
2021-01,ADBE,Equity,0.9838038942938081,0.98696523170043,21.057833410342397,79.63717592584965,60.49676801278368,67.24815833328462,69.12736742397266,71.41725003341685,68.37568378769744,Tech
2021-02,ADBE,Equity,0.9834302344852985,0.9885836975787614,20.757313652192124,81.75972385852339,72.73136353536358,59.65624947822785,71.38244562403827,74.63052088551635,66.6919671657141,Tech
2021-03,ADBE,Equity,0.9789468699622035,0.9835375298403528,21.00997051223793,64.10168944714397,50.78592970417324,61.96066916220484,58.949429437840685,59.67875746726492,60.15392532758634,Tech
2021-04,ADBE,Equity,0.9848399921517292,0.9925963696538834,20.714746815766297,70.31930974684303,84.64551251882656,63.252776221138184,72.73919949560259,73.20386387329712,68.94463018581683,Tech
2021-05,ADBE,Equity,0.9867479576433578,0.9900952880401229,20.667472746184735,75.13746799638682,68.74105922289777,55.34125807736944,66.40659509888468,69.25930338053662,61.980460290278586,Tech
2021-06,ADBE,Equity,0.9849480028678156,0.9925209371556177,20.793964246708118,69.39202291931169,75.2496236351525,50.15468743980844,64.93211133142421,67.30183603816329,59.0211417747779,Tech
2021-07,ADBE,Equity,0.9899827232600945,0.9962112315854997,20.685069580541665,88.15142008273455,100.0,47.99839237548477,78.71660415273978,83.67538851646422,66.42931944183778,Tech
2021-08,ADBE,Equity,0.9922397913436858,0.996085953054705,20.53036991624468,95.26178548083037,95.22674361099165,44.11536961494747,78.20129956892316,85.02198974670218,64.56692758733288,Tech
2021-09,ADBE,Equity,0.9890558809437618,0.9922150822029925,21.092584758655402,85.97933123001937,83.86546613160773,65.38503803368235,78.40994513176982,81.22631306122848,73.19998229253483,Tech
2021-10,ADBE,Equity,0.98291608690666,0.9857336579110267,20.902112581600093,57.780521432593765,29.048906640198652,59.85601688461208,48.895148319134826,49.5761360852789,53.27949574532573,Tech
2021-11,ADBE,Equity,0.985303197318491,0.9919628791530352,21.000696416950422,68.31864688695042,75.51170638339323,48.521141522682036,64.11716493100856,66.51706366302957,57.878755567677956,Tech
2021-12,ADBE,Equity,0.968613394880607,0.9735719271697715,21.357732167500195,27.93010024065921,0.0,55.005245890551095,27.645115377070102,24.966099298439826,38.5891675824625,Tech
2022-01,ADBE,Equity,0.9730531269164867,0.9754840985817461,21.428528007298937,26.05728675306479,11.101134237161245,56.80909519965769,31.322505396627907,27.72080268761231,41.517141317839815,Tech
2022-02,ADBE,Equity,0.9737145609687081,0.980511479412688,21.21735469751878,48.03285354196773,44.56390707714266,50.14053206003825,47.57909755971622,47.41370530613432,48.60367135984502,Tech
2022-03,ADBE,Equity,0.969370011236613,0.9777104194332351,21.20054185778296,50.3493909210736,35.09201470256306,51.850335229779475,45.76391361780537,46.07236691726162,48.19848226259502,Tech
2022-04,ADBE,Equity,0.9716322402411866,0.978144082784852,20.879543190171592,33.49490130187974,23.512485676172513,46.3114673458217,34.43961810795798,33.063489822955965,39.18835780310347,Tech
2022-05,ADBE,Equity,0.9723754794610199,0.9792592981331397,21.03795722910288,52.85814077848483,52.76144278531899,47.945522128397656,51.18836856406716,51.84660765051764,49.891229989799356,Tech
2022-06,ADBE,Equity,0.9708307061307279,0.9787198259173444,20.869475179192438,41.68429111728516,38.97712153546917,51.123971431844794,43.92846136153304,42.76007630565229,46.80666538965774,Tech
2022-07,ADBE,Equity,0.9772864311002808,0.9830301478553544,20.63339882487299,47.6425485280088,53.47024099754123,47.878336297553915,49.66370860770132,49.43801382277755,48.949559683642356,Tech
2022-08,ADBE,Equity,0.9792152647226203,0.9872331843938656,20.62288092413033,51.838970047952785,61.57391767722131,45.61012817351697,53.00767196623036,53.51368596184618,50.048654449145005,Tech
2022-09,ADBE,Equity,0.9682769394891194,0.9687232208840445,21.06174114434788,15.897979599343797,11.222028417218874,57.55646416937326,28.22549072864531,22.826891158712215,39.957880104936486,Tech
2022-10,ADBE,Equity,0.9716296286533568,0.9767296451400762,20.814110995803876,37.02101877702131,40.50995632449546,52.178563905223065,43.23651300224662,41.09920906690391,46.813333363437195,Tech
2022-11,ADBE,Equity,0.97057285381282,0.9830624837086617,20.757827269756447,38.039185105266974,48.344184804292,46.51178138077617,44.29838376344505,42.82520427007633,45.183742810377495,Tech
2022-12,ADBE,Equity,0.9755335160456508,0.9872918339488044,20.55999014787223,45.302591011038714,52.90701581797626,47.5630318457145,48.59087955824316,48.03600662005513,48.179740473231696,Tech
2023-01,ADBE,Equity,0.9811890358719266,0.9877656967041106,20.563576347835227,63.120631144050186,64.06765131406213,42.898182431125356,56.695488296412556,59.3602474524688,51.17656595029768,Tech
2023-02,ADBE,Equity,0.9798590993840702,0.9871759488273787,20.73272325120398,63.604776147783205,52.02698762797526,42.73994038398216,52.790568053246865,55.95847243908061,48.77031698554099,Tech
2023-03,ADBE,Equity,0.975702781541247,0.9816648039867841,20.971469583496198,39.64049422455982,40.711885161107986,49.07183333085344,43.141404238840416,41.848179326783,45.51357587564562,Tech
2023-04,ADBE,Equity,0.9838894912974598,0.9909439166832295,20.423117682127568,58.886561390505285,68.98335757752797,37.86114167613839,55.243686881390545,57.710516303738714,48.29066879928968,Tech
2023-05,ADBE,Equity,0.9781903464268908,0.9839171572739208,20.87003290177453,37.5439892186256,37.84025822907018,46.48180020009316,40.62201588259631,39.42043211805249,42.96592960959505,Tech
2023-06,ADBE,Equity,0.9752118474885226,0.9909317555980469,21.41473230337656,58.92207009297351,69.95165031631775,51.44321437920814,60.105644929499796,60.735173017223715,56.64067270938314,Tech
2023-07,ADBE,Equity,0.9846990120226573,0.9920149435098458,21.101855398595525,53.11425464969869,74.70492221983778,49.25912906781525,59.02610197911724,58.82042980436373,55.11931281459644,Tech
2023-08,ADBE,Equity,0.9829332223028223,0.9888181083133162,20.857564826552522,51.44271455464365,61.789368597805094,39.368548815861374,50.866877322770044,52.13187761983562,46.267545920006576,Tech
2023-09,ADBE,Equity,0.9818913440449115,0.9868983479020763,21.044833981820815,36.54307440889138,43.58270231732128,46.78989493729826,42.305223887836966,40.70432688710172,44.09909230762149,Tech
2023-10,ADBE,Equity,0.9817731958377366,0.9864441758706302,20.99922126428673,57.56594728776846,66.71603181338232,43.04459430881668,55.77552446998914,57.40670204966226,50.68315240552016,Tech
2023-11,ADBE,Equity,0.9817645468331081,0.9903999871458101,21.106102210002426,54.9614299682992,64.32829396807387,46.680135529660596,55.32328648867789,56.11523028050388,51.86602610507097,Tech
2023-12,ADBE,Equity,0.9836721118974114,0.9887746424363797,21.159748806381366,45.39514819377815,16.51685783483981,48.35039401678495,36.75413334846764,37.32271025069801,41.39263761579456,Tech
2020-01,AEP,Equity,,,19.003788075374544,,,17.414402517263238,,,,Utilities
2020-02,AEP,Equity,0.991949397318061,0.9948258810739522,19.352388191815294,100.0,95.75925080279781,26.470146571548415,74.07646579144874,84.02180455514903,55.03393810348861,Utilities
2020-03,AEP,Equity,0.9613747542774568,0.9712694436571266,19.707480327991618,91.84910727901577,92.15838150657692,32.82401291031807,72.27716723197024,80.13687067354456,56.49590550330938,Utilities
2020-04,AEP,Equity,0.9491582714482666,0.9651747386265683,19.053412188257155,74.53595014298537,65.95518828966078,12.837424065708761,51.10952083278497,59.62201637153267,35.80068212595449,Utilities
2020-05,AEP,Equity,0.9771748248234564,0.9829238482801517,19.16657495246381,83.36399309159741,79.2909341283881,24.045687297783147,62.233538172589554,70.27841424387175,46.95839782266699,Utilities
2020-06,AEP,Equity,0.9807447025404595,0.9864066743935944,18.902555843267876,86.27470345343482,80.85494680534174,14.568435007898234,60.56602842222494,70.30752276989958,42.166991056494254,Utilities
2020-07,AEP,Equity,0.9845191007451884,0.9897286847905814,19.087357951214322,93.48131288072574,86.75760154064565,21.042359393984935,67.0937579384521,76.97640878135354,48.673198520665245,Utilities
2020-08,AEP,Equity,0.9833607114516968,0.9867022773992284,18.902649458945465,77.74729213001716,62.34521086647879,19.231483201837463,53.10799539944446,61.423505965319706,39.55739052040167,Utilities
2020-09,AEP,Equity,0.986911573747981,0.9911137192179821,18.744205081830515,78.1566062488058,87.27211859179864,11.787053270728613,59.07192603711102,67.61734935608821,40.15797693055806,Utilities
2020-10,AEP,Equity,0.988913570816377,0.9950206109977761,19.058947348757847,97.54624560086633,100.0,20.498231738243053,72.68149244636979,82.87276914808177,51.8081881631191,Utilities
2020-11,AEP,Equity,0.9878890024472643,0.9908830007839905,19.144484475295236,97.06927001444214,89.65262476286468,24.118121642497208,70.28000547326802,80.25404676457993,51.81525194095969,Utilities
2020-12,AEP,Equity,0.987954481257911,0.9900083001244138,18.912628242595417,92.95574653743103,72.95978386675381,18.98233666249785,61.6326223555609,72.16227576124123,44.57250807833567,Utilities
2021-01,AEP,Equity,0.9876503592110734,0.9907764386160463,19.10738665093562,89.27229632118863,79.0238849834177,15.319435993919347,61.205205766175226,71.4072008544035,42.85089785727288,Utilities
2021-02,AEP,Equity,0.9890152560112602,0.991920001089184,18.821280441888685,97.79945512957313,91.26827563582373,7.753250998844992,65.60699392141395,77.83086045530268,42.465496752386365,Utilities
2021-03,AEP,Equity,0.9858452633146338,0.9909854468188214,19.14952146874807,87.53340074947226,86.81916967623268,12.440417140904437,62.26432918886979,72.30053470578682,42.334764369683654,Utilities
2021-04,AEP,Equity,0.9915797190751805,0.9951172533317476,19.098395300231942,96.03895181942663,95.7179850545174,16.591242368261206,69.44939308073508,80.05311989972078,48.306132795745526,Utilities
2021-05,AEP,Equity,0.9910505363346214,0.9938653577007956,18.951221559363635,91.56001362896562,89.4900338058062,3.789930962321985,61.61332613236461,73.38500314868908,38.48396806434755,Utilities
2021-06,AEP,Equity,0.9898030320793146,0.9915961999435964,19.0390648311495,86.7744730159237,69.76313071705033,4.741972320917727,53.75985868463059,65.2645701872605,34.15270413914545,Utilities
2021-07,AEP,Equity,0.9900482423982554,0.9933301992536512,18.99562722464862,88.38059443836731,87.56865139553024,3.7132811359893263,59.88750898996229,71.2035488650406,37.417817848373105,Utilities
2021-08,AEP,Equity,0.9914666897616224,0.995055288730995,18.945147115064614,91.99918482908178,90.1012584987847,4.962649770746244,62.354364366204244,74.02249991832555,39.397678528021046,Utilities
2021-09,AEP,Equity,0.9912587532994408,0.9928400295067705,19.003090361682577,93.5355921408212,88.29761968315917,4.974856107598616,62.269355977192994,74.25205319687807,39.35155602935525,Utilities
2021-10,AEP,Equity,0.9900704595734672,0.9931407483512649,18.8927265426886,89.50614538355035,90.77625633622208,5.537539322501972,61.9399803474248,73.09345745714218,39.37900393745567,Utilities
2021-11,AEP,Equity,0.9911896742402084,0.9938970811629162,18.859967038833048,92.50772284440781,87.42914303696779,3.348725971931237,61.095197284435606,73.15234952768049,37.99660875943386,Utilities
2021-12,AEP,Equity,0.9886183966976031,0.9921120058213284,19.033273805018567,91.84654460386271,88.8349027998749,4.752963632793001,61.8114703455102,73.52433586845243,38.988067660423326,Utilities
2022-01,AEP,Equity,0.9922788683222276,0.996127074750086,19.30835369094207,97.49837601345021,98.11256541446983,6.833796240861124,67.48157922292705,79.54971687923828,43.222466030100684,Utilities
2022-02,AEP,Equity,0.9899850333022047,0.9922333751563814,19.340741284971386,97.69464811655631,89.76186921096777,6.54506482187548,64.66719404979985,77.08489778594358,41.4183423586301,Utilities
2022-03,AEP,Equity,0.9858485501732611,0.9927722006215534,19.321053719311436,91.54859945311823,91.65663891982196,6.694363933576605,63.2998674355056,74.61016418922102,40.657666034734,Utilities
2022-04,AEP,Equity,0.9892171929164031,0.994210530330059,19.212071227246152,91.60700353745813,93.11265441441088,7.974550210186592,64.2314027206852,75.33220813508964,41.72866171648576,Utilities
2022-05,AEP,Equity,0.9865983103158171,0.990634037575419,19.297630523405726,93.16287700173896,90.26121633165243,6.944880106683181,63.456324480024854,75.04877942170184,40.85174673068819,Utilities
2022-06,AEP,Equity,0.9863153527639781,0.9883553567266432,19.291256346850638,88.97451644820309,81.8754041926131,12.21647669223436,61.022132444350184,71.49317482033236,41.499870143503856,Utilities
2022-07,AEP,Equity,0.9834192761595707,0.9865910261082685,19.12110096555005,71.81278682623167,68.82074105236146,11.691218488764575,50.7749154557859,58.89085942657719,35.14143666897737,Utilities
2022-08,AEP,Equity,0.9905309191899948,0.9949495886349196,19.047815582022054,97.47887336162778,99.17099547197252,7.641587307095889,68.09715204689873,80.01905278382482,43.91492615097759,Utilities
2022-09,AEP,Equity,0.9855345826047087,0.9894030160616202,19.34542520157555,84.93539403950874,91.88334668267329,12.9954823260289,63.271407682736985,72.63179748976214,43.16103754005375,Utilities
2022-10,AEP,Equity,0.977579814227417,0.9803010928483046,19.34382604422502,60.289118393660516,52.8598090460992,15.833760219662215,42.994229219807316,49.169253954592456,32.13004161974928,Utilities
2022-11,AEP,Equity,0.9828024267434268,0.9901383905641898,19.375526996195887,85.40885570290094,78.39911146229673,9.338586026914019,57.7155177307039,68.0918784955223,38.364745049187945,Utilities
2022-12,AEP,Equity,0.9859908174163184,0.9922780885235586,19.30172094067229,83.23010019514963,82.82892029633467,15.072977658155807,60.37733271654671,69.47832171810637,42.25559069319035,Utilities
2023-01,AEP,Equity,0.9870465882224246,0.9908069121078992,19.132650410398817,86.61956572957075,81.41998677000643,6.911521573878647,58.31702469115194,69.11808321056303,37.754823444242625,Utilities
2023-02,AEP,Equity,0.9882476826424307,0.9907219148426037,19.255614785192595,90.80498146571189,73.99922857714279,6.809002683646119,57.20440424216693,68.964059842728,37.04624361875861,Utilities
2023-03,AEP,Equity,0.9853116234090585,0.9897352529969742,19.25195770494374,76.0504859929686,76.41600999478098,9.007827063896912,53.82477435054883,62.75161140769798,35.89799543588806,Utilities
2023-04,AEP,Equity,0.9844457511693296,0.9914016983276199,18.9753838843513,61.012016010063434,70.98762443668012,3.619004258649046,45.206214901797544,52.52609618776557,28.57133064453814,Utilities
2023-05,AEP,Equity,0.9900560222952497,0.99146394463247,19.106214102677043,81.46645070661495,76.15901591745752,5.290712063432741,54.30539289583508,64.63907254123129,34.69952056287414,Utilities
2023-06,AEP,Equity,0.9882999152553424,0.9905721926442117,19.309663574182103,89.62042351670064,67.73499351286651,6.404265992427089,54.58656100733142,66.41156301069569,35.313643001369684,Utilities
2023-07,AEP,Equity,0.9880834942413701,0.9921170719145793,19.247091927310798,73.96650565972149,75.5308427815601,10.709463853629742,53.402270764970446,61.78439843505472,36.32514800043416,Utilities
2023-08,AEP,Equity,0.9890300388403864,0.9902174904433383,19.20336835042907,81.26599038856959,69.7043695360157,6.948302089285799,52.6395540046237,62.933966472946665,34.36305323848854,Utilities
2023-09,AEP,Equity,0.9905586401255754,0.9927379353959871,19.09064667153922,82.58594623107008,84.0676132870365,6.735715622317283,57.79642504680796,67.86040022610945,37.37214127701169,Utilities
2023-10,AEP,Equity,0.9834519692986231,0.9861436193746198,19.34266871727303,64.66962753194598,65.39798955400973,8.055735999922,46.04111769529257,53.5653578321603,30.846965017144342,Utilities
2023-11,AEP,Equity,0.98558597256364,0.9916621516413171,19.329863997038004,73.82584053260462,73.3087257822137,9.747056534648097,52.29387428315547,60.854949307896035,35.27514718375252,Utilities
2023-12,AEP,Equity,0.986986724632607,0.9930768468247892,19.178166499046327,62.95906651586264,59.54482892761469,6.157547506035218,42.887147649837516,50.574491437422765,28.195307592316595,Utilities
2020-01,AMD,Equity,,,21.753407457041604,,,100.0,,,,Tech
2020-02,AMD,Equity,0.9721434469623257,0.9792766155919495,21.962040294964233,7.754201526918426,21.894438261794217,92.84799176848115,40.832210519064596,29.01503059569371,61.638523018831215,Tech
2020-03,AMD,Equity,0.9432683889293085,0.9554286673882398,22.15457935939456,65.61622340387774,70.87362532746276,99.95931716866183,78.8163886333341,74.06206273391007,87.2735600474652,Tech
2020-04,AMD,Equity,0.9459848474536005,0.9678632421266432,22.11463433581515,69.63614254053623,72.04026490117505,93.1342059916595,78.27020447779024,75.05699193895254,84.21580508333795,Tech
2020-05,AMD,Equity,0.966854340255377,0.9790417529900358,21.81224745968909,60.64284444095045,66.62682488393952,87.3549587051988,71.54154267669627,67.78046142669683,77.86690908809727,Tech
2020-06,AMD,Equity,0.9729999757472829,0.9812979761473983,21.688566850787538,76.0172696031737,66.77424907705485,69.64781007540788,70.81310958521213,71.97047153978488,70.34698978129043,Tech
2020-07,AMD,Equity,0.9669146995200087,0.9833647899010362,21.837963625134442,45.89474441997855,65.64779698401321,83.10069181295566,64.88107773898247,59.261849667784375,72.16892336857175,Tech
2020-08,AMD,Equity,0.9515360362198392,0.9829838713415288,22.123579168416647,0.0,46.702822818165004,94.67041353700529,47.1244121183901,32.94492955285056,66.14281268583618,Tech
2020-09,AMD,Equity,0.9666471758545816,0.9755312513160417,22.187554077671006,9.252663773535508,25.99038475166726,84.5447029798968,39.929250501699855,29.33238790824729,57.77543149297863,Tech
2020-10,AMD,Equity,0.9734069004893495,0.9822227280771354,22.0947865673703,42.214652946526925,42.90291764125754,96.3145991861175,60.47738992463399,53.241121602864226,74.81227362922739,Tech
2020-11,AMD,Equity,0.9714958794206666,0.9805155850866576,21.97628059225302,59.12660952844709,26.342022659801522,93.05894513398596,59.50919244074486,56.07770058896119,72.9290935180413,Tech
2020-12,AMD,Equity,0.9774490295936892,0.9880996390297507,21.922259938349157,71.4649042023676,62.91431555625816,95.19097276825629,76.52339750896068,73.64494132171251,83.99042761267893,Tech
2021-01,AMD,Equity,0.9792486197157402,0.9861578832303831,22.287995073592548,68.22653786270135,56.57206912557999,100.0,74.93286899609377,71.08488966902468,84.95972139765627,Tech
2021-02,AMD,Equity,0.9762626381993308,0.9816731685779154,21.91597817661883,61.17496554525942,34.335615589716554,90.7188173770546,62.07646617067686,59.031930924955596,73.53340665322796,Tech
2021-03,AMD,Equity,0.9704094382704936,0.9766359462338956,21.955030081678764,35.10267120574214,17.395866549919585,87.11566505828391,46.538067604648546,40.193228579503725,62.76910658610269,Tech
2021-04,AMD,Equity,0.9747986866188453,0.9834396869978954,21.904499250572197,32.00043018681178,44.426632878825124,97.59906351056188,58.00870885873292,48.848017659165805,73.8448507194645,Tech
2021-05,AMD,Equity,0.9766343501991305,0.9830285848045787,21.894692095509072,36.53476211210867,29.848715309788016,92.20345319469126,52.86231020552932,45.66268628792899,68.5987674011941,Tech
2021-06,AMD,Equity,0.9837245355629953,0.9910071287960189,21.59328471628334,65.01164569717174,66.26815437412002,70.83924203689497,67.37301403606224,66.55411756820087,68.75950523639534,Tech
2021-07,AMD,Equity,0.9784848939702991,0.9889288722628273,21.942756449736944,47.934047073430214,68.57739276217545,80.96595869255164,65.82579950938577,60.73343310387807,71.88186318265211,Tech
2021-08,AMD,Equity,0.9704769771718355,0.9845900976340419,22.793037508034637,3.419557566278268,38.057950187935205,100.0,47.1591692514045,33.127163839519696,68.2955015508427,Tech
2021-09,AMD,Equity,0.9817743008251023,0.9873984403307281,22.168623630468737,61.00216036596338,49.70563177173366,96.49481468585054,69.0675356078492,64.7117326516719,80.03844723904973,Tech
2021-10,AMD,Equity,0.9792743850781941,0.9857502032738369,22.209917363164493,41.631619476808346,29.186788228694134,95.20908658221396,55.342498095905476,48.6136635234552,71.28913349042887,Tech
2021-11,AMD,Equity,0.971722290741111,0.9890139510296639,22.914804723855255,12.511143495680308,57.342112966218295,88.91153216827085,52.921596210056485,41.24051207135982,67.31757059334223,Tech
2021-12,AMD,Equity,0.9637245890077804,0.9760159712713213,22.756031887959036,12.310252193079712,11.710652596479491,85.23497741321985,36.41862740092635,26.715317358127677,55.94516740584375,Tech
2022-01,AMD,Equity,0.9660407666342443,0.9751701372009645,23.053538301321005,0.0,9.777767448698159,95.11272647579729,34.96349797483182,21.955875529768903,59.023189375218,Tech
2022-02,AMD,Equity,0.9579777713229032,0.9689540231020864,23.363608705245113,0.0,0.0,100.0,33.333333333333336,20.0,60.0,Tech
2022-03,AMD,Equity,0.9569622932018388,0.9683662709619724,23.180285646901456,19.327941465709632,0.0,99.41501621147077,39.580985892393464,29.546973975148973,63.51459802002439,Tech
2022-04,AMD,Equity,0.9666180508933515,0.9729236391080034,22.7893215123945,16.924763787628514,0.8974203498287842,90.21926004899993,36.01381472881908,26.77546000856288,57.695992856891415,Tech
2022-05,AMD,Equity,0.954818458888346,0.9692073338048337,23.247478678622926,3.1049594131037996,19.62253987505027,100.0,40.90916642938469,27.43924166906698,64.54549985763082,Tech
2022-06,AMD,Equity,0.9587235088905833,0.9718330838359359,22.852051267747626,4.7088212100249125,8.316702899268646,100.0,37.67517470309785,24.84942147479305,62.60510482185871,Tech
2022-07,AMD,Equity,0.9669719851263403,0.974513400751856,22.614189697983893,6.992146521414994,16.755611180543493,95.27581969538782,39.674525799115436,27.57792055394811,61.91504335762439,Tech
2022-08,AMD,Equity,0.9711345197283178,0.9837556861911756,22.587333860681678,19.246562661727257,44.63030425660192,92.96525028024362,52.2807057328576,41.605422663892924,68.55452355181201,Tech
2022-09,AMD,Equity,0.9701606794374135,0.9726116095843904,22.50823770908771,23.433686221437217,26.388646645551212,95.11208289404402,48.311471920344154,38.655853683192774,67.0317163098241,Tech
2022-10,AMD,Equity,0.9621625069075602,0.9650145912089098,22.382598426659737,0.0,0.0,90.9508901107725,30.3169633702575,18.1901780221545,54.5705340664635,Tech
2022-11,AMD,Equity,0.9607521608969408,0.978257394740953,22.407260198403485,0.0,27.934561068665108,90.86878083484815,39.601113967837755,26.55412448756916,60.10818071464191,Tech
2022-12,AMD,Equity,0.9676314299964016,0.9792284139904839,22.109073103518885,16.642573423021627,4.519417843468945,87.56225369902802,36.2414149885062,27.189562804357102,56.769750472714925,Tech
2023-01,AMD,Equity,0.9720639753673914,0.9817779482498341,21.951470488271056,26.513327093791116,29.903211769600833,77.80262746977272,44.73972211105488,37.78815257173035,57.96488425454202,Tech
2023-02,AMD,Equity,0.960243293028617,0.9820579794979353,22.114453310643015,0.0,20.313977747410195,76.35078063489911,32.22158612743643,21.36434945120288,49.8732639304215,Tech
2023-03,AMD,Equity,0.9728155541373668,0.9864255021738838,22.485672622573887,28.70016161684391,61.77348435503497,84.35221772582663,58.275287899235174,49.75256966009778,68.70605982987176,Tech
2023-04,AMD,Equity,0.9780885700003162,0.9869302438772533,22.16934435520963,36.72139077112809,51.410631612926835,79.1633021932211,55.76510819242534,49.616545308086316,65.12438579274364,Tech
2023-05,AMD,Equity,0.9680478181672852,0.978137644765138,22.784379021356454,0.0,8.49482568151423,91.18820642284184,33.22767736811869,20.786088989022637,56.41188899000795,Tech
2023-06,AMD,Equity,0.9636510517942212,0.9795849282613919,22.789892802054705,31.80596721162332,0.0,80.86542842121996,37.55713187761443,32.076069290055656,54.880450495056635,Tech
2023-07,AMD,Equity,0.9776637052969319,0.9827773789235537,22.553526958510997,9.768781901692325,0.0,79.43087522417738,29.73321904195657,20.77056599568164,49.612281514844895,Tech
2023-08,AMD,Equity,0.9724167118235423,0.9778936701589644,22.550186815239943,0.0,0.0,72.54188903278121,24.18062967759374,14.508377806556243,43.52513341966873,Tech
2023-09,AMD,Equity,0.9750123281828509,0.9806119316223555,22.356628242030617,0.0,0.0,73.6772062233565,24.559068741118836,14.735441244671302,44.2063237340139,Tech
2023-10,AMD,Equity,0.9761628253304775,0.9837944746702828,22.381900122086247,33.82583043252185,55.096192604690586,72.24883218793744,53.72361840838329,47.89153943525558,61.13370392020495,Tech
2023-11,AMD,Equity,0.9706308290871055,0.9861776832571459,22.429098286511415,0.0,34.28616213366871,74.18901257507117,36.15839156957996,25.12365115511485,51.37063997177645,Tech
2023-12,AMD,Equity,0.9751052685791987,0.990263569030796,22.81931997595925,0.0,31.40817509452358,83.68681752665937,38.36499754039431,26.159816033688948,56.493725534900335,Tech
2020-01,AMGN,Equity,,,19.812676904313907,,,41.70960776656832,,,,Healthcare
2020-02,AMGN,Equity,0.9814811548575262,0.9854628549420087,19.882317838513643,51.24438024746334,51.28138328854097,39.94918004553662,47.491647860513645,48.99644111940128,44.474660734522836,Healthcare
2020-03,AMGN,Equity,0.9586250982674543,0.9723688077975159,20.38451587334479,87.86534767734916,93.63556275597101,51.39824580719443,77.63305208017154,82.30299182690477,67.13912957098069,Healthcare
2020-04,AMGN,Equity,0.9603432845342385,0.9785446893211116,20.064737615511692,91.80575469612828,96.21632585790212,39.3647956101772,75.7956253880692,82.6407342274702,61.2232934769124,Healthcare
2020-05,AMGN,Equity,0.9799206821395066,0.9871992063050733,19.946504771520754,89.40915810685328,93.23793878450557,42.70891506258228,75.1186706513137,81.21774370129478,62.15476841582114,Healthcare
2020-06,AMGN,Equity,0.98317541259022,0.9882576050972379,19.95450237639899,89.4940355500234,85.95651955401907,35.36539434973467,70.27198315125905,77.60705251116435,56.3093476306493,Healthcare
2020-07,AMGN,Equity,0.9784512259052687,0.9916232123200892,19.930379216266736,77.07920196609336,93.04197715796941,40.06234993604009,70.06117635336763,74.46466411764553,58.061645786436614,Healthcare
2020-08,AMGN,Equity,0.986218066923053,0.9907048474695233,19.758334842749868,84.72777657902905,79.18300460352164,39.2728985322701,67.7278932382736,73.97336937702504,56.3458953558722,Healthcare
2020-09,AMGN,Equity,0.981465718539018,0.9883532301644578,19.993184396299185,59.63935762286644,76.41584367365114,38.177872082844765,58.07769112645411,60.380006330097515,50.11776350901037,Healthcare
2020-10,AMGN,Equity,0.9782412047131257,0.9825038283737674,20.06428894570335,59.464632886508795,44.15703184806725,45.605407196464625,49.74235731034688,52.10050743696749,48.087577264793985,Healthcare
2020-11,AMGN,Equity,0.9829157152471494,0.9887017127282783,19.96751581599144,85.5583609931933,76.33217305155885,44.15503674634903,68.68185693036706,74.50983976133412,58.87112885675985,Healthcare
2020-12,AMGN,Equity,0.9881389779993156,0.9919969132663273,19.857987653085416,93.33316870904156,83.42604755012117,42.920332598955326,73.22651628603934,80.2784651393482,61.104042811205744,Healthcare
2021-01,AMGN,Equity,0.9882901325310137,0.9927202798294171,20.069810855604075,90.87488287688087,88.47332562777028,40.9430317449324,73.43041341652786,80.168045475758,60.435460747889664,Healthcare
2021-02,AMGN,Equity,0.9875306312368185,0.9899413007512963,19.99334247346087,93.53573254413743,80.27437351571068,39.174991865004486,70.99503264161753,78.68517669978282,58.26701633097231,Healthcare
2021-03,AMGN,Equity,0.9889454130766786,0.9932513025640478,20.153462722576617,98.06365185390112,97.78144598058013,39.16268834641563,78.33592872696562,86.19879739040773,62.666632574745634,Healthcare
2021-04,AMGN,Equity,0.9874183530168421,0.992043596472336,19.97439611789421,80.15865774088637,82.2175679353874,41.88001242579574,68.08541270068983,73.12060173621855,57.6032525907322,Healthcare
2021-05,AMGN,Equity,0.9817345218587409,0.9846293093021707,20.16825751128625,56.00164646776439,38.65847080614941,40.34624564988513,45.00212097459964,47.66761360570404,43.13977084471384,Healthcare
2021-06,AMGN,Equity,0.989680495809484,0.992041401265827,19.899063934026415,86.335756686409,72.40452317946527,26.996748814201272,61.91234289335852,70.28858505988434,47.94610526169562,Healthcare
2021-07,AMGN,Equity,0.9922980059144935,0.9948589007432729,19.90497203101821,96.2498692584043,94.16483600601885,27.549806699980955,72.65483732146804,81.884346771004,54.61282507287321,Healthcare
2021-08,AMGN,Equity,0.9837955526743759,0.9856101228770552,19.997754485567302,59.62587523927847,43.130527240297276,30.960535653130627,44.57231271090212,48.94420292235455,39.12760188779353,Healthcare
2021-09,AMGN,Equity,0.9890788196464841,0.9907635336153565,19.938444750065884,86.0580152365067,73.57102020145119,32.01724916185058,63.88209486660282,71.50376351105882,51.13615658470192,Healthcare
2021-10,AMGN,Equity,0.9895040402667399,0.9914206015981047,19.93070186203637,86.9943939329775,76.44132941485177,33.5964777256762,65.67740035783515,73.14889133607952,52.84503130497157,Healthcare
2021-11,AMGN,Equity,0.9885283694408853,0.9924033349639937,20.078282673799045,81.57172414894501,78.22554092548427,29.056907817438354,62.95139096395587,70.06490591560545,49.39359770534887,Healthcare
2021-12,AMGN,Equity,0.9879457585369944,0.9927898887692372,20.04417155565823,89.69745009427925,92.08298318394145,26.60748248278537,69.46263858700202,77.79511649887914,52.320576145315364,Healthcare
2022-01,AMGN,Equity,0.9909101242265151,0.9952830893215572,20.100925253468958,92.41224866716136,94.55511422961037,25.515751058417163,70.82770465172963,79.67580881414722,52.70292321440464,Healthcare
2022-02,AMGN,Equity,0.9815442487041894,0.9905792377212492,20.228489934629142,71.93113602158198,83.38375062059622,27.168287971145453,60.827724871107876,66.41435079119894,47.36395011112292,Healthcare
2022-03,AMGN,Equity,0.9853903811843486,0.992521355903159,20.21571098626477,90.40309742835187,90.71458983177232,28.189108720494133,69.76893199353943,78.05374740780645,53.13700268432132,Healthcare
2022-04,AMGN,Equity,0.9915175957970025,0.9953010418173512,20.208302718412973,99.20902839640566,97.83677175976447,30.87894978867616,75.97491664828209,85.1313356838674,57.93652990443972,Healthcare
2022-05,AMGN,Equity,0.9866987347959663,0.9890954419344612,20.35054326904806,93.44746044536495,85.18883745140862,31.750624006871426,70.12897396788166,78.63050625947935,54.77763398347757,Healthcare
2022-06,AMGN,Equity,0.9899255220022428,0.9924263845275447,20.25873376638486,100.0,100.0,36.06749268560287,78.6891642285343,87.21349853712057,61.64049561136172,Healthcare
2022-07,AMGN,Equity,0.9905713699418073,0.9938237250257063,20.130112011411768,100.0,100.0,35.83540500722912,78.61180166907637,87.16708100144582,61.50124300433747,Healthcare
2022-08,AMGN,Equity,0.991155990582286,0.9939562734198093,20.174745802805194,100.0,94.33120892754575,34.80737846350377,76.37952913034984,85.26083837096448,59.75066886361141,Healthcare
2022-09,AMGN,Equity,0.9855428772480885,0.9876109459188869,20.020441695163317,84.96857590152838,84.893396400488,30.52104213999635,66.79433814733758,74.05651529890986,52.28501974440109,Healthcare
2022-10,AMGN,Equity,0.9826273607002782,0.9911002835631479,20.17616713910905,80.02746313742082,90.20276510662183,36.40886959590916,68.87969927998394,74.35633501987878,55.89136740635402,Healthcare
2022-11,AMGN,Equity,0.9818419487432434,0.9932204607651236,20.38606697506887,81.68856826987899,91.49020999357775,36.51430230654146,69.89769352333273,75.59420759432112,56.54433703661622,Healthcare
2022-12,AMGN,Equity,0.9894915559108978,0.9923889022189017,20.177943857263394,95.92690281162145,83.49389974277928,37.69812804531138,72.3729768665707,80.55124693770678,58.503037338066974,Healthcare
2023-01,AMGN,Equity,0.989084066613542,0.9923097684642613,20.01188378942156,94.79338451382925,89.99487022127663,29.023548896514704,71.27060121054019,80.19986310260056,54.37178028493,Healthcare
2023-02,AMGN,Equity,0.989930294292126,0.9906183111772515,20.113152730703096,96.26089469115873,73.35725832459046,27.668772432995386,65.76230848291486,75.67137932955558,50.52489406294707,Healthcare
2023-03,AMGN,Equity,0.9863136376782388,0.9902517538716163,20.015893640962357,79.84733599784745,78.70103920215725,26.807258699093623,61.78521129969945,68.89543149938962,47.79403025945712,Healthcare
2023-04,AMGN,Equity,0.9884740673514996,0.9936416599497156,19.85935483537076,76.40410821627219,80.79465995230629,24.526891346987114,60.57521983852187,67.3458303632254,46.15588844190796,Healthcare
2023-05,AMGN,Equity,0.9889405898812463,0.990162430307466,19.953236686443713,77.33752136537434,69.55058643901228,25.071531907017125,57.319879903801244,64.54824299579428,44.4205407050876,Healthcare
2023-06,AMGN,Equity,0.9873710962550675,0.9908437540522524,20.060882643503906,87.44185793734147,69.40913273179224,22.476955886641424,59.77598218525838,69.0390599655367,44.856371665811594,Healthcare
2023-07,AMGN,Equity,0.988577021363802,0.9936869238429982,19.95826779785078,77.00719276403078,88.22636064383536,25.490643309753853,63.57473223920667,70.06963323711676,48.341096667425546,Healthcare
2023-08,AMGN,Equity,0.9842593609749989,0.9955737960483554,20.086720887056718,57.929673637417636,100.0,24.260941547403853,60.730205061607165,63.81702512818959,46.14249965592584,Healthcare
2023-09,AMGN,Equity,0.988142912184036,0.9936417950746886,20.06679349464062,69.75298760886602,90.33392553246556,26.743398450130996,62.27677053048753,67.32535115419888,48.06342169834491,Healthcare
2023-10,AMGN,Equity,0.9861247067580753,0.99273962633555,20.31200201528414,75.9792370361119,94.32371910244824,28.52949970838093,66.27748528231369,71.99263419046662,51.178291052740576,Healthcare
2023-11,AMGN,Equity,0.9839237106555453,0.9879380037471868,20.125642739703405,65.62010965860966,46.81102572167115,26.293575436728318,46.24157027233637,52.11207763315184,38.26237233809316,Healthcare
2023-12,AMGN,Equity,0.9896360315410526,0.9935763339610768,20.1700313806016,76.99757232861764,64.54038844108055,27.276833115294956,56.27159796166438,63.316269319691976,44.673692023116615,Healthcare
2020-01,AMT,Equity,,,19.42177540567613,,,29.96877045754215,,,,RealEstate
2020-02,AMT,Equity,0.9869136262465513,0.9927973435036226,19.827597638612595,76.54600182896358,86.1229404871622,38.557343580517326,67.07542863221437,71.82135177673392,55.668194611535554,RealEstate
2020-03,AMT,Equity,0.9552314183256008,0.968326503299049,20.269384360231783,82.94851262446899,88.20404449000094,48.239653096651836,73.13073673704058,77.58340027856514,63.174303280885084,RealEstate
2020-04,AMT,Equity,0.9439948961099924,0.9653878030116871,19.875377494052543,66.56363198464996,66.43743170373743,34.39782240622131,55.799628698202895,60.09260998469047,47.238906181410265,RealEstate
2020-05,AMT,Equity,0.9765569963859884,0.9852797932215693,19.779288157196568,82.00380775575317,86.97646008340116,38.70752713903244,69.22926499272893,74.83634733070342,57.02056985125033,RealEstate
2020-06,AMT,Equity,0.9778674342760869,0.9868122072400056,19.88318055998684,82.4639313397871,81.97268466223312,33.95536364057451,66.13065988086491,72.61484379667839,53.26054138474875,RealEstate
2020-07,AMT,Equity,0.9817947344154814,0.9867660536705248,19.530810610697078,86.11706099834247,76.93019788246546,31.04740403385746,64.69822097155513,72.34707067068237,51.23789419647606,RealEstate
2020-08,AMT,Equity,0.9848439637813561,0.9878161670998894,19.422609961800834,81.3708594197506,67.03106138156149,31.40972603545245,59.937215612254846,67.07669333143423,48.52621978153389,RealEstate
2020-09,AMT,Equity,0.9829185349417092,0.9879329152523437,19.95937366268818,64.5792911143408,74.76285605093942,37.463454370480676,58.9352005119203,62.21119324654836,50.346502055344445,RealEstate
2020-10,AMT,Equity,0.9855737918093911,0.9885651262695467,19.61785114318186,85.62909719486923,71.19919400115418,34.45616969038186,63.7614869621351,71.06554073585724,52.039360053433796,RealEstate
2020-11,AMT,Equity,0.9857179556874407,0.9893026184384783,19.67947683689355,92.04427935381247,80.00171842627721,37.142651815900884,69.72954986533018,77.45118556796957,56.69479064555847,RealEstate
2020-12,AMT,Equity,0.9855539020483527,0.988479439174109,19.949405630526513,88.04491824042894,64.91324052263407,45.23518042108666,66.06444639471655,72.54346736122201,57.7327400052646,RealEstate
2021-01,AMT,Equity,0.9852648357740129,0.9892393701537915,19.955041063664094,83.29673018023396,71.55185635243944,37.887399167496305,64.24532856672324,70.69140182934808,53.702156807032466,RealEstate
2021-02,AMT,Equity,0.9854222212809771,0.9917213897568531,19.606267482185743,87.48054923934635,90.16476667805901,28.79792158715977,68.81441250152172,76.54928894052283,52.80781613577693,RealEstate
2021-03,AMT,Equity,0.983581911487892,0.9879477907018795,19.966563331908866,79.84549374412177,72.12290062130212,34.18791896969932,62.05210444504107,68.39720085239139,50.90643025490437,RealEstate
2021-04,AMT,Equity,0.9854298134516535,0.9942729174499706,19.689928835891116,72.57014170088743,92.0094101829489,33.667888032275435,66.08247997203726,70.62147151178347,53.11664319613253,RealEstate
2021-05,AMT,Equity,0.9893636524534676,0.9931440481562277,19.71415208098242,85.1213335947432,85.5202309231775,26.706204051037087,65.78258952298593,73.55797688453227,50.152035334206396,RealEstate
2021-06,AMT,Equity,0.9904533795980593,0.9947214124728166,19.648757233272622,89.10291076522921,88.30510803366688,20.519393592071317,65.97580413032246,75.14686651112893,47.793239915022006,RealEstate
2021-07,AMT,Equity,0.9914942390463141,0.9953039688142654,19.52466325428813,93.43843493151088,96.0852574751098,17.580827039857915,69.03483981549287,79.06096011625996,48.45323470523889,RealEstate
2021-08,AMT,Equity,0.9919741557229202,0.9947918003543825,19.388186173072448,94.14076468673986,88.7909329927018,15.9050763528688,66.27892467743682,76.88867751175424,46.129385347609606,RealEstate
2021-09,AMT,Equity,0.9882616923676243,0.9922449427562037,19.789075283888177,83.25511705655495,84.0772384781179,27.69877066338222,65.01037539935169,72.3904842043893,50.08573350496391,RealEstate
2021-10,AMT,Equity,0.9886446664120702,0.9901316352632389,19.572061929768868,83.18355362366177,65.69966555363548,23.90158847268733,57.59493588332819,66.08199417245899,44.11759691907185,RealEstate
2021-11,AMT,Equity,0.9890033855583449,0.9917080937477155,19.725189876453225,83.52368983216293,73.94186573973731,21.606150737760498,59.69056876988691,68.26563478555475,44.45680155703635,RealEstate
2021-12,AMT,Equity,0.9857137124203793,0.9909681679225621,19.712506097263166,82.56601103049837,83.35419635491161,19.43723306062595,61.785813482011974,70.17671103384785,44.84638131345757,RealEstate
2022-01,AMT,Equity,0.9826176208165188,0.9845696728285598,19.999333624751735,61.598067627115846,49.397395969779964,23.12110266668572,44.70552208786051,50.24247313782906,36.0717543193906,RealEstate
2022-02,AMT,Equity,0.9820490206156437,0.9863008725014267,19.70120966551639,73.471833701394,66.88698308158703,14.91907908041764,51.75929862113289,59.78582759125664,37.02321080484679,RealEstate
2022-03,AMT,Equity,0.9850096122556602,0.9889048870940672,19.795105134493095,89.45110899322007,77.13291601630252,18.08376919700955,61.55593140217738,71.4821831409027,44.16706652011025,RealEstate
2022-04,AMT,Equity,0.9853121886910154,0.9921420674121479,19.830034018937248,78.70233390499932,84.15203211689824,22.182158412727972,61.67884147820851,69.03320827011473,45.8801682520163,RealEstate
2022-05,AMT,Equity,0.978821030903473,0.9833111846253259,19.818688081502536,71.12357987100323,66.11953565975061,19.220560496060404,52.154558675604754,59.241762732638875,38.98095940378701,RealEstate
2022-06,AMT,Equity,0.976119203302544,0.9851288826595122,19.98274663844754,57.83540058981769,67.5108404485836,29.263640451443294,51.536627163281516,55.023680519772576,42.62743247854623,RealEstate
2022-07,AMT,Equity,0.9811606780610929,0.9874798543666972,19.641344728939476,62.911395427564386,72.6523683253715,24.139905259695805,53.23455633754389,58.0793892633328,41.59669590640466,RealEstate
2022-08,AMT,Equity,0.9851957246344234,0.9911451925233972,19.52449062019889,75.96020960444237,80.63461867020187,19.13232053775308,58.57571627079911,65.99695451083237,42.7983579775807,RealEstate
2022-09,AMT,Equity,0.9836121699042505,0.9850346479625438,19.718741708282984,77.24498107653099,74.8445739813682,22.687957739582366,58.25917093249385,65.61345428059244,44.03068565532926,RealEstate
2022-10,AMT,Equity,0.9777177706917018,0.9789466425918365,19.846334400594323,60.82859480389763,48.176201010181245,28.255547943860837,45.75344791931324,50.51826729377535,38.75428792913228,RealEstate
2022-11,AMT,Equity,0.9735474419272712,0.9872882859933505,19.6698735297408,49.56086782834453,66.29328734771029,17.254233156906327,44.369462777653716,48.11926674986662,33.52337092935476,RealEstate
2022-12,AMT,Equity,0.9813850992926054,0.9891338964380255,19.525145071667914,66.52565511465002,63.96100775106143,20.842062748467946,50.442908538059804,56.619542432337035,38.60257022222306,RealEstate
2023-01,AMT,Equity,0.9828291534380545,0.9890773190535762,19.74082263416414,69.70034449406855,71.5514063190802,22.20657422953912,54.48610834756263,60.756908988666154,41.57429470035322,RealEstate
2023-02,AMT,Equity,0.9850509648843215,0.9885453624663847,19.730773667845096,80.43953873408284,60.51242891706965,18.36733073009624,53.106432793749576,62.04696418818156,39.21079196828825,RealEstate
2023-03,AMT,Equity,0.9813219186820207,0.9850500034859491,19.696268165668855,60.93262701805398,55.68820002939633,19.360100464852206,45.32697583743417,51.04479361081633,34.940225688401384,RealEstate
2023-04,AMT,Equity,0.9829068872495084,0.9889855696051987,19.584814985912196,55.13205667332193,60.40929132714208,18.033410800924916,44.52491960046297,49.295497894988564,33.928316080647754,RealEstate
2023-05,AMT,Equity,0.9852418204133311,0.9882556489247907,19.570896351379243,63.64600801966819,59.868917896345216,16.14260199205118,46.552509302688186,53.0121997771479,34.38854637843339,RealEstate
2023-06,AMT,Equity,0.9857403529792296,0.9897674474766576,19.73830042405766,83.61691339113803,62.77384879070771,15.575155612551331,53.98863926479902,63.75564245529159,38.62324580389995,RealEstate
2023-07,AMT,Equity,0.9867343860548934,0.9906498405651467,19.684902423726477,65.65446832989078,63.66522573347763,19.80897887286311,49.709557645410506,55.8885976595613,37.749326136391545,RealEstate
2023-08,AMT,Equity,0.9844697762348775,0.9872846602136931,19.38513195266619,58.95894396175234,53.11608137566357,10.510648470441286,40.86189126928573,47.5164260876635,28.721394149747955,RealEstate
2023-09,AMT,Equity,0.986861005947274,0.98988338277927,19.626941943545997,62.94317702919029,64.27746395428568,17.72794081880607,48.31619393409401,54.30041586464206,36.08089268797884,RealEstate
2023-10,AMT,Equity,0.9813274824862503,0.9868152007914252,19.574535743025613,55.679924424476944,68.34310203605128,12.953113101051123,45.658713187193115,50.933515443264085,32.57647315273632,RealEstate
2023-11,AMT,Equity,0.9761714132441475,0.9913681958226735,19.69410287634946,27.351010244539626,71.2171995230808,17.320625892900804,38.62961188684041,38.50479015777421,30.106017489264566,RealEstate
2023-12,AMT,Equity,0.9873917030805586,0.9944676522248178,19.73693494304967,65.10502109646833,73.454799060444,18.055126075249447,52.204982077387264,58.199975481417255,38.545039676532134,RealEstate
2020-01,BA,Equity,,,21.57717608427681,,,94.70684076784501,,,,Industrials
2020-02,BA,Equity,0.981231966178707,0.9875426430276104,21.303732922249033,50.08378920107251,61.161152673518835,76.10360471958603,62.44951553139246,58.610961346509114,67.91115120666989,Industrials
2020-03,BA,Equity,0.9305537146647596,0.9356914216543012,22.156062259014398,47.19493525030411,44.353304860638346,100.0,63.84941337031415,56.90345908334356,78.3096480221885,Industrials
2020-04,BA,Equity,0.9008840958396656,0.9360344720555079,22.376384809181385,0.0,0.0,100.0,33.333333333333336,20.0,60.0,Industrials
2020-05,BA,Equity,0.9503612800351865,0.9697886728389815,22.093735496575828,24.33241051752116,36.44157462000444,94.09078956730849,51.62159156827803,41.91683555822361,68.60927076789021,Industrials
2020-06,BA,Equity,0.9389372230204528,0.9669463596709726,23.22383363855693,30.903162652223205,27.218032644166044,100.0,52.70706509879642,43.616991119361415,71.62423905927785,Industrials
2020-07,BA,Equity,0.9520835566592033,0.9694539565482093,22.586990084156717,5.804588210213109,19.503890085035156,100.0,41.76949276508275,28.7534611306171,65.06169565904965,Industrials
2020-08,BA,Equity,0.9734337882414226,0.9837013754411844,22.351130424798296,53.49594021020722,49.72117997951626,100.0,67.73904006324116,61.66432409895849,80.6434240379447,Industrials
2020-09,BA,Equity,0.973583691716656,0.9813112056388669,21.918194771468116,32.83852566064631,48.72141969738229,78.85316544760236,53.47103693521032,46.80632182905831,63.62388834016714,Industrials
2020-10,BA,Equity,0.9697202101278154,0.9789260408137609,21.650983691859544,29.059639973075168,28.194920595564227,85.23116575596191,47.495242108200436,40.03452931639923,62.58961156730503,Industrials
2020-11,BA,Equity,0.9617821969140985,0.9807795657012915,22.09250390697307,36.643830815844616,27.95407065169517,95.88843239040568,53.49544461931515,45.885823081512,70.45263972775136,Industrials
2020-12,BA,Equity,0.9686768862131188,0.9866642558603517,22.11217805684577,53.519864202378784,55.359754832022965,100.0,69.62653967813391,63.367858550796285,81.77592380688034,Industrials
2021-01,BA,Equity,0.9812100953317143,0.9849295774587429,21.700552975222887,73.13989444307786,50.60100399824772,84.3599331950131,69.36694387877957,68.62223506001587,75.36413960527298,Industrials
2021-02,BA,Equity,0.9786618934859075,0.9860778632993381,21.614996431853456,68.06543317702196,58.80864048847083,82.64981579291819,69.84129648613698,68.20527189363587,74.96470420884947,Industrials
2021-03,BA,Equity,0.9668669320470894,0.9830044912984031,22.439087566039063,23.069871846125253,48.207073662684266,100.0,57.092315169603175,45.99705802186791,74.2553891017619,Industrials
2021-04,BA,Equity,0.9791077731134702,0.9861793656433225,21.77159384148846,48.444443951809276,56.460118130239735,93.76229274282386,66.2222849416243,59.91271596354133,77.23828806210412,Industrials
2021-05,BA,Equity,0.9833844617317318,0.9865860326606247,21.81737571575033,62.29931463365362,49.42750344601323,89.88108802174902,67.20263536713863,63.95412595498059,76.27401642898278,Industrials
2021-06,BA,Equity,0.9825014777706724,0.9901364784450535,21.70388219425466,60.63273465169915,61.10256038415434,73.70124752589938,65.14551418725095,63.38738494627575,68.56780752271032,Industrials
2021-07,BA,Equity,0.9800780154968795,0.9848853939370483,21.703385330375475,53.50650436678188,51.13021312218701,74.69135772053939,59.77602506983609,57.03058766415492,65.74215813011742,Industrials
2021-08,BA,Equity,0.9791795641745135,0.9856762933309678,21.381900185420527,40.14573519361849,43.45959235742142,65.14694072475015,49.58408942526336,46.14013344898571,55.80922994505808,Industrials
2021-09,BA,Equity,0.9830541426419389,0.9878055701960012,21.405051041306113,65.39225526530734,52.593014543695915,74.41887177262107,64.13471386054145,63.35780635028666,68.24837702537329,Industrials
2021-10,BA,Equity,0.983904429495419,0.9900187539625053,21.295416039601328,62.16326563197817,64.75896372465905,70.48794357507188,65.80339097723636,64.60691064840118,67.67721201637058,Industrials
2021-11,BA,Equity,0.9807497291154509,0.9889639757633691,21.467906324292287,49.607253009427126,57.03419421353826,58.37993091456438,55.00712604584326,53.589870951687914,56.356247993331706,Industrials
2021-12,BA,Equity,0.969700397155682,0.9791427468332863,21.27622136045929,31.403097697649063,26.692617255019606,53.24307017314902,37.11292837527257,34.35794805996022,43.56498509442315,Industrials
2022-01,BA,Equity,0.978204440644084,0.9868567117647684,21.438596550439065,45.199095438353446,59.037407631613206,57.04642401249422,53.76097569415362,51.72005481115953,55.07515502148986,Industrials
2022-02,BA,Equity,0.9747349764461318,0.98251584294142,21.216669125370558,51.14743207305435,52.29244765239818,50.12460558422425,51.188161769892254,51.286371449091476,50.76273929562505,Industrials
2022-03,BA,Equity,0.9711398930302306,0.975896894613686,21.225197721168698,54.77440271202504,28.281309604415146,52.44270899183735,45.16614043609251,46.360136035704535,48.07676785839044,Industrials
2022-04,BA,Equity,0.9776258569619201,0.9832975530770904,21.018103806454384,53.301702836638434,45.83742097490926,49.497120228030575,49.54541467985942,50.30150175639811,49.52609689912788,Industrials
2022-05,BA,Equity,0.9655863134984977,0.9679055845016781,21.00002599113394,33.61896497101483,15.330986268029637,47.05189387784339,32.00061503896262,30.819157141484986,38.02112657451492,Industrials
2022-06,BA,Equity,0.9593836416152264,0.9728128089962768,21.063504649676737,6.724871432937227,12.678530772213351,55.907338888558996,25.103580364569854,18.34746272584442,37.425083774165515,Industrials
2022-07,BA,Equity,0.9688036971290082,0.9844291620571571,20.94549596264105,14.211131375945657,59.501215958252786,55.346372982638584,43.01957343894568,36.02520507197638,47.95029325642284,Industrials
2022-08,BA,Equity,0.9768149358541302,0.9883045853720932,20.54783258123911,42.15762304369656,66.79416595212146,43.80101207030285,50.91760035537362,49.87726372154529,48.07096504134532,Industrials
2022-09,BA,Equity,0.9762367441142414,0.9785588499793441,20.628739794370684,47.74035384979347,49.5857937245853,46.31438174525343,47.8801764398774,48.008791391323015,47.253858562027816,Industrials
2022-10,BA,Equity,0.9693355760963424,0.9766267820749516,20.60143779262191,28.050165219929024,40.15426199307483,46.921374942955815,38.37526738531989,35.455636196478125,41.79371040837426,Industrials
2022-11,BA,Equity,0.9720178031992726,0.9825344095468959,20.694439298081782,43.63600985580348,46.101188885053865,44.80713478609823,44.84811117565186,44.609788550637546,44.831720619830406,Industrials
2022-12,BA,Equity,0.9783887663643375,0.9868378907660962,20.87105101186475,55.65827732497457,50.182958241700945,55.595004867795986,53.81208014482383,54.003027108556765,54.52525003401269,Industrials
2023-01,BA,Equity,0.9804008756202706,0.9898310852559842,21.040344411930107,59.95874285209173,75.85218816545733,54.88852391650428,63.56648497801779,63.712732658983924,60.09530055341238,Industrials
2023-02,BA,Equity,0.9843750079341681,0.9900954598962154,20.775752212970293,78.24773026488397,70.11746012060863,43.7866278684229,64.0506060846385,68.91642874230915,55.94501479815226,Industrials
2023-03,BA,Equity,0.9795116716295756,0.983874729877349,20.85879455070078,54.07320720606765,50.48872282779403,46.44654572664949,50.33615858683705,51.47252959670193,48.78031344276203,Industrials
2023-04,BA,Equity,0.9818190095992316,0.985548866377561,20.716157619260606,50.97530423758997,45.36266272527513,44.7921906103656,47.043385857743566,48.05488905845064,46.142907758792376,Industrials
2023-05,BA,Equity,0.9859063663301755,0.9891954925619723,20.504912283469334,66.10591782703389,64.64096709915421,37.955008458891186,56.2339644616931,60.03625073504144,48.92238206057233,Industrials
2023-06,BA,Equity,0.9845656955800802,0.9905645607317185,20.922896519126212,80.86172839108016,67.68794380829891,40.920153448033616,63.15660854913756,68.92127802763648,54.26202650869598,Industrials
2023-07,BA,Equity,0.9844427892198233,0.9907528376885576,20.77542196562111,51.5356314352981,64.49817169249103,42.47449062161782,52.83609791646899,53.61216534971992,48.69145499852851,Industrials
2023-08,BA,Equity,0.9784726632654788,0.9899201224207027,20.554397468829528,29.623379541922844,68.02243568273913,33.42683591857797,43.69088371441331,41.90378765949876,39.58526459607918,Industrials
2023-09,BA,Equity,0.9853243011615426,0.986316225123649,20.566738344084655,54.779812028217435,39.54693970863589,36.99056387888764,43.772438538580325,46.65210070247701,41.05968867470325,Industrials
2023-10,BA,Equity,0.9871062524141269,0.9878064553398008,20.71787129326634,80.1326184470676,72.69008971356742,37.102063666495546,63.30825727571019,69.29374887090313,52.82577983202433,Industrials
2023-11,BA,Equity,0.984898930222411,0.99192745853836,20.684258536967892,70.43426636266759,75.19641198095859,37.90879754919417,61.17982529760678,65.3578162854602,51.87141419824174,Industrials
2023-12,BA,Equity,0.9863252457316793,0.9965576038809806,21.061545867530462,59.45393263874038,94.35719497843819,46.259407682024474,66.69017843306767,67.28600634930655,58.5178701326504,Industrials
2020-01,CAT,Equity,,,19.683531290872317,,,37.83068266171185,,,,Industrials
2020-02,CAT,Equity,0.9827132835125504,0.9861709940553247,19.840903817034306,56.982993621870726,54.64530828670772,38.89579308126624,50.17469832994823,52.664247913200924,45.66313623047543,Industrials
2020-03,CAT,Equity,0.9580349509363336,0.9639683211134742,20.28149096757118,87.01032978122039,82.34809124443203,48.57179362584031,72.64340488383091,77.92395098910788,63.01476038063467,Industrials
2020-04,CAT,Equity,0.9525230321909659,0.9680434077697039,20.125440162853383,79.73118415369784,72.44804630847335,40.95704176916104,64.37875741044407,69.79141432322312,55.010071153930866,Industrials
2020-05,CAT,Equity,0.9698494048360395,0.9782496477397385,19.840991030302344,67.23665378261643,64.0428317891779,40.18403790497295,57.1545078255891,60.86798400905617,50.36631985734264,Industrials
2020-06,CAT,Equity,0.9707247013273226,0.9822468796043303,19.818370192183473,73.00380283059542,69.38963603210443,32.67406412421581,58.35583432897189,63.853605049772206,48.08312624706946,Industrials
2020-07,CAT,Equity,0.9792190892783317,0.9866623646875957,19.524438567965696,79.15481831358375,76.58624905830975,30.903639935004136,62.21490243563255,68.73401186128562,49.690397435381186,Industrials
2020-08,CAT,Equity,0.9822447031916258,0.9902210951322926,19.56655506593788,75.02089760805852,77.14798162302404,34.78113294667808,62.316670725920204,67.61106988027208,51.30245561422336,Industrials
2020-09,CAT,Equity,0.983184820823326,0.9904239392108252,20.00781288756974,65.4847286785567,84.5593958656655,38.486970766981194,62.84369843706779,65.80757725237424,53.101007369033155,Industrials
2020-10,CAT,Equity,0.9825676074802495,0.9881689587842394,19.920950784426733,74.90229619659162,69.43171357671869,42.02571211972151,62.119907297677265,66.68580459525572,54.082229226494974,Industrials
2020-11,CAT,Equity,0.9714812861007232,0.9801288777330047,19.845022336181547,59.09283259753039,23.980520419301627,41.172900666755694,41.415417894529234,44.97515255790682,41.31841100341982,Industrials
2020-12,CAT,Equity,0.9841792705105022,0.9917849517149367,19.790570699552717,85.23285545693527,82.31047336385448,41.2132286744515,69.58551916508041,75.55221547251428,58.23660296882885,Industrials
2021-01,CAT,Equity,0.9842405553303568,0.9928226673372693,20.14264377357627,80.73098069193904,88.97105387404748,42.88213639175406,70.86139031924687,75.63323378653457,59.66968874824974,Industrials
2021-02,CAT,Equity,0.9822323144103904,0.9902737915092659,20.043815063250378,78.3193940412781,82.1217330066693,40.52810850430258,66.98974518408333,71.90183862350035,56.40509051217103,Industrials
2021-03,CAT,Equity,0.9798138622224795,0.9898399854612837,20.316821506893316,67.0465943411194,81.27739415776242,43.51086880186183,63.944952433581214,66.60868917826079,55.77131898089347,Industrials
2021-04,CAT,Equity,0.9857728146977947,0.9906278276564328,20.034662339926943,73.87907741614688,75.99908928497325,43.619803759882956,64.49932348700104,68.463226245542,56.1475155961538,Industrials
2021-05,CAT,Equity,0.9876620408991565,0.9920612658714372,20.326315996380764,78.62643939179969,79.56102482672216,45.093875094213956,67.76044643757861,72.20030216275929,58.693817900232744,Industrials
2021-06,CAT,Equity,0.9865808132721334,0.9883194309938991,20.375131716124216,75.23797031403817,50.321964726256184,39.316275719284675,54.95873691985967,60.57882971875287,48.70175243962967,Industrials
2021-07,CAT,Equity,0.9853460256336574,0.9887293200805964,20.239415674145178,71.93307196903615,67.71634628426135,36.31653016204946,58.655316138448974,63.54474590220637,49.71980174788918,Industrials
2021-08,CAT,Equity,0.9845084989644565,0.9895373076450241,20.123211064072805,62.634611846013286,62.66038443827859,34.05913243535041,53.11804290654743,56.9272477415603,45.49447871806862,Industrials
2021-09,CAT,Equity,0.985192052324833,0.9886911851361617,20.185388085652722,72.72568215499116,58.87383434819795,39.15672359635842,56.91874669984918,61.856336101226645,49.81393745845288,Industrials
2021-10,CAT,Equity,0.9838231905881571,0.9883993690333329,20.162427265282943,61.803016712609725,51.263740381297495,39.86056579689546,50.975774296934226,54.2527436300732,46.52969089691872,Industrials
2021-11,CAT,Equity,0.983384380283933,0.9910215411092087,20.201596843381548,60.433724952381,69.71172455647351,31.65901108589323,53.93482019824925,57.4621820603112,45.02449655330684,Industrials
2021-12,CAT,Equity,0.9841555648585111,0.9885462001293224,19.97711717154902,77.58769346477838,71.74932252775473,25.15783903411598,58.164951675549695,65.3502112975388,44.96210661897621,Industrials
2022-01,CAT,Equity,0.9831022147346294,0.9904885174941767,20.526554744369932,63.3987741189052,74.34569514290834,35.54839832206614,57.76428919462656,61.11277526673833,48.877932845602395,Industrials
2022-02,CAT,Equity,0.982689268185801,0.9842377328383444,20.25257490072438,75.42603900375482,58.931810095258506,27.72780403519825,54.02855104473719,60.938123337494616,43.508252240921614,Industrials
2022-03,CAT,Equity,0.9790604590499509,0.9897286384105639,20.484743780350943,74.57719301963822,80.22651982607285,34.652803212001835,63.15217201923763,68.28711310004132,51.75242449634331,Industrials
2022-04,CAT,Equity,0.985494101379093,0.9911268455267217,20.29506249564563,79.30349154942165,79.75407081689086,32.873647429432395,63.97706993191497,70.15269650566457,51.53570093092194,Industrials
2022-05,CAT,Equity,0.9770111905614366,0.981982799364206,20.13851623399291,65.99484436562528,61.7401697211229,26.75544434619999,51.49681947764939,56.87056196838951,41.600269425069634,Industrials
2022-06,CAT,Equity,0.9775514132051577,0.98184469200586,20.099530175219027,62.209380223963116,52.88931707341491,32.14268025853237,49.08045918530346,53.400021285712505,42.30534761459503,Industrials
2022-07,CAT,Equity,0.9759693484188432,0.9807045075421132,19.810029469144002,42.451776225586556,43.44469695466819,28.176289050557656,38.02425407693747,39.894555009305265,34.085068066385546,Industrials
2022-08,CAT,Equity,0.9778775980353397,0.9857162339594849,19.87423014388245,46.44370294701438,54.1827932997867,27.563144988380234,42.7298804117271,44.98931846111925,36.663186242388356,Industrials
2022-09,CAT,Equity,0.9812898988580431,0.9850997313798224,19.856403664986626,67.9549762024244,75.09843114919,26.262096859493795,56.43850140370273,61.759436817867964,44.367939586019155,Industrials
2022-10,CAT,Equity,0.9767329232177812,0.9871366423136617,20.032516623677726,56.97736548589415,76.49673055944085,32.857891415064245,55.443995820133075,58.00928019379217,46.40955405810554,Industrials
2022-11,CAT,Equity,0.9770004575009982,0.9917662977114315,20.380873201982865,62.93567749864698,85.31364989748916,36.37462994645979,61.54131911419864,64.3368597078622,51.474643447103105,Industrials
2022-12,CAT,Equity,0.9869207656702002,0.9919675250697578,20.19480970704225,86.60292265571091,80.96526695497805,38.133624972438504,68.56727152770915,75.21776640883657,56.393812905600896,Industrials
2023-01,CAT,Equity,0.9857310100032258,0.9923128069495423,20.410992571893026,81.34181750552627,90.01220697940533,39.0608205848599,70.1382816899305,75.48673496355671,57.70729724790226,Industrials
2023-02,CAT,Equity,0.9848940880164678,0.9883843695720873,20.381760922983382,79.93086129907,59.514851769003975,34.20271658449311,57.88280988418904,64.66042949713481,48.41077256431066,Industrials
2023-03,CAT,Equity,0.9800600937113183,0.9837926052473888,20.27951769749498,56.15129775605937,50.125398800057994,32.94960408488698,46.40876688033478,49.703189335024476,41.02510176215566,Industrials
2023-04,CAT,Equity,0.9800194272527458,0.9836970178460328,20.2079026911791,44.09914651879483,37.25487010101332,32.770826518973,38.04161437959372,39.78019959349601,35.93329923534543,Industrials
2023-05,CAT,Equity,0.986163063702238,0.989917473582462,20.132033424755633,67.05611911043083,68.30682045706278,29.247035768367375,54.869991778620324,59.86951284600772,44.62080937451915,Industrials
2023-06,CAT,Equity,0.9772650607023091,0.9912908086394809,20.34755332361595,63.73792725493558,72.16516357903099,28.610411667209036,54.83783416705853,59.24059503461889,44.346865167118736,Industrials
2023-07,CAT,Equity,0.9868521249844129,0.9928681265049036,20.224551287225033,66.37987374003521,81.60468120822615,31.025116856578823,59.66989060161339,63.87636460380121,48.21198110359957,Industrials
2023-08,CAT,Equity,0.9786819835270782,0.9915603782157321,20.31702022467811,30.64729355685971,77.29983452758333,28.774529536751782,45.573885873731605,44.26850304405521,38.85414333893968,Industrials
2023-09,CAT,Equity,0.9880623481300124,0.9917269312192151,20.079773397868188,69.32501095059045,77.05848565099957,27.00944222629959,57.79764627596321,63.18193961585502,45.48236465609776,Industrials
2023-10,CAT,Equity,0.9855442509260843,0.987860411702647,20.201696932412744,73.52305535204219,72.92670668021887,26.199691986738994,57.549818006333346,63.879478077434555,45.009767598495614,Industrials
2023-11,CAT,Equity,0.9783972314970578,0.982373655952238,20.31559372318573,38.33872852699894,7.220111747637394,30.24320033891118,25.267346871182507,27.384037855572927,27.257688258273976,Industrials
2023-12,CAT,Equity,0.9858012986084136,0.9954849294458257,20.460950010445103,56.67757074873272,83.6289727879377,33.471218809327695,57.925920781999366,60.121720972613204,48.1440399929307,Industrials
2020-01,CCI,Equity,,,18.98051907512073,,,16.71551149925542,,,,RealEstate
2020-02,CCI,Equity,0.9863054835225656,0.9932215859465295,19.030277866646387,73.71358984407695,88.13825037775025,18.277104566219045,60.042981596015416,66.95369094860736,43.33663078409687,RealEstate
2020-03,CCI,Equity,0.9525546723883269,0.9656271652406745,19.78517600258798,79.07038667342418,84.5770282729767,34.955566511805806,66.20099381940223,71.89941512096625,53.70282289636366,RealEstate
2020-04,CCI,Equity,0.9483697276861263,0.9687739881855706,19.374262775281743,73.31842839767397,74.1016196816518,21.25343191331907,56.224493330881614,63.14038648599634,42.23606876385659,RealEstate
2020-05,CCI,Equity,0.9763800092557634,0.984547492632851,19.24406724012431,81.61416026695885,84.58756080034776,25.900028777343387,64.03391661488332,71.36335412905242,48.78036147986736,RealEstate
2020-06,CCI,Equity,0.9764031360253648,0.9833887861392462,19.371535490547878,80.52455467164322,72.53698198546505,23.84015210515427,58.96722958742084,66.79140235249197,44.91639859451422,RealEstate
2020-07,CCI,Equity,0.9808906937016569,0.9867281074348134,19.353378041261806,83.67334281847178,76.8043256558761,27.044224123204092,62.50729753251732,70.28681393063954,48.32206816879203,RealEstate
2020-08,CCI,Equity,0.9845314843152979,0.9879574111490741,19.043642158310636,80.60747590820617,67.62523915359021,22.53374043331324,56.92215183170322,65.0980577868428,43.16678727234722,RealEstate
2020-09,CCI,Equity,0.985175159009499,0.9895925955031645,19.272251219321912,72.25236858613417,81.28994046597323,22.944619915378446,58.82897632249527,65.10209041593474,44.475233759648546,RealEstate
2020-10,CCI,Equity,0.9850757501556061,0.9891048317254733,19.07909609249514,83.85196275330621,73.60706154124547,21.00142194325586,59.48681541260251,68.20838422767791,44.09265802486385,RealEstate
2020-11,CCI,Equity,0.9849257365865658,0.9888124884675582,19.32070414157883,90.21065068365324,77.00864623995668,28.40823590469124,65.20917760943372,73.88956639475187,50.48880092753673,RealEstate
2020-12,CCI,Equity,0.987339038382434,0.9903946797220183,19.451994761942593,91.69674442825385,74.99333713318322,32.63995026968847,66.44334394370851,74.87436340801959,52.92198647410049,RealEstate
2021-01,CCI,Equity,0.9872485931010073,0.99023161349947,19.41986317722981,88.26590085820713,76.37536998886618,23.638815486459634,62.76002877784432,71.77332452305535,47.111543461290445,RealEstate
2021-02,CCI,Equity,0.9863546543014652,0.9916535193344904,19.462372906472677,90.15842165350982,89.78767027492074,24.94026051777339,68.29545081540132,77.00356401278582,50.953374696350146,RealEstate
2021-03,CCI,Equity,0.9842796366753485,0.9889530599805281,19.52520358090649,82.21545067838142,76.98642276565468,22.44008519904264,60.547319547692915,68.69166920869564,45.30442580823281,RealEstate
2021-04,CCI,Equity,0.9876714096828865,0.9944326056827021,19.14446375057148,81.12435367317934,92.71080850081596,17.921166295332977,63.91877615644275,71.95965264590106,45.51973221199885,RealEstate
2021-05,CCI,Equity,0.9897145229340122,0.993382736372151,19.251843836202696,86.4605738251587,86.8338766038117,12.819773126688224,62.03807451855288,71.8444045190605,42.350753961807015,RealEstate
2021-06,CCI,Equity,0.9898092052669561,0.9940117310538611,19.178913804455597,86.79657486566364,84.09454742402372,8.360938472546163,59.750686920744506,70.29883935454816,39.194787541465175,RealEstate
2021-07,CCI,Equity,0.9893656048602055,0.9923114553397709,19.18672184448595,85.9928490817485,83.1728795771691,8.722417119378354,59.29604859276532,69.69277183790064,39.06659600341053,RealEstate
2021-08,CCI,Equity,0.9888730089186549,0.9906142644353886,19.03610518429224,81.05347600501122,68.01608160225285,7.209183065238101,52.09291355750073,62.373399096229086,34.139421360595676,RealEstate
2021-09,CCI,Equity,0.9888406485761052,0.9910740981047959,19.280279567490602,85.24104427377769,75.77355711381647,12.988780612526218,58.00112733337346,67.95034539353902,39.996188645034565,RealEstate
2021-10,CCI,Equity,0.9888614831619252,0.9903242822303656,19.41435947993917,84.1450141167787,67.3050984565619,19.638516660361663,57.02954307790075,66.19173992743025,42.07313251088512,RealEstate
2021-11,CCI,Equity,0.9886877103815982,0.9940441611163112,19.091277781654913,82.22649782245033,88.33536483729758,8.22970957635638,59.597190745368096,69.25980027768571,39.05019827776341,RealEstate
2021-12,CCI,Equity,0.9857315026437551,0.9924364370198947,19.16848468788178,82.62285120642082,90.38941691664553,7.676077059831867,60.2294483942994,69.96346609017044,39.20809986051239,RealEstate
2022-01,CCI,Equity,0.9804265546542401,0.9834566484840159,19.525767382030295,53.45626700828393,44.705928985359414,11.958523073954535,36.70690635586596,42.5316168145407,26.80755304310139,RealEstate
2022-02,CCI,Equity,0.9801133343787657,0.9850471601146549,19.423056652904187,67.56360619045759,62.052846503081064,8.457327039505278,46.02459324434798,54.08912245405417,30.9976867624109,RealEstate
2022-03,CCI,Equity,0.9847937484882475,0.9907043766060629,19.303644220969165,88.91141209397807,83.89091141912256,6.276088983427563,59.69280416550941,70.87819726941132,38.32611809267666,RealEstate
2022-04,CCI,Equity,0.9879017092710963,0.9945965755769295,19.205815141979308,87.25979137844922,94.7850100641074,7.8307162940542225,63.29183924553694,73.63154196726767,41.10739006494386,RealEstate
2022-05,CCI,Equity,0.9822375357733131,0.9855700607182272,19.285027681849744,80.80529014304233,73.56650553390644,6.647967697420236,53.67325445812299,63.80219027117714,34.86313975384189,RealEstate
2022-06,CCI,Equity,0.9784418425490015,0.9839561207646115,19.42554810635444,64.92875802501753,62.28959501305184,15.527143007573107,47.58183201521416,54.25668611793894,34.759956412157734,RealEstate
2022-07,CCI,Equity,0.9812788336280557,0.9873857906273844,19.14059990876143,63.377059924570865,72.24687132914723,12.157800221184043,49.26057715830071,55.79415140526641,34.41946638345404,RealEstate
2022-08,CCI,Equity,0.9863561127346764,0.9926117725099524,18.8809448064226,80.64045155196564,87.78032023329287,3.618998724022593,57.34659016976037,67.37812159077521,35.85555359146526,RealEstate
2022-09,CCI,Equity,0.9840811113369325,0.9859419244111196,19.226063325748882,79.12093272412251,78.38339599313936,9.896471095667515,55.8002666043098,65.05477937913656,37.43874840085289,RealEstate
2022-10,CCI,Equity,0.9781633849043535,0.9794464277050758,19.518334262379014,62.57116161320367,49.90442806128307,20.147527373106296,44.207705682531014,50.28641469960802,34.58363435876113,RealEstate
2022-11,CCI,Equity,0.9755775179403989,0.9859624363460991,19.307260760281782,57.42410496472499,60.66173866832813,7.502751821968599,41.86286515167391,48.41112444725465,28.11881981979178,RealEstate
2022-12,CCI,Equity,0.9814766454048934,0.988022383777094,19.22630422898787,66.85768303385223,57.2909560783548,13.125625664438218,45.75808825888175,53.2412534733202,32.70510322110434,RealEstate
2023-01,CCI,Equity,0.9809222582309811,0.9884607139430411,19.347220522498233,62.05039054553036,68.03322779462401,12.307790976931694,47.463803105695355,53.89672180653872,33.40139825418989,RealEstate
2023-02,CCI,Equity,0.9826880032999921,0.9865237128645106,19.084425351200807,72.77757266989884,47.98546955636424,2.6447879159085876,41.135943380723894,51.313384785040405,25.73948119479777,RealEstate
2023-03,CCI,Equity,0.9833888517893009,0.9870769105919067,19.241931502097476,68.76468612124589,64.65535219726148,8.774220155635987,47.39808615804778,55.53379275092859,31.94853975708307,RealEstate
2023-04,CCI,Equity,0.9817603118441071,0.9877926694942009,19.156920451672313,50.751021629592664,55.18651713326792,7.912749485881854,37.95009608291414,43.51401585195308,25.93515744410123,RealEstate
2023-05,CCI,Equity,0.9833445521194278,0.9850710752212474,19.18368941480025,56.62300364167364,43.69926817795893,7.1000205999531305,35.807430806528565,42.841286394215125,24.324466723898393,RealEstate
2023-06,CCI,Equity,0.9863883821302124,0.9903273783969679,19.38965410886498,85.13688014713097,66.22574690960438,8.115701592152993,53.15944288296277,64.0593044648774,35.14194636663886,RealEstate
2023-07,CCI,Equity,0.9834563130877182,0.9875807819078212,19.56013604661093,45.45781905728663,38.84550337680252,17.215816918654625,33.83971311758126,37.825723925415,27.190154638010604,RealEstate
2023-08,CCI,Equity,0.9843507655945608,0.9863579143430615,19.2670107908222,58.37678979466045,47.87434341277003,8.195616812541633,38.14891667332404,45.189821283669566,26.167596729011077,RealEstate
2023-09,CCI,Equity,0.9899549429862411,0.9919041521981731,19.46872037367609,79.37895413721569,78.28712989386126,14.484937910270194,57.38367398044904,66.07260361882027,40.22417955237751,RealEstate
2023-10,CCI,Equity,0.982705669001832,0.9863516561779135,19.45571570946523,61.51167990050121,66.31030155486721,10.44345693228249,46.0884794625503,52.737621803167265,31.83047045044318,RealEstate
2023-11,CCI,Equity,0.9770636378828547,0.9893753829090745,19.424258689944306,31.755463735728856,57.038128132132236,11.709792514750696,33.501128127537264,35.33112881045424,24.784593882422634,RealEstate
2023-12,CCI,Equity,0.9827241028976026,0.9947208574889308,19.905775946438688,40.371709870368264,75.98720054609718,21.650173585687977,46.00302800071781,47.312049816150875,36.26188623470588,RealEstate
2020-01,CMCSA,Equity,,,20.45762449665046,,,61.080791506869815,,,,Comm
2020-02,CMCSA,Equity,0.9833528124218235,0.9879365449636099,20.4449135706314,59.96158610660011,63.03233383611586,54.25909222498249,59.084337389232815,59.74231164913131,57.154239323532686,Comm
2020-03,CMCSA,Equity,0.9613464473688645,0.9712856356908607,20.94281699811671,91.80809563301803,92.18013823643805,66.71504148989715,83.56775845311775,86.90109758541985,76.8266716678295,Comm
2020-04,CMCSA,Equity,0.9550008054781057,0.9701653636887494,20.352825338700388,83.55689808599274,77.25081644929276,46.92142363956725,69.24304605828425,74.33797870569765,60.31439709079744,Comm
2020-05,CMCSA,Equity,0.9765749118000082,0.9847899659350585,20.333670452534744,82.04324958451593,85.3785533336419,51.973545175346445,73.13178269783475,77.02989982741983,64.66848768883943,Comm
2020-06,CMCSA,Equity,0.9811979364509931,0.9883515824568891,20.2747171652365,86.87498503600644,86.21554185887659,41.69603353563171,71.59552014350491,77.64136178279253,59.63572550035563,Comm
2020-07,CMCSA,Equity,0.9853394060724802,0.9914093392410046,20.295424765235126,95.69868540686711,92.33253443810014,48.29839708766967,78.77653897754566,85.20878245239754,66.58528222159525,Comm
2020-08,CMCSA,Equity,0.9890247272197763,0.9932424611453841,19.97011397652554,91.5844133368059,89.85809958200785,44.23307859219698,75.22519717033691,81.59625226144469,62.828349739080934,Comm
2020-09,CMCSA,Equity,0.9879764425784527,0.9927961754889241,20.360355512379044,81.77742247164718,93.88877508307806,45.93616422207707,73.86745392560077,78.24257660516243,62.69493804419129,Comm
2020-10,CMCSA,Equity,0.9838660837740988,0.9882192474535839,20.213164561318653,79.53557722000761,69.65607383326123,49.323393415338636,66.17168148953583,70.5292894430499,59.43236625985695,Comm
2020-11,CMCSA,Equity,0.979327463873781,0.9879683146721383,20.52114184993141,77.25318306112854,71.85353788625083,57.633208588449016,68.91330984527612,71.70929461412932,64.40126934254528,Comm
2020-12,CMCSA,Equity,0.9847438524406905,0.9921214399897824,20.190866066778096,86.38781210560789,84.08144376361123,51.349340684017456,73.93953218441219,78.68820731869081,64.9034555842543,Comm
2021-01,CMCSA,Equity,0.9853493964069104,0.9887974608012197,20.613947895411897,83.5085485371405,69.40363757377165,55.43014405315999,69.44744338802406,73.66139435133374,63.840523654078424,Comm
2021-02,CMCSA,Equity,0.9782457773894787,0.9868688547364735,20.33625325103681,66.87038131674706,63.20348607029184,48.368066380652046,59.48064458923031,62.06984975559149,55.035613305799004,Comm
2021-03,CMCSA,Equity,0.9863226246203025,0.9924996092582926,20.621408195186035,89.15484964777117,94.14473180264672,51.61816398383326,78.30591514475039,83.14447716144625,67.63081468038354,Comm
2021-04,CMCSA,Equity,0.9884885753272521,0.991613214306974,20.40749125536037,84.24276011988053,80.32720117722786,54.382789961604686,72.98425041957103,77.09609840542956,65.5436662363845,Comm
2021-05,CMCSA,Equity,0.9843769813113351,0.9905831420479995,20.537458252298002,66.08767023546058,71.42601502495957,51.435990739161916,62.98322533319402,64.75883777305054,58.364331495581176,Comm
2021-06,CMCSA,Equity,0.9870293621472045,0.9900366237234003,20.27054567129639,76.84390883616847,60.51011940084864,36.60983213792094,57.98795345831268,63.896956665923014,49.43670493015598,Comm
2021-07,CMCSA,Equity,0.989488604601481,0.9920283362547411,20.27528571289898,86.42308041935541,81.951250786795,37.25678636601889,68.54370585738978,75.24827271891999,56.02893806084142,Comm
2021-08,CMCSA,Equity,0.9929813002519925,0.9956471971980434,20.122626362619,98.39106047346728,93.04481438391036,34.04469115164168,75.1601886696731,83.91791278223509,58.713989662460534,Comm
2021-09,CMCSA,Equity,0.9852829324538539,0.987566457133522,20.519086107882472,73.03741785983992,50.897214269524035,48.804396382884555,57.57967617074951,61.54875248735408,54.069564255603524,Comm
2021-10,CMCSA,Equity,0.9803231875866816,0.9830143253773637,20.597777104360944,46.282469458032956,6.38721625049717,51.629106041375685,34.76626391663527,35.38322081244077,41.51140076653144,Comm
2021-11,CMCSA,Equity,0.9866206094594473,0.9897688148360732,20.37286588241463,73.73223854264833,61.99314814713575,35.27302987839654,56.99947218939354,62.5186696911442,48.308895264994746,Comm
2021-12,CMCSA,Equity,0.980424037805631,0.9852096982059482,20.72946604891674,65.66537806350888,55.76245269699205,41.42281015686245,54.28354697245447,57.84598687222454,49.13925224621765,Comm
2022-01,CMCSA,Equity,0.9888279861232668,0.9921588101354997,20.62548525404258,84.67521471110312,81.38608273146458,37.880320635667324,67.98053935941168,74.3294963021244,55.94045186991393,Comm
2022-02,CMCSA,Equity,0.9855996582291594,0.9890927405047689,20.637549784536173,84.30932090870796,77.65202886060182,36.67112705661393,66.21082560864123,72.78449452385732,54.394946187830314,Comm
2022-03,CMCSA,Equity,0.9859681671562491,0.9889634712942733,20.508086843460305,91.8476626798426,77.35292938844586,35.21363606119929,68.13807604316258,76.17243736869491,54.968300050377266,Comm
2022-04,CMCSA,Equity,0.9878667539257886,0.9911324405751125,20.580038054236237,87.14427621968137,79.77830867725194,39.425532329615216,68.78270574218284,75.39073717893932,57.039836377155794,Comm
2022-05,CMCSA,Equity,0.9773195373507596,0.9807589858334829,20.663928661262283,66.86863919141128,57.705551565873215,39.133721811983115,54.569304189755876,58.572729427864225,48.395071238646764,Comm
2022-06,CMCSA,Equity,0.9840985549076459,0.9877313362437431,20.46869850902062,82.20439940117028,79.09720674930644,41.243709032915596,67.51510506113077,73.08010353196019,57.0065466498447,Comm
2022-07,CMCSA,Equity,0.9830612041035092,0.9873108818780736,20.351140558997606,70.40158422136041,71.92394909515588,41.12430100168304,61.1499447727331,65.00283703956357,53.13968726431308,Comm
2022-08,CMCSA,Equity,0.9758426108041612,0.9787201033975795,20.340943870327905,38.23590367713287,20.09514615466144,38.813750738961055,32.38160019025179,32.90924583275708,34.954460409735496,Comm
2022-09,CMCSA,Equity,0.9791139969958084,0.9816335928495715,20.598035004224116,59.25050609384234,61.57879515956998,45.51718843012588,55.448829894512734,57.20232928081734,51.47617330875799,Comm
2022-10,CMCSA,Equity,0.9757931887596906,0.9827347903656124,20.48837664332492,53.302549849997995,61.275389607012286,44.126552571108554,52.90149734270628,53.859202321324396,49.39151943406719,Comm
2022-11,CMCSA,Equity,0.9828499921438721,0.9921085075321345,20.357971570580933,85.59309413573311,86.76718670526127,35.75875303873603,69.37301129324347,75.97845368719214,55.92730799144049,Comm
2022-12,CMCSA,Equity,0.9832892897046915,0.9905512664170972,20.38894632100881,73.43194927054665,72.4664718200249,43.146470452142296,63.01496384757129,67.08521027170926,55.06756648939969,Comm
2023-01,CMCSA,Equity,0.9845464407937803,0.9918420618769768,20.4180212401415,76.58964241614513,87.3262655616374,39.237586058123355,67.71783134530196,72.34021808818846,56.325733230430515,Comm
2023-02,CMCSA,Equity,0.9834309680161256,0.9887693510346424,20.26975592191988,75.18665561041425,61.90035276362808,31.4781741369057,56.18839417031601,62.45906846167669,46.30430615695188,Comm
2023-03,CMCSA,Equity,0.9868350114263101,0.9888747128157414,20.144472704158723,81.82293452852312,72.60893135314231,29.803104472508814,61.41165678472475,68.654767564706,48.76823585983837,Comm
2023-04,CMCSA,Equity,0.9880243854407164,0.9934504351158528,20.151529920968493,74.68588523643876,79.95743635049848,31.437484611005406,62.02693539931422,67.61767044557001,49.791155083990695,Comm
2023-05,CMCSA,Equity,0.9765596002553658,0.9912189016032268,20.353706993680547,31.50755381366952,74.9148117263639,34.42385751435757,46.94874101813033,45.11299192761545,41.93878761662123,Comm
2023-06,CMCSA,Equity,0.9879984586830458,0.9921182330697628,20.226779367323196,88.91335043584999,77.26612287743127,26.026395331543696,64.06862288160833,72.84179114746311,48.85173186158247,Comm
2023-07,CMCSA,Equity,0.9899594810202256,0.9951427817802868,20.313884026186884,85.52471299433007,100.0,32.881821084886816,72.80217802640563,79.3387207141424,56.834035249798106,Comm
2023-08,CMCSA,Equity,0.9872155874686289,0.9955009272436797,20.247380442576752,72.39039385162846,99.58784906209608,27.409674182325006,66.46263903201653,71.55348648090805,50.841453092139915,Comm
2023-09,CMCSA,Equity,0.9889629882424877,0.9913993403591673,20.389507686147173,74.10943932025566,74.78735146260789,33.35793945450888,60.75157674579081,66.16251298981197,49.79412182927804,Comm
2023-10,CMCSA,Equity,0.9883294003025989,0.9901364672103118,20.354186644729587,85.30833255828404,82.90798269188936,29.420501943800982,65.87893906465813,73.41066147546903,51.29556421631526,Comm
2023-11,CMCSA,Equity,0.9791580220105426,0.9827427026457032,20.38358147835167,42.094359438556054,9.845917400304234,31.656860462823527,27.865712433894604,30.332327031934003,29.382171645466173,Comm
2023-12,CMCSA,Equity,0.9872574538312346,0.9915371838937844,20.37411432411082,64.39364301453156,44.1460784018677,31.622269728789444,46.7206637150629,51.76509897358398,40.681306120553515,Comm
2020-01,COP,Equity,,,19.56539413452617,,,34.28239968596308,,,,Energy
2020-02,COP,Equity,0.9819599102799188,0.9842840016230806,19.46886562939117,53.474173588288096,45.68139018811141,29.432810181390412,42.8627913192633,46.328065886855555,37.490798864114154,Energy
2020-03,COP,Equity,0.9321154084130786,0.9382458040483407,19.725351183860184,49.457550079976286,47.785548680162556,33.3142935776294,43.51913077925608,45.72729835956279,39.43719589860541,Energy
2020-04,COP,Equity,0.9216068077742842,0.9546318283285428,19.552599156023017,31.996134664410114,42.09268750808416,25.93124906725176,33.34002374658201,33.81212339808066,30.37651387484991,Energy
2020-05,COP,Equity,0.957609494930719,0.9782599034361269,19.322350626282862,40.289778314242255,64.07628775811577,27.77330074409983,44.04645560548595,44.92243563337583,37.53719366093151,Energy
2020-06,COP,Equity,0.9648649117699052,0.9772562620942925,19.361288481439068,65.2428571746924,55.634394823903875,23.637568965137614,48.1716069879113,54.039260827544894,38.357991778801825,Energy
2020-07,COP,Equity,0.9683055206721286,0.9751331955442167,19.09066571968291,49.65428188594717,38.34260871834824,21.116988264686004,36.37129295632713,40.55332121141526,30.269571079670683,Energy
2020-08,COP,Equity,0.9749491967072983,0.9828152880139489,19.047672752674075,57.19806454719968,45.993635659054306,22.628142905524502,41.93994770392616,46.92275155242103,34.215225784565504,Energy
2020-09,COP,Equity,0.9782844701287315,0.9815377480278926,19.218046806295032,48.82232971929765,49.61235112590491,21.799285620055816,40.07798882175279,43.65472732143146,32.766507541074006,Energy
2020-10,COP,Equity,0.9732677617889771,0.9795237912024842,19.38228047736056,41.71817203030846,30.86175255414244,28.57308074075984,33.71766844173691,35.83222792954893,31.65983336134608,Energy
2020-11,COP,Equity,0.95691710630434,0.9762019521381327,19.88689799655294,25.383347932859724,0.0,42.19237466524226,22.525240866033997,21.130148899478314,30.392094385717304,Energy
2020-12,COP,Equity,0.9634277679159692,0.9800200190183497,19.722744174581898,42.781822914127844,20.390492436310865,39.4957537531473,34.222689701195335,35.40720993858664,36.331915321976126,Energy
2021-01,COP,Equity,0.9740968242009962,0.9847623604708845,19.794406654667508,55.32165738038637,49.78812535845643,33.61066637143229,46.240149703425026,49.31939957201657,41.18835637062793,Energy
2021-02,COP,Equity,0.9730946802697559,0.9834817970242815,19.796356338899567,52.076845935125284,44.384577390686964,33.89400237154823,43.45180856578683,46.13259665907838,39.628686088091385,Energy
2021-03,COP,Equity,0.9743157989726564,0.9859621966872989,19.91677556111187,48.37137183493875,62.51653875914549,32.86269968133807,47.916870091807446,49.51318748148064,41.895201927619695,Energy
2021-04,COP,Equity,0.9790806536085299,0.9836231411198291,19.684561223159456,48.34095252431204,45.23241806618082,33.51293346900104,42.36210135316463,44.44278837581047,38.8224341994992,Energy
2021-05,COP,Equity,0.9760617924780988,0.9860483050387213,19.826883879037737,34.34936215184273,46.46806296782041,30.09234813206836,36.96992441724384,37.133569592681155,34.218893903173644,Energy
2021-06,COP,Equity,0.9810046475880188,0.989412894342432,19.817286359808044,55.27363693680682,56.80951474580858,24.880535401530736,45.65456236138204,49.65577997245213,37.34495157744152,Energy
2021-07,COP,Equity,0.9778728855872247,0.984503973834743,19.829975644020323,45.79335000735275,49.48442587985224,25.583937116341847,40.28723766784895,42.858790190900415,34.40591744724611,Energy
2021-08,COP,Equity,0.9804737544503379,0.9862872071196495,19.557452601230274,45.60740560712642,46.49766154900675,20.08571331806924,37.39692682473414,40.77014393187908,30.472441422068176,Energy
2021-09,COP,Equity,0.9798569166526793,0.9898677524938722,19.991870679130386,54.42517689448807,67.2181013953406,33.561866892834914,51.73504839422119,54.090392244413195,44.46577579366668,Energy
2021-10,COP,Equity,0.981198142196745,0.9930317475101292,20.050786626855633,50.16240166534056,89.86789250669612,36.842654158214756,58.957649443417154,59.41009941632206,50.1116513293362,Energy
2021-11,COP,Equity,0.9834184381687479,0.9877077413527218,19.958970362253346,60.57367772441962,49.294002685223475,26.539249409721847,45.46897660645499,50.38288954972122,37.89708572776173,Energy
2021-12,COP,Equity,0.9777498695133503,0.9832391122085201,19.78112252995666,57.121348403577066,46.32037756719669,20.92064631460772,41.454124095127156,46.64091673486908,33.24073298291938,Energy
2022-01,COP,Equity,0.9792056547299912,0.9894580892757577,20.217933346817837,48.919515024289254,70.00237597812507,28.27378581084115,49.065225604418494,51.11522746775038,40.748649686987555,Energy
2022-02,COP,Equity,0.9797506697293463,0.9895083507269412,20.316222828701658,66.4566575444831,79.25456274205868,29.206404337401043,58.30587487464761,62.84597846233936,46.66608665974898,Energy
2022-03,COP,Equity,0.9785383634619956,0.9883651329233203,20.442125244756664,73.27186339760537,75.10586546655233,33.62886412423162,60.668864329463105,65.89346416361471,49.85286424737051,Energy
2022-04,COP,Equity,0.9768510208737187,0.9832469728416425,20.105642959178248,50.74114126988286,45.618306393911276,28.518695001518505,41.626047555104215,44.75980155341851,36.38310653366993,Energy
2022-05,COP,Equity,0.968166611516051,0.9766820393688523,20.28738685380409,40.93102767052972,44.264842004131,30.26271167160937,38.48619378209003,39.79750877082603,35.19680093789776,Energy
2022-06,COP,Equity,0.9702208858169215,0.9777653099995971,20.416407514138662,39.82189536914126,34.72752756387902,39.95459020692878,38.16800437998302,38.32012399512009,38.88263871076133,Energy
2022-07,COP,Equity,0.9651978300386412,0.9706265767882062,20.047419164412084,0.0,0.0,33.85668383277644,11.285561277592146,6.771336766555288,20.314010299665863,Energy
2022-08,COP,Equity,0.9771523159647302,0.9878094582145249,20.205783809233164,43.5183923807365,64.38172957892726,35.55558095642079,47.81856763869485,48.184831255330586,42.91337296578523,Energy
2022-09,COP,Equity,0.9779963691666845,0.986749911121635,20.291682700588453,54.7795516818007,81.53493945145233,37.56331519515218,57.95926877613507,59.36292071536648,49.80088734374192,Energy
2022-10,COP,Equity,0.9684818319121161,0.9822771897896357,20.45838466791341,24.71161308933605,59.69303416453652,43.38516400061213,42.596603751494904,38.940749594151406,42.912027851141794,Energy
2022-11,COP,Equity,0.9751137553790128,0.9843687079758909,20.47874393435704,55.62778060466523,53.892374647945765,39.00659633144757,49.508917194686184,51.78292196300586,45.30798884939074,Energy
2022-12,COP,Equity,0.9792984149860835,0.9832024943036244,20.144869548387046,58.95747519951986,28.36738824617877,36.84410882473465,41.389657423477765,45.35777583856049,39.571437983980516,Energy
2023-01,COP,Equity,0.9797598781465131,0.9864154010146453,20.106728602307097,57.38723229546312,56.363236908187,31.408821275807586,48.386430159819234,51.88435147534918,41.595386606214575,Energy
2023-02,COP,Equity,0.9762354685287147,0.9816663044095697,20.418773020023387,51.855056293263125,17.887000337473385,35.10304271727486,34.94836644933712,38.314236791328554,35.010236956512216,Energy
2023-03,COP,Equity,0.9780551116119358,0.9824509805530354,20.221835332799518,48.55398449618885,44.189974946112606,31.60562580274951,41.44986174835032,43.85510989247811,37.51216737011,Energy
2023-04,COP,Equity,0.9736924321822124,0.9869878372133088,20.019767074069534,19.923861583385168,51.662787670686505,28.320999027147405,33.302549427073025,31.12496689832802,31.309929267102778,Energy
2023-05,COP,Equity,0.9825602829312274,0.9871089332480484,20.045825128429478,53.719921373363434,54.046477423739894,27.23378274379421,45.00006051363252,48.520660462562525,37.89354940569719,Energy
2023-06,COP,Equity,0.985396128076168,0.9910062438757462,19.94785683601231,82.80952624127777,70.41086043732253,20.058714886056027,57.759700521552105,66.53976422904684,42.679306267353674,Energy
2023-07,COP,Equity,0.9834363995205841,0.9888450458561764,19.974447649584995,45.33512888681146,49.06970685001815,25.826927626986556,40.07725445460539,42.553862023808485,34.37712372355786,Energy
2023-08,COP,Equity,0.9879218641906102,0.9927268181957001,19.79786431084606,75.84522726591146,83.8972987496449,18.599702628983774,59.44740954818005,66.81174378364595,43.10832678050154,Energy
2023-09,COP,Equity,0.988064700131553,0.9934172611451396,20.02780468196378,69.33750537843201,88.77726829307129,25.944260677605307,61.353011449702876,66.49078531265846,47.18951114086384,Energy
2023-10,COP,Equity,0.9806490302641809,0.987661546776817,20.137820190996266,52.8090739143743,72.05461647544739,24.850520021935274,49.904736803918986,52.99102590420842,39.883050091125504,Energy
2023-11,COP,Equity,0.9829328519241729,0.9887914342039837,20.14763990044742,60.72875045450606,52.8832722891021,26.750959401049627,46.78766071488593,51.57954879419359,38.772980189351415,Energy
2023-12,COP,Equity,0.9883066119338955,0.9918533316851775,20.218272353736737,69.95306388636408,47.30799187714451,28.304004163141766,48.521686642216785,54.829730338953745,40.434613650586776,Energy
2020-01,CVX,Equity,,,20.257775420345588,,,55.07826785466732,,,,Energy
2020-02,CVX,Equity,0.985741682271945,0.9878263735955023,20.061283733688523,71.08769734159677,62.5089787321673,44.501269755546026,59.36598194310336,63.19679624155778,53.42009706808043,Energy
2020-03,CVX,Equity,0.9431944396716218,0.9507989778436347,20.893923783269017,65.5090841601781,64.65285612592663,65.37367327682294,65.17853785430923,65.22513357323163,65.25659202331471,Energy
2020-04,CVX,Equity,0.9264675291757466,0.952960959464357,20.603598142737233,39.501151238402,38.310894013643455,53.499270064325714,43.77043843879039,41.94369783615918,47.661971089004524,Energy
2020-05,CVX,Equity,0.9685348342472414,0.9828678237413631,20.339928790408337,64.3425499677401,79.10817177286445,52.12330324627796,65.19134166229416,66.32838716498497,59.96412629588769,Energy
2020-06,CVX,Equity,0.9708927471775162,0.9795029376153301,20.243828505720256,73.22636964776066,61.82672746536052,41.085365430503714,58.71282084787496,63.378276149589226,51.661838680926465,Energy
2020-07,CVX,Equity,0.9747712888010605,0.9811520341566508,19.94969371585924,67.13194067042491,58.3078201135154,40.49811782802929,55.31262620398986,59.157939934872935,49.386822853605636,Energy
2020-08,CVX,Equity,0.9789539662308364,0.986297289962595,20.119793945093736,66.98166748396196,60.6415317792005,47.738804497417135,58.454001253526535,61.23105417522456,54.167922551082775,Energy
2020-09,CVX,Equity,0.9845679864402301,0.9864557333241167,20.37224371182406,70.18783234846516,68.95348937495956,46.18736079028376,61.7762275045695,65.0174351447772,55.54068081885521,Energy
2020-10,CVX,Equity,0.9813327243800604,0.9854058062131442,20.192944684379697,70.49593124303345,57.10405353326412,48.81842674570869,58.80613717400209,62.1428670306377,54.81105300268473,Energy
2020-11,CVX,Equity,0.9688623539105577,0.9865510496895826,20.377115022664977,53.0311898729523,63.19873885004835,54.12683748455702,56.78558873585256,56.300584088402054,55.72208823533434,Energy
2020-12,CVX,Equity,0.9705982850446474,0.9840140702192048,20.355121056866757,57.450440504184655,41.41157097187511,55.5085369025723,51.456849459544024,52.250398924169325,53.07752443675533,Energy
2021-01,CVX,Equity,0.9829727841393598,0.9889355352419558,20.3939603893494,77.55530424051237,70.07484786773152,49.573193554329976,65.73444855419129,69.71474519144164,59.26994655424676,Energy
2021-02,CVX,Equity,0.9808210656557217,0.9863461584917438,20.348062485552216,74.26640146528405,60.29932153204596,48.68465944209019,61.08346081314006,64.95992908067385,56.12394026472011,Energy
2021-03,CVX,Equity,0.9829004098674802,0.9914115489743659,20.706368627711957,77.53064325564787,88.8806643555818,53.87958686195212,73.43029815772728,76.2054383068889,65.6100136394172,Energy
2021-04,CVX,Equity,0.9866006160647997,0.9903935107211952,20.33348999859156,77.03807111253563,74.96989946044975,52.24648971089362,68.08482009462634,71.45930333658146,61.74948794113325,Energy
2021-05,CVX,Equity,0.9828794024263283,0.9880368951006752,20.57517024264847,60.37154989410604,57.412477359341764,52.56875217038187,56.78425980794322,57.92326858893192,55.09805675291868,Energy
2021-06,CVX,Equity,0.9844733547674879,0.9889988643040788,20.521065245897056,67.6926414000704,54.3530624220821,43.092696040080426,55.046133287410974,58.77077863467592,50.264758388478754,Energy
2021-07,CVX,Equity,0.9842513640411819,0.9874270420855299,20.456039096901087,68.10413935280576,62.09715501117529,41.99484901108451,57.39871445835519,61.08018598197237,51.23716827944692,Energy
2021-08,CVX,Equity,0.9853986675847867,0.9894643805089303,20.442517685206305,66.39125235514821,62.297718396846726,41.94554605010028,56.87817226736507,60.27405090664818,50.905121780459154,Energy
2021-09,CVX,Equity,0.9856374264394961,0.9905636613115922,20.59071604878059,74.25339800499782,72.15351710058134,50.875317351746155,65.76074415244177,68.94781760302254,59.806573432163525,Energy
2021-10,CVX,Equity,0.986274450247881,0.9933410523619689,20.618285021316954,72.67297635719913,92.44549958551153,52.18348374951587,72.43398656407551,74.5068348041562,64.33378543825165,Energy
2021-11,CVX,Equity,0.9893807372664662,0.9934167140444154,20.694566001746598,85.07432686885089,84.4693980486225,42.06135708207591,70.5350273331831,76.29025426542738,59.145559232740226,Energy
2021-12,CVX,Equity,0.9860148378955379,0.9907503253973143,20.64621903721615,83.52811390133968,82.31040253290193,39.62309956767089,68.48720533397083,74.3817976240746,56.941563027450854,Energy
2022-01,CVX,Equity,0.9882258626516544,0.994219418227417,21.097806030064362,82.43777919309517,90.07167427171237,49.013542939151854,73.8409988013198,78.04310046589165,63.910016456452624,Energy
2022-02,CVX,Equity,0.9833288302336114,0.9905967642091434,21.11462508740394,77.3781519101928,83.45133026415412,47.75402809379444,69.52783675604712,73.27528065310152,60.81831329114604,Energy
2022-03,CVX,Equity,0.9784337882712935,0.9892449237219126,21.811013380220864,73.01040726332182,78.4099259418682,66.51732566195825,72.64588628904943,73.33164654661302,70.19446203821295,Energy
2022-04,CVX,Equity,0.9830221669112221,0.987267012510042,20.989668348379965,71.13461494396938,63.03319779835771,48.84335943075738,61.003724057694825,64.24593869764348,56.13957820691985,Energy
2022-05,CVX,Equity,0.976154555631671,0.9819315417899579,21.140886006600507,63.5673075948998,61.57118585678116,50.370438062916044,58.502977171532336,60.32909716706746,55.24996152808582,Energy
2022-06,CVX,Equity,0.9790203603065939,0.9826470561549316,21.075357699329004,66.69555553499346,56.4615171672195,56.19954961215656,59.78554077145651,61.52614284009388,58.351144307736526,Energy
2022-07,CVX,Equity,0.9772877926453504,0.9813935714239651,20.682059980041693,47.64791453162822,46.41516502598883,49.04272791785943,47.70193582515882,47.55705235718264,48.23825266223906,Energy
2022-08,CVX,Equity,0.9764732504772908,0.9895545568553051,20.808912322445305,40.779489095933705,72.88447351344759,50.094602919120234,54.58618850950051,52.27400718582518,52.7895542733484,Energy
2022-09,CVX,Equity,0.9829935926441752,0.9876235161698643,20.8714364682078,74.77042679463698,84.94242652898116,52.61555381199242,70.77613571187018,73.39105211841132,63.511902951919076,Energy
2022-10,CVX,Equity,0.9752202941840487,0.9851161362905435,20.94651528319799,51.06225534322144,69.50994149036579,55.451540226784445,58.67457902012389,57.47441816407735,57.38536350278812,Energy
2022-11,CVX,Equity,0.9834547692117916,0.9896039701636079,20.926460928262667,87.93561996675805,76.12915988266522,51.04672364389333,71.7038344977722,77.01590267695727,63.44099015622065,Energy
2022-12,CVX,Equity,0.9833581457734827,0.9869870285782459,20.770254106706087,73.68168283840416,51.0779160306294,52.992305149958256,59.25063467299727,62.76267725838255,56.74730286378167,Energy
2023-01,CVX,Equity,0.9841109026791187,0.989033475644429,20.90828773866999,74.84237989871102,71.30124793105324,51.56740254312137,65.90367679096188,69.12504483729575,60.16916709182567,Energy
2023-02,CVX,Equity,0.9810131837883896,0.9858347355981897,20.993828734759113,67.3469256603867,43.7162874945219,49.09137975266244,53.38486430252368,56.60662502908241,51.66747048257919,Energy
2023-03,CVX,Equity,0.9862148872325914,0.9889639305067446,20.77828088492781,79.47314908098387,73.00363548582803,44.57060636831288,65.6824636450416,70.55178645990291,57.237720734350106,Energy
2023-04,CVX,Equity,0.985272623557632,0.991746453956187,20.656103818280034,64.17147407342289,72.49703899995549,43.37178410415712,60.01343239251184,62.50920555752952,53.35677307716995,Energy
2023-05,CVX,Equity,0.9853053065351854,0.9876257269989682,20.691591913217664,63.881010793476115,56.67049391917447,42.31460428937966,54.28870300067675,57.404574430366324,49.49906351615791,Energy
2023-06,CVX,Equity,0.9861958461583787,0.9914395062381709,20.723851858604274,84.68528275205064,73.08186409079737,36.661498104584346,64.80954831581079,71.5995002241814,53.55032823132021,Energy
2023-07,CVX,Equity,0.9879447658930433,0.9913815248892867,20.62887616620851,73.11178161197117,69.58241527123323,39.42866208694873,60.7076196567177,65.31634780474529,52.19603662881012,Energy
2023-08,CVX,Equity,0.9875094802799744,0.9920789977986137,20.68946009752987,73.8280041724184,80.23318232231192,36.0738998007756,63.378362098501974,68.1987367430579,52.456577179411426,Energy
2023-09,CVX,Equity,0.9898764458382319,0.9938290969205532,20.780457098785703,78.96195740714452,91.63245878711712,41.37106992287413,70.65516203904525,75.24493032428222,58.941525192576805,Energy
2023-10,CVX,Equity,0.9855335746806122,0.9887487113303218,20.901845754568726,73.47787913511397,76.8222020822546,40.98787843921044,63.762653218859676,67.98317588007545,54.65274330699998,Energy
2023-11,CVX,Equity,0.9809027086187091,0.983213374086916,21.05324474360075,50.70697860305765,13.194793715333889,45.58107743720394,36.49428325186516,38.42814290356978,40.12900092600067,Energy
2023-12,CVX,Equity,0.9895643054722021,0.9941414244380915,20.963907527829896,76.617500532755,70.19207174448105,44.180443076163215,63.663338451133086,68.20246040495446,55.87018030114514,Energy
2020-01,D,Equity,,,18.935987321598624,,,15.377987660102372,,,,Utilities
2020-02,D,Equity,0.9907756032326186,0.99412201289683,19.16633928943985,94.53307866020887,92.41561434505736,21.737896925691462,69.56219664365257,79.33880301875993,50.432476756468134,Utilities
2020-03,D,Equity,0.9485788305422912,0.9643354216470759,19.636402302396945,73.31010317933043,82.84135276257373,30.874012189813925,62.34182271057269,67.68225985640012,49.754698502269186,Utilities
2020-04,D,Equity,0.9435101915615904,0.9628606736593329,19.013321325631214,65.81524190655337,60.71760440358568,11.785828624957595,46.10622497836555,53.4800679993439,32.37806643700237,Utilities
2020-05,D,Equity,0.9799931120219909,0.9876927485766013,19.208048724489622,89.56861671713654,94.84796449904621,25.038128456808174,69.81823655766364,78.24632339964377,51.90619331732145,Utilities
2020-06,D,Equity,0.9858858216237306,0.991354583603713,19.353238837387913,93.08381245382324,94.49247453103237,23.478427682975827,70.3515715559438,79.58533412281649,51.602314006756615,Utilities
2020-07,D,Equity,0.9737642289451192,0.9759925112590255,19.471334157122843,64.40975079495918,41.19306227028501,29.705514295896247,45.102775787046816,50.503896937744344,38.94387119058659,Utilities
2020-08,D,Equity,0.9884214090909687,0.9925837894578312,19.000278605034616,90.11051453136612,87.0872354070734,21.518101978038757,66.23861730549277,75.48504828341284,48.35041117451116,Utilities
2020-09,D,Equity,0.9895345229892595,0.9933200849177598,19.279377185668686,87.07527950953342,95.94917260010092,23.095190933281128,68.70654768097182,76.94142972145322,50.46200498189555,Utilities
2020-10,D,Equity,0.9896012351091538,0.9930411072951609,19.141994110040805,100.0,91.16854821703639,22.572222920049583,71.24692371236199,81.86500904912084,51.77704339543703,Utilities
2020-11,D,Equity,0.9869308383466725,0.9901967426765476,19.41020979634383,94.85155377455074,85.46185868877949,30.58727468142104,70.30022904825042,79.18178943019342,54.41504730151867,Utilities
2020-12,D,Equity,0.9866804643609829,0.988253254858488,19.35376413256791,90.34950959120486,63.72281054988797,30.152595322232013,61.408305154441614,70.32211702501523,48.90602122155777,Utilities
2021-01,D,Equity,0.9879555080976881,0.9907116855677035,19.114447016770693,90.03667252746551,78.70910614106843,15.507411274606003,61.41772998104665,71.73255036097447,43.05360249847039,Utilities
2021-02,D,Equity,0.9897814839649891,0.9926393863057745,19.13509926690747,100.0,95.26526826094022,16.16640109930161,70.47722312008061,81.81286069814239,48.752894311769005,Utilities
2021-03,D,Equity,0.9851834977709584,0.9904736594270481,19.201878343721265,85.2855876171914,84.34312732026211,13.834019213905528,61.154244717119674,70.71253584745543,42.226154515834025,Utilities
2021-04,D,Equity,0.9913061135714629,0.9954680604711653,19.036371616360086,94.99483894888594,97.25883457908483,14.800715866536725,69.01812979816917,79.63521302147576,47.33116422551619,Utilities
2021-05,D,Equity,0.9895254773105258,0.9929308064381444,19.197156262415277,85.73900413378988,84.34663271763729,11.17711322521694,60.42091669221471,70.40891452722951,40.7233953054156,Utilities
2021-06,D,Equity,0.9895522911534375,0.9922350499197686,19.111808766234013,85.87674584655562,73.55344630555923,6.624416164326574,55.35153610548047,66.3292900478109,35.86068812901892,Utilities
2021-07,D,Equity,0.9887516059298495,0.9913578120104874,19.01221583519458,83.84518943338686,79.05800986897542,4.148116015542408,55.68377177263489,66.46962088049453,35.06950946979791,Utilities
2021-08,D,Equity,0.9909509357851121,0.994521087163685,19.012072817197176,89.82262834679686,87.44467854624595,6.615618214060345,61.29430836903438,72.46784138008428,39.42283230704477,Utilities
2021-09,D,Equity,0.9902012353115877,0.9927432716862077,19.10236059254951,89.90810922585149,87.61140899714542,7.8448962068703745,61.788138143289096,72.80645655344345,40.21084136872161,Utilities
2021-10,D,Equity,0.9874534857744466,0.9919415635787423,19.006326217849672,77.90133661779652,80.7827915066949,8.608408377430997,55.76417883397414,64.90718743639293,36.90187065135689,Utilities
2021-11,D,Equity,0.9876839221433652,0.9925898707767079,19.079015168021325,78.10166895405884,79.37486696293445,7.970951096906777,55.149162337966686,64.45748478529111,36.277877841542725,Utilities
2021-12,D,Equity,0.984998112351709,0.9891150027215789,19.13662108656249,80.27965222914037,74.47474370557615,6.987220372574976,53.913872102430496,63.87969330075802,35.14321141048829,Utilities
2022-01,D,Equity,0.9911731943488864,0.9946581729018101,19.10827679670505,93.38979308001056,91.92105257081793,2.117720526188775,62.47618872567242,74.69475641648842,38.332801445878964,Utilities
2022-02,D,Equity,0.9897931958327298,0.9932820764861588,19.114185315688083,97.10910930701887,93.80551232376999,1.2819598741743532,64.06552716832108,76.9526003254753,38.95210025066238,Utilities
2022-03,D,Equity,0.9865692496500122,0.9921171599460387,19.042419969519262,93.35047328099566,89.19662909799257,0.0,60.84903412632941,73.4342253698956,36.50942047579765,Utilities
2022-04,D,Equity,0.9896788110861175,0.9942426173134808,19.11174780862558,93.1324897169037,93.25165586163043,5.668010327097421,64.01738530187718,75.67534368236046,40.67763531196528,Utilities
2022-05,D,Equity,0.9890110104858186,0.9910703331061093,19.436027017669048,100.0,91.69957750758837,10.205385792066922,67.30165443321843,79.5509504106899,44.463146976757834,Utilities
2022-06,D,Equity,0.9871767963144775,0.9892036295901253,19.16959030603844,91.60537142202652,85.65199416863418,9.21706954673364,62.15814504579811,73.34169787095023,40.98171484617232,Utilities
2022-07,D,Equity,0.9866215567302639,0.9902028403195032,19.042313187638605,84.43333793149385,84.39081964243529,9.805940014290906,59.54336586274002,69.4951028613357,39.64839552336037,Utilities
2022-08,D,Equity,0.988730861948536,0.9935591707414089,19.021319916102666,90.2186270633575,92.39638283161717,7.002882519841318,63.20596413827199,74.22880488513218,40.72473149089973,Utilities
2022-09,D,Equity,0.988116070074655,0.9908517777572923,19.238439072360165,95.26236737770353,97.534226066243,10.217784559173799,67.67145933437344,78.93500842055941,44.689989424293586,Utilities
2022-10,D,Equity,0.9784346187016488,0.979935555676734,19.276459963577086,63.63181677031003,51.595803353738646,14.16850004435704,43.132040056135246,50.12834940014802,31.54662405142396,Utilities
2022-11,D,Equity,0.9766265351719129,0.9804182149475458,19.427991879304248,61.487337670398276,37.11264864899319,10.749485949534323,36.44982408964193,44.027360619803964,26.16968883359889,Utilities
2022-12,D,Equity,0.9834286119639222,0.987386042516616,19.44060473530476,73.93725614458805,53.47234992293238,18.6591275754888,48.68957788100308,56.7421585642715,36.67739775879737,Utilities
2023-01,D,Equity,0.9887046792420474,0.9929861222138439,19.338822202000813,93.27138377156265,93.85395798435366,12.096579827839948,66.40730719458541,77.21119524665541,44.68301624788723,Utilities
2023-02,D,Equity,0.9853745530072956,0.9882393620540725,19.398248126925928,81.48878186754824,58.6163264837693,10.27858520499607,50.12789785210453,60.38500591990412,34.18817279326115,Utilities
2023-03,D,Equity,0.9848710955194501,0.9882910010334865,19.093739660374673,74.38123000405183,70.02655727281584,5.321403720025037,49.90973033229758,59.26286292787568,32.074399687388556,Utilities
2023-04,D,Equity,0.9866894640133946,0.991647754596089,18.822374896750354,69.58518490205944,72.06491189549871,0.0,47.216698932519385,56.41206601967933,28.33001935951163,Utilities
2023-05,D,Equity,0.9876359129389776,0.9893070843608688,18.988273316231535,72.50807689151367,65.20757364294177,2.5363989039008215,46.75068314611875,56.32359031941953,29.06496944923158,Utilities
2023-06,D,Equity,0.9868950269988643,0.9907829183725172,19.01033553574019,86.3252269310332,69.03408902403719,0.0,51.786438651690126,63.872840172727756,31.071863191014078,Utilities
2023-07,D,Equity,0.9879774312750081,0.991747119084539,18.731820984167893,73.31303743193209,72.53900471266273,0.0,48.6173473815316,58.41822012976486,29.170408428918968,Utilities
2023-08,D,Equity,0.9862771336511216,0.9876449276884037,18.923086731961202,67.79983960344298,55.15377882739274,1.4551219533041508,41.46958012804662,50.73707784060014,25.463796858149635,Utilities
2023-09,D,Equity,0.988116697811513,0.9905770221787213,19.27056185339959,69.61373022308572,69.08635317140181,10.423363637329913,49.707815677272485,57.61744379042939,33.994034861295454,Utilities
2023-10,D,Equity,0.9813395799912026,0.9822837449339418,19.260316177122547,55.73111465885655,48.47112989129075,6.316327634097969,36.83952406141509,43.67016182363509,24.630245490488242,Utilities
2023-11,D,Equity,0.9794067892085678,0.990537603780316,19.187733431281142,43.322394964926715,65.30745065253973,6.791755058534019,38.47386689200015,42.61178368993208,25.8010221586137,Utilities
2023-12,D,Equity,0.9851523143807738,0.9933229907271022,19.345008680994603,53.2386453365565,62.006607066727824,9.710035105669386,41.651762502984575,47.16331180943047,28.8750715440585,Utilities
2020-01,DD,Equity,,,19.64598779221914,,,36.703053038303764,,,,Materials
2020-02,DD,Equity,0.9755816761840886,0.9766366470863709,19.568321345120943,23.767682031435786,9.35360287607036,31.962517530004053,21.6946008125034,21.08242538453981,25.80176749950366,Materials
2020-03,DD,Equity,0.950174422964749,0.9580874981257309,19.47909030067281,75.62183112282216,74.44621312293502,26.558212557796505,58.87541893451789,65.45642200985088,45.94853638382934,Materials
2020-04,DD,Equity,0.9420676113733967,0.9631786182308534,19.209710839387647,63.58787947873573,61.437230424479154,16.93718491291057,47.320764938708486,53.612545849293724,35.16733292838932,Materials
2020-05,DD,Equity,0.9669694310128586,0.9816468173956006,19.26362536769923,60.896223455453644,75.12502437556297,26.368042412243405,54.129763414420005,58.25922752284439,43.02507501354937,Materials
2020-06,DD,Equity,0.974566636260176,0.9839514736069878,19.37898693832697,78.092219050193,74.08787259730803,23.98746706044802,58.72251956931635,66.06996471637851,44.82849856576902,Materials
2020-07,DD,Equity,0.9786305284410651,0.9845353523803065,19.140670447767555,77.56387578633438,69.53069347863001,22.245179799888675,56.44658302161768,64.09018189673392,42.766021732926085,Materials
2020-08,DD,Equity,0.981867027661364,0.9890284352353126,18.89129157076493,74.09824090951568,72.13076493696776,18.96546468777725,55.06482351142024,62.481442873403616,40.62507998196304,Materials
2020-09,DD,Equity,0.9780476079752667,0.9856253453598643,19.14077034931035,48.01694007570862,65.6877926618589,20.16644114369027,44.62372462708593,47.74809606515003,34.84081123372766,Materials
2020-10,DD,Equity,0.9813185716874627,0.9866499573115269,19.16562750527731,70.44543097410019,62.65476830160346,23.16243802969912,52.0875457684676,58.651633583470954,40.517502672960205,Materials
2020-11,DD,Equity,0.979077620319212,0.9881314059027215,19.126217827075124,76.67490830834068,72.8494856043123,23.673415272860392,57.732603061837786,64.9269828900361,44.10892794624684,Materials
2020-12,DD,Equity,0.9834046975755942,0.9920862062203638,19.50601930069374,83.64832341079706,83.8960050206392,34.00793706364616,67.18408849836081,73.79455062431953,53.91362792447495,Materials
2021-01,DD,Equity,0.9778828630342886,0.9900510603143289,20.93155548652772,64.80541474327347,75.49766115421247,63.88613308868975,68.06306966205857,67.82923233563842,66.39229503271105,Materials
2021-02,DD,Equity,0.9706358166585484,0.9767152897208846,20.16784836542876,45.01518800371012,6.7890316861827795,43.85330988003127,31.885843189974725,33.31496548371615,36.67282986599734,Materials
2021-03,DD,Equity,0.9795695938273736,0.9874714408946611,19.37609697957763,66.21689005752903,69.81830633490397,18.471260306104927,51.50215223284598,57.74818899045669,38.289795462149556,Materials
2021-04,DD,Equity,0.9872832137953219,0.9908528872453882,18.89097562089556,79.6429495457408,76.98761808520517,10.603361454926679,55.74464302862421,65.03843248941729,37.6881303991452,Materials
2021-05,DD,Equity,0.9853443357889982,0.990766426958559,19.310923240063993,69.77997296650842,72.43474279206178,14.594351170743025,52.26968897643775,59.53927955502135,37.19955385415986,Materials
2021-06,DD,Equity,0.9876851911598262,0.9904707439033953,18.855819138114246,79.19197196559456,63.08576712236892,0.0,47.42591302932116,58.52171611950796,28.455547817592695,Materials
2021-07,DD,Equity,0.9852916470448874,0.9873860263751097,19.016640982293023,71.74286528452541,61.92017657575257,4.264111764566952,45.975717874948316,55.300307967901865,29.291075430795765,Materials
2021-08,DD,Equity,0.9856456625397417,0.9894824958824352,18.744218403032285,67.43360683961875,62.38780599866395,0.0,43.273804279427566,52.43314521940856,25.96428256765654,Materials
2021-09,DD,Equity,0.9866850616180449,0.9888211821837966,18.887259689839514,77.84698105035278,59.79577908319046,1.626030684186395,46.422930272576544,57.18743038697081,28.50417043722049,Materials
2021-10,DD,Equity,0.9854084541649946,0.9902794392520878,18.687878124545147,68.83277018564719,66.93139730846646,0.0,45.254722498037886,54.49580428536353,27.15283349882273,Materials
2021-11,DD,Equity,0.9761335764373752,0.9895090602177486,19.163073277524454,30.638272200339728,60.39269008042838,9.744696013802884,33.59188609819033,35.38588232705896,24.05301006443535,Materials
2021-12,DD,Equity,0.9834337173178297,0.9872538362264798,18.957757047367686,75.281373845578,65.55695280544786,3.1203727970460853,47.98623314935731,57.93184732383258,30.039889008432827,Materials
2022-01,DD,Equity,0.9861458683152433,0.9901096039926376,19.018433678957038,74.70871127770828,72.74855111714109,0.0,49.15242079828312,59.17892097399647,29.491452478969876,Materials
2022-02,DD,Equity,0.9808937248219869,0.9876754008616003,19.2381526940059,69.94556469079173,72.18696886318894,4.161836861048918,48.764790138343194,57.46124037656232,30.923608827425483,Materials
2022-03,DD,Equity,0.9739863140593225,0.981002461010359,19.105304323958446,61.89094951258778,47.455299787466046,1.5108390661860367,36.95236278874662,45.484232505770905,22.77575329972239,Materials
2022-04,DD,Equity,0.9814716599959391,0.9845691723415986,18.86521655331967,66.01073329116937,51.346100795481284,0.0,39.11894469555022,48.409196884229075,23.471366817330132,Materials
2022-05,DD,Equity,0.9810407452514754,0.9853345535212666,19.002845863421022,77.4138185865282,72.79009508517778,0.0,50.06797122390199,60.543937818817426,30.040782734341196,Materials
2022-06,DD,Equity,0.9785110096698476,0.9833731075062008,18.7957149682658,65.13999492359044,59.69396556127025,0.0,41.61132016162023,50.478187130176295,24.96679209697214,Materials
2022-07,DD,Equity,0.9786031964377019,0.9846633986161539,18.632512601401825,52.83207014165162,60.510980419809016,0.0,37.78101685382021,44.569329196768514,22.66861011229213,Materials
2022-08,DD,Equity,0.98204189666564,0.9890507048547911,18.730816322860484,63.23974310573038,70.4295265888706,0.0,44.556423231533664,52.74872952952637,26.7338539389202,Materials
2022-09,DD,Equity,0.9784913205210298,0.9824912706097481,18.844889697699287,56.759553327957725,64.92415802166539,0.0,40.56123711654104,47.85702407047848,24.336742269924628,Materials
2022-10,DD,Equity,0.977629523216281,0.986508070422645,18.70329047883067,60.48350455024912,74.32316652793854,0.0,44.935557026062554,52.53870223350612,26.961334215637535,Materials
2022-11,DD,Equity,0.978335839503158,0.9924329460617679,19.253715571874903,68.10810714302204,88.14523992335074,6.06280003509581,54.1053823671562,61.7101855555354,34.88834943433204,Materials
2022-12,DD,Equity,0.9847159446747346,0.9904780448355175,18.71797726518982,78.60627365509953,72.02707805523877,0.0,50.21111723677944,60.911260244121394,30.126670342067662,Materials
2023-01,DD,Equity,0.987575518734816,0.9926396580058755,19.12059087129486,88.74149358735816,91.87712886772626,6.608233659057304,62.40895203804724,73.25553218580842,40.08866468645127,Materials
2023-02,DD,Equity,0.9816179840937098,0.9911042351891586,19.079674956019335,69.3080068077496,76.36824021972585,2.529233671081654,49.40182689951903,58.07032220400889,30.652789608144086,Materials
2023-03,DD,Equity,0.9834012187802562,0.9876569507828468,19.107249300772498,68.81154733980658,67.22148294906005,5.636173466203479,47.2230679183567,55.699453247861996,30.588310137495416,Materials
2023-04,DD,Equity,0.9862563600875999,0.9895870068504712,19.112168658830615,67.93030597517415,63.04251341747832,6.854269644823914,45.94236301249213,54.248760941795354,30.30712566542484,Materials
2023-05,DD,Equity,0.9813399244727137,0.9840466275577849,18.91508927288834,49.202593579289264,38.49764264968935,0.8273058944096331,29.50918070779608,36.31605076343336,18.036430782441503,Materials
2023-06,DD,Equity,0.9807611687754358,0.9923748648289581,19.23927381273142,71.938126333097,78.84822283777005,4.8982435101358,51.89486422700096,60.60317871990668,33.09621594025489,Materials
2023-07,DD,Equity,0.988392584216052,0.9934663423278967,19.076980705415657,75.8708506437529,86.44250032276702,7.173848259102533,56.49573307520748,65.30294507052706,36.76697914876551,Materials
2023-08,DD,Equity,0.9902009381799526,0.9942652407601903,18.848841226435407,86.99357850976226,92.59872188494825,0.0,59.86410013157016,71.2764058203656,35.918460078942104,Materials
2023-09,DD,Equity,0.9887530268597174,0.991080861069743,18.762020540136376,72.99407128107363,72.57938631241778,0.0,48.52448586449714,58.27085153426215,29.114691518698283,Materials
2023-10,DD,Equity,0.9899934314107377,0.9929065384094852,18.96986405773999,92.34963097286612,95.0556852052154,0.18154605477847352,62.52895407762,74.72783025895338,37.58999086848339,Materials
2023-11,DD,Equity,0.9791270560071559,0.9813588975430586,18.985182033773157,41.94149622921636,0.0,2.58013146541946,14.840542564878609,21.486774407692074,9.936378125094949,Materials
2023-12,DD,Equity,0.9910044433418985,0.995482279644578,19.13215285304365,84.24869788118278,83.60247112479206,5.177801827036941,57.67632361100393,68.2406506434364,36.676914897417134,Materials
2020-01,DIS,Equity,,,20.983632320679185,,,76.87958559366044,,,,Consumer
2020-02,DIS,Equity,0.9845692537627585,0.9878721619966037,21.119694030554392,65.62713614458265,62.726490721258955,71.4224807305373,66.59203586545964,65.91601143477646,68.52421381149071,Consumer
2020-03,DIS,Equity,0.9545444626280816,0.9620594016803381,21.697230527622853,81.95323672597242,79.7831358400887,87.41211226229208,83.04949494278439,82.39398156747124,84.79454187058747,Consumer
2020-04,DIS,Equity,0.9499566673686505,0.9672984034641892,21.261237111787015,75.76868374777206,70.76182634452731,70.74933893826291,72.42661634352076,73.2627575648968,71.75570538141761,Consumer
2020-05,DIS,Equity,0.9698794920558227,0.9837720766110145,21.49262250207465,67.30289255160717,82.0580110400841,79.70653542721018,76.3558130063005,74.21015667327084,77.69610197466437,Consumer
2020-06,DIS,Equity,0.9728567707342433,0.9814830907697768,21.12900436556628,75.82760300969564,67.28446575402106,58.58527230580722,67.23244702317464,69.81619569221559,63.77357713622767,Consumer
2020-07,DIS,Equity,0.9808252072198994,0.9856969746998098,20.850435315033053,83.49632589483164,73.38393438831567,60.82037707264797,72.56687911859844,75.92741867844012,67.86827830021824,Consumer
2020-08,DIS,Equity,0.9793974071716578,0.9941162735204423,20.810304831066688,68.06498827568326,93.53400588163758,63.911589165587046,75.1701944409693,74.87501373545032,70.6667523308164,Consumer
2020-09,DIS,Equity,0.9854579759483337,0.9904996400581391,20.73797399279169,73.21401581528008,84.85710731970192,53.91520821522462,70.66211045006888,72.84718174659554,63.96334955613116,Consumer
2020-10,DIS,Equity,0.9854818383605238,0.9888298035906469,20.68345615946066,85.30098479752132,72.38003796535178,61.06835026080666,72.91645767455992,76.57817384052753,68.17721470905862,Consumer
2020-11,DIS,Equity,0.9715822900756091,0.9869172449812545,21.004718633665675,59.326611086267235,65.43498027027235,69.40601295538951,64.72253477064304,63.175002215293226,66.59592604454161,Consumer
2020-12,DIS,Equity,0.9692094831845659,0.9906820204684298,21.167059907725545,54.60938970850091,76.50563932787958,76.06811318312727,69.0610474065026,65.47000928923978,71.86387371715246,Consumer
2021-01,DIS,Equity,0.979501412236029,0.9906201104456043,21.06571583110253,68.85976510392527,78.26393928545093,67.45802001602007,71.52724146846542,71.40066834080193,69.89955288748729,Consumer
2021-02,DIS,Equity,0.9780873841843373,0.9881031548846078,21.476573097662445,66.41548880938265,70.06140930181837,78.93883291008785,71.80524367376296,70.01393377725441,74.65867936829292,Consumer
2021-03,DIS,Equity,0.9778145161271906,0.9875183133775931,21.402907437101476,60.25543325406127,70.04507677695612,72.41961487523402,67.57337496875046,65.62516263516429,69.51187093134388,Consumer
2021-04,DIS,Equity,0.988035270562579,0.9912884171791823,21.000328585286248,82.51289236268387,78.9005953767601,71.49707412178037,77.63685395374144,79.22603961872603,75.18094202095702,Consumer
2021-05,DIS,Equity,0.9895803243038822,0.9910217206331575,21.054909669804072,85.94835004372871,73.8397783596213,66.978766467352,75.58896495690067,78.52186182322116,72.1448855610812,Consumer
2021-06,DIS,Equity,0.9906831744115997,0.9929785642035402,21.011622255503365,89.9256446160091,77.96473829142407,55.78717045229903,74.55918445324406,79.50967788589158,67.05037885286606,Consumer
2021-07,DIS,Equity,0.9859479992002613,0.9909362635731078,20.884562899814153,74.03866902215468,77.23907312161403,53.22768226791694,68.16847480389522,70.83659290114494,62.1921577895039,Consumer
2021-08,DIS,Equity,0.987089613184065,0.9912112198795373,20.877587193459497,73.52728769936867,70.98473606253476,52.691136232572525,65.73438666482532,68.59729191495927,60.5170864919242,Consumer
2021-09,DIS,Equity,0.987903475733123,0.9915788665824901,20.992597542979947,82.02636753509348,79.35339718608944,62.49426890887031,74.62467787668442,77.31805670514764,69.77251428955877,Consumer
2021-10,DIS,Equity,0.9831508739628796,0.9874733258144553,20.98567621490191,58.82167013997572,43.54651402008551,62.114940382941974,54.82770818100107,54.897777352601906,57.74260106177743,Consumer
2021-11,DIS,Equity,0.9842206942903777,0.986148124252772,21.51269430475693,63.87035832327577,39.68454209241477,59.32502060497965,54.29330700689007,55.70554591035824,56.3059924461259,Consumer
2021-12,DIS,Equity,0.9827279560522559,0.9872691787706789,21.20034211914087,73.02645024809928,65.63046670192294,51.60264283154383,63.41985326052202,66.52289370093528,58.692969088930745,Consumer
2022-01,DIS,Equity,0.9859329790849891,0.9896550922004852,21.174945826168724,73.91763445106253,70.8327555845765,50.8318294555928,65.19407316374395,68.37500979202278,59.44917568048349,Consumer
2022-02,DIS,Equity,0.9787433158603142,0.9841089421557824,21.175303796970056,63.38194650460748,58.435211548324794,49.163650702935186,56.993602918622486,59.054266857388214,53.86162203234757,Consumer
2022-03,DIS,Equity,0.979473890515165,0.9843393684244266,20.931178499265275,75.61084346732346,59.9870788356778,45.378698704653516,60.32554033588493,64.87728512529577,54.346803683392366,Consumer
2022-04,DIS,Equity,0.9818573683193959,0.9854088766419944,21.092764522662286,67.28536404735115,54.98371644345371,51.213647854394914,57.82757611506659,60.380526527590675,55.18200481079792,Consumer
2022-05,DIS,Equity,0.9774570667946187,0.9798861225841664,21.05935600119108,67.25837088507083,54.82793187599968,48.44965930633122,56.84532068913391,59.76749686660156,53.48705613601283,Consumer
2022-06,DIS,Equity,0.9773303832621846,0.9823885523599871,20.767827386100446,61.53435314354952,55.310634140331906,48.618069909207804,55.154352397696414,57.08398079571589,52.53983940230097,Consumer
2022-07,DIS,Equity,0.9815326405465672,0.9880782909115237,20.644803353055444,64.37734179095658,75.23215330022921,48.151230292839244,62.586908461341686,64.38856294411491,56.8126371939407,Consumer
2022-08,DIS,Equity,0.9778085207063253,0.9895621957146252,20.650933724003266,46.165090461411005,72.92169276468803,46.28636924740623,55.124384157835095,54.21632690959316,51.58917819366354,Consumer
2022-09,DIS,Equity,0.981331850697561,0.9853479218959987,20.72129678442124,68.12280019275315,76.06649558328424,48.71745349348608,64.30224975650783,66.62483947005906,58.06833125129913,Consumer
2022-10,DIS,Equity,0.9766560978963125,0.9836160178000531,20.521210789561373,56.67694137125701,64.32262140730049,44.938198366616035,55.31258704839118,56.622896781141854,51.162831575681125,Consumer
2022-11,DIS,Equity,0.9682499324113029,0.9745630632729152,20.96781981204961,29.041649194697676,12.242881742009205,52.158958008623266,31.14782964844338,28.625480721676254,39.552280992515335,Consumer
2022-12,DIS,Equity,0.9723427399572376,0.9784752878679965,20.82862173644574,33.7299887584938,0.0,54.49942893729207,29.409805898595295,27.764880166705318,39.445655114074,Consumer
2023-01,DIS,Equity,0.9802066764426023,0.988239061209983,20.792429800089565,59.17966765147475,66.76853849508898,48.6536665947863,58.20062424711668,59.35112869322133,54.38184118618453,Consumer
2023-02,DIS,Equity,0.9832021918312863,0.9908109396199144,20.810158035182567,74.44484271927088,74.55086213739605,44.62355588209563,64.53975357958751,68.51239117727339,56.57327450059076,Consumer
2023-03,DIS,Equity,0.9852403017869666,0.9870879659601056,20.449344293882056,75.78023285434902,64.70426177413351,36.90650249705466,59.13033237517906,64.68269545882549,50.2408004239293,Consumer
2023-04,DIS,Equity,0.9852497812360764,0.9907647207193825,20.4869860679063,64.08419415206427,68.19879896528717,39.371771631609356,57.21825491632027,60.37609109194016,50.079661602435905,Consumer
2023-05,DIS,Equity,0.9771941207569863,0.9819321942910897,20.95909983635429,33.85632034032676,27.761623182680477,48.561812021156854,36.72658518138803,34.96900952919889,41.46067591729556,Consumer
2023-06,DIS,Equity,0.9844387699775113,0.9873450452694789,20.852599339715947,80.5640215732673,47.84006799943374,39.41611180260631,55.940067125102445,62.51725354698503,49.33048499610399,Consumer
2023-07,DIS,Equity,0.9889309885276546,0.9909647032419013,20.973917614633955,79.18803215776458,66.21154533505191,46.60005214705449,63.99987654662366,68.77749010880876,57.039946786795994,Consumer
2023-08,DIS,Equity,0.9826103024572954,0.9879685874606039,20.874613111769058,49.86311517420283,56.98442061255323,39.702674550598985,48.85007011245168,49.96741868098718,45.191111887710605,Consumer
2023-09,DIS,Equity,0.9856321388719265,0.9881029329535405,20.873669425280468,56.415123907415754,51.93389469432188,43.28160491619054,50.543541172642726,52.44405134524255,47.63876667006185,Consumer
2023-10,DIS,Equity,0.9858502891698386,0.9898361739684085,20.562566760529407,74.81804712834308,81.59109489113828,33.821800507649456,63.410314175710276,68.65071213304292,51.57490870848595,Consumer
2023-11,DIS,Equity,0.9815202603704909,0.9913589457956993,20.873773631175364,53.75551352478601,71.15138461795779,41.849359065112864,55.58541906928556,56.593043960802916,50.090995067616475,Consumer
2023-12,DIS,Equity,0.9856912130859008,0.99113664489035,20.678167466603494,56.09423469100029,40.14013653919499,38.09632206808267,44.776897766092645,47.70842272087518,42.10466748688866,Consumer
2020-01,DOW,Equity,,,18.88785928570569,,,13.93244846060826,,,,Materials
2020-02,DOW,Equity,0.9750413560674764,0.9807433741185048,18.918012858811835,21.251152418226482,28.862088517192152,15.421586276220753,21.844942403879795,22.36852001951504,19.27559995281618,Materials
2020-03,DOW,Equity,0.9361346149663913,0.9443538118523725,19.28529485539357,55.280661276284285,55.992687941657906,21.241502438695246,44.17161721887914,48.68643750837857,34.999571306805585,Materials
2020-04,DOW,Equity,0.9378283618387011,0.9589998768577397,18.97717068248778,57.04242348744906,51.9791949804513,10.837586331830746,39.953068266577034,46.28248750422606,28.30687549267852,Materials
2020-05,DOW,Equity,0.9595725209005787,0.9732260095522692,18.727035959076076,44.6114944673978,47.654799539511885,13.527796912434345,35.264696973114674,39.307746478039334,26.569936948842543,Materials
2020-06,DOW,Equity,0.9641270551219605,0.9784987738383202,18.96207626364621,64.2656095635906,59.05903089524108,15.745152382433217,46.356597613754964,52.999544526854265,34.112019521226266,Materials
2020-07,DOW,Equity,0.9720809586668131,0.9791314415362571,18.626432047622878,59.859692243579254,51.60527143139344,10.64308871087537,40.70268412861602,47.54004529338273,28.678845961519762,Materials
2020-08,DOW,Equity,0.9761482759868245,0.9849725718926633,18.547692740042205,60.127400553087796,55.0687799648641,10.91787265932762,42.038017725759836,48.76790879786865,29.589959699186952,Materials
2020-09,DOW,Equity,0.9768796704939187,0.9888172159451313,19.004973682341628,44.045665061624476,78.24057729709084,17.29706997657416,46.52777077842982,48.95441971525432,34.83549045768756,Materials
2020-10,DOW,Equity,0.9806607349005406,0.986580456518725,18.78592045633693,68.09810841165613,62.3446941654967,13.679719390149584,48.040840655767475,55.48840633350699,34.296392149520315,Materials
2020-11,DOW,Equity,0.9714219841183882,0.9844541166961708,18.87036066322709,58.95557534775371,50.39341742198642,17.444505124191227,42.26449929797712,48.08471392531102,32.33650162846276,Materials
2020-12,DOW,Equity,0.9778153612820766,0.986106270785768,18.671139907693927,72.21430335331353,52.423025309881275,12.867469961612658,45.834932874935824,54.407553261943676,32.647947709606555,Materials
2021-01,DOW,Equity,0.9801886340512639,0.989025421862876,18.98765822262513,70.58120675762915,70.51180654689972,12.131784611035613,51.074932638521496,58.87050226509161,35.49767342752714,Materials
2021-02,DOW,Equity,0.9783283426214977,0.9849170263996342,18.917569507628578,67.10750200245266,52.35888808867891,10.334658800158238,43.2670162970966,51.328349187861654,30.094073298321256,Materials
2021-03,DOW,Equity,0.9775835082164244,0.9873029020862012,19.13973492806857,59.470770739604674,69.00291065482355,12.179925211517087,46.88453553531511,52.87224360855282,33.0026914057959,Materials
2021-04,DOW,Equity,0.9817907562384905,0.9867189227867414,19.106249857867798,58.6830435933166,58.83001393479481,16.817991131449446,44.777016219853614,50.354124203386625,33.593406184491954,Materials
2021-05,DOW,Equity,0.9798783251463858,0.9864794474934566,19.32060609899338,48.91671498851215,48.840900777220256,14.885196841767613,37.547604202500004,42.08766709577567,28.482641258207053,Materials
2021-06,DOW,Equity,0.9852128361562613,0.9896510303058453,19.07171057201381,70.34020494248601,58.22238237980054,5.58676816310231,44.71645182846296,53.75417081780363,29.0645783623187,Materials
2021-07,DOW,Equity,0.9853052268784156,0.9875619667589882,19.08205454664672,71.79036514007586,62.679340650872184,5.978788186565442,46.816164659171164,55.89474240261267,30.48121407012888,Materials
2021-08,DOW,Equity,0.9844087291657004,0.9898095167603571,18.96347879052483,62.213568844681554,64.0140781055087,5.415415749783649,43.881020899991306,51.394091003950116,28.49477883990824,Materials
2021-09,DOW,Equity,0.9854495340722972,0.9896080605650087,19.19160491309074,73.60889232311234,65.37635490269534,10.425073328941664,49.80344018491645,58.5023672981531,34.052093442526534,Materials
2021-10,DOW,Equity,0.981001062216567,0.9874385857867142,19.393971954608308,49.28846265900456,43.25700630337399,19.087393423817616,37.210954128732055,41.438811905277994,29.96152984676628,Materials
2021-11,DOW,Equity,0.9826821629446902,0.9870176678753622,19.211738064718645,57.54812992100998,45.04216812464887,10.771591805627875,37.78729661709557,44.441033759025224,26.98101469250849,Materials
2021-12,DOW,Equity,0.9841335797597814,0.9867500265973117,19.205891207344436,77.51745056489628,63.14294581670037,8.484765657854712,49.71505401315046,59.39856215902919,33.22293867103216,Materials
2022-01,DOW,Equity,0.9875057379395542,0.9929611838554224,19.39102861100723,79.76186190335186,84.76813797099037,8.782552913732493,57.77085092935824,67.06788292571954,38.175531723107945,Materials
2022-02,DOW,Equity,0.9822421390724184,0.9908497422621846,19.399174729624022,74.0612824237377,84.42677764161387,7.902527848055698,55.46352930446909,63.939180073964145,36.43912872190373,Materials
2022-03,DOW,Equity,0.9812837606143421,0.9892246598692668,19.422126321248925,80.13583296539586,78.33382490203924,9.122701425311687,55.864119764248926,65.39260423837204,37.167552428674036,Materials
2022-04,DOW,Equity,0.9852771117755683,0.9919919271239287,19.385438706209893,78.58641699955065,83.5016214168935,11.960449117527963,58.01616251132403,66.73578474834896,39.593877153805614,Materials
2022-05,DOW,Equity,0.9836165052992834,0.9898919847492759,19.541061029004535,84.71302156244477,87.8148470692187,12.679899275525703,61.73592263572973,71.23694475709313,42.11351329164812,Materials
2022-06,DOW,Equity,0.981094204843123,0.9828897874593538,19.49270102513107,73.02909208617085,57.54217959391136,17.182649696828793,49.251307125637,57.21372986062458,36.42384415411372,Materials
2022-07,DOW,Equity,0.9799720320541445,0.98287786054496,19.253569598458085,58.226806633550545,52.813749480414906,14.861002797762085,41.96718630390918,47.92972872045216,31.124712901450344,Materials
2022-08,DOW,Equity,0.984284975267949,0.9906807485238649,19.313611908921192,72.28684602227153,78.37168160311332,14.048876217730047,54.90246794770497,62.46470273561577,38.561031255715,Materials
2022-09,DOW,Equity,0.981191695376747,0.9833379270620141,19.286938589823944,67.5621233434161,68.22653239101032,11.476985189579562,49.08854697466865,56.54441842692706,34.043922260633025,Materials
2022-10,DOW,Equity,0.9790468316204743,0.9863044725308199,19.23744459932258,66.02586499023893,73.61913718637038,13.20405723139893,50.94968646933608,57.739485097310364,35.85143477416122,Materials
2022-11,DOW,Equity,0.9759859541854846,0.9882864003504961,19.093000141499523,59.006129987154246,70.5327798131708,1.7407969189890162,43.75990223977136,51.011058321326175,26.95226011145842,Materials
2022-12,DOW,Equity,0.9825528151492327,0.9892837844041965,18.956373561460182,70.76083513928704,64.86046712261685,6.155684760953232,47.25899567428571,56.06969465861922,30.81767130895272,Materials
2023-01,DOW,Equity,0.9844569965649386,0.9912504652217551,19.40851767521481,76.23081607421321,83.95077837870618,13.849366112733815,58.01032018855107,66.07051477326522,40.34593855822417,Materials
2023-02,DOW,Equity,0.9875191172181985,0.9924541700230572,19.140561332640303,88.44258861386672,84.7329829467408,4.0103060875674945,59.06195921605834,70.4432504084691,37.041297964662,Materials
2023-03,DOW,Equity,0.9859137467416454,0.9874263657097897,19.136619994263604,78.33206226247688,66.20136148830662,6.320500025833378,50.28464125887229,60.290539582897104,32.698984765656725,Materials
2023-04,DOW,Equity,0.9859008113898775,0.9898863609241738,19.14032199689108,66.57176357391901,64.35315017285376,7.520158962396081,46.148357569722954,54.09585863129485,30.697078126792203,Materials
2023-05,DOW,Equity,0.9853243039242312,0.9874811240117343,18.96481186536576,63.95133229037119,55.93627330773007,1.9884952921916568,40.62536696343097,49.15424719594295,25.170618294935245,Materials
2023-06,DOW,Equity,0.9828576745401433,0.9905025215709434,19.053648752986867,76.85552713407927,67.3054808032934,0.9267069188686414,48.362571618747104,58.804749191801385,29.38822573879572,Materials
2023-07,DOW,Equity,0.9885109996417413,0.9920864658354864,19.178930478014472,76.60042403795734,75.2833289767331,9.2927866915186,53.725513235403014,62.743768050302315,35.95242261784925,Materials
2023-08,DOW,Equity,0.9873534169005767,0.9912108452021321,18.92814184133835,73.06460229166998,75.32285192131295,1.554195972383774,49.980550061788904,59.43999591670563,30.61000842602685,Materials
2023-09,DOW,Equity,0.9880951340983712,0.9909258111341093,19.047019230284707,69.49917831774448,71.50445030939733,5.841501773998836,48.94837680038021,57.3692246064912,31.705626789827665,Materials
2023-10,DOW,Equity,0.9873093944322003,0.9895725988215154,18.961268733571693,80.99220788791382,80.43522840102086,0.0,53.8091454296449,64.62667246426317,32.28548725778694,Materials
2023-11,DOW,Equity,0.9862662992316309,0.991109019296786,18.89739451973362,77.18426288274662,69.37313155345835,0.7547776546899514,49.10405736363163,59.555026438348804,29.764345480054967,Materials
2023-12,DOW,Equity,0.9878730470989021,0.9945712173271147,18.888977970573244,67.65563189128002,74.49059276653975,0.0,47.38207488593992,56.17499377560193,28.429244931563957,Materials
2020-01,DUK,Equity,,,19.216270422161276,,,23.796370029172916,,,,Utilities
2020-02,DUK,Equity,0.9916586731120688,0.9957186002570312,19.311982313307805,98.64595810675472,100.0,25.442402242953865,74.69612011656953,84.41145950196814,54.994632967123266,Utilities
2020-03,DUK,Equity,0.9557812392239107,0.967211823635768,19.793810548049024,83.74510473448974,86.70628425098069,35.19245224026251,68.54794707524432,74.92292809059157,55.205749141251594,Utilities
2020-04,DUK,Equity,0.9469356575495171,0.9661756251132525,19.27114859452552,71.10420559932965,68.22056415795812,18.548715794542662,52.62449518394347,59.728015205960794,38.994183428183156,Utilities
2020-05,DUK,Equity,0.9779754678455266,0.9848117977578281,19.231290307126265,85.12665539689505,85.4497727571485,25.594284843913062,65.39023766598554,73.31711649437469,49.471856537156555,Utilities
2020-06,DUK,Equity,0.9832201879425043,0.9893247265106422,19.325976096872154,89.55333786325453,88.89774123856772,22.939443915078744,67.130174338967,76.03388008621332,49.4538821694117,Utilities
2020-07,DUK,Equity,0.9839431409888164,0.9877914808179621,19.206175724923796,91.9244324150595,80.33166303001637,23.723090030170873,65.32639515841558,74.80633312256883,48.6850731071177,Utilities
2020-08,DUK,Equity,0.9851563772377234,0.9910395217587293,19.13105810355724,82.13408167042815,80.59089417241765,24.581150963338175,62.43537560206132,70.16053927960701,47.293685746572066,Utilities
2020-09,DUK,Equity,0.9878809529941712,0.9928869181416109,19.13122683027315,81.45273437299589,94.24564198791596,19.964787458298446,65.22105460640343,72.99301727453243,47.11854774716144,Utilities
2020-10,DUK,Equity,0.9823204440264374,0.9942782937439302,19.210016202945543,74.02035653727373,96.68819056698855,24.270991405093444,64.99317950311857,70.87083371975211,48.704304263908526,Utilities
2020-11,DUK,Equity,0.9868037974312293,0.991244623988077,19.247373295979457,94.55751155241452,91.86094585787441,26.622977123992335,71.0138115114271,80.16163495836804,53.25747775645319,Utilities
2020-12,DUK,Equity,0.9873249723838226,0.9904759224523372,19.176733733338008,91.66796982930227,75.4209254961242,25.66990553211468,64.25293361918038,73.59424366991132,48.81972238435411,Utilities
2021-01,DUK,Equity,0.988770326448058,0.9923569209781027,19.11518117187393,92.07773440506278,86.70695815162146,15.526957430545005,64.77054999574308,75.15634613412684,45.07311296966385,Utilities
2021-02,DUK,Equity,0.987105014794826,0.9921221611197589,19.1194450227229,92.31339645780982,92.39150159691721,15.746727403735033,66.81720848615403,77.02349418872707,46.389016053186424,Utilities
2021-03,DUK,Equity,0.9887286400165078,0.992426537573502,19.427983787549664,97.32734072976757,93.79120885645438,19.85235043396793,70.3236333400633,80.77150310861369,50.135120177625154,Utilities
2021-04,DUK,Equity,0.9926176955366086,0.9960921450327334,19.400750166747866,100.0,100.0,25.31975327936134,75.10658442645378,85.06395065587228,55.1918519676168,Utilities
2021-05,DUK,Equity,0.9893522909951684,0.9939981923969434,19.492866523601787,85.07796795735243,90.22110351596291,20.05941234481018,65.11949460604184,73.61719750242713,47.095461701549176,Utilities
2021-06,DUK,Equity,0.9897954530031619,0.9926915491163417,19.265199625517006,86.74733766672905,76.26186938679645,10.593814827692723,57.86767396040607,68.37099261494201,38.95813030732074,Utilities
2021-07,DUK,Equity,0.9906265465259934,0.9931901314681213,19.162661863471,90.40339998121007,86.96427377333922,8.091736272558931,61.819803342369404,72.9093293771186,40.328576514445224,Utilities
2021-08,DUK,Equity,0.9922932218995585,0.996094793960816,19.20205754860327,95.48727016545398,95.27070936357256,11.307967426979436,67.355315652002,78.58644137719465,44.93637636199297,Utilities
2021-09,DUK,Equity,0.9905397198585136,0.9925440578956688,19.328109095129925,91.06917402574949,86.19857610080807,14.371598614008377,63.87978291352198,74.26847956591884,44.07650919371654,Utilities
2021-10,DUK,Equity,0.9898708227675291,0.993837624285281,18.987985753673684,88.62086829121418,96.58370594424571,8.112622066323857,64.43906543392792,74.90807034214556,41.908488086886294,Utilities
2021-11,DUK,Equity,0.991877824679621,0.9941390877677717,19.163225882627586,95.3355132987791,88.9202480861708,9.747916197168568,64.66789252737281,76.2934143146745,42.69990199529112,Utilities
2021-12,DUK,Equity,0.9882805123057778,0.9919608440736764,19.33014628900962,90.76699614249014,88.11061034070549,11.171026481702402,63.34954432163267,74.05088646979719,42.47813718566057,Utilities
2022-01,DUK,Equity,0.9922274155352152,0.9943960216862229,19.38821219048241,97.30718218263402,90.81606885785398,8.716166175323453,65.61313907193716,77.64164498373789,42.85434991329168,Utilities
2022-02,DUK,Equity,0.9881099276613154,0.9901948874144829,19.403008079607627,91.97132864341593,81.90175052511728,7.991580117694872,60.621553095409354,72.15450550278211,39.56956390432357,Utilities
2022-03,DUK,Equity,0.9870778243589599,0.992406394289024,19.25867971937547,94.62199835786139,90.28285068872847,5.19578647885084,63.36687850848023,75.4350116813194,40.09844169662847,Utilities
2022-04,DUK,Equity,0.9916453025868085,0.9957814778852052,19.30467221711467,99.6310545549317,99.91803031405811,10.103543413190105,69.8842094273933,81.81164505432129,45.97194302171203,Utilities
2022-05,DUK,Equity,0.9889811505947118,0.9913931450128405,19.48916231643825,99.91538287651719,92.76381053568622,11.457209002284339,68.04546747149591,80.07827639942133,45.41016408381129,Utilities
2022-06,DUK,Equity,0.9869186450462996,0.9893864724744772,19.314542003187285,90.81697553991553,86.46602775848116,12.790533047956675,63.35784544878445,73.90640270709345,43.13092048845334,Utilities
2022-07,DUK,Equity,0.9844184361270132,0.9888500171854616,19.13246961520006,75.75058963678006,78.55896858819808,11.963253962249887,55.42427072907602,63.835636187299436,38.03986402234556,Utilities
2022-08,DUK,Equity,0.9899478168968942,0.993786925488246,19.229388327361303,95.12702244961676,93.50608531316956,12.018581719539517,66.88389649410861,78.01905316266715,44.93777058428097,Utilities
2022-09,DUK,Equity,0.9870501698173817,0.990091861161493,19.164035624765962,90.99834376101512,94.57017957242488,8.286036100336966,64.61818647792565,75.52743297230242,42.08532632689018,Utilities
2022-10,DUK,Equity,0.9790428927847631,0.9810604634230757,19.378815836560104,66.0104622400957,55.485667108625734,16.698692647931736,46.064940665551056,52.99066978222192,34.31844145850333,Utilities
2022-11,DUK,Equity,0.9839315676502629,0.9905155639055968,19.34618032209487,89.78243711237765,80.00115588498224,8.549387275955771,59.4443267577719,70.60144277687465,39.08635096504544,Utilities
2022-12,DUK,Equity,0.9885349339943112,0.9937222480949192,19.142446757175918,92.4573378406025,91.49514543544885,10.9603228916993,64.97093538925022,75.86927712927577,43.366690390229856,Utilities
2023-01,DUK,Equity,0.9903819136571246,0.9936239097110798,19.258091877163086,100.0,97.49299735915727,10.066275711586718,69.18642435691466,81.26115435006453,45.538364898783485,Utilities
2023-02,DUK,Equity,0.9910834398595353,0.9926747336389992,19.38514536302751,100.0,86.09968440222214,9.959858040289273,65.35318081417047,77.82187692872449,43.19585170461799,Utilities
2023-03,DUK,Equity,0.9856294041338747,0.9889874134278933,19.35007712951511,77.25462627687463,73.1075252628522,11.293974249019463,53.88537526291543,62.81836556709687,36.84881485735705,Utilities
2023-04,DUK,Equity,0.9867127211517042,0.9918765215032921,19.116294603561055,69.6740498275331,73.06650279848995,6.9518574518183325,49.89747002594712,58.1473472436772,32.71922499629561,Utilities
2023-05,DUK,Equity,0.9904818826231865,0.9924291551757335,19.291330218176277,83.04283236920061,81.0598654006077,9.61379458922666,57.90549745301166,67.76213472262795,38.588816307497666,Utilities
2023-06,DUK,Equity,0.9895976679241555,0.9923667867681697,19.203616884947486,92.66433120373183,78.79842268952257,4.135346552036826,58.5327001484304,70.79876171913006,36.77375870987298,Utilities
2023-07,DUK,Equity,0.989423916921683,0.9933577300379317,19.145261724486282,82.22503041570084,85.56414406358694,8.593010576243042,58.79406168517695,68.50036054217512,38.713641241603376,Utilities
2023-08,DUK,Equity,0.9881441665666167,0.9915830097971947,19.12886456318683,76.93264477918768,77.42784029860688,5.4881181272704955,53.28286773502169,62.79229810463,34.16496789192121,Utilities
2023-09,DUK,Equity,0.9888729825865272,0.9929056760594379,19.520847026074186,73.63130648135262,85.23053204335082,15.553356618782951,58.138398381162126,65.49548417743814,41.104381676210465,Utilities
2023-10,DUK,Equity,0.9869922109000605,0.9895119919128501,19.326169462979525,79.65005515347023,80.1694465334148,7.70724716283772,55.84224961657424,65.4173109693271,36.58824863507964,Utilities
2023-11,DUK,Equity,0.9892374712039859,0.9935371837619476,19.42318513603391,91.85140857547732,86.64977456673058,11.687470254657079,63.396217798955,74.25813070868925,42.712718781235836,Utilities
2023-12,DUK,Equity,0.9900320854589111,0.9957239999976748,19.451500971406748,79.09623640196294,86.02000767735653,11.977522480433342,59.03125551991761,67.7496250002751,40.2097623041239,Utilities
2020-01,EA,Equity,,,19.268339381629414,,,25.360275985266878,,,,Comm
2020-02,EA,Equity,0.9864034557958012,0.9891642983281325,19.40262327467113,74.16989365230215,68.86462039794785,27.747901774717498,56.927471941655824,63.293913300478934,45.255643874880505,Comm
2020-03,EA,Equity,0.9647718399661521,0.9747551192534313,20.032017448432832,96.77087664972784,96.84197490676615,41.72757506466883,78.44680887372094,85.78354580982753,63.7591153501001,Comm
2020-04,EA,Equity,0.9599910601237764,0.9773246205326538,19.74649159924215,91.261915660736,93.45485947004863,31.017106440483,71.9112938570892,79.87083695947919,55.55361889044672,Comm
2020-05,EA,Equity,0.9808525098325569,0.9872113145583702,19.738532616913297,91.46063111579225,93.27743813499852,37.73227281178559,74.15678068752545,81.2600015607528,59.586977537229515,Comm
2020-06,EA,Equity,0.9828521757175729,0.9890978040155827,19.571870181470498,89.06592737685138,88.27229285490935,27.80076444680624,68.37966155952232,76.57480443425975,52.14810271443589,Comm
2020-07,EA,Equity,0.9854792187047997,0.991528878831765,19.3808655354039,96.07661381888462,92.72906163434236,27.66438864369801,72.15668803230832,81.38990312848463,54.3597682768642,Comm
2020-08,EA,Equity,0.9830266372888425,0.9885934742342267,19.28945606496699,76.93115303846973,70.30099469152093,28.29106513528844,58.5077376217597,65.21408795374883,46.421068627171195,Comm
2020-09,EA,Equity,0.9809827416810345,0.9839318457189269,19.396061881675358,57.99711738387958,59.02770551087788,25.560727899975365,47.528516931577606,51.81901592519823,38.74140131893671,Comm
2020-10,EA,Equity,0.9821744966580218,0.9860180347181416,19.336722291011334,73.49958062807889,59.83547884704233,27.435320817462472,53.590126764194565,60.18749813164463,43.12820438550173,Comm
2020-11,EA,Equity,0.9790595161596475,0.9828732018261374,19.63849293797372,76.63300537266299,40.739259122801954,36.14488798519812,51.17238416022102,57.767258020211706,45.16138569021186,Comm
2020-12,EA,Equity,0.9852348744910912,0.9918891118409229,19.662605741365553,87.39228842947107,82.85867820112846,37.97295347847546,69.40797336969166,76.14833837076915,56.833965413205185,Comm
2021-01,EA,Equity,0.9842454205591448,0.9892272191711192,19.93660579702332,80.74316774320067,71.4927877470707,37.396578365531866,63.21084461860107,69.29873586882792,52.885138117373394,Comm
2021-02,EA,Equity,0.9811275281452602,0.9857091017880513,19.800146180265184,75.14653701248011,56.75975623696243,33.99560400192826,55.3006324171236,61.40031617771443,46.77862105104546,Comm
2021-03,EA,Equity,0.9820917328839956,0.9854075433227983,19.535117573842005,74.78381734332567,59.83310957456452,22.70396957170099,52.440298829863714,59.88263545837239,40.54576712659863,Comm
2021-04,EA,Equity,0.9872969058186717,0.992918369440076,19.457740476490347,79.69520002173269,86.05983156116213,26.964974162181253,64.24000191502536,71.05854431165122,49.32999081388772,Comm
2021-05,EA,Equity,0.9868338694860517,0.9899937673085729,19.458406477072895,75.46538556821054,68.18232920776232,19.02433010005958,54.224014958677486,61.99225756644588,40.14414101523032,Comm
2021-06,EA,Equity,0.988882991146184,0.9927842054560471,19.346646979518887,83.48045254554123,76.81160215952593,12.701482909226321,57.664512538097824,67.32400350247366,39.679300686549226,Comm
2021-07,EA,Equity,0.9887707008396721,0.9926274155263124,19.41209185169058,83.9119800502556,84.53621423350387,14.630008937642602,61.02606774046735,70.24285608270748,42.46764421933746,Comm
2021-08,EA,Equity,0.9885427963677632,0.9906896204220516,19.421748725351563,79.65993121251509,68.3908262973699,16.73402305087385,54.92826018691961,63.69401810564328,39.65056533250131,Comm
2021-09,EA,Equity,0.9864241001188392,0.9894818519684437,19.875131907813145,76.95183468810939,64.48127802802102,30.18678705375089,57.2066332566271,63.85765816321117,46.39869477547661,Comm
2021-10,EA,Equity,0.9775934921688121,0.9822478792451099,19.51570373026482,34.17780363180828,0.0,22.378092471461102,18.85196536775646,21.56452031019636,20.262416209238317,Comm
2021-11,EA,Equity,0.9843382873192285,0.9883949784059115,19.74347009487678,64.35357888877962,53.52836083682197,21.99188918346424,46.62460963635528,52.633675532129246,36.771521455198865,Comm
2021-12,EA,Equity,0.9830570659893162,0.9863661184030874,19.475734018352682,74.07796412317515,61.30344730329323,14.318476135480196,49.899962520649524,58.29371147967158,35.66736796658179,Comm
2022-01,EA,Equity,0.984875270491737,0.9895615699068834,19.52178622134178,69.98728646461554,70.43855328802202,11.864681876994183,50.76350720987725,58.49814559411321,35.20397707672402,Comm
2022-02,EA,Equity,0.9814471005296855,0.9883825437354209,19.373726281359733,71.63461404074332,74.9136111685807,7.311336830689003,51.286520680004344,59.753657737083664,33.69644714027821,Comm
2022-03,EA,Equity,0.9856898838731523,0.9889997154426912,19.14943650219683,91.15190615340738,77.4890445404121,2.5711444402822443,57.07069837803391,69.33689532688378,35.27087680293324,Comm
2022-04,EA,Equity,0.985982483048895,0.9903546997839291,19.22616456955689,80.91742171174256,76.40912017751258,8.298570828430128,55.20837090589509,65.04116107481107,36.44445087490911,Comm
2022-05,EA,Equity,0.9753489903362559,0.9836911519809526,19.7830118031256,61.28449223459749,67.37219642295366,18.38005720802183,49.01224862185766,54.52991648578921,36.75937205632333,Comm
2022-06,EA,Equity,0.9831650770363448,0.9893674704226749,19.48967660773413,79.35355107890629,86.38142884998169,17.108089375059457,60.947689767982475,69.01282206945955,43.41184961081326,Comm
2022-07,EA,Equity,0.9862570138492727,0.9887130545954733,19.055775068941898,82.99663307130324,77.96854002091891,10.128063517704645,57.031078869975595,66.91449124546821,38.26987272906722,Comm
2022-08,EA,Equity,0.9861011466849136,0.9922474858879401,19.165938472730414,79.6120862998279,86.00538568612201,10.48905889015853,58.702176958702815,67.70547063378226,39.416929731285094,Comm
2022-09,EA,Equity,0.984012102985991,0.9878654955067228,19.156879491217083,78.84487196125487,85.88626432507145,8.100240274991984,57.61045885377277,66.80836333314726,37.806371422260455,Comm
2022-10,EA,Equity,0.9838649218593861,0.9904525213893758,19.097779974671887,84.86692502871719,87.96284222429006,9.751608534773142,60.860458595926794,70.77263688860023,40.41691857146534,Comm
2022-11,EA,Equity,0.9853955876367417,0.9910612154022389,19.464347031967783,95.45312936805674,82.31881156463498,11.727158614388845,63.16636651569353,74.76763987629663,42.590683355171656,Comm
2022-12,EA,Equity,0.9869147048475952,0.9903197698674828,19.065703741426454,86.5809407029238,71.07728931023031,8.978724100320337,55.54565137115815,66.40940196459506,36.918880462823026,Comm
2023-01,EA,Equity,0.9895660022125146,0.9938010146207329,19.218398843236805,96.72678133848206,98.50350907738881,9.068027155928181,68.09943919059968,79.7280488236433,44.48687437673108,Comm
2023-02,EA,Equity,0.978083968769183,0.9790962408804668,19.522187701955193,57.84886770603875,1.9618462684111697,13.29343838027286,24.368050784907595,32.1716754095973,19.938205823053703,Comm
2023-03,EA,Equity,0.9885125284052073,0.9922587539654352,19.34639580213267,88.17941122293281,87.58012161757458,11.208200649452932,62.32257782998678,72.60538222662936,41.87682695777324,Comm
2023-04,EA,Equity,0.9882534108098051,0.995132946337608,19.146382514001324,75.56098526313929,87.32383367821434,7.663503726487965,56.84944088928052,65.51034348033154,37.175066024163506,Comm
2023-05,EA,Equity,0.990483896112545,0.9925019197507936,19.44515408027518,83.05028558213048,81.42932699897491,13.206097984835969,59.228570188647126,68.59516048772491,40.81958130712266,Comm
2023-06,EA,Equity,0.9925633202954355,0.995805885573114,19.27843893704842,99.62033466027484,100.0,5.736200004482811,68.45217822158588,80.95740733103398,43.365786934744655,Comm
2023-07,EA,Equity,0.9854671250064205,0.9937235012956298,19.247636971755988,57.846702246241236,88.52216542314929,10.720792134143245,52.36321993451125,57.62415917689405,35.70624881436405,Comm
2023-08,EA,Equity,0.9824016448480858,0.9837039805135186,19.172481360832275,48.8424425992671,32.8635123465985,6.342954515510336,29.349636487125313,35.548865906715164,20.146963698479322,Comm
2023-09,EA,Equity,0.9919307166336591,0.9939262273742884,19.27436302504524,89.8747641281369,92.30584843596073,10.501274700358907,64.22729575481885,74.72939153492845,42.736887333034865,Comm
2023-10,EA,Equity,0.9894960857693104,0.9940340029648326,19.120756287750662,90.24512760189343,100.0,3.368614805041844,64.5379141356451,75.79628676195509,40.0701944034038,Comm
2023-11,EA,Equity,0.987657616061801,0.9940159084947486,19.350399906785462,84.05247746026875,90.05595088999627,10.174056906220736,61.427495085495245,71.0778353783774,40.92611981378544,Comm
2023-12,EA,Equity,0.9924304930028388,0.995792128767899,19.336147127301757,91.80524272337054,86.70138924158243,9.521350450267994,62.67599413840699,73.8173082242136,41.41413666315139,Comm
2020-01,GE,Equity,,,20.343544838888548,,,57.654376651159254,,,,Industrials
2020-02,GE,Equity,0.9714143278715658,0.9868563002391934,20.278664258583657,4.358344650520775,57.900768350929845,50.030455355766875,37.4298561190725,29.55549390169272,42.47009581375025,Industrials
2020-03,GE,Equity,0.9468770454512311,0.9527065180454606,20.58070047878568,70.84452105857713,67.21595830024806,56.780501697969044,64.94699368559809,66.94314835895679,61.68039689054647,Industrials
2020-04,GE,Equity,0.9383765707087841,0.9556612583232933,20.33960431066546,57.88886505777736,44.42266787971962,46.5746320792735,49.62872167225682,51.58615930865926,48.4070858350635,Industrials
2020-05,GE,Equity,0.9586890566567338,0.9743599480495544,20.35999688810351,42.666496412362996,51.353915592296,52.60352014392669,48.87464404952856,47.260126912655636,50.36619448728781,Industrials
2020-06,GE,Equity,0.9533682819081766,0.971992631752881,20.384011149780136,50.016248998983095,41.12667011222387,43.85677315620519,44.999897422470724,46.117480164399744,44.54264771596451,Industrials
2020-07,GE,Equity,0.9700039420514017,0.9770102569638244,19.963961929588002,54.24529547432056,44.56904714897162,40.82003294621578,46.544791856502655,48.65736847109492,44.2548882923879,Industrials
2020-08,GE,Equity,0.974959185279994,0.9815433563221967,19.881355417653033,57.222466508058034,40.64294270497585,42.15422206833568,46.67321042712319,49.234960479188906,44.86561508360818,Industrials
2020-09,GE,Equity,0.9696946876481233,0.9808295581361193,20.149284758899846,19.614954250633822,46.827227182185986,41.47625848378544,35.972813305535084,32.1508969767298,38.174191376835225,Industrials
2020-10,GE,Equity,0.9694448998785852,0.982617589699683,20.35510625417993,28.077265663006802,44.66457202758952,52.86821340322406,41.87001703127346,38.01164712042507,46.2692955800537,Industrials
2020-11,GE,Equity,0.9724005921829226,0.989081890912626,20.62934068572514,61.22061011149225,78.65380367390301,60.267337788560226,66.7139171913185,66.25991371562907,64.13528543021519,Industrials
2020-12,GE,Equity,0.9792557489230105,0.9914038419476214,20.595727619069866,75.16088239456577,80.30465572493927,61.601075723672814,72.35553794772595,73.99205305949923,68.05375305810469,Industrials
2021-01,GE,Equity,0.9791795637214872,0.9877676404293568,20.52124500123055,68.05355752024172,64.39745372947107,52.962020876363894,61.80434404202557,63.938419054234956,58.2674147757609,Industrials
2021-02,GE,Equity,0.9783293785499436,0.9866947866278314,20.36530309625262,67.11047710537953,62.23634227797462,49.14686194264879,59.49789377533432,62.055513624611905,55.357481042260105,Industrials
2021-03,GE,Equity,0.9704509551304956,0.9818900148605347,20.701215177887125,35.24369115459774,42.815204090962396,53.74241560483127,43.93377028346381,41.21488992555385,47.85722841201079,Industrials
2021-04,GE,Equity,0.9802567449213229,0.9865915773300161,20.32796506422703,52.82906427620776,58.27067472984949,52.08699351875485,54.3955775082707,54.3131332608097,53.47214391246436,Industrials
2021-05,GE,Equity,0.984994044103602,0.9893711859757847,20.499398341155008,68.44294194373788,64.75588741424075,50.29277875226372,61.16386937008079,63.706792946593914,56.81543312295396,Industrials
2021-06,GE,Equity,0.9809201760551175,0.9904069016358701,20.336236854292544,54.97120369876106,62.70698908240341,38.30976716142065,51.995986647528376,53.95965200638568,46.52149885308529,Industrials
2021-07,GE,Equity,0.9804465485064472,0.9862656714042417,20.33742066600104,54.79556764459396,57.08596383553147,38.88552101943121,50.25568416651888,52.300677176842655,45.70761890768381,Industrials
2021-08,GE,Equity,0.9804325615659494,0.9867816721971188,20.51182185884664,45.43356566866098,48.956632267962426,43.65725931372105,46.01581908344815,46.13522437746343,45.07239517555731,Industrials
2021-09,GE,Equity,0.982806314248861,0.9884336142840192,20.67577104405492,64.54215789385785,57.047130624222866,53.334375268191614,58.307887928757445,60.0520931878341,56.318482864531106,Industrials
2021-10,GE,Equity,0.9826354420865445,0.9884972445029734,20.266633308498072,56.536019302019014,52.07939038448082,42.67750266746489,50.4309707846549,52.42732729984673,47.3295835377789,Industrials
2021-11,GE,Equity,0.9835891874946983,0.9880961682278449,20.285950860952514,61.27533144191928,51.68726494799507,33.43900008125241,48.800532157055585,52.831645221608646,42.65591932673432,Industrials
2021-12,GE,Equity,0.9799554395048923,0.9835679758623013,20.04059866738715,64.16819563424193,47.89612982084784,26.5302404926634,46.19818864925106,51.75898486190799,38.331009386615996,Industrials
2022-01,GE,Equity,0.9835273179486098,0.9893142201895186,20.176628112357548,64.97841861811708,69.39595881260831,27.30016707355584,53.891514834760414,58.7680303675522,43.25497573027859,Industrials
2022-02,GE,Equity,0.9776048319645675,0.9831969228425786,20.2828578653221,59.90699186296199,54.918594843584266,28.431305343548313,47.75229735003152,52.115335453265935,40.02390054743824,Industrials
2022-03,GE,Equity,0.9756816137254704,0.9819562750894232,20.121052078910427,66.12949303507195,51.03735520845694,25.914864570755153,47.69390427142801,53.55892599422408,38.98228839115887,Industrials
2022-04,GE,Equity,0.9831299515398996,0.9862435277494344,19.965428960886243,71.49080534588926,58.599441559533226,25.295029144884833,51.795092016769104,58.38424096978156,41.195066868015395,Industrials
2022-05,GE,Equity,0.9710559929564805,0.9735965718700539,20.012444964673545,49.118972672040954,34.092799551936686,23.785310654827494,35.66569429293505,39.54438833256698,30.913540837692025,Industrials
2022-06,GE,Equity,0.9785142693392657,0.9821711936639692,19.925607071939204,65.14994997809927,54.34293293483463,27.85499081567134,49.11595790953508,54.4488530326343,40.61157107198959,Industrials
2022-07,GE,Equity,0.9776806175623005,0.9835148808971891,19.8176492988241,49.196082104813875,55.55986441535043,28.358620641266974,44.37152238714376,46.93772450526546,37.96636168879305,Industrials
2022-08,GE,Equity,0.9818998915700581,0.991030937490969,19.735139470080707,62.66698800339893,80.07792733982969,24.210223816671494,55.651713053300035,60.198916966982665,43.07511735864862,Industrials
2022-09,GE,Equity,0.9809143353205928,0.9827084133244233,19.87171045346799,66.45257315642866,65.7711208405445,26.65950942590988,52.96106780762768,58.28952471555965,42.44044445494056,Industrials
2022-10,GE,Equity,0.9769714748924786,0.9865978199548109,19.835491275694917,57.91021775772482,74.6335150461397,27.98751061859016,53.51041447415157,56.94266551642235,43.301252931927,Industrials
2022-11,GE,Equity,0.9824628785130514,0.9934290390058623,19.844672857996432,84.09365950462335,92.37614643336572,21.95498428982272,66.14159674260394,74.15067054028593,48.466951761491444,Industrials
2022-12,GE,Equity,0.9833689520019866,0.9874928423072256,19.821630819761307,73.72087586883333,54.113242417492934,28.49768840176466,52.11060222936364,58.79394834001748,42.665436698324044,Industrials
2023-01,GE,Equity,0.9799784865928733,0.9905411886841626,20.33798111497606,58.26423095863763,79.90384227677701,37.22463992028159,58.464237718565414,60.548196146408245,49.968398599251884,Industrials
2023-02,GE,Equity,0.9832314249636592,0.9896183803678158,19.904657378589473,74.53963193195906,67.16128222581123,22.59708428010488,54.765999479291715,61.93761748974388,41.89843339961699,Industrials
2023-03,GE,Equity,0.984215590404264,0.9920988421914619,20.242433949970174,71.89737854969222,86.87266284630853,32.08556614960569,63.61853584853548,68.42760135865981,51.00534796896356,Industrials
2023-04,GE,Equity,0.985351725086559,0.991458756967518,20.22418059211892,64.47371897472564,71.2374394792386,33.15583522824381,56.28899789406935,60.23925837678317,47.03573282773913,Industrials
2023-05,GE,Equity,0.9863773635039155,0.9912159834337287,20.04500316546746,67.849379847576,74.89999474205301,27.214587150215735,56.654653913281585,61.83760577644705,44.87862720805525,Industrials
2023-06,GE,Equity,0.9865316399737358,0.9916921359288062,20.040725738483196,85.47289459858057,74.63929184170308,22.045689300294683,60.71929191352611,69.53737271186014,45.24985086823354,Industrials
2023-07,GE,Equity,0.9872318817658323,0.9929071653584769,19.941625280540222,68.71960644276108,81.92039153344213,25.14474288602009,58.594913620741096,63.9648692586172,45.214845326852696,Industrials
2023-08,GE,Equity,0.9846145126496373,0.9918594558830306,19.836623092894364,59.66693869867753,78.9914382478826,19.35932779743555,52.672568247998555,57.40276638319066,39.34727206777336,Industrials
2023-09,GE,Equity,0.9882021152238298,0.991928111964812,19.93354707935473,70.06748914975486,78.4532390617167,24.01230108660838,57.51100976602665,63.37217651071413,44.11152629425934,Industrials
2023-10,GE,Equity,0.9849985836480855,0.9898422288978772,19.99659459377498,71.2140804051975,81.6176478122137,21.86762496094103,58.233117726117406,64.46585953845107,43.68692062004686,Industrials
2023-11,GE,Equity,0.981166539656699,0.99049252095715,20.01056708696165,52.00937654853733,64.98668167126034,23.900823078349124,46.96562709938227,50.280857391316594,37.73970549096901,Industrials
2023-12,GE,Equity,0.9890650941746758,0.99516773991175,19.947879795843804,73.97221218213981,80.45664045061145,22.546669910309944,58.99184084768708,65.63243220831532,44.41377247273622,Industrials
2020-01,GILD,Equity,,,19.872454966090785,,,43.505058795579586,,,,Healthcare
2020-02,GILD,Equity,0.98135785917022,0.9909665552809275,20.934808026126575,50.67013316920826,77.42601335396915,66.71980999286288,64.93865217201343,61.90683258936745,65.65111530035321,Healthcare
2020-03,GILD,Equity,0.9584621705797379,0.9745997667851278,21.09721105936589,87.62929460818106,96.63323264858799,70.9507884476745,85.07110523481451,86.99477478820182,79.4229785199585,Healthcare
2020-04,GILD,Equity,0.9599045115435054,0.9754214568698788,20.892028409046357,91.12828353584317,89.14729703172064,61.06488310326929,80.44682122361102,84.52130749809164,72.69404597547434,Healthcare
2020-05,GILD,Equity,0.9692124994127251,0.9802619083937625,20.45512321261245,65.83446934989237,70.60719635172428,54.879832983055245,63.77383289489064,65.07536017707451,60.21623293015648,Healthcare
2020-06,GILD,Equity,0.9779153706125023,0.9846052223576837,20.142930851982996,82.52742019006368,75.88974816426844,39.090621081458984,65.83592981193037,71.84875876060416,55.13780631974181,Healthcare
2020-07,GILD,Equity,0.9844126587101947,0.9902703435208828,19.879254960870384,93.193588741714,88.55434867923235,38.908899964587974,73.55227912851144,80.9448789675443,59.694927462942054,Healthcare
2020-08,GILD,Equity,0.9837276288268474,0.9857090216365659,19.945964637405798,78.64366678727859,58.16683663039481,43.667465407240634,60.15932294163801,65.50537746420586,53.56257992787906,Healthcare
2020-09,GILD,Equity,0.9851253570760223,0.9884525663726385,19.918884538144397,72.083029749743,76.80650676429414,36.60792286782266,61.83248646061994,66.40505147772429,51.74266102350103,Healthcare
2020-10,GILD,Equity,0.9871842622189703,0.9904465545570438,19.953434856010627,91.37564953688862,79.59308747161492,42.83696203450891,71.26856634767081,78.13314341683056,59.895924622406056,Healthcare
2020-11,GILD,Equity,0.9891552240720953,0.9920369015767012,19.787962881607932,100.0,96.69914012276396,39.78377319295075,78.8276377719049,86.96649667541934,63.21009194032324,Healthcare
2020-12,GILD,Equity,0.9913979509510837,0.9941314097886592,19.782372325995368,100.0,94.6601096022602,41.00563288524827,78.55524749583616,86.59915945772771,63.535401651601006,Healthcare
2021-01,GILD,Equity,0.9837532572132492,0.9928411838003062,20.002878833579345,79.51033364907153,89.06106648269399,39.161032635973584,69.24414425591304,74.30569329653868,57.21089960793725,Healthcare
2021-02,GILD,Equity,0.9820909985582155,0.9905036643375476,19.796976558976265,77.91354631397954,83.39893467577106,33.91062981446936,65.07437026807332,70.75857952261495,52.60887408663174,Healthcare
2021-03,GILD,Equity,0.9866945331745226,0.9910668458083941,19.80479566665048,90.41810812378738,87.21298036628681,29.882089911642545,69.17105946723892,77.34936615410825,53.455471645000365,Healthcare
2021-04,GILD,Equity,0.9877795328391046,0.9930599564474341,19.627538304102956,81.53696517944253,86.68172390159347,31.866771206416033,66.6951534291507,73.14635400148252,52.76380054005682,Healthcare
2021-05,GILD,Equity,0.9875595797595815,0.9933357519597512,19.77330101537253,78.23535468168078,86.57529295246809,28.482870595343464,64.43117274316411,70.7868393456495,50.05185188403585,Healthcare
2021-06,GILD,Equity,0.9899980517523421,0.9934769677609211,19.713675598005572,87.4727015098386,80.92178117061101,22.19932987643281,63.53127085229414,72.45275108138917,46.998494461949605,Healthcare
2021-07,GILD,Equity,0.9923106265351077,0.9952131265710891,19.65428945250662,96.29401395685643,95.69328284141571,20.978700064430193,70.98866562090079,81.05073184373896,50.98467939831255,Healthcare
2021-08,GILD,Equity,0.9897056106528055,0.993691633777025,19.60588645591168,84.56717591652433,83.31981375099184,21.281959764880494,63.05631647746555,71.53592403653582,46.34657379243153,Healthcare
2021-09,GILD,Equity,0.9904195186041636,0.9935658343917906,19.69677933235855,90.65686142064853,93.44505960237757,25.030366655683718,69.71076255956993,78.36802192217428,51.838604198015446,Healthcare
2021-10,GILD,Equity,0.9896902532787843,0.9913416971977097,19.62600000377576,87.8201440399445,75.7837757431319,25.359662733158455,62.98786083874494,71.7171372895435,47.93658159651035,Healthcare
2021-11,GILD,Equity,0.9871026444820598,0.9901330770472615,19.815334108927193,75.7130467461273,64.23752169496136,23.508321451369625,54.486296630819425,61.82944417182598,42.09510655903951,Healthcare
2021-12,GILD,Equity,0.9911703204105001,0.9944421910719267,19.795603091328218,100.0,100.0,21.23370043037056,73.74456681012352,84.24674008607411,52.74022025822234,Healthcare
2022-01,GILD,Equity,0.9920549193949719,0.9941139061287227,20.077864653311195,96.66620236853372,89.62693419939718,24.972182363068683,70.42177297699986,80.21561791669976,52.24193673142739,Healthcare
2022-02,GILD,Equity,0.9865346361146802,0.9870344507202367,20.36268432506395,87.16312126132117,69.71555631589588,30.285747919278545,62.388141832165196,70.55337710928505,49.547184267010536,Healthcare
2022-03,GILD,Equity,0.9882436873335528,0.9901678737344483,20.128137686319572,97.53685822466802,81.87607114592164,26.085101071978155,68.49934348085594,78.54827067050613,51.53364651730483,Healthcare
2022-04,GILD,Equity,0.9876795242716636,0.9925530944220536,19.848161380594313,86.52554786692455,85.93260925847949,22.59892533726166,65.01902748755525,73.56234177845846,48.05098662743781,Healthcare
2022-05,GILD,Equity,0.9849111867557002,0.989781650278885,19.95999212915738,88.38189698722843,87.45110092144904,22.549565708213812,66.12752120563043,74.93619191169168,48.696339006663784,Healthcare
2022-06,GILD,Equity,0.9869833610290342,0.9906565302511146,19.786366048419413,91.01461862977848,92.12044354225031,24.42231134238462,69.18579117147114,78.02790464604125,51.28039923983653,Healthcare
2022-07,GILD,Equity,0.9878095568532022,0.9920771224666209,19.553566698941616,89.11538122333292,92.47061517561114,22.0395029527203,67.8751664505548,76.70677575489385,49.54090105142099,Healthcare
2022-08,GILD,Equity,0.9843351874264035,0.9925980836359759,19.524312806877774,72.48936882496405,87.71362314955569,19.128034168058505,59.77700871419275,66.38437819096043,43.517418895739056,Healthcare
2022-09,GILD,Equity,0.9825148411968951,0.989221225169515,19.86562150094206,72.85523119936795,91.17427326681312,26.50142098998079,63.51030848538729,69.08018177772406,48.70675348722469,Healthcare
2022-10,GILD,Equity,0.9815898266947743,0.9906091677933749,19.84844703100795,75.97020403260242,88.50451612708898,28.30777124762313,64.26083046910485,70.19801110395254,49.87960678051216,Healthcare
2022-11,GILD,Equity,0.9731992901039302,0.9944079618852144,20.18287492686512,48.212346724361346,96.53412306356736,31.050006417506133,58.59882540181161,59.27641156475211,47.57929780808942,Healthcare
2022-12,GILD,Equity,0.9896267014334688,0.9937416917444593,20.08404233028509,96.41706111028921,91.61182440069766,35.273475449219674,74.43412032006886,82.74677296519783,58.76986237172918,Healthcare
2023-01,GILD,Equity,0.987311771780736,0.9903528803928575,19.918044342801025,87.68341129458484,78.82940715593962,26.663560687331113,64.39212637928519,72.82323993154053,49.300700102503555,Healthcare
2023-02,GILD,Equity,0.9849025442857972,0.9897154950220769,19.948654838273313,79.95828097828128,67.76304393868668,23.66733065621693,57.129551857728295,65.04151980199003,43.74466337712375,Healthcare
2023-03,GILD,Equity,0.9867193130234331,0.989858959620815,19.69198834685501,81.384528115521,76.96329512535918,19.260382230905666,59.20273515726195,67.63332904154939,43.22579398671944,Healthcare
2023-04,GILD,Equity,0.9876865598646504,0.9926874603905423,19.669753576058117,73.39506242579675,76.61696830192338,20.042398143965375,56.68480962389517,63.69110133226847,42.027845031923256,Healthcare
2023-05,GILD,Equity,0.9894145493595438,0.9912647529353805,19.711531022505614,79.09194877122471,75.14762153045866,19.426893517008683,57.88882127289736,65.97563954815169,42.50405017054189,Healthcare
2023-06,GILD,Equity,0.9886748314549106,0.9927535253475771,19.764639413188892,90.49979778368014,81.18261353581703,16.13869083379588,62.607034051097685,72.83242111934436,44.01969676417696,Healthcare
2023-07,GILD,Equity,0.988752175586846,0.9917567664545068,19.7398918205608,78.0863415343171,72.61702376371636,20.951886241437073,57.21841717982352,65.01865514456088,42.71180480446894,Healthcare
2023-08,GILD,Equity,0.9858736994152844,0.9911263091051044,19.62581678183267,65.82639486845845,74.84470998071473,15.227779511130684,51.966294786767946,58.41216633066978,37.270888676513046,Healthcare
2023-09,GILD,Equity,0.9882008270225537,0.9914456492857244,19.561671088728115,70.06064589833201,75.10840372370036,16.390110760672687,53.85305346090169,60.84086621841065,38.86787638081009,Healthcare
2023-10,GILD,Equity,0.9895860893047401,0.9937398036195488,19.664123005933444,90.62597489989687,98.70983600450825,14.845329592350778,68.0603801655853,77.89500416977106,46.77435993629149,Healthcare
2023-11,GILD,Equity,0.9853733865721207,0.9886716538131417,19.959937137632192,72.77641298722568,52.031022335584055,22.84808144468187,49.21850558916387,56.567129483224434,38.67033593137107,Healthcare
2023-12,GILD,Equity,0.987403175555318,0.9917561273120155,19.896089504662648,65.16581299758151,46.335814225664954,21.44392499859728,44.31518407394791,50.772435766209696,35.166680443807664,Healthcare
2020-01,GS,Equity,,,20.343231067436854,,,57.64495243667199,,,,Financials
2020-02,GS,Equity,0.9865268103100817,0.9892961126485189,20.229501691075814,74.74441471595644,69.49078760030437,48.7799801328122,64.33839414969101,67.97543966463198,58.115028542939484,Financials
2020-03,GS,Equity,0.9476294770749324,0.958159553695597,20.63151359792993,71.93465985943574,74.54303194102285,58.174541812524204,68.2174112043276,69.96514787452956,64.20026344760623,Financials
2020-04,GS,Equity,0.9435059477286548,0.9643385971732011,20.19334916732273,65.8086893737319,64.06269129210787,42.73831547614547,57.53656538066175,60.670815169727405,51.61726541885524,Financials
2020-05,GS,Equity,0.9726636572135572,0.9837668369612477,19.902499402985743,73.43239451438271,82.04091833831069,41.655894398702685,65.70973575046536,69.65965163842509,56.08819920976029,Financials
2020-06,GS,Equity,0.9654158488908791,0.979043848993706,20.22464628921285,65.97254089691508,60.56137809453037,40.70613344082889,55.746684144091454,59.29591056498243,49.73046386278642,Financials
2020-07,GS,Equity,0.9693916413773453,0.9769575223104376,20.125146519349514,52.590181643872846,44.39411996276298,44.45663085884184,47.14697748849255,48.504652982533685,46.07083883663228,Financials
2020-08,GS,Equity,0.9864354436684246,0.990544272295312,19.92456008096853,85.25882530777646,78.50750570776823,43.1661390860924,68.97749003387902,74.81489218343718,58.652949654764384,Financials
2020-09,GS,Equity,0.9842902986922178,0.988313729159215,20.256314009698514,69.24362563105963,76.26049664486617,43.737776775324,63.080633017083265,66.24751716405447,55.34349052037956,Financials
2020-10,GS,Equity,0.982262132554098,0.9889806805784762,20.173172683153407,73.81228694099599,73.05316772076131,48.32464522363014,65.06336662846248,68.4870228314524,58.36787806652954,Financials
2020-11,GS,Equity,0.9790104503018433,0.9891467166856588,20.11479651441092,76.51944011843429,79.0496746259628,47.74062420182892,67.76991298207534,71.52274728737177,59.758197469976764,Financials
2020-12,GS,Equity,0.9821609607696555,0.9926321491405243,20.030740335925294,81.10402998514891,86.76935551704055,47.294703842258116,71.7226964481492,76.04176241613824,61.95149940579276,Financials
2021-01,GS,Equity,0.9799126103491901,0.9912856491756836,20.633304465118254,69.8897870622328,81.49926976571003,55.94549364108193,69.11151682300824,70.58377318904579,63.84510755023773,Financials
2021-02,GS,Equity,0.9820134358949172,0.9897494638982393,20.453038656541842,77.6907926020756,79.2085043968977,51.49895932819186,69.46608544238838,72.90773948574548,62.279234996709775,Financials
2021-03,GS,Equity,0.9833810384014651,0.9918412551455035,20.574297147557942,79.16318991928915,90.95959536768056,50.364192014165965,73.49565910037855,76.94231197278195,64.24307226589352,Financials
2021-04,GS,Equity,0.9866240151544254,0.9908264898241396,20.37017676604465,77.12736496922076,76.87167274256386,53.30557916328856,69.10153895835774,72.28630014003726,62.78315504033006,Financials
2021-05,GS,Equity,0.9852467704365354,0.9909290043089156,20.58048925676018,69.40757502379758,73.32950432538166,52.728520296695805,65.15519988195835,67.24834286885245,60.184528047853334,Financials
2021-06,GS,Equity,0.9854429081941586,0.9903890095879383,20.564598816864084,71.16393133900345,62.60083503886326,44.219243601100814,59.328003326322516,63.20606490138087,53.28449943623383,Financials
2021-07,GS,Equity,0.983017262068444,0.98859135365905,20.398001223386228,63.787468951970396,67.12103582453665,40.47351051986936,57.12733843212547,60.124747327320065,50.46580726722303,Financials
2021-08,GS,Equity,0.9857700031494278,0.9927296035646418,20.438188535472747,67.9583422218925,78.5356455037454,41.83862228736145,62.77753667099979,65.90758921954216,54.401970917544446,Financials
2021-09,GS,Equity,0.9876243052323295,0.9914681662075938,20.587735929773732,81.06876091882414,78.56830529627992,50.789157976719146,70.14207473060773,74.26270364363987,62.4009080290523,Financials
2021-10,GS,Equity,0.9835689342377977,0.9892503678702601,20.5074575926676,60.675532622205594,58.355580722891176,49.18755510276493,56.072889482620575,57.68195154852314,53.31875573067831,Financials
2021-11,GS,Equity,0.9865261429366962,0.9909211321485943,20.513522393112023,73.34405084996688,69.09306248216075,38.24108105576162,60.22606479596308,65.048160380784,51.432071299882494,Financials
2021-12,GS,Equity,0.9827431884882336,0.9878710542418614,20.46499948254425,73.07511823401548,68.51435678594031,35.70532828856955,59.098267769508446,64.23293181050374,49.74109197713288,Financials
2022-01,GS,Equity,0.9800621700489535,0.9842482619054878,20.90125573205025,52.10224728222953,48.04262889625065,44.38059373874162,48.175156639073926,49.34003105773828,46.657331478941,Financials
2022-02,GS,Equity,0.981536202228911,0.9854506945362952,20.607884819358034,71.90657604605482,63.60881781589596,35.98198244702209,57.165792102990956,62.232329857200625,48.69226824060341,Financials
2022-03,GS,Equity,0.9817122232643574,0.9869964946502398,20.477500342240035,81.20706398496846,69.96593489405124,34.4787747216236,61.88392453354777,68.48906740502431,50.92186460877811,Financials
2022-04,GS,Equity,0.984679941233505,0.9889107535443855,20.582109275618734,76.61297776241423,70.15391649054949,39.47315186642052,62.08001537312808,67.24729420165606,53.03726997044506,Financials
2022-05,GS,Equity,0.9792389371960623,0.9842009296201565,20.32168586014028,72.30784501911644,69.05281039447688,31.07076758196635,57.47714099851989,63.083919144294555,46.914591631898475,Financials
2022-06,GS,Equity,0.9797860154670728,0.985359874597237,20.33650571147318,69.03387205731416,68.53923811884758,37.984787982303345,58.51929938615502,62.67566506077202,50.30549482461436,Financials
2022-07,GS,Equity,0.9784173911016291,0.9878034859347491,20.2162654048088,52.09979022808058,74.04750347189245,37.896932091504176,54.68140859715907,55.84353257390886,47.96761799489711,Financials
2022-08,GS,Equity,0.98414983849852,0.9924770212960522,20.130978647234343,71.74179322761042,87.12376418546589,33.75232697422744,64.20596146243459,68.75849126429047,52.024507667151724,Financials
2022-09,GS,Equity,0.9852637089472783,0.9874709638751802,20.082770045457817,83.85179201901889,84.34739794731581,32.13928294087857,66.77949096907109,73.6579719818799,52.92340775779409,Financials
2022-10,GS,Equity,0.9778097968234833,0.9861572771811347,20.302204889591366,61.18846142905983,73.11014446453122,39.52446789767396,57.94102459708834,60.43216763342407,50.57440191732259,Financials
2022-11,GS,Equity,0.985073698091934,0.9952239419956962,20.531040835235952,94.20633180669599,100.0,40.412978830212346,78.20643687896944,85.18576166939046,63.0890536594666,Financials
2022-12,GS,Equity,0.9868388586453138,0.989877206317884,20.214998926970473,86.3058546714858,68.4215195218713,38.65493539291063,64.46076986208924,71.41037027088642,54.1384360744178,Financials
2023-01,GS,Equity,0.9842267124697084,0.987044737174838,20.45897143021541,75.30697782811717,59.95405528712037,40.2674511012225,58.50949473882,63.69319572043919,51.212677283781005,Financials
2023-02,GS,Equity,0.9848895456881696,0.9885264595089585,20.409280635604073,79.91613267821364,60.395298540343575,34.87213870376054,58.39452330743925,65.051083641962,48.98556946596777,Financials
2023-03,GS,Equity,0.9816261075827085,0.9833923420634239,20.48953088806724,62.085264924104564,48.35461173869843,37.84283563982899,49.42757076754399,53.11758311162761,44.793676716457995,Financials
2023-04,GS,Equity,0.986170420834588,0.9900955454095444,20.15934449565048,67.60193430654815,65.26900500586095,31.622316753855735,54.83108535542161,59.706132005803504,45.54757791479526,Financials
2023-05,GS,Equity,0.9879418217756669,0.9912092892173809,20.00010358294423,73.6404413052554,74.86600490744418,26.166031220343626,58.22415914434774,64.51322836892967,45.40090797474609,Financials
2023-06,GS,Equity,0.9855810410575385,0.9913497979676578,20.391505240054858,83.24324374304196,72.52882478005147,29.550783859593245,61.774284127562225,69.29042607745507,48.88488402037463,Financials
2023-07,GS,Equity,0.9853891912976298,0.9907084123749044,20.497959744397164,57.366542164778544,64.13890063462138,36.707676737603485,52.737706512334476,55.26647662029638,46.32569460244208,Financials
2023-08,GS,Equity,0.9880778502525074,0.9916695350168108,20.056503127813194,76.60825093925709,77.91723285246857,23.668710077720696,59.39806462314879,66.41303734091325,45.10632280497755,Financials
2023-09,GS,Equity,0.988738433983605,0.9931788665288032,19.993621545859746,72.91655022743574,87.1245171649985,25.243622895415402,61.76156342928321,67.6443548423005,47.15438721573609,Financials
2023-10,GS,Equity,0.9865470507931261,0.988294970177287,20.1292897732314,77.7663733281357,74.83239310306088,24.670344887117697,59.08970377277142,66.26697357240965,45.321960218509936,Financials
2023-11,GS,Equity,0.9834159639024016,0.9922594936850128,20.116340936717762,63.113625458886034,77.55887662406023,26.100164315428632,55.5908887994583,60.04450857974681,43.794599005846436,Financials
2023-12,GS,Equity,0.9852817769666917,0.9939745604969559,20.339299210796362,53.924659198955595,68.52320244228022,30.880968836621687,51.109610159285836,53.695484099486194,43.018153630220176,Financials
2020-01,INTC,Equity,,,20.84049070215026,,,72.58028650896672,,,,Tech
2020-02,INTC,Equity,0.975669848544245,0.9852299344415091,20.8929390322121,24.178342949987623,50.17492400747244,65.65485057039704,46.6693725092857,40.272618791314954,54.26356373373024,Tech
2020-03,INTC,Equity,0.9436125247571557,0.9582322428941311,21.44049451661391,66.11481464710113,74.64070214615619,80.36864978203549,73.7080555250976,71.52334792380452,76.37229322787276,Tech
2020-04,INTC,Equity,0.9444983171874461,0.9666120445437517,21.049680280104262,67.34092062514893,69.20834255187398,65.20013931806342,67.24980083169544,67.47299094174934,66.42993622624263,Tech
2020-05,INTC,Equity,0.9726830706418292,0.9830993681213795,20.804180546057125,73.47513430888347,79.86351215076112,63.23255441756653,72.19040029240371,73.34313168318337,68.60726194246884,Tech
2020-06,INTC,Equity,0.9799309661557744,0.985319511300833,20.94082061522491,85.19695760643957,77.85848583763396,54.86488378663525,72.64010907690293,76.92900131183703,65.53001896079584,Tech
2020-07,INTC,Equity,0.9788528053856453,0.9815856373711562,20.78304962259451,78.16471400316524,59.74613411338603,59.30004148209651,65.73696319954927,68.86620553201773,63.16219451256816,Tech
2020-08,INTC,Equity,0.9705108083769363,0.972612962384115,21.02600817418869,46.35513617187141,3.075047957568664,68.9636800035194,39.46462137765315,37.89281847391018,51.264244827999654,Tech
2020-09,INTC,Equity,0.9852642951017325,0.9899333946656548,20.983617355575955,72.55545324742218,82.63021363066684,59.10563002969339,71.43043230259413,72.88791671884982,66.50051139343384,Tech
2020-10,INTC,Equity,0.9823790826811329,0.9868312761757498,20.890450690886563,74.22959360022713,63.46371288938614,66.23778524210309,67.97703057723878,69.40146771535002,67.28133244318451,Tech
2020-11,INTC,Equity,0.9765191394903011,0.9782496300747017,21.035684414095186,70.75318312554373,12.504536025375451,70.15988304867878,51.13920073319932,53.159928980120256,58.747473659391105,Tech
2020-12,INTC,Equity,0.9823587314438792,0.9876358599773524,21.144677205991226,81.50860643879297,60.473401458429834,75.50134776331159,72.49445188684479,73.99659320958776,73.6972102374315,Tech
2021-01,INTC,Equity,0.9726274311709048,0.9825965344462663,21.37539549631521,51.640932596064516,39.259567611636356,75.70293583923791,55.53447868231293,52.73892374937075,63.601861545082926,Tech
2021-02,INTC,Equity,0.9693484784102603,0.9797265647750973,21.125919096210446,41.31805640600702,23.52004576085234,69.53817076891511,44.79209097859149,41.62267608504223,54.69052289472094,Tech
2021-03,INTC,Equity,0.9753042474284643,0.9842138195724083,21.312413413303517,51.72882590727917,54.05783918923374,70.01090237618571,58.59918915756621,56.083945185646854,63.16387444501401,Tech
2021-04,INTC,Equity,0.97897057609701,0.9854702121702866,21.188561990904645,47.92088295343937,53.34530469290076,76.93107739649597,59.39908834761203,55.35024836388911,66.41188396716561,Tech
2021-05,INTC,Equity,0.9836924508741209,0.9849612211417407,20.882826638004786,63.47488075531342,40.48518249661032,61.80987934211396,55.2566475313459,56.2449709950626,57.87794025565312,Tech
2021-06,INTC,Equity,0.9878008444908057,0.9914711983762797,20.831058948750723,79.60604532472017,69.02149276313328,51.114612049359195,66.58071671240423,70.7323929011719,60.39427484718621,Tech
2021-07,INTC,Equity,0.9865335924511682,0.9901341292278777,20.694132587620636,76.08697062847233,73.77794859241591,48.235959685938774,66.03362630227566,69.82406182914869,58.91455965574091,Tech
2021-08,INTC,Equity,0.9864363436216947,0.9891698515183435,20.583986969744235,70.77039552710306,60.83302817556117,45.43963360672003,59.01435243646142,62.723032937563886,53.58446490456487,Tech
2021-09,INTC,Equity,0.990175988601846,0.9938304886984339,20.64010363218553,89.82150832704967,95.32199949479978,52.30318090701791,79.14889624295579,83.96799019336835,68.41061010858064,Tech
2021-10,INTC,Equity,0.9842018708238667,0.9871534789449044,20.958825508746877,63.482250841902236,40.88105452215637,61.38910201661236,55.25080246022366,56.2832621809205,57.70612228277914,Tech
2021-11,INTC,Equity,0.9771859620452525,0.9797073162747129,20.94547135480372,34.962800393351515,0.0,47.35581465717192,27.439538350174477,26.952563128110143,35.40604887297346,Tech
2021-12,INTC,Equity,0.9840077331288402,0.9905301146052047,21.1249047353012,77.11536766290817,81.2552611454137,49.97176797196978,69.44746559343055,72.92861576947215,61.65718654484625,Tech
2022-01,INTC,Equity,0.9840570571246602,0.9904898900748551,21.45304722268107,66.94688074200879,74.3514806560177,57.38704537550119,66.22846892450923,67.25629364290994,62.69189950490601,Tech
2022-02,INTC,Equity,0.9778632308385393,0.9804877065759517,21.207132471498323,60.695693723268484,44.47224240121363,49.90306028423389,51.69033213623866,53.670131638845106,50.97542339543675,Tech
2022-03,INTC,Equity,0.9771595073859751,0.9858325647914492,21.19951769711775,69.82448379495713,65.59478819801524,51.82572907842673,62.41500035713303,64.95582417256848,58.17929184565051,Tech
2022-04,INTC,Equity,0.9773332909168552,0.9852334890998062,20.955979885968404,52.334874649182964,54.223934139585175,48.06882659265608,51.54254512714141,52.04838288499825,50.15305771334728,Tech
2022-05,INTC,Equity,0.973729759579346,0.9790964732973977,21.210546625422708,56.695907218850174,52.224648558160695,52.011583996027525,53.644046591012795,54.417664976078804,52.99106155301869,Tech
2022-06,INTC,Equity,0.9778131115713168,0.98145454047804,20.93973428248894,63.008608969540134,51.15232605021303,52.85605423044005,55.6723297500644,57.42121314592198,54.54581954221466,Tech
2022-07,INTC,Equity,0.9803527719301262,0.9853753918563258,20.90056408790801,59.727345688939224,63.58029408234322,54.271217692091334,59.19295248779127,59.79200460759085,57.22425856951129,Tech
2022-08,INTC,Equity,0.9751225622282638,0.9787043903961796,20.981290812093896,35.331701584371814,20.01858679909031,54.24996051206542,36.53341629850919,34.521418934326086,43.62003398393168,Tech
2022-09,INTC,Equity,0.9792381165424798,0.9798977328426725,20.812196242594787,59.747033489054424,54.8080919065422,51.07749047985726,55.21087195848463,56.53144241246133,53.55751936703368,Tech
2022-10,INTC,Equity,0.9751724592841161,0.9813838245975534,20.846817670808097,50.87519777956585,56.60383072375659,52.987058667384204,53.48869572356889,53.01615984038674,53.288040901095016,Tech
2022-11,INTC,Equity,0.9667719551728415,0.9841616340278337,20.730286538134173,23.31689532684205,53.01282769393519,45.771148526710384,40.70029051582921,36.71652567694366,42.728633720181676,Tech
2022-12,INTC,Equity,0.979222507082236,0.9856969932168624,20.515467573006607,58.68216538312711,43.33657144456313,46.41340435608309,49.477380394591115,51.624734996149115,48.251789979187905,Tech
2023-01,INTC,Equity,0.9800113024571863,0.9874428266008364,20.71460250571492,58.39587943614395,62.225443644808934,46.69637140932403,55.77256483009231,57.204847093379456,52.142087461784996,Tech
2023-02,INTC,Equity,0.974544118118908,0.9802341468151833,20.895820862349666,46.37080740469723,9.012772100110729,46.70732005852541,34.03029985444446,35.230699344086915,39.101107936076836,Tech
2023-03,INTC,Equity,0.9764033657789983,0.9850587405926742,20.988525074108498,42.29516027906659,55.72685348582789,49.46922010747311,49.16374462412253,47.75948020677628,49.28593481746277,Tech
2023-04,INTC,Equity,0.9773384589428088,0.9908777499371654,20.6919550425489,33.85523577238319,68.69366528003373,44.21974562158901,48.92288222466865,46.37966659451951,47.04162758343679,Tech
2023-05,INTC,Equity,0.9787352204976645,0.9852497025730824,20.79807713912022,39.56091692294432,44.606247252138296,44.801391666659434,42.989518613914015,42.122610970445535,43.71426783501218,Tech
2023-06,INTC,Equity,0.9692306786015065,0.9806295664311464,21.06812602394044,44.893105722380426,6.44005251773654,44.02740789576313,31.7868553786267,33.1840501956638,36.68307638548127,Tech
2023-07,INTC,Equity,0.9760781561574712,0.9834287271890938,20.840002308933222,0.0,5.26750541884264,43.81673757258601,16.361414330476215,10.343599140169994,27.34354362732013,Tech
2023-08,INTC,Equity,0.9766163991945305,0.9844087670355116,20.710933364128447,20.543251401702374,36.84983306853367,36.49474980934461,31.29594475986022,28.625525583280208,33.375466779653976,Tech
2023-09,INTC,Equity,0.978595456051765,0.9854345908550977,21.11241764994255,19.034482687045042,33.43471261941584,48.175129785293485,33.548108363918125,29.18268108640597,39.39891693246827,Tech
2023-10,INTC,Equity,0.9818804844022316,0.9861059609521677,20.805655679900788,58.0199356749968,65.23284458834769,38.95620072434069,54.06966032922839,56.37106135887085,48.02427648727331,Tech
2023-11,INTC,Equity,0.972715321625172,0.9866326469905189,21.122201812040196,10.290066019638363,37.52327647178128,47.01489235985898,31.609411617092878,25.80499442332536,37.77160391419932,Tech
2023-12,INTC,Equity,0.9785546786109119,0.9888838135599081,21.185706067679764,18.27820047062524,17.608719476745936,48.90308907151404,28.263336339628406,24.20233389263921,36.51923743238266,Tech
2020-01,KO,Equity,,,20.24527363504922,,,54.70277318977463,,,,Consumer
2020-02,KO,Equity,0.9903872874900178,0.9954316158628657,20.02119825809798,92.72450623159504,98.6367170525344,43.48167504014931,78.28096610809291,84.6496032395877,64.36124968091548,Consumer
2020-03,KO,Equity,0.9649208965196162,0.9702751424157295,20.930524634763913,96.98683292712902,90.82236999221095,66.37780480958546,84.72900257630847,89.01568842314488,77.38852346961926,Consumer
2020-04,KO,Equity,0.9583041975491837,0.9710289830969491,20.43241253667971,88.65737807572731,79.20550620957736,49.00901989106471,72.29063472545647,77.89214487894981,62.97798879169976,Consumer
2020-05,KO,Equity,0.9797855417428911,0.9868753738720049,20.25231873911958,89.11163864253436,92.18153779411362,50.02685007608777,77.10667550424525,82.21565067471882,66.27474533298226,Consumer
2020-06,KO,Equity,0.9809380763076725,0.9869814703747505,20.314013240377335,86.53081560284082,82.4392111474604,42.472916058895706,70.48098093639896,76.49175435743767,59.277754985397664,Consumer
2020-07,KO,Equity,0.9839985241709491,0.9880367127484888,20.20196803370686,92.07413904548798,81.14512683077294,46.18985460665822,73.13637349430638,79.61857849330752,62.35776593924712,Consumer
2020-08,KO,Equity,0.9887341754537446,0.9930199342964523,19.910006117058153,90.87459892808123,88.92198575577544,42.82526375860327,74.20728281415332,80.6789479424939,61.65447519193329,Consumer
2020-09,KO,Equity,0.9845698792893431,0.9915645972040946,20.30698710902013,70.19426850151956,89.04530271854935,44.808494734663526,68.01602198491081,70.77242401325728,58.733011084811906,Consumer
2020-10,KO,Equity,0.9880967790970069,0.9910609781984138,20.124877184859812,94.63173295911292,82.33430627100556,47.11852428604673,74.6948545053884,81.43986321806747,63.66432241765173,Consumer
2020-11,KO,Equity,0.982927015155773,0.9903767002066755,20.28318008263764,85.58451516746088,86.56080368317264,51.839966589675825,74.66176181343644,79.12849200661739,65.5330437239322,Consumer
2020-12,KO,Equity,0.9879347012814587,0.9931563070640578,20.164970089247007,92.91528294110843,89.52804946499887,50.693613562637765,77.71231532291502,83.45477902258143,66.90483461880412,Consumer
2021-01,KO,Equity,0.9857319562094776,0.9872819825893832,20.596420988659013,84.46683356909462,62.03656390949577,54.96350743780562,67.155634972132,71.83708744495716,62.27878395840145,Consumer
2021-02,KO,Equity,0.9889029927141658,0.9915300033596102,20.24798923944926,97.47704399675564,89.10140034707841,46.00180177587562,77.52674870656989,84.66930245767647,64.91676993429218,Consumer
2021-03,KO,Equity,0.9888950757109992,0.9928474581028984,20.456761600977522,97.89267137191635,95.82763467709069,47.23570542191525,80.31867049030743,87.14176717346842,67.08548446295056,Consumer
2021-04,KO,Equity,0.9918963436459172,0.99530563705907,20.194057394857822,97.24723083773476,96.54542253815251,48.2212890680955,80.67131414799425,87.23149999393223,67.69130411603476,Consumer
2021-05,KO,Equity,0.9932617468452823,0.9957750089235633,20.234906066143527,100.0,100.0,42.34817956234268,80.7827265207809,88.46963591246853,65.4089077374056,Consumer
2021-06,KO,Equity,0.9934970061444365,0.995631694473716,20.194781530926534,100.0,93.7058377615141,34.64923240648352,76.11835672266587,85.04159780975094,59.53070699619293,Consumer
2021-07,KO,Equity,0.9920563027978675,0.9948761083811193,20.30320111666035,95.40443451121378,94.23908513622243,37.98852885877426,75.87734950207016,83.57164856822847,60.721821244751794,Consumer
2021-08,KO,Equity,0.993069164968227,0.9953029833340484,20.0018798078657,98.7618623022349,91.3330417002778,31.062425171812734,73.71910972477514,82.99332869556333,56.656435903590186,Consumer
2021-09,KO,Equity,0.9922110694654995,0.9936054921627612,20.298567098641367,96.80221328741794,93.72631424479513,42.42888588344761,77.65247113855357,85.00477809383703,63.56303703651119,Consumer
2021-10,KO,Equity,0.9924369046512199,0.9942475689721343,20.343414361723443,100.0,100.0,44.753076915545556,81.58435897184852,88.95061538310911,66.85184614932733,Consumer
2021-11,KO,Equity,0.9930129401080353,0.9959373334009284,20.264411937938828,100.0,100.0,32.98449836289624,77.66149945429875,86.59689967257924,59.790699017737744,Consumer
2021-12,KO,Equity,0.986194558714269,0.9905577747060366,20.582145512686697,84.10232608169423,81.38779469152294,38.237899087475654,67.90933995356427,74.11508126579912,56.04076360712883,Consumer
2022-01,KO,Equity,0.9925052409330319,0.9965748580659242,20.765871387141946,98.33955584382873,100.0,41.189406552416685,79.84298746541515,87.4076592323977,64.38155510021576,Consumer
2022-02,KO,Equity,0.9907403254610937,0.9943348643318904,20.88494327864185,100.0,97.86491246064026,42.41830700060586,80.09440648708204,87.84313513831324,65.02396669249157,Consumer
2022-03,KO,Equity,0.984779327864636,0.9890450123758924,20.65964181311909,88.87535803107728,77.6591574887205,38.85484651612376,68.46312067864051,75.50639556537953,56.61981101363381,Consumer
2022-04,KO,Equity,0.9917569469421437,0.99542040709114,20.584505687639755,100.0,98.35386448818542,39.52824787469855,79.29403745429465,87.41180892139535,63.38772162245621,Consumer
2022-05,KO,Equity,0.9840873968689691,0.9878535139180151,20.86376738782881,86.04743667992017,81.09450020404547,43.841755115849004,70.32789733327154,76.12041942434352,59.733440446302524,Consumer
2022-06,KO,Equity,0.9831086613821873,0.9863652324746885,20.553515964676475,79.18125725390097,73.01518524122966,43.33469580999052,65.17704610170705,70.16212336131748,56.44010598502044,Consumer
2022-07,KO,Equity,0.988395853329885,0.992615101394964,20.433077194405612,91.42604216745168,94.78977493971256,43.08492711781917,76.43358140832781,82.76693898920344,63.09411969212435,Consumer
2022-08,KO,Equity,0.9909998978123491,0.9940741234723234,20.06952221159613,99.37042449038864,94.90541647993315,32.270857522991385,75.51556616443771,84.61100869377255,58.2176827078592,Consumer
2022-09,KO,Equity,0.9893003608490325,0.9904002342722432,20.425859629989283,100.0,95.77298556818774,41.04697200088472,78.93998585635748,86.94129007063327,63.78278031416838,Consumer
2022-10,KO,Equity,0.9877347954575251,0.989934532414698,20.490795049477917,100.0,86.17166730831775,44.18633451798101,76.78600060876626,84.68876709609152,63.74613417245216,Consumer
2022-11,KO,Equity,0.9865694671528505,0.9932132136368298,20.24134244373662,100.0,91.45942780356329,32.6223308017885,74.69391953511727,83.96229450142668,57.865284041785756,Consumer
2022-12,KO,Equity,0.9902159809300763,0.9951136472548974,20.217080192328176,98.55431456865115,99.84476179216855,38.708676217102706,79.03591752597414,86.97232106539668,62.90502100242557,Consumer
2023-01,KO,Equity,0.9902358090305047,0.9923213589070284,20.40763151076824,99.41386728480693,90.06100208774265,38.976292543503114,76.15038730535089,84.52049277742688,61.28074940061178,Consumer
2023-02,KO,Equity,0.9906692799024117,0.9924576694147339,20.468181865255467,98.65707527465997,84.75466659423341,36.30492205161598,73.23888797350313,82.0159220259232,58.46530160474827,Consumer
2023-03,KO,Equity,0.9916320613363248,0.9950661045352941,20.42025903961954,100.0,100.0,36.22882656844729,78.74294218948243,87.24576531368946,61.73729594106837,Consumer
2023-04,KO,Equity,0.994649427493039,0.9980282275906288,20.25517612147817,100.0,100.0,33.88894871725503,77.96298290575167,86.77778974345101,60.333369230353014,Consumer
2023-05,KO,Equity,0.9950628702986498,0.9961593692271987,20.28167098624734,100.0,100.0,32.74157499604415,77.58052499868138,86.54831499920883,59.64494499762649,Consumer
2023-06,KO,Equity,0.9921411149183247,0.9942017314388443,20.485831726608243,98.63004257783288,90.11060750951805,31.568943979719116,73.43653135569001,82.66199233771567,56.689496405301654,Consumer
2023-07,KO,Equity,0.99230893247551,0.9949075762145332,20.393146652843505,100.0,98.0978738139085,34.52922668075682,77.54236683155511,86.33520748032392,60.3371107712358,Consumer
2023-08,KO,Equity,0.9928598602272082,0.9949520012410595,19.960905012955696,100.0,96.48308608668357,21.795102852091283,72.75939631292495,83.30394639642331,52.37367892859149,Consumer
2023-09,KO,Equity,0.9938367319127869,0.9944243218843203,20.36344471803977,100.0,95.75905671722599,32.82373743991073,76.19426471904556,85.29246450314994,58.84605380739164,Consumer
2023-10,KO,Equity,0.9867364308717721,0.9884739974566963,20.527383166853067,78.56772952935175,75.61748849435753,33.078670580284104,62.42129620133113,68.58484542903994,50.68424595291232,Consumer
2023-11,KO,Equity,0.9908881581857558,0.9954135056245952,20.357829745620684,100.0,100.0,31.121408195064575,77.04046939835486,86.22428163901291,58.672844917038745,Consumer
2023-12,KO,Equity,0.9939769843001024,0.9962229748793842,20.44742386162511,100.0,91.01044393929992,33.18321324986598,74.7312190630553,83.93977583176317,58.11201673777957,Consumer
2020-01,MMM,Equity,,,19.79492031084625,,,41.176283448823895,,,,Industrials
2020-02,MMM,Equity,0.9828593071700545,0.9842096283840286,19.895607003426903,57.66309574474262,45.328089553621446,40.28719679893625,47.75946069910011,50.487414098245,44.77055513903456,Industrials
2020-03,MMM,Equity,0.9614605557198725,0.9704635775288932,20.433293367724417,91.97341821784494,91.07556436672849,52.73643926978535,78.5951406181196,83.85666627289808,68.25166007878589,Industrials
2020-04,MMM,Equity,0.9595269422484882,0.9744978896578325,19.81456899141053,90.54531167160879,87.0569232453268,32.802797007693954,70.13501064154318,77.95029221094123,55.20212518800349,Industrials
2020-05,MMM,Equity,0.9766382635547114,0.9861369733783487,19.760351707065674,82.18272216706717,89.77273949860937,38.25438985255585,70.06995050607746,75.67406090362758,57.343726244668815,Industrials
2020-06,MMM,Equity,0.9757227073085694,0.9849132378238061,19.737373724660863,79.62336696822466,76.73870663961728,31.072765779815892,62.47827979588593,69.04784863196069,49.91607418945792,Industrials
2020-07,MMM,Equity,0.9830947962476189,0.9864404652509304,19.523420994448337,89.63126637158335,75.85018194523934,30.880681749394416,65.45404335540572,73.74682411924236,51.624698713001195,Industrials
2020-08,MMM,Equity,0.9844212225528637,0.9884616674040662,19.44992544194053,80.33810777193175,69.74651689840297,32.04949491872573,60.711373196353485,67.50290793923192,49.246621885302375,Industrials
2020-09,MMM,Equity,0.9858373437654342,0.9905528126265866,19.72444507316833,74.50395980394275,85.06622099846588,32.499434736222845,64.02320517954382,69.27173314875571,51.413697002215436,Industrials
2020-10,MMM,Equity,0.985608776665632,0.9893507547507934,19.385837709242118,85.75393171922335,74.70423420001134,28.66191825157926,63.040028056937985,71.02061976993093,49.2887841347945,Industrials
2020-11,MMM,Equity,0.9839540465390139,0.9888290993581366,19.68974928311842,87.96162799822201,77.11008381270247,37.39273722910339,67.4881496800093,74.59238658874243,55.44998469964693,Industrials
2020-12,MMM,Equity,0.988374345167097,0.9925114916900678,19.517866660553814,93.8146557364739,86.13432366231505,34.30793095913317,71.41897011930736,79.6092111587581,56.57455445523769,Industrials
2021-01,MMM,Equity,0.9886132299865846,0.9918474401304362,19.969598154529336,91.68421896880257,84.23025943963673,38.27496736230312,71.39648192358081,78.76618078875293,58.147876099069734,Industrials
2021-02,MMM,Equity,0.9805285620665124,0.9885915449080638,19.62143564009261,73.42635475374935,72.77496426085122,29.20456382479565,58.46862761313208,64.38657942008918,46.763002097797504,Industrials
2021-03,MMM,Equity,0.9887351487377178,0.9929275462683789,19.817630293358597,97.34944884517189,96.21510356188378,30.223713860661334,74.59608875590567,83.58399826328335,56.84713879780794,Industrials
2021-04,MMM,Equity,0.9912044659372033,0.995041538452499,19.688019774609266,94.60693884545826,95.38542273584119,33.61277642643095,74.5350460025768,82.64165152876768,58.166138172118465,Industrials
2021-05,MMM,Equity,0.9884748301694172,0.991861386586085,19.532698206253908,81.72878099629582,78.46096817400728,21.255843332132955,60.48186416747868,68.65384961677668,44.7914558333404,Industrials
2021-06,MMM,Equity,0.9912247867973246,0.9934917223915654,19.593545511839487,91.86477821468492,81.00932082564665,19.090642659432593,63.988247233254725,74.05331388692296,46.02920540372587,Industrials
2021-07,MMM,Equity,0.9895087279141347,0.9928973687210624,19.7001810294375,86.49346820741324,85.70103360527195,22.181649417659518,64.7920504101149,73.3933740688201,47.74789001313275,Industrials
2021-08,MMM,Equity,0.9907117012638383,0.993553481491021,19.503612614817534,88.81302401647685,82.6327835813805,18.75594320445216,63.400583600769835,72.947535723543,45.542727442242764,Industrials
2021-09,MMM,Equity,0.9884855896061309,0.989270285566963,19.789896914793964,84.02312612753096,62.980839875806716,27.72252515277763,58.24216371870509,66.45032005706302,46.03430829233412,Industrials
2021-10,MMM,Equity,0.9895609389063842,0.9913806450513593,19.66332356413923,87.2467074381226,76.10834958241907,26.36860722509857,63.24122141521341,71.72958003880673,48.49217573916748,Industrials
2021-11,MMM,Equity,0.9909388267316019,0.9936753453024568,19.534847901849716,91.47692470825355,86.0629346175003,17.58966604734077,65.04317512436488,75.07527594884502,46.061771493555234,Industrials
2021-12,MMM,Equity,0.9876564076787511,0.990514834576549,19.502030141630577,88.7729673973248,81.18204679255582,14.886969953470027,61.61399471445021,71.71849172712317,42.923184810058146,Industrials
2022-01,MMM,Equity,0.9898052933440902,0.9923811670857811,19.792652256062283,88.30679858213195,82.32333113588209,18.249350797142718,62.959826838385574,72.50026879125915,45.07563642188844,Industrials
2022-02,MMM,Equity,0.9847700856329855,0.9853823905583179,20.016532676429193,81.77724544024845,63.34544739546983,22.244324599699976,55.789005811806085,64.34112185870516,42.371133326963644,Industrials
2022-03,MMM,Equity,0.9829467350156248,0.9874765032548972,19.855361244949854,84.29355771303875,71.7686105539897,19.531462927292424,58.531210398106964,67.58365460817477,42.931311409781145,Industrials
2022-04,MMM,Equity,0.9891063027854994,0.9925896824328424,19.58341742660815,91.24055053965878,86.09110924533279,16.512186098587144,64.61461529452625,74.75004526314666,45.3736436161506,Industrials
2022-05,MMM,Equity,0.9822258918434486,0.9879752728953638,19.681249247431722,80.772293510615,81.49591019686142,15.982616484069908,59.41694006384878,68.0314431111799,42.04321063193723,Industrials
2022-06,MMM,Equity,0.9852021592918012,0.9872058444457638,19.56369549392062,85.57481535182094,76.75766820909716,18.9328613052356,60.421781622051235,69.60128039968674,43.826213495324986,Industrials
2022-07,MMM,Equity,0.9867535309170196,0.9907093936733485,19.517421855817215,84.95346317716064,86.57450769175516,21.17460872023856,64.2341931963848,72.68400564015458,47.010359405926295,Industrials
2022-08,MMM,Equity,0.9833301485455337,0.991198108067023,20.250409676957116,68.43570339344758,80.89244210040374,36.63133256943537,61.98649268776222,65.81185084073199,51.84442864043149,Industrials
2022-09,MMM,Equity,0.9754210395287041,0.9766748891688078,19.86518017569575,44.4772121128076,42.237424882756194,26.489962792921762,37.73486659616185,40.207826079815014,33.23690507486582,Industrials
2022-10,MMM,Equity,0.9810667530866274,0.9870543967697338,19.650024382036687,73.92473357294863,76.21233038407851,23.40284977924699,57.846637912091374,64.50663585754727,44.06912265895362,Industrials
2022-11,MMM,Equity,0.9818404707241888,0.9916508624163375,19.35161529227647,81.68284335404176,84.8233382810938,8.695545974009582,58.40057586971505,68.02753235615093,38.518563911432864,Industrials
2022-12,MMM,Equity,0.986111694138144,0.9894842972442642,19.442137479835335,83.66850708567348,66.06372017703728,18.69870491916781,56.143644060626194,65.39311057978148,41.16566840404284,Industrials
2023-01,MMM,Equity,0.982120673132291,0.9869221531928251,19.761073997895934,66.8581108503775,59.254624929519295,22.715880084892127,49.60953862159631,55.74861892102297,38.852075206914634,Industrials
2023-02,MMM,Equity,0.9785581364620871,0.9824043977822193,19.439664061848404,59.3863691177659,22.460525677876863,11.286035511958966,31.044310102533913,38.68854936463781,23.141000266303934,Industrials
2023-03,MMM,Equity,0.9868186185430352,0.9890142751115197,19.596964290176306,81.76081832832837,73.22636287699603,17.046356000687304,57.34451240200391,66.25758922740044,41.225249841477265,Industrials
2023-04,MMM,Equity,0.9880645527402202,0.991880631758826,19.439795479907563,74.83936345157345,73.08449838448657,14.603375624254628,54.17574582010488,62.26570636598361,38.34679774176478,Industrials
2023-05,MMM,Equity,0.9868701366576615,0.990155673123613,19.36801615504173,69.67344870870534,69.5162768873557,11.404668564423835,50.198131386828294,57.972541133444146,34.68074625786651,Industrials
2023-06,MMM,Equity,0.974497251664077,0.985484027768521,19.593063463133106,57.24596972699237,36.36714771985792,12.467741637789075,35.36028636154645,42.02667750701138,26.203268472043504,Industrials
2023-07,MMM,Equity,0.9830786283188653,0.9899752601860469,19.599718696613074,43.13085230318776,58.20984035771913,18.038508291164813,39.7930669840239,42.63607991714258,31.091243506880268,Industrials
2023-08,MMM,Equity,0.9841847252253507,0.9915164088863264,19.43719354983668,57.564584326444454,77.05114099632273,11.530992697749989,48.715572673505726,54.20383300166904,33.84174068320343,Industrials
2023-09,MMM,Equity,0.9825180867507255,0.9883712379206567,19.56804230019693,39.87249038830582,53.79400942293265,16.52069888049256,36.72906623057701,39.37858779713122,28.645719290543234,Industrials
2023-10,MMM,Equity,0.9849008067586809,0.9862450381215041,19.420182768692822,70.80034038977351,65.84274518584778,9.692948273667698,48.778677949762994,57.09158340537463,33.144386079324875,Industrials
2023-11,MMM,Equity,0.9846082147725707,0.9932451569619,19.292753185293833,68.99915392299381,84.57197347577582,8.975416485631795,54.18218129480048,61.66625230135602,36.099475371133,Industrials
2023-12,MMM,Equity,0.9873766506624395,0.9944991508911472,19.509848878972523,65.02525930722953,73.76982911990171,13.21989545632907,50.671661294486775,57.28755748085109,35.69095495922369,Industrials
2020-01,MRK,Equity,,,20.33779184704498,,,57.481583910504966,,,,Healthcare
2020-02,MRK,Equity,0.9871326360484641,0.9888809527142481,20.450157448164198,77.56603538898045,67.51862301446336,54.392472950590985,66.4923771180116,69.91709918894743,61.65241545104335,Healthcare
2020-03,MRK,Equity,0.9670006336974306,0.9765969628288492,20.79766586999112,100.0,99.31680257666,62.732871162868484,87.3498912465095,92.3416150055717,77.50308321305309,Healthcare
2020-04,MRK,Equity,0.9613842544097043,0.9758232414965459,20.44063544415584,93.4130256181044,90.05668406972512,49.22470923884201,77.56480630889051,83.56845987773815,66.22876748087111,Healthcare
2020-05,MRK,Equity,0.980032168891176,0.9850082310838767,20.310134698520415,89.65460269238105,86.0905744156403,51.41034945304821,75.71850885368985,80.93654356149226,65.9952450934332,Healthcare
2020-06,MRK,Equity,0.9825426590569243,0.9875360046659492,20.313910317634335,88.65599081524745,83.96762980874115,42.4708812785774,71.69816730085533,78.01246060596154,60.00725289194416,Healthcare
2020-07,MRK,Equity,0.9856115660026308,0.9899888820687305,20.049728316192194,96.43436263795977,87.62070719893022,42.755068193442376,75.60337934344412,83.05440711734742,62.464054883443424,Healthcare
2020-08,MRK,Equity,0.9888987671032713,0.9954190041132933,19.966759697840008,91.27669431364858,99.01426197512939,44.15451643191809,78.14849090689869,84.17352903574671,64.55090111690645,Healthcare
2020-09,MRK,Equity,0.9879741723505143,0.9923466017049802,20.17632753813351,81.76970313766563,92.12072003926076,42.04766993845417,71.97936437179352,76.93060156830188,60.00668659845779,Healthcare
2020-10,MRK,Equity,0.9890202647577759,0.9904272521362535,20.170229548084112,97.92695568108793,79.50697073524373,48.25114402880588,75.22835681504584,82.46579786687826,64.43747170054986,Healthcare
2020-11,MRK,Equity,0.9853939548911361,0.9918937971051704,20.12647193716308,91.29436414903847,95.82524536241553,48.02486544869164,78.38149165338189,83.99972877298222,66.23884117150578,Healthcare
2020-12,MRK,Equity,0.9909546476841246,0.9941092539880948,20.124099748121896,99.09314126404635,94.54350147676016,49.65871186396274,81.09845153492309,87.84136344784378,68.52255566653895,Healthcare
2021-01,MRK,Equity,0.9881764225666598,0.992012404489642,20.348088531987347,90.59004752279205,85.0321875549715,48.35190056970657,74.65804521582338,80.47506014182879,64.13558735737665,Healthcare
2021-02,MRK,Equity,0.9875279681867775,0.9886687795976355,20.302647606586298,93.52808447925153,73.20408968281168,47.467134669599346,71.39976961055419,78.21869607838913,61.82671563417226,Healthcare
2021-03,MRK,Equity,0.9895154820318092,0.9923436678113674,20.49566951268105,100.0,93.3902825257696,48.271331525152696,80.55387135030743,87.67135106276143,67.64085542024554,Healthcare
2021-04,MRK,Equity,0.9903545974216221,0.9932483659523528,20.244526642770033,91.36373414625159,87.5092746081152,49.67825712074483,76.18375529170387,81.87030087970933,65.58155602332026,Healthcare
2021-05,MRK,Equity,0.9863494950438287,0.9896379382071308,20.41331052895186,73.61657304171032,66.22398635306685,47.7069445797477,62.51583465817496,66.21687134272476,56.59227862680405,Healthcare
2021-06,MRK,Equity,0.9880736294072615,0.9929723205132407,20.590497961602097,80.58269654366038,77.92769429431222,44.88945322758012,67.79994802185091,72.64754720563988,58.63575010414259,Healthcare
2021-07,MRK,Equity,0.992302259611839,0.9955183351159148,20.117779341877842,96.26474793928433,97.01022530535441,33.12809435278162,75.46768919914012,83.86106043180482,58.531851260596724,Healthcare
2021-08,MRK,Equity,0.9918257685235132,0.9938719546301439,20.10055209672634,93.51454921295387,84.21654785424923,33.49948857972667,70.41019521564327,78.72213667869704,55.64591256127663,Healthcare
2021-09,MRK,Equity,0.9913765859913612,0.9932199485198587,20.493662961244148,93.93978013731483,90.9920219039244,48.06937794216525,77.66705999446816,83.88137222826778,65.827987173547,Healthcare
2021-10,MRK,Equity,0.9782399761617022,0.9927565155244855,20.591200051059406,37.04459699077072,87.57423332129342,51.45131266804365,58.69004766003593,55.08483102538212,55.794553663239014,Healthcare
2021-11,MRK,Equity,0.9740991152109013,0.9805365722204336,20.543918030462947,22.278137981836586,5.109396615369198,38.88247196457111,22.090002187258964,20.448382368443276,28.806990098183825,Healthcare
2021-12,MRK,Equity,0.9821441976193538,0.9836836893307684,20.603206158577745,71.16132852806818,48.45057162862595,38.69320753219983,52.768369229631325,57.854477259061845,47.13830455065872,Healthcare
2022-01,MRK,Equity,0.9898933587784932,0.9957312538527068,20.652179027854316,88.63404164793431,96.44415566143846,38.50952801559272,74.5292417749885,80.95217312551723,60.121356271230184,Healthcare
2022-02,MRK,Equity,0.9879762112190559,0.9905690228952763,20.475187677141786,91.56319061578976,83.34436370506441,32.89930496139469,69.26895309408296,77.36476541169314,54.72109384100765,Healthcare
2022-03,MRK,Equity,0.9883288887274264,0.9927216417619876,20.33837314819989,97.74987650298223,91.46676477038162,31.13614996544546,73.45093041293644,82.5421976756947,56.525018233940045,Healthcare
2022-04,MRK,Equity,0.9908292258433896,0.9958003997022548,20.55472809046723,96.93420708416922,100.0,38.84362990169309,78.59261232862076,86.23582952242322,62.6930193578497,Healthcare
2022-05,MRK,Equity,0.9856786294266714,0.9935880854598764,20.6625301664309,90.55668024491793,100.0,39.10077444309945,76.5524848960058,83.09849501107885,61.57180071484326,Healthcare
2022-06,MRK,Equity,0.9874105769540981,0.9915320887376298,20.597622297860365,92.31933922429602,96.01851165917682,44.42203990395839,77.58663026247707,83.84963109069272,64.3207941190696,Healthcare
2022-07,MRK,Equity,0.9850267998307126,0.9902933898456675,20.333781536318583,78.14822002663166,84.78116730602392,40.70892449707533,67.87943727657698,72.65024510453807,57.01123216477632,Healthcare
2022-08,MRK,Equity,0.9894443798805467,0.9918450499357568,20.18223717054662,93.09648883648188,84.04457397525547,34.987965449091945,70.7096760869431,78.75920970063598,56.42099183180264,Healthcare
2022-09,MRK,Equity,0.9879224043475038,0.9914839481829787,20.194371527752203,94.48762768824301,100.0,35.03680984852796,76.50814584559032,84.2511758138271,59.91961144676538,Healthcare
2022-10,MRK,Equity,0.9865024747240783,0.9939335410031919,20.498106635722046,95.18103070423666,100.0,44.36707374569843,79.84936814997836,86.46393010125801,65.65645038826639,Healthcare
2022-11,MRK,Equity,0.9864683798331572,0.992276320578322,20.555823269253263,99.60845132837883,87.47997291039366,41.079434794007206,76.05595301092656,84.26410449610896,62.065345724158824,Healthcare
2022-12,MRK,Equity,0.9888319644667481,0.9929383353250666,20.41362851828696,93.53463546950233,86.79098068267945,43.78379505839221,74.70313707019133,81.56137095123344,62.33540026547168,Healthcare
2023-01,MRK,Equity,0.9884952088062133,0.9906166157054178,20.59038844866327,92.43104436446423,80.33420803568777,43.57248565963325,72.11257935326175,79.03028172486509,60.696541875810354,Healthcare
2023-02,MRK,Equity,0.9867178265746291,0.9894352311381227,20.433506832079587,85.84438229545175,66.0264154540507,35.46144543126736,62.4440810602566,69.82240487019456,51.65102680866091,Healthcare
2023-03,MRK,Equity,0.9843358677430338,0.9895244487326671,20.419085015929944,72.35313554671455,75.48339995551459,36.20147224013805,61.34600258078907,66.06188220803926,51.28819044452867,Healthcare
2023-04,MRK,Equity,0.9874204359977238,0.9931659163578839,20.311097315582842,72.37820999595584,78.71175180986204,35.21160984185097,62.100523882556296,66.84495250930672,51.34495826627416,Healthcare
2023-05,MRK,Equity,0.9905359388158819,0.993386155644955,20.253527496321176,83.24292893918881,85.91902829277946,32.08433005987777,67.08209576394869,73.8140389694038,53.082989482320315,Healthcare
2023-06,MRK,Equity,0.9889976698194509,0.9913109968438784,20.419739477488225,91.25702233278588,72.28962111880166,30.15486882122209,64.56717075760322,73.34637126627786,50.80224998305076,Healthcare
2023-07,MRK,Equity,0.9875331979349218,0.9908050065972087,20.384846697529102,70.5760559630134,64.92006582125943,34.35671924052709,56.6176136749333,61.63539157598995,47.713255901170825,Healthcare
2023-08,MRK,Equity,0.988285415563709,0.9921690400150672,20.265410931319238,77.62358041348017,80.74246725057992,27.763049916144737,62.04303252673494,68.587140365143,48.331039482498866,Healthcare
2023-09,MRK,Equity,0.9878018271815165,0.9917427429027675,20.17461643197659,67.9410576937788,77.16810548314878,28.953401167680425,58.020854781536,62.91164072537012,46.393873335993774,Healthcare
2023-10,MRK,Equity,0.9913969069378518,0.9931971357787973,20.303873974576284,98.28839615317936,96.33005331337539,28.357823376610604,74.32542428105512,83.7147787459244,55.938383919277314,Healthcare
2023-11,MRK,Equity,0.9894905684531488,0.9920137007742996,20.352035695956012,93.1008193340741,75.81003447003366,31.000933310330943,66.63726237147957,75.49360667011334,52.38273074702012,Healthcare
2023-12,MRK,Equity,0.9901560200319169,0.9942981927794655,20.47659335208363,79.75295768178053,71.75997114021317,33.80430470246792,61.772411174820526,68.1653311234478,50.58516858587949,Healthcare
2020-01,MS,Equity,,,19.827587842736904,,,42.157462028471606,,,,Financials
2020-02,MS,Equity,0.9802751130958096,0.9862573198787437,19.70998080166037,45.62726603162309,55.05538815650402,35.56569876075494,45.41611764962735,46.443389214913736,41.475950094078385,Financials
2020-03,MS,Equity,0.9428147635057308,0.9535478285587579,20.461439330747737,64.95900132585632,68.34640095296261,53.50861390063033,62.27133872648309,63.68514372894301,58.76624879614199,Financials
2020-04,MS,Equity,0.9362367484193561,0.9618678979842896,20.016695545742007,54.58495182738267,58.47058629833939,38.104637603465704,50.386725243062585,52.45457932388629,45.47389018722383,Financials
2020-05,MS,Equity,0.969333037164469,0.9824446955646187,19.821647942408053,66.09984023992371,77.7278497935615,39.721170033755755,61.182953355746996,64.31250906478145,52.59824002695049,Financials
2020-06,MS,Equity,0.9636056301657541,0.9788141738782304,20.07714555469771,63.575012962962276,59.9283428826486,37.79004723113179,53.76446769224756,57.32401879250207,47.374699507801246,Financials
2020-07,MS,Equity,0.9757896998824311,0.9838161622603306,19.97819165070093,69.88481411524921,67.14505337374808,41.14107960565813,59.39031569821847,63.31413899088066,52.090621261194336,Financials
2020-08,MS,Equity,0.9847877051385199,0.9902377501675865,19.43587391164019,81.23342024377918,77.21804511823758,31.720387328357415,63.39061756345806,70.12620112303235,50.7225254694178,Financials
2020-09,MS,Equity,0.9839701149716937,0.9874248509187005,19.764518239254354,68.15492214346686,72.76477311157957,33.34617707466903,58.08862410990516,62.57612842014111,48.1916452958107,Financials
2020-10,MS,Equity,0.9808047085428424,0.9864247236268257,20.2610840049447,68.61184158330414,61.64990004916686,50.520122848035854,60.26062149350228,62.90491537600929,56.36442203531571,Financials
2020-11,MS,Equity,0.9758371728926336,0.9885190907790745,20.160600059765695,69.17473910141823,75.21695727369598,48.85572359640694,64.41580665717372,66.92360145209929,58.19177343286701,Financials
2020-12,MS,Equity,0.9783172748153377,0.9906135938872803,20.05827723180935,73.24106021764568,76.14550360003632,47.9919816124487,65.79284847671023,69.06257751132347,58.672501731005624,Financials
2021-01,MS,Equity,0.9806622167678869,0.9924151695862763,20.566715608443918,71.76749770008199,86.99011747645034,54.17263097130617,70.97674871594617,72.81531028723732,64.25510161809018,Financials
2021-02,MS,Equity,0.9798742243018504,0.987077044246147,20.122090500845257,71.54714947998455,64.36021255785491,42.62659002664345,59.51131735482763,63.60695651267744,52.757426423553966,Financials
2021-03,MS,Equity,0.9841107455263923,0.9914806900744695,20.44744477433278,81.6417796159065,89.21517101820534,46.98771604263026,72.61488889224738,76.9829843219409,62.36401975240053,Financials
2021-04,MS,Equity,0.9845137798212694,0.9881718731222848,20.338082904380286,69.0744426365902,65.21180490249911,52.37907969944749,62.221775746178935,64.57657872893434,58.284697327486356,Financials
2021-05,MS,Equity,0.98346848913177,0.9903847195312518,20.341835787764182,62.620039461840136,70.3339758513549,45.5600456923802,59.50468700185841,61.522221624802576,53.926830478067124,Financials
2021-06,MS,Equity,0.9863163130201269,0.9906930061757081,20.25009334505517,74.2909806604733,64.40445568291683,36.0805735052742,58.25866994955478,63.68294173616653,49.38743137184255,Financials
2021-07,MS,Equity,0.981426998233959,0.9879560413825474,20.527504773909328,58.225007360072055,64.37973080876279,43.868168597915194,55.49096892225001,57.2000566422479,50.84184879251609,Financials
2021-08,MS,Equity,0.9866264803916928,0.9936519381141022,20.18956782020863,71.5728002357589,83.1224075493323,35.69804873205136,63.46441883904752,67.86273212908941,52.35787079624906,Financials
2021-09,MS,Equity,0.988259715823426,0.9917790590996602,20.2236504037798,83.24833714321787,80.77317125440828,40.2629402975466,68.09481623172425,73.90870800744074,56.962065858053194,Financials
2021-10,MS,Equity,0.9825284486913842,0.9871761080347206,20.313035053240796,56.06156369589158,41.069635146580715,43.93185204674881,47.0210169630737,49.13804280126977,45.78535099654374,Financials
2021-11,MS,Equity,0.9861836158803573,0.9895581594710179,20.439271582437495,71.93651743168455,60.69521134634823,36.674284005627435,56.4353375945534,61.511678920872235,48.53091615898302,Financials
2021-12,MS,Equity,0.9812774932380851,0.9873572557511247,20.426544334267284,68.39218794655422,66.0524881045209,34.873969466803025,56.43954850595939,60.98663429799398,47.81331689029684,Financials
2022-01,MS,Equity,0.9799246227140287,0.9862790183940155,20.77757738959947,51.591134018792296,56.60239406763191,41.465332436394235,49.886286840939476,51.069351716964576,46.51790507912138,Financials
2022-02,MS,Equity,0.980206255758793,0.9850814761671018,20.5668608535932,67.84722687410584,62.18516431864558,35.02895773584701,55.02044964286614,59.584954279815996,47.02385288005849,Financials
2022-03,MS,Equity,0.9762754792670114,0.98196702866108,20.352122955257187,67.61426000258093,51.077740321754995,31.46649836195762,50.05283289543119,55.42375177020849,42.61829908204176,Financials
2022-04,MS,Equity,0.9806151353308019,0.9859738917792626,20.367091604081942,63.18021962263406,57.431373200361435,34.52967165225168,51.71375482508239,55.72545610187579,44.840121555950105,Financials
2022-05,MS,Equity,0.9766232972827792,0.9831423198853405,20.147199149956613,64.89563026129761,65.56282932449393,26.960006586132877,52.47282205730814,57.508665245223554,42.26769586883803,Financials
2022-06,MS,Equity,0.9791576551591816,0.9852569666955278,20.084088420984422,67.11485503012737,68.0810825338004,31.761997960652455,55.652645174860076,60.33415186733429,46.09638628917703,Financials
2022-07,MS,Equity,0.9805103935700614,0.9883437753148122,20.046049179972496,60.34855045791039,76.37662330391429,33.82390207089934,56.84969194424135,59.85204263430935,47.63937599490454,Financials
2022-08,MS,Equity,0.9857541405915528,0.9932080788690496,20.04066276343551,78.21249208316942,90.6857378179763,31.5751713774235,66.82446709285641,72.6270016624623,52.72474880668325,Financials
2022-09,MS,Equity,0.9840363363709341,0.9872127258830603,20.25260078140154,78.94181510861308,83.34014344156516,36.54862515592897,66.27686123536907,71.78267561796189,54.38556680359302,Financials
2022-10,MS,Equity,0.977448634775446,0.9834271736367435,20.16372245884394,59.77614337496109,63.669609577157885,36.10124251948471,53.18233182386789,56.20920306452485,46.34989610211462,Financials
2022-11,MS,Equity,0.979920913736169,0.9900501910612386,19.884032991551884,74.24768738156139,78.02448392032998,23.013467719072217,58.4285463403212,65.13388241069413,44.26251489182161,Financials
2022-12,MS,Equity,0.9835656149884082,0.9891692945958758,20.067153342969615,74.43415140324635,64.17342777134435,34.83738108251902,57.8149867523699,63.43658024953029,48.62394448442956,Financials
2023-01,MS,Equity,0.9843440951205359,0.9912083379486496,20.14422824848883,75.7778856524469,83.71041178913151,32.35190785639361,63.94673509932401,69.47244793424163,51.30880420215185,Financials
2023-02,MS,Equity,0.987166558378128,0.9934187958332018,20.073315189505024,87.29940715625733,90.71019497733523,26.69971684644955,68.23643966001404,76.20270544061914,51.621750534588244,Financials
2023-03,MS,Equity,0.9832861095771226,0.9856600665826533,20.17202928699966,68.37537353278378,58.38715382163778,30.445162908630007,52.40256342101719,57.79286549460923,43.619603216062316,Financials
2023-04,MS,Equity,0.9823892011507498,0.986916360018497,20.054441576700064,53.153991445663394,51.34984508222331,29.141128449960803,44.5483216592825,47.81017493749085,38.38544437555382,Financials
2023-05,MS,Equity,0.9845625908380136,0.9883952473786597,20.038306229941284,61.13174459343208,60.5777280261842,27.058191231516282,49.589221283710856,54.150828950874555,40.576809262833024,Financials
2023-06,MS,Equity,0.9856027425202127,0.9910749430085064,20.04892582465769,83.29414500538672,70.83438126559417,22.221134050795303,58.783220107258735,67.34161369253067,44.15838568467336,Financials
2023-07,MS,Equity,0.9852013940313876,0.9915332942190014,20.24813333506848,56.20949790169257,70.80978595598276,31.51524946027956,52.8448444393183,55.65073462969703,44.313006447702804,Financials
2023-08,MS,Equity,0.9887292737910195,0.9932150712399759,19.892930972958563,79.79476372901551,86.65889132726778,20.462894024713343,62.30551636033221,69.98762806763077,45.568467426084666,Financials
2023-09,MS,Equity,0.9887754783386287,0.9924399668411361,19.942152788004925,73.1133392230139,82.00184572597237,24.18868878270783,59.7679579105647,65.99496108584023,45.53625025942195,Financials
2023-10,MS,Equity,0.983665726824369,0.9851803748131208,20.209445133084024,65.57413617951762,61.17383517698119,26.363345530917243,51.03710562913869,56.411887749036616,41.16760158985011,Financials
2023-11,MS,Equity,0.9798867307371801,0.9868294415420928,20.16039597834903,45.69161909252546,38.923490198355985,27.01619478973121,37.21043469353754,39.92609556371577,33.132738732015014,Financials
2023-12,MS,Equity,0.9835012073594157,0.9935710490046954,20.137444451537647,44.489536109941895,64.48753159610622,26.582975842163986,45.18668118273737,46.907622702235614,37.74519904650802,Financials
2020-01,NEE,Equity,,,19.782385028020833,,,40.79978267615165,,,,Utilities
2020-02,NEE,Equity,0.9906845573082608,0.9948902934320274,20.12001622119663,94.1090341766441,96.06523353619798,45.99516082215205,78.72314284499805,85.07311931361184,65.63195003585965,Utilities
2020-03,NEE,Equity,0.9565320288937035,0.9680999912390272,20.602710968626006,84.83286463790637,87.89968731158022,57.38435177242162,76.7056345739694,80.26320886691157,68.97712145335029,Utilities
2020-04,NEE,Equity,0.9461317392733539,0.9650914641414413,20.07731103567424,69.86294540595081,65.76670736643781,39.69460022029369,58.44141766422744,62.600404956965484,50.94269068665393,Utilities
2020-05,NEE,Equity,0.9776440275138769,0.9853764421449996,19.91462215467346,84.39697017770254,87.29174665758602,41.94598418672685,71.21156700733847,76.77520592347244,59.50533387909382,Utilities
2020-06,NEE,Equity,0.9817195082368272,0.9886541856210308,19.910499155086484,87.56577610381655,87.04958283772565,34.49545165234095,69.70360353129438,76.79685323369415,55.62034277971301,Utilities
2020-07,NEE,Equity,0.9845065990559867,0.9918305838743039,19.874056866076316,93.4475194854569,93.72985353808825,38.79162212366219,75.32299838240245,82.60104022888736,60.710447878906336,Utilities
2020-08,NEE,Equity,0.98659755054775,0.9932705486347351,19.505970247631772,85.65485043015005,89.97625650218113,33.3621470327279,69.66441798835304,76.49273157227493,55.14350960610298,Utilities
2020-09,NEE,Equity,0.9824439823017548,0.9886394619709102,19.88770307916008,62.9656952909209,77.54151782809089,35.94906148811868,58.81875820237682,61.93511529151146,49.670879516673565,Utilities
2020-10,NEE,Equity,0.9835365025863979,0.9896807399678808,19.967470716936937,78.35955092681859,76.17644591143576,43.18749047584143,65.90782910469859,70.6702073320083,56.819693653155724,Utilities
2020-11,NEE,Equity,0.9850745658979454,0.9897436612552746,19.940655404565803,90.55512318122913,82.6950305399011,43.50111294445011,72.25042222186012,78.78629334147493,60.75069851089611,Utilities
2020-12,NEE,Equity,0.9890393745391972,0.9920479474455213,19.832979310621553,95.17509618594701,83.69464538096626,42.287081801814374,73.71894112290921,81.15335806762626,61.14619739447129,Utilities
2021-01,NEE,Equity,0.9827762790889846,0.9896203095752252,20.230782793107128,77.06307309857229,73.40368685545126,45.22875090476637,65.23183695292997,69.5983927868748,57.23060253366454,Utilities
2021-02,NEE,Equity,0.979997158319219,0.9843260859540437,19.98547777141305,71.90020606060749,49.075550388048,38.964147538442056,53.31330132903252,58.46559765440655,47.57363981279633,Utilities
2021-03,NEE,Equity,0.9808659964192864,0.9849768097310132,20.25947926262884,70.62036920308806,57.74920787135135,41.98456933272011,56.784715469053175,61.03186082949346,50.86465701451995,Utilities
2021-04,NEE,Equity,0.9865488058831008,0.9914621024696527,19.91243117703651,76.84035697008667,79.66347294444581,40.091181742782354,65.53167055243829,70.33745671693356,55.35547502857591,Utilities
2021-05,NEE,Equity,0.9874286968294615,0.9888941839027329,20.083040318510214,77.7357866210697,62.13065637594205,37.7865624203222,59.21766847244464,65.0644027073819,50.64522605159567,Utilities
2021-06,NEE,Equity,0.989958596402899,0.9930712933053393,19.874601941976387,87.3314396115341,78.51490276378293,26.363729356584724,64.0700239106339,72.49293650621887,48.98750608901424,Utilities
2021-07,NEE,Equity,0.989764550015566,0.9939504864709809,19.775076091005655,87.38828866595117,90.24512487633119,24.144862972277327,67.25942550485324,75.5966543903304,50.01360049182287,Utilities
2021-08,NEE,Equity,0.9914747391671047,0.9956679981434331,19.910521963509176,92.03315448608669,93.14825731238095,28.806018007470684,71.32914326864612,79.72225803825175,54.31989316417594,Utilities
2021-09,NEE,Equity,0.9894785760302833,0.992697132577238,19.944933113557557,87.42925380553142,87.28418842278806,32.20483675217981,68.97275966016643,76.3408507800381,54.26559049697178,Utilities
2021-10,NEE,Equity,0.9871423006102851,0.9901918886362698,19.90722171878528,76.52140521680751,66.20178997853002,32.961753680798154,58.56164962537856,64.71359033812239,48.3216912475464,Utilities
2021-11,NEE,Equity,0.9899223757709302,0.9944352544550986,19.870971109654995,87.30006139566535,90.74505631048575,24.68234080316829,67.57581950310647,75.81001575161207,50.4184280231312,Utilities
2021-12,NEE,Equity,0.9880804555295611,0.992969893745023,20.056005929132493,90.12781010674216,92.94547815108535,26.86332887081764,69.97887237621505,78.32021427286021,52.73265497405609,Utilities
2022-01,NEE,Equity,0.9838006258719512,0.9850680989098942,20.58218841792391,65.99400575907224,51.49829296832039,36.85975722618378,51.450685317858806,55.81844221526899,45.614314081188795,Utilities
2022-02,NEE,Equity,0.9730420621057491,0.9800294482407279,20.207125141015933,45.980208744732145,42.70526346403102,26.67196403261491,38.45247874712603,41.13607621809837,33.74027286132157,Utilities
2022-03,NEE,Equity,0.9813314193293848,0.9909173054821437,20.257641262407077,80.25498802804822,84.69056729713095,29.19651191031348,64.71402241183088,71.3739665852261,50.50701821122392,Utilities
2022-04,NEE,Equity,0.9870662170344942,0.9901525262789086,20.20870897683197,84.49878251097101,75.5333005525311,30.88829009285582,63.640124385452644,71.087039439816,50.539390668413915,Utilities
2022-05,NEE,Equity,0.9808279763592518,0.9831563013135578,20.30305931115291,76.81087293069233,65.60892272247139,30.6319416623094,57.683912438491035,64.21450161454946,46.863124128018384,Utilities
2022-06,NEE,Equity,0.9786645609370013,0.986583797316089,20.293430292185153,65.6089416290291,73.98825631856599,36.92285879034928,58.84001891264811,62.3855194681542,50.07315486372859,Utilities
2022-07,NEE,Equity,0.9801246221623943,0.9881263356342778,20.050528636565208,58.828181565200154,75.4392680811592,33.93108903968364,56.06617956201433,58.832089014884566,47.212143353082055,Utilities
2022-08,NEE,Equity,0.9865728399299926,0.9945235180573213,19.94090103586035,81.51458643017295,97.09502742369567,29.170314176215502,69.25997601002804,75.71986427743828,53.22411127650303,Utilities
2022-09,NEE,Equity,0.9853062127123872,0.9899740699752484,20.18171087232596,84.02182393052803,94.11073631967737,34.708099252469346,70.94688650089158,77.1857527116611,56.45137160152268,Utilities
2022-10,NEE,Equity,0.9787624793246193,0.9826316254718529,20.199617706654948,64.91391016734771,60.9186515702116,36.98855741278803,54.27370638344911,58.13026203729494,47.35964679518468,Utilities
2022-11,NEE,Equity,0.9776830979664647,0.9875029182691106,20.003775031732626,65.57979713955743,67.2049383117661,26.233603269102368,53.006112906808625,58.19810071712902,42.297109051726125,Utilities
2022-12,NEE,Equity,0.9852806347682223,0.9913600449914804,19.791174149715637,80.65434398871405,77.319853227658,27.711259826310247,61.89515234756076,69.06537992791648,48.221595339060556,Utilities
2023-01,NEE,Equity,0.9861801153046095,0.9884389282797537,20.00628275197988,83.14350795022669,67.90892481463003,28.88268721416688,59.9783733263412,67.72096886233572,47.54009888147147,Utilities
2023-02,NEE,Equity,0.9793453236330774,0.980844892049793,20.290349040347657,61.93884454956593,12.797196822677684,31.979105566323398,35.571715646189006,41.20440243485095,34.13467161424276,Utilities
2023-03,NEE,Equity,0.9855193997399501,0.9907726696190323,20.042466616699656,76.83779570224513,81.00560005745568,27.42639944464465,61.756598401448485,68.2058577572882,48.02451881872696,Utilities
2023-04,NEE,Equity,0.9898461347344176,0.9940584828266786,19.835527371078594,81.64674228866278,82.61960048600923,23.963318604639138,62.743220459770384,70.40191501106199,47.23125971771788,Utilities
2023-05,NEE,Equity,0.9859717407342302,0.9887561567648326,19.904688641599854,66.34791034193577,62.41024279825594,23.937772138128643,50.898641759440125,56.6845824380704,40.114293910915535,Utilities
2023-06,NEE,Equity,0.9893394078080578,0.992755437257786,20.025578939180445,92.05857636959831,81.19440020273309,21.721616312766802,64.99153096169941,74.73193150817244,47.683565102126366,Utilities
2023-07,NEE,Equity,0.9878598056272402,0.9918446709512544,20.018553941137277,72.58832996592362,73.32791444609873,26.74363900258962,57.55329447153733,63.641267117309354,45.229432283958246,Utilities
2023-08,NEE,Equity,0.9886046179600393,0.990587197812255,19.978618058437437,79.18499546573837,71.79545967434198,22.14225708261103,57.707570740897125,65.55958705169398,43.48144527758269,Utilities
2023-09,NEE,Equity,0.9900096987394003,0.9918881944988799,20.129469454815435,79.66983056520095,78.17649775831403,28.028042012379327,61.9581234452981,68.89347301257055,48.386090872130595,Utilities
2023-10,NEE,Equity,0.9681689539186682,0.9712307511060172,20.733863846783432,0.0,0.0,37.43985022812055,12.479950076040183,7.48797004562411,22.46391013687233,Utilities
2023-11,NEE,Equity,0.9767018915032689,0.9877716587711063,20.20130399127735,29.969708181163423,45.62746389543278,27.866789525270146,34.48798720062212,34.24645116426558,31.839508130481327,Utilities
2023-12,NEE,Equity,0.9832812925978212,0.9918440887873746,20.20152765828456,43.32422202378831,47.215550165042586,27.9474676910166,39.49574662661583,41.41626959961025,34.87643505237614,Utilities
2020-01,NEM,Equity,,,19.271093831282307,,,25.44300666131501,,,,Materials
2020-02,NEM,Equity,0.9868046097165731,0.9914252906604661,19.564507395816683,76.03825962654558,79.60517756302899,31.865507765291888,62.50298165162215,68.27378463523986,50.24799209709005,Materials
2020-03,NEM,Equity,0.9551507354154904,0.9682292384241776,19.91856595414949,82.83161752316427,88.07335271636005,38.61507308189893,69.84001444047442,75.56082919286993,57.35003789704422,Materials
2020-04,NEM,Equity,0.9514310083316706,0.9766057049067601,19.765868385101246,78.04508522181091,91.82768782580276,31.52536538856187,67.13271281205851,72.87592203635866,52.88977384265986,Materials
2020-05,NEM,Equity,0.9711509543924521,0.9837083888096068,19.818641763677043,70.10209103533037,81.85024971165404,39.64923407620208,63.867191607728834,67.53596724640181,54.18000859511813,Materials
2020-06,NEM,Equity,0.9743851410777687,0.9796429247197337,20.02655153439028,77.85183938575808,62.21256276194165,36.789804585584164,58.95140224442796,64.94764943857837,50.08676318089044,Materials
2020-07,NEM,Equity,0.9813632576856343,0.9893547161952602,19.820243854448016,84.95073351685328,85.51710274320027,37.577509248174835,69.3484485027428,75.64599943102169,56.64007280091562,Materials
2020-08,NEM,Equity,0.9730890846331917,0.9826897744484526,19.584720681142528,52.65383351368478,45.46563202890885,35.2065984810203,44.442021341204644,47.00792606171911,40.74785219713091,Materials
2020-09,NEM,Equity,0.9782314831397249,0.9853266528363486,19.615860410803716,48.64216090985852,64.51311379575633,30.2050507403931,47.786775148669314,49.71602474173478,40.75408538535883,Materials
2020-10,NEM,Equity,0.9823600157298842,0.9855652443950912,19.283556232557835,74.16155805440027,57.81537860649729,26.107563603327797,52.694833421408454,59.646905329814885,42.05992549417619,Materials
2020-11,NEM,Equity,0.9756331033039753,0.9836052199346396,19.74779299831094,68.70241036299454,45.20946737455969,38.80582678732221,50.905901508292146,55.67521075132962,46.06587161990417,Materials
2020-12,NEM,Equity,0.9799152349496787,0.9844605275229299,19.36473063611361,76.50998290678577,43.76131902777666,30.430284542227216,50.233862158929874,57.46944407017132,42.31243111224882,Materials
2021-01,NEM,Equity,0.9797626104633914,0.9881654676492854,19.52641183546233,69.5140480421081,66.331379543763,26.475568482819938,54.10699868956368,59.95155158074694,43.05442660686619,Materials
2021-02,NEM,Equity,0.9825815480888938,0.9862229242211423,19.690280675806196,79.32236499276961,59.61461678777818,31.050226267432823,56.66240268266021,63.75561278620482,46.417532116569255,Materials
2021-03,NEM,Equity,0.9823597437361442,0.9891964037270364,19.661625170072064,75.69416741943775,78.16372692183484,26.071268487972326,59.97638760974831,66.51045548386378,46.41433996103791,Materials
2021-04,NEM,Equity,0.9822347431189755,0.9897630547936264,19.534657456128574,60.37735313741144,72.20074910088864,29.185446760348533,53.921182999549536,57.68599065104202,44.02688850386914,Materials
2021-05,NEM,Equity,0.9821402767341153,0.9912272612391917,19.770155025621094,57.550375366089476,74.97099268567109,28.388373969195534,53.63658067365203,56.94416028258517,43.53729799186944,Materials
2021-06,NEM,Equity,0.9841180570241499,0.9878978320220902,19.589298075900068,66.4205696938109,47.82060569902278,18.98072889651691,44.40730142978353,51.352612335915666,34.236672416476885,Materials
2021-07,NEM,Equity,0.9856321697244423,0.9871446181226756,19.459638355598592,72.93395338268886,60.878525599180946,15.8763386554165,49.896272545762095,57.905802102182015,36.28829898962386,Materials
2021-08,NEM,Equity,0.9868338714734679,0.9892931452639203,19.29532403263807,72.44802063921551,61.4461669471717,13.611515242182346,49.16856760952319,57.38016345219573,34.945746662586856,Materials
2021-09,NEM,Equity,0.9852541320989735,0.9887872942063959,19.406042458817538,72.93862729885305,59.555444068568775,16.624760280917403,49.70627721611308,57.660898926180636,36.4736704420348,Materials
2021-10,NEM,Equity,0.9859824842355271,0.9900605122719061,19.470085675551346,71.37827109850153,65.10695863411695,21.1449280951806,52.54338594259969,59.45020875852197,39.98400280363205,Materials
2021-11,NEM,Equity,0.9848849127094862,0.9889926361684176,19.349701919811,66.59980583590941,57.21078309095946,13.682824143970517,45.831137690279796,53.199702674036644,32.971812271756086,Materials
2021-12,NEM,Equity,0.9816066642091549,0.9905441014944484,19.583050549696175,69.44389682670477,81.32227941269232,16.638543774050067,55.80157333781573,62.4463409919701,40.13636151230946,Materials
2022-01,NEM,Equity,0.9798325671961446,0.9901300865924629,19.76094491118345,51.24906416924665,72.8348865520368,17.50196694889758,47.19530589006035,50.97539144001388,35.31797031359524,Materials
2022-02,NEM,Equity,0.9778747019359268,0.9881623738544983,20.00007947060728,60.730706553279056,74.0646674346885,21.862101393483865,52.21915846048381,56.957173785742846,40.07633563368383,Materials
2022-03,NEM,Equity,0.9751057884840327,0.9879000815560669,20.205156859729133,64.68982995018263,73.35936181592085,27.93553870579463,55.32824349063271,59.93983126102649,44.371161576697475,Materials
2022-04,NEM,Equity,0.979644002225589,0.9871794781211307,19.91274257707527,59.97096524835168,62.65399709319362,24.08371430706659,48.90289221620396,53.59842461354724,38.97522105254901,Materials
2022-05,NEM,Equity,0.9786017143001561,0.9798866482367492,19.718439355971306,70.50207927549489,54.82966482583285,16.858784344959762,47.396842815429174,55.07169595448926,35.18161942724141,Materials
2022-06,NEM,Equity,0.979748772677226,0.9847190767207825,19.66549178627991,68.92013230170214,65.68634615323718,21.442423748869686,52.016300734603,58.45445474659616,39.786749940309676,Materials
2022-07,NEM,Equity,0.9764033702801498,0.9781015560956874,19.81456842274107,44.162305631270435,32.22369935713601,28.284899697285148,34.890301561897196,37.40524256223305,32.24814081605238,Materials
2022-08,NEM,Equity,0.9731253687197032,0.9745957862934966,19.655851486529546,27.276337319563925,0.0,22.298906893369253,16.52508140431106,18.097950038455814,18.834611599934338,Materials
2022-09,NEM,Equity,0.9814881102685414,0.9860533648869285,19.776152150978753,68.74790042745859,78.81806836826149,24.178514128898545,57.24816097487288,62.85507354998745,44.02030223648315,Materials
2022-10,NEM,Equity,0.9772042906477167,0.9848163365416094,19.51159393863658,58.82063981394109,68.47325187657697,19.98090950564269,49.09160039872025,53.94847737107217,37.447324041489225,Materials
2022-11,NEM,Equity,0.9690974177894702,0.9823253097957854,19.477466216067207,32.32427430580265,45.213037329056036,12.079963285515014,29.872424973457907,32.142041008721144,22.755440298280746,Materials
2022-12,NEM,Equity,0.9778333225208574,0.9879658286838752,19.42195426509168,53.64374214729111,56.951575873897355,18.177549559926607,42.92428919370502,47.54285374780008,33.02559334019366,Materials
2023-01,NEM,Equity,0.9785083584369755,0.9888901833894851,19.57211034109497,52.36646969239154,70.4836618853795,17.963592874399318,46.93790815072345,50.921051986689484,35.3481820401938,Materials
2023-02,NEM,Equity,0.9785783482663364,0.9817993030511509,19.61269586420354,59.451906433006585,18.7111137627537,15.49506623221981,31.21936214266003,38.43830059177336,24.929643778483943,Materials
2023-03,NEM,Equity,0.979183236833135,0.9866744351989614,19.61884623404393,52.82869632750683,62.87477819771593,17.556197396481352,44.41989064056804,48.78802110236447,33.67441334293336,Materials
2023-04,NEM,Equity,0.9804882569267712,0.9897024884283429,19.682251753021173,45.8905326079867,63.548116694077486,20.338007940251433,43.25888574743854,46.07730290026688,34.0905346245637,Materials
2023-05,NEM,Equity,0.9804973752392173,0.985087202172899,19.644967882123733,46.08377955887079,43.78115265717272,17.87242081067066,35.912451008904725,39.750719738721344,28.696438929611098,Materials
2023-06,NEM,Equity,0.9812314232790664,0.9869191998482556,19.443798993564894,73.0411187081937,45.214788781692874,9.274157196754915,42.51002156221383,51.93982742795569,29.215675816030263,Materials
2023-07,NEM,Equity,0.9809990052219646,0.9871515830274156,19.396365777388525,30.31801417301527,35.37453776914425,13.811992577544588,26.501514839901372,28.53376693275983,21.425705934958657,Materials
2023-08,NEM,Equity,0.9827457045770889,0.9846426929995036,19.334138146437688,50.525450139051884,38.17293430353299,9.511231651872388,32.73653869815242,38.61685169096031,23.44641587964041,Materials
2023-09,NEM,Equity,0.9882201137795044,0.9915575039136646,19.427422357065637,70.16310203573384,75.88387367914332,13.638469327670656,53.22848168084928,60.574406987144044,37.39247673957783,Materials
2023-10,NEM,Equity,0.9794612230611551,0.9842806695214374,19.8505261705037,47.782902868299765,57.228322066597514,18.782442197221418,41.26455571070623,44.81643649357342,32.271710305312304,Materials
2023-11,NEM,Equity,0.9754662124121377,0.982331637579606,20.01245818350121,23.8697969583481,6.921146651006431,23.94014439086957,18.243696000074703,18.799271352649892,20.522275356392647,Materials
2023-12,NEM,Equity,0.9771083015760658,0.9893840665562447,19.824508820362944,10.613942189942986,22.611938645838624,19.919793089156894,17.71522464164617,16.07451130655446,18.59705202065046,Materials
2020-01,NKE,Equity,,,19.984042523875168,,,46.856622722102166,,,,Consumer
2020-02,NKE,Equity,0.9855112367491013,0.9898632921312215,20.173355233599548,70.01440215113868,72.1851017603796,47.35186607185413,63.18378999445747,66.13310481805405,56.85102042541614,Consumer
2020-03,NKE,Equity,0.9600243337411013,0.9669845818797935,20.80215214648362,89.89258953336906,86.40094660290535,62.855950586073675,79.71649557411602,83.43776886477087,72.97227757889908,Consumer
2020-04,NKE,Equity,0.9513652578833054,0.9716381716593097,20.227042473223634,77.94356568099134,80.58432497351765,43.622101070878436,67.38333057512915,71.87150054672665,57.87883877342886,Consumer
2020-05,NKE,Equity,0.9790817261567707,0.9877855427731468,20.107254015299347,87.56214758430002,95.15067624476127,46.55554289543869,76.42278890816665,81.63738524466613,64.47589050307548,Consumer
2020-06,NKE,Equity,0.9772026962724895,0.9844407026272353,20.380945106117643,81.58352506055425,75.43629554617576,43.796157541836116,66.93865938285538,72.18188270249708,57.68165864644767,Consumer
2020-07,NKE,Equity,0.9761414109624134,0.9809209732831081,19.991384222136897,70.8355265633408,57.54136341273254,41.438726408104934,56.605205461392764,60.967917587111145,50.53861384007763,Consumer
2020-08,NKE,Equity,0.9862464537183719,0.9944097324992375,19.93796255080875,84.79712517260354,94.76851312784615,43.480044721978345,74.34856100747601,79.52512546905129,62.00115449327694,Consumer
2020-09,NKE,Equity,0.9827486755470415,0.9917040464176908,20.481702246547187,64.00172734853642,89.59371967314192,48.50020962921484,67.36521888363107,68.57902150205375,59.81921518186457,Consumer
2020-10,NKE,Equity,0.9811824944300863,0.9922650711935408,20.15948935618087,69.95987403531959,87.70630391598098,47.98292088615571,68.54969961248543,70.88841236968523,60.32298812195354,Consumer
2020-11,NKE,Equity,0.9847806327310267,0.9886112767215227,20.16973792362642,89.87480093025381,75.77990832072838,49.07818730265297,71.57763218454505,77.48701042187601,62.577854231788216,Consumer
2020-12,NKE,Equity,0.9894915497682312,0.9951460007203017,20.144667731109436,96.10010415948186,100.0,50.17952573402478,82.09320996450221,88.0859572265459,69.32773627231124,Consumer
2021-01,NKE,Equity,0.9856968394789793,0.9919887239075953,20.30477782666666,84.37886866274052,84.91707102542425,47.1987957335591,72.1649118072413,77.10431478570935,62.17846537776842,Consumer
2021-02,NKE,Equity,0.982590564172436,0.9887268931546006,20.373951683181986,79.3482584573627,73.52697574336972,49.37872139209143,67.41798519760795,71.60796623011055,60.20227967540134,Consumer
2021-03,NKE,Equity,0.9832660956168293,0.9877588691943956,20.420727272583083,78.77276478574386,71.2088928477552,46.27656653565815,65.41940805638573,70.00436355433011,57.7622714480947,Consumer
2021-04,NKE,Equity,0.9819967803362213,0.986209364384162,20.5120325468667,59.46925735422194,56.591881542001445,57.40073312914237,57.82062400845525,58.19233976553988,57.652667656730095,Consumer
2021-05,NKE,Equity,0.9851135207719667,0.9895379850531224,20.357427246423843,68.89897335630239,65.67388366567229,46.02836897264177,60.20040866487216,63.35732557238124,54.53159278798,Consumer
2021-06,NKE,Equity,0.9854809341616636,0.9930825692409322,20.42895285194802,71.30007562439022,78.58180321936238,40.709041530744855,63.53030679149915,67.36638708415279,54.401800687197436,Consumer
2021-07,NKE,Equity,0.9708505176556708,0.9949568529295608,20.496892571003116,21.230349166616712,94.58748928930709,43.0657352942521,52.96119125005864,47.604568428950905,49.003008867736014,Consumer
2021-08,NKE,Equity,0.9912185988072771,0.9948299076052503,20.241897003347113,90.9522050684407,88.98044003441892,36.99050418094581,72.30771642793515,79.56833538073518,58.18083152913941,Consumer
2021-09,NKE,Equity,0.9883460736704878,0.9893315199958048,20.717358500795072,83.5445605818623,63.41511711746855,54.536726339893704,67.16546801307486,71.70416069415046,62.11397134380239,Consumer
2021-10,NKE,Equity,0.9836942707241915,0.9871072344939378,20.607351062549238,61.23132953408748,40.49567413300827,51.88791287239813,51.204972179831294,53.14194958142585,51.47814845685803,Consumer
2021-11,NKE,Equity,0.9856261701453881,0.9911059900132594,20.49924871340415,69.64582685315148,70.23204997199188,37.939886239736154,59.272587688293164,63.48050566612053,50.73950710887037,Consumer
2021-12,NKE,Equity,0.9848508017242363,0.9900706982172196,20.54944973291129,79.8089913608687,79.053964649409,37.531051599720676,65.46466920333279,71.12689539520119,54.291222161887944,Consumer
2022-01,NKE,Equity,0.9824860619109756,0.9867502312854424,20.592791845235077,61.10920681724863,58.58858577457814,37.10969396288287,52.269162184903216,55.553117933574335,46.20537489609508,Consumer
2022-02,NKE,Equity,0.985336197820805,0.9878786593591858,20.441464942596372,83.50516990374298,72.97070470917537,32.11589461207815,62.86392307499883,70.06697528703972,50.56471168983056,Consumer
2022-03,NKE,Equity,0.975880966536726,0.981234506326514,20.65855639724313,66.62790967710221,48.326747589393996,38.82876866698175,51.261141977825986,55.577732848765656,46.288192653488295,Consumer
2022-04,NKE,Equity,0.9770311106764288,0.9849192879068699,20.3786618939163,51.33627491738052,52.86280835340293,34.795684666249706,46.33158931234439,48.48611689796108,41.71722745390652,Consumer
2022-05,NKE,Equity,0.9702822492764509,0.9763107449377967,20.451665074228586,46.92633358026102,43.040773782238446,34.132969184488765,41.36669218232941,43.2019927616998,38.473202983193154,Consumer
2022-06,NKE,Equity,0.972651291258288,0.9802395745412104,20.31842571664087,47.24437156055223,45.74318428019006,37.53906569752585,43.50887384608938,44.85295420383831,41.120950586663966,Consumer
2022-07,NKE,Equity,0.9722398695659905,0.9789282698680777,20.31179883619074,27.753476866941174,35.78755886230505,40.182910025536174,34.574648584927466,32.64958809726934,36.81795316117095,Consumer
2022-08,NKE,Equity,0.9788180339971532,0.98648388846939,20.162935826472324,50.23680271809895,57.923080281492126,34.522687056082006,47.56085668522436,49.39986285471351,42.34558883356742,Consumer
2022-09,NKE,Equity,0.9789987163231564,0.9820127428741741,20.451428052965017,58.789337698974634,63.057665745192736,41.71080900407905,54.519270816082134,56.654130373860944,49.39588609128091,Consumer
2022-10,NKE,Equity,0.9653423245728353,0.9693398941018698,20.401391101187794,12.434622967209782,14.9566388950102,41.97630785217774,23.122523238132572,19.099564722543498,30.66403708375064,Consumer
2022-11,NKE,Equity,0.9721256488969326,0.9870248629591435,20.23293252664651,44.05373623124749,65.17439755241354,32.39616902139968,47.20810093502024,48.05842118562774,41.283328169572016,Consumer
2022-12,NKE,Equity,0.9745597351037254,0.9887961199154638,20.39028888457788,41.770792097622895,61.93405210898567,43.18113709013977,48.961993765582775,48.101839099535106,46.649651095405574,Consumer
2023-01,NKE,Equity,0.9749995374120392,0.9904791646260698,20.395213398627277,38.290017481039506,79.54995012529524,38.66398679908091,52.16798480180521,50.742791137924506,46.766385600715495,Consumer
2023-02,NKE,Equity,0.9877636868414623,0.9913843350261112,20.200613138850446,89.23561215102646,78.1038522027289,29.796263100538688,65.71190915143136,74.00821435643964,51.34565073107429,Consumer
2023-03,NKE,Equity,0.9856741883173324,0.988937035653247,20.292334245561424,77.42432328859408,72.88465112629,33.24822502985363,61.1857331482459,67.22720198815476,50.01072990088899,Consumer
2023-04,NKE,Equity,0.983262012227037,0.9886630472109946,20.010617561517087,56.48898005064839,58.997218663332504,28.104592622458103,47.86359711214633,51.564574148815566,39.95999531627104,Consumer
2023-05,NKE,Equity,0.986280010685835,0.9888200795190301,20.361337204105354,67.48901475330545,62.734810115776895,34.602048533905794,54.94195780099605,59.48536011816695,46.80599409415994,Consumer
2023-06,NKE,Equity,0.9804565369774986,0.9860984591143643,20.630771241971193,71.22360569003526,40.15503356429793,34.66999396497778,48.682877739770326,54.59231170730256,43.0777242298533,Consumer
2023-07,NKE,Equity,0.984167692605733,0.9889306824038397,20.324479751856586,49.84072412649262,49.76225644711218,33.102044139520004,44.235008237708264,46.469447825283964,39.78182259843296,Consumer
2023-08,NKE,Equity,0.9889174287263497,0.9913987252300644,20.205388036947376,80.71514512827424,76.3855141959356,26.586673909505414,61.22911107790509,68.59056160481889,47.37213621054522,Consumer
2023-09,NKE,Equity,0.987957779812375,0.9893834234660657,20.346521504638407,68.76951756478353,60.81132729571793,32.47686924534335,54.0192380352816,59.123530820175816,45.402290519306305,Consumer
2023-10,NKE,Equity,0.9828013612254978,0.992364783630055,20.501571250344806,61.91659871451266,92.67990659791666,32.53348443993701,62.37666325078877,65.26896822461873,50.43939172644807,Consumer
2023-11,NKE,Equity,0.9814756900041895,0.9892031221796752,20.431596253751003,53.53549258281339,55.812475105026195,32.655225141506925,47.33439760978217,50.04253385121594,41.46272862247207,Consumer
2023-12,NKE,Equity,0.9839234274545513,0.989540436834804,20.635317611553248,46.72685306288811,24.17585686500677,37.18394141629215,36.02888378139568,38.052971874204516,36.49090683535427,Consumer
2020-01,NUE,Equity,,,18.48924459191859,,,1.9599431490378794,,,,Materials
2020-02,NUE,Equity,0.9835149232502457,0.9849686124418099,18.31171154034885,60.71661389069275,48.9335470084777,0.0,36.55005363305682,45.03837104788968,21.930032179834093,Materials
2020-03,NUE,Equity,0.9510520418860569,0.95876199635522,18.51103665223939,76.89334391993073,75.35251532140221,0.0,50.74861974711098,61.052426556386024,30.449171848266587,Materials
2020-04,NUE,Equity,0.9503223661351757,0.9689901010803141,18.564000210280476,76.33332736281956,74.59076299919406,0.0,50.3080301206712,60.543892581167995,30.184818072402727,Materials
2020-05,NUE,Equity,0.9686062425480457,0.9816609756453353,18.161714015245234,64.49975950637779,75.17121119168962,0.0,46.55699023268914,54.80124311069578,27.93419413961348,Materials
2020-06,NUE,Equity,0.9689928692211226,0.9789742503411127,18.16565895138064,70.71009335013247,60.36954887655072,0.0,43.69321407556106,53.46591133803145,26.21592844533664,Materials
2020-07,NUE,Equity,0.9747722013767494,0.9820102104501806,18.184148127205685,67.13440745954998,61.15449406806335,0.6644128079430012,42.98443811185211,52.04643451178259,26.056427990288466,Materials
2020-08,NUE,Equity,0.9825846566904226,0.9904769661174824,18.081544820706476,75.8513998453639,78.22436574528918,0.0,51.358588530217695,61.3930096462687,30.815153118130617,Materials
2020-09,NUE,Equity,0.9818055496197466,0.9874795283482052,18.18636768320757,60.79486697286116,72.97980501172891,0.0,44.59155732819669,52.29137498994925,26.754934396918017,Materials
2020-10,NUE,Equity,0.9797090440294757,0.9858076138471813,18.23815709042809,64.70224260035829,58.89669718497195,0.0,41.199646595110075,50.020130455670724,24.71978795706605,Materials
2020-11,NUE,Equity,0.97306206458818,0.9824635274021715,18.15381451000289,62.75161935560113,38.23750408522027,0.0,33.663041146940465,42.847060903366646,20.197824688164282,Materials
2020-12,NUE,Equity,0.9785903394485803,0.9878453984217075,18.162977743672435,73.79966437555018,61.57622259754437,0.0,45.12529565769819,55.3726989670384,27.075177394618912,Materials
2021-01,NUE,Equity,0.9807830214144121,0.9886555358741963,18.53198747020845,72.07010472721541,68.71370921715673,0.0,46.927937981457376,56.649165128754724,28.15676278887443,Materials
2021-02,NUE,Equity,0.9799639717131328,0.9860875856966411,18.776228802272684,71.80489680513794,58.86265932208376,6.545464288349173,45.73767347185696,54.87033905686393,30.060789798453843,Materials
2021-03,NUE,Equity,0.976794239923094,0.9890091126829752,19.00291688284684,56.789870152385625,77.25760737796962,8.53818930687086,47.5285556124087,53.27985515095787,31.932409090193566,Materials
2021-04,NUE,Equity,0.9754379176172181,0.9890501764836311,19.15600855157901,34.43981573856797,69.06957506932864,18.254446598447956,40.58794580211485,41.59166970977217,31.654546120648096,Materials
2021-05,NUE,Equity,0.9744007920963191,0.9847711580795562,19.83089851327525,28.009477045059082,39.43915045970833,30.21293637953153,32.55385462809965,31.87907093634835,31.6174873286724,Materials
2021-06,NUE,Equity,0.9707377331610526,0.9808154874144029,19.416107393643124,18.515026453014926,5.800848054903875,14.498956867390483,12.938277125103093,13.897559016456722,13.56254902201805,Materials
2021-07,NUE,Equity,0.9784991849911723,0.9835991686020977,19.164897518313122,47.98403453651151,45.58028737303292,8.150339173706215,33.90488702775021,39.29617131490687,23.603067886132614,Materials
2021-08,NUE,Equity,0.9715468590498961,0.9861987447640753,19.708813298723243,7.934614052566463,46.05773899026922,23.824104527149466,25.938819189995048,22.54944962879389,25.092933324856816,Materials
2021-09,NUE,Equity,0.9756348232037245,0.9810429465164618,19.557411948010287,39.942612978406686,4.632192282557733,21.001062219530006,21.858622493498142,25.56117661787666,21.515598383910888,Materials
2021-10,NUE,Equity,0.9771146232879039,0.9826556720056449,19.515975351874776,32.05428914003537,3.3983608727527788,22.385435048765796,19.27936168718465,21.52373984159668,20.52179103181711,Materials
2021-11,NUE,Equity,0.9759300959411616,0.986500982939219,19.61825185011201,29.802117528500016,41.858653701188196,19.349607237474288,30.336792822387498,31.328576322101323,25.941918588422215,Materials
2021-12,NUE,Equity,0.9702653847503847,0.9787187010342389,19.39632923113041,33.20824615467317,24.660799157100712,12.601830294661251,23.49029186881171,26.522728883399047,19.134907239151527,Materials
2022-01,NUE,Equity,0.9696926227126434,0.9763944472859295,19.669280452968778,13.56996177973611,14.938310765170321,15.341315030877015,14.616529191927816,14.334737125594554,14.906443527507495,Materials
2022-02,NUE,Equity,0.9694136151114183,0.9813142951407274,19.712086499392033,34.90522668128813,47.65945029555826,15.171758002837157,32.57881165989451,34.78480002987897,25.615990197071568,Materials
2022-03,NUE,Equity,0.9710571188200113,0.9843710175137734,19.8952251599117,54.56745281428164,60.10593721128018,20.489220394831044,45.05420347346429,49.413351649491084,35.22821024201099,Materials
2022-04,NUE,Equity,0.9771975825454623,0.9870110118832285,19.878925228905537,51.88640606935442,61.9241980164718,23.30621825114761,45.70560744565794,49.18170608984828,36.745851767853814,Materials
2022-05,NUE,Equity,0.9675179952451879,0.9709854517550415,19.70723761391144,39.09297531835467,25.484566061216757,16.5948806683037,27.057474015958377,30.5108336112031,22.872436676896506,Materials
2022-06,NUE,Equity,0.969017610271892,0.9758697616121423,19.346177305890325,36.147082956087175,26.288369190076345,13.570431467796325,25.335294537986613,28.674138528625758,20.629349309910502,Materials
2022-07,NUE,Equity,0.9730743118649079,0.9818373580037711,19.33294637358069,31.042108654629818,48.32827337561183,16.760375130358945,32.04358572020019,33.37161136607025,25.930301484263698,Materials
2022-08,NUE,Equity,0.9746966641266993,0.9859229766473349,19.117220383185664,33.613908925279624,55.19011752435687,9.314660137064374,32.70622886223362,35.22692174735975,23.349601372165925,Materials
2022-09,NUE,Equity,0.972368675140431,0.9760909926806408,19.20692389370213,32.266544417098245,39.959942922142126,9.399550999155643,27.20867944613201,30.001165285022893,20.08502806734146,Materials
2022-10,NUE,Equity,0.9683695380787111,0.9796575519597608,19.309217831799778,24.27248996124509,50.63448311579508,14.978260280583847,29.961744452541335,30.322241971477837,23.968350783758343,Materials
2022-11,NUE,Equity,0.9727710036423923,0.9861332174276479,19.238503074082914,46.553434453295566,61.387131608812226,5.653701402144532,37.86475582141744,42.82359698972036,24.98033405370828,Materials
2022-12,NUE,Equity,0.9762497208504615,0.9835758507304307,19.162049134067754,47.90018893322888,30.60785454644419,11.466480305213349,29.991507928295476,35.425746891590364,22.581496879062623,Materials
2023-01,NUE,Equity,0.972696076010193,0.9846819701590931,19.346939025916328,29.04914594232395,46.47275902301117,12.300711559499607,29.274205508278243,30.92654298996525,22.484807928766788,Materials
2023-02,NUE,Equity,0.9752092479725494,0.9888650179352372,19.262132145629376,48.527508724207834,62.49314360869091,6.967538686392732,39.32939700643049,44.405205181989736,26.384653678415386,Materials
2023-03,NUE,Equity,0.9774827061725481,0.9813191717177944,19.32178531843347,46.38501578767924,39.18278837070953,10.634785260204454,32.06752980619774,37.07430145709337,23.49443198780043,Materials
2023-04,NUE,Equity,0.9755334571251497,0.9795427725880552,19.32521254682711,26.958370394051016,19.066687596578067,11.893233368636595,19.306097119755226,21.577838149726247,16.340951619307774,Materials
2023-05,NUE,Equity,0.9789363923207006,0.9834976649970085,19.027172909027406,40.305582608051694,35.71028925718143,3.4448349383476877,26.48690226786027,31.554845068849815,17.27007533605524,Materials
2023-06,NUE,Equity,0.9792617923045196,0.9892356885644814,19.06671881195923,68.42130554339292,59.49562727790042,1.20634705759881,43.04109329296404,52.30061036658635,26.307194798817953,Materials
2023-07,NUE,Equity,0.9834690691867186,0.9906301135321396,19.07810503048684,45.53641110211842,63.50569164279185,7.197216389733193,38.74643971154782,43.2593563218434,26.12675038282197,Materials
2023-08,NUE,Equity,0.9840271507969441,0.9896522055218621,19.024027102789187,56.79379097653987,66.5070793978531,3.4334309233391416,42.24476709924404,49.035705492293694,26.720232628882084,Materials
2023-09,NUE,Equity,0.9834383412709042,0.9873135300157928,19.126443347936217,44.76111545915087,46.461092430930776,7.469425481009953,32.8972111236972,37.81277055505666,22.726096866622303,Materials
2023-10,NUE,Equity,0.9809471051375652,0.9845372829196866,19.198173334354976,54.070368924498865,58.35365892573462,5.003778192532639,39.142602014255374,45.54203777847635,25.487072485566284,Materials
2023-11,NUE,Equity,0.9845774932275184,0.9910243024890898,18.8610946782627,68.84749747854042,68.77036264517791,0.0,45.87262004123945,55.05485753282358,27.523572024743665,Materials
2023-12,NUE,Equity,0.98584329698506,0.9931230960650822,19.219445767363943,56.900117427940614,60.00738504878576,7.036486435674524,41.31466297080029,47.85957151574093,27.603392356749993,Materials
2020-01,NVDA,Equity,,,21.22758335989499,,,84.20672420218924,,,,Tech
2020-02,NVDA,Equity,0.9741387323687765,0.9838360299497246,22.24322226566165,17.047201468546618,43.553357599406986,100.0,53.53351968931787,41.589608014095404,72.12011181359073,Tech
2020-03,NVDA,Equity,0.9390446231219673,0.9555091699006393,22.13092710433348,59.49674244735923,70.98179403833544,99.31042584078973,76.5963207754948,70.9049946033382,85.68196280161277,Tech
2020-04,NVDA,Equity,0.9394274429609827,0.9629394658723369,21.988064937811707,59.5114253772241,60.89594028914682,89.8142524371327,70.07387270116787,65.98734526278264,77.97002459555381,Tech
2020-05,NVDA,Equity,0.9704455947250297,0.9832597882164503,22.340679352248593,68.54920059206128,80.38683202241748,100.0,82.97867753815959,78.39064990275588,89.78720652289576,Tech
2020-06,NVDA,Equity,0.9750410491417338,0.9848769367151902,22.039114984185744,78.72055093074147,76.63865278773754,76.57813880222966,77.3124475069029,77.66749906213794,77.0187240250336,Tech
2020-07,NVDA,Equity,0.9775038142147712,0.985663166291287,21.975887567045056,74.51824742445933,73.2717878320521,86.21249003135499,78.00084176262214,76.4831580681163,81.28550107011527,Tech
2020-08,NVDA,Equity,0.977653763626307,0.9895523721216544,22.23248464206677,63.80528843260973,74.33483408966633,97.2211405571112,78.45375435979575,73.64732255462701,85.96070883872193,Tech
2020-09,NVDA,Equity,0.963926001222984,0.975720683505419,22.91899581180227,0.0,26.735371558842157,100.0,42.24512385294739,28.020611467652646,65.34707431176844,Tech
2020-10,NVDA,Equity,0.9741167641181355,0.9830684856763569,22.242357398098676,44.74762000649328,46.67622074128794,100.0,63.80794691592707,56.37667622563302,78.28476814955624,Tech
2020-11,NVDA,Equity,0.9684610479059209,0.9768365918381919,22.26138963536731,52.102348098250694,3.8755484203837725,100.0,51.99263217287815,47.21383857524048,71.1955793037269,Tech
2020-12,NVDA,Equity,0.9822858603677694,0.9866095438649516,21.765280308413,81.3595351891679,55.071800298065995,91.21600017918503,75.88244522213965,75.44450771984076,82.0158672049578,Tech
2021-01,NVDA,Equity,0.9781713812819423,0.9848708748420255,22.037589883956596,65.52813238458539,50.315637637804635,93.33320865989884,69.72565956076296,66.52539921561386,79.16867920041732,Tech
2021-02,NVDA,Equity,0.9749350347838374,0.98508144281987,22.262175473795235,57.36219563559002,53.27240591469863,100.0,70.21153385009622,64.6628195922046,82.12692031005773,Tech
2021-03,NVDA,Equity,0.9648366146739806,0.9730402948316685,22.065980354550994,16.173510895350304,0.0,90.06886901390455,35.41412663641828,26.100529250456063,57.27602358741279,Tech
2021-04,NVDA,Equity,0.9740859371270506,0.9858971927049347,21.987667483867764,29.280488856163984,55.22073047501019,100.0,61.50040644372473,51.20646357058505,76.90024386623483,Tech
2021-05,NVDA,Equity,0.9764140478141151,0.9839664151622196,22.154255397882554,35.69388824773825,35.01016324184019,100.0,56.90135049652614,48.34999309642118,74.14081029791569,Tech
2021-06,NVDA,Equity,0.9791780339845743,0.9924274842563439,22.720154073746883,48.733816386919116,74.69516485121166,100.0,74.47632707937693,66.77545764882305,84.68579624762616,Tech
2021-07,NVDA,Equity,0.9791696598825735,0.9883346300805109,22.66889023801435,50.32923710659918,66.01330084200035,100.0,72.11417931619984,64.96860880589969,83.26850758971992,Tech
2021-08,NVDA,Equity,0.9793911376632262,0.9879851141878654,22.3216780772942,41.03860596012823,54.941339281758275,88.35810100386885,61.446015415251786,54.67332496536537,72.2108496506986,Tech
2021-09,NVDA,Equity,0.979747896824479,0.9894461155699746,22.289862548160265,54.05121865573314,64.22783393051559,100.0,72.75968419541624,66.29395950702124,83.65581051724975,Tech
2021-10,NVDA,Equity,0.9775616659453881,0.9839135955287504,22.38714608840491,34.03667220866981,13.881327947080893,100.0,49.3060000519169,41.182734488459175,69.58360003115014,Tech
2021-11,NVDA,Equity,0.968677670203264,0.9904596345005303,23.44028932671036,0.0,66.24958028201821,100.0,55.41652676067273,39.874874084605466,73.24991605640365,Tech
2021-12,NVDA,Equity,0.9598716428693682,0.9751913674263789,23.438999480316948,0.0,7.759558116752883,100.0,35.9198527055843,22.327867435025865,61.55191162335058,Tech
2022-01,NVDA,Equity,0.9685453304130149,0.9745223799101973,23.260878167593113,9.306728968280591,7.047430094938608,100.0,38.78471968773973,26.76759351262188,63.27083181264384,Tech
2022-02,NVDA,Equity,0.9612695997211145,0.9721990475207203,23.30432634167639,10.047532876486237,12.512352438867241,98.62281580133605,40.394233705563174,28.5020353301705,63.68566654387232,Tech
2022-03,NVDA,Equity,0.9566602823741729,0.9724224600504232,23.20463392377777,18.572861958007007,15.233046388983313,100.0,44.601969448996776,33.8563448956985,66.76118166939807,Tech
2022-04,NVDA,Equity,0.9614965502283411,0.9727164793088547,23.214736774327434,0.0,0.0,100.0,33.333333333333336,20.0,60.0,Tech
2022-05,NVDA,Equity,0.9537227734508091,0.9632552637743667,23.15946524444024,0.0,0.0,97.92647708260019,32.642159027533395,19.58529541652004,58.755886249560106,Tech
2022-06,NVDA,Equity,0.957181658920824,0.969965040593782,22.79160571799132,0.0,0.0,98.50984865914526,32.83661621971509,19.701969731829053,59.10590919548716,Tech
2022-07,NVDA,Equity,0.9657877852769827,0.9753140095049334,22.81161818066856,2.3250805389904445,20.20693521779375,100.0,40.8440052522614,27.224620834833345,64.50640315135684,Tech
2022-08,NVDA,Equity,0.9670069925010607,0.9785743908076816,22.879159414710102,2.5988341437069935,19.385182367523342,100.0,40.66133883707678,27.114971782110498,64.39680330224607,Tech
2022-09,NVDA,Equity,0.9643028384830311,0.9658461386079864,22.696501291012236,0.0,0.0,100.0,33.333333333333336,20.0,60.0,Tech
2022-10,NVDA,Equity,0.9665093282702278,0.9736049931936217,22.748669191834907,16.998171102967603,29.70509664362173,100.0,48.901089248863116,37.41061454457032,69.34065354931786,Tech
2022-11,NVDA,Equity,0.9614387366667485,0.9804637229568909,22.746808268720756,2.6593625338062665,37.305943997723006,100.0,46.655102177176424,32.52146446622004,67.99306130630586,Tech
2022-12,NVDA,Equity,0.9630427710095122,0.9800573905511216,22.590759994132654,0.0,9.494004898808623,100.0,36.49800163293621,22.848201469642586,61.898800979761724,Tech
2023-01,NVDA,Equity,0.9654550288693041,0.9765370336486063,22.834097421134835,0.0,0.0,100.0,33.333333333333336,20.0,60.0,Tech
2023-02,NVDA,Equity,0.9627813646881256,0.9809135875626381,23.086664568531344,8.229765161053276,13.222862030375607,100.0,40.48420906380963,28.08174118963932,64.29052543828578,Tech
2023-03,NVDA,Equity,0.9652413883338973,0.9850839870558452,23.157261662226052,0.0,55.83854527293034,100.0,51.946181757643444,36.7515635818791,71.16770905458607,Tech
2023-04,NVDA,Equity,0.9818010906978822,0.9895148689496849,23.050305472827162,50.90683657782073,62.726678115634115,100.0,71.21117156448496,64.2714217236006,82.72670293869098,Tech
2023-05,NVDA,Equity,0.9729169496257587,0.9879881064743269,23.161703531784358,18.023772209642985,58.51047305834861,100.0,58.84474842266386,46.565028022326075,75.30684905359831,Tech
2023-06,NVDA,Equity,0.9500907592108011,0.9845341298240352,23.684220705342184,0.0,30.511155830900176,100.0,43.50371861030006,29.153346749270053,66.10223116618003,Tech
2023-07,NVDA,Equity,0.977953629649296,0.9881600014902572,23.543181759882778,11.555044904047046,43.52969837753891,100.0,51.69491442719532,38.83643196528519,71.0169486563172,Tech
2023-08,NVDA,Equity,0.9733413331119721,0.982892649413172,23.951197448689175,4.522890849161205,28.274568209987827,100.0,44.26581968638302,30.74381588757695,66.5594918118298,Tech
2023-09,NVDA,Equity,0.9751528414361503,0.9848716737894538,23.640880483599744,0.7464419873017861,29.532100095896457,100.0,43.42618069439941,29.23285102241983,66.05570841663965,Tech
2023-10,NVDA,Equity,0.9789208027529035,0.9834916137127141,23.695783167821133,45.49613031874315,53.76804449913158,100.0,66.42139160595825,58.87847850911105,79.85283496357495,Tech
2023-11,NVDA,Equity,0.976978728070898,0.9848201732802279,23.6704370382763,31.33630772783099,24.627337291007816,100.0,51.987881672946266,43.05635505121784,71.19272900376777,Tech
2023-12,NVDA,Equity,0.9818055345831815,0.9872171862030047,23.585466762411876,35.50427583307202,0.9401497713032623,100.0,45.48147520145843,38.034182847926985,67.28888512087505,Tech
2020-01,O,Equity,,,18.423989900618615,,,0.0,,,,RealEstate
2020-02,O,Equity,0.989964628773085,0.9937292178558936,18.442269952630436,90.75598212016378,90.54969134699795,3.320820453089307,61.54216464008368,73.20706255479914,38.25362696528593,RealEstate
2020-03,O,Equity,0.9428857240850106,0.9507118340769377,19.14782609494864,65.06181050926594,64.53576376913873,17.4700951764413,49.02255648494866,55.38565342066285,36.40157196154571,RealEstate
2020-04,O,Equity,0.9255011536745751,0.9445146961662267,18.711710622989894,38.0090549930155,19.19387993919188,3.874488758348326,20.359141230185237,25.537589229934984,13.765280241450473,RealEstate
2020-05,O,Equity,0.9656905731761389,0.9771885183770683,18.587334708471083,58.08074334698821,60.581232532311965,10.184834256870184,42.948936712056785,49.25170828456174,29.843295729982145,RealEstate
2020-06,O,Equity,0.9717486082815757,0.9840489324472383,18.71627729339804,74.35990720103327,74.35649062961004,10.885712259273157,53.200703363305486,61.66404324125427,36.274706921692555,RealEstate
2020-07,O,Equity,0.9803168782117346,0.985367897271061,18.15469942035009,82.12225853302792,72.29234498819878,0.0,51.47153450707557,62.74883276297359,30.88292070424534,RealEstate
2020-08,O,Equity,0.9842363414471501,0.991115304483035,18.208048375631527,79.88644549319638,80.90969280886364,2.9629000717028546,54.586346124587614,64.80871060359785,33.936967703433716,RealEstate
2020-09,O,Equity,0.9844845004767071,0.9892676338547921,18.46187206047335,69.90395951600577,80.0119520645772,5.821382322459958,51.912431301014315,60.11984184186804,33.47601170959257,RealEstate
2020-10,O,Equity,0.9826023343346223,0.9876736378793044,18.32741629805571,75.02621010717318,67.22186537929014,2.2291394228363677,48.15907163643323,58.1254925519409,29.787098750994485,RealEstate
2020-11,O,Equity,0.9789395984653927,0.9879168914517965,18.65472413822293,76.35545018369805,71.53951217946306,12.194777038328738,53.363246467163286,62.07853415335369,36.895858695629464,RealEstate
2020-12,O,Equity,0.9837249062815736,0.9890349770816204,18.496836485806625,84.30336947968277,67.837090367318,8.45383155218889,53.53143046639656,64.19357816047456,35.500390900713484,RealEstate
2021-01,O,Equity,0.985427586972191,0.9884441614482987,18.794382931467553,83.70441032880181,67.68617153685948,6.986020502799027,52.79220078948677,63.55526072601855,34.46972867481168,RealEstate
2021-02,O,Equity,0.988258397812431,0.9916237880102071,18.53207650644467,95.62581943934705,89.6224793853185,0.0,61.74943294155518,74.69965353526908,37.04965976493311,RealEstate
2021-03,O,Equity,0.989079634007044,0.9920962878467805,18.79473294536472,98.5195588934648,92.19345102858605,2.9968813699639925,64.56996376400495,77.51719102930102,39.94073080638857,RealEstate
2021-04,O,Equity,0.9901165677398331,0.9953407148305534,18.52367609294889,90.45538306796654,96.69949456645487,0.0,62.384959211473806,74.23753990391972,37.43097552688428,RealEstate
2021-05,O,Equity,0.9886386512130357,0.9917100411296389,19.013086629431847,82.35407079514722,77.62802254920972,5.6481825332874855,55.210091959214814,65.59507866899402,35.38532818884388,RealEstate
2021-06,O,Equity,0.9887360851143664,0.9927865738112295,19.04158947295872,82.95448521234503,76.82565368007356,4.807304178825299,54.86248102374796,65.48639954595966,34.8404102857789,RealEstate
2021-07,O,Equity,0.990020562279699,0.9933004553496748,18.853968453678114,88.28377427998221,87.4403096080742,0.0,58.57469462935214,70.37398002241336,35.14481677761128,RealEstate
2021-08,O,Equity,0.9923671602734178,0.9957723213387122,18.847750964388666,95.79930081231757,93.66705569509404,2.5571051378528113,64.00782054842146,76.51118814225755,39.42753438419401,RealEstate
2021-09,O,Equity,0.9902993130498062,0.9915824550982024,19.172576595429152,90.2445340657249,79.37884709612695,9.87493826595748,59.83277314260311,70.91090881489203,39.84963919194486,RealEstate
2021-10,O,Equity,0.9883147759500132,0.9924720399714391,19.049629588448596,81.72067473383471,85.2035424157962,9.779001343984893,58.901072831205276,68.37720036045319,39.25224423631712,RealEstate
2021-11,O,Equity,0.9884118840092038,0.9929657209185259,19.332281291836892,81.09305499040535,81.69063865248408,13.315224271681437,58.69963930485696,67.71676394528419,40.54587329158675,RealEstate
2021-12,O,Equity,0.9862755149238202,0.9897088607339909,19.202482965376532,84.36098304713562,77.32021808575703,8.41108314319311,56.69742809202859,67.05877357793355,37.3828901124944,RealEstate
2022-01,O,Equity,0.9889810534622958,0.9929245316847568,19.087174885274628,85.24399888434459,84.6136467871919,1.620320701937807,57.15932212449143,68.33015761871742,34.943721555469985,RealEstate
2022-02,O,Equity,0.9882537825138327,0.991128055883453,19.059001984790847,92.41041178666066,85.49991536527813,0.0,59.30344238397959,71.85518050291377,35.58206543038776,RealEstate
2022-03,O,Equity,0.9883250020241066,0.9912679222745399,19.17729994725052,97.74015906982918,86.00731110439918,3.24058251722641,62.329350897151585,75.32038936967962,38.693843545181515,RealEstate
2022-04,O,Equity,0.9888538717706374,0.9949504308461862,18.987676073225792,90.4063545532367,96.31791809370647,2.8154719068704397,63.17991485127121,74.66164708610437,39.0341376735109,RealEstate
2022-05,O,Equity,0.9830404093067732,0.9858881239999239,19.275242894611303,83.08047757352676,74.61508349013609,6.417446291578069,54.70433578508031,65.20825309211982,35.38957998767941,RealEstate
2022-06,O,Equity,0.9840764108496577,0.9890349654992137,19.176751664885995,82.13677128431335,84.90108589079901,9.393617010228446,58.81049139511361,68.41743481144208,39.04374164115954,RealEstate
2022-07,O,Equity,0.9855811468446714,0.991597249475913,18.904828390661756,80.33296451271563,90.40194282936041,6.516126096716405,59.08367781293081,68.59029032450921,38.056657126445046,RealEstate
2022-08,O,Equity,0.989867469278993,0.993600633712639,19.052734847429313,94.80295303559716,92.59840523819942,7.760171168130066,65.05384314730888,76.73303232288441,42.13637435563736,RealEstate
2022-09,O,Equity,0.9884962543838339,0.988278942895304,19.253110107916893,96.78325534256858,87.49891140933943,10.598690972016637,64.96028590797488,76.76103928848944,43.21564793359159,RealEstate
2022-10,O,Equity,0.9826142780395968,0.9856914993019343,19.039621982653756,79.97630361505,71.499512396238,8.313968300221628,53.26326143716988,63.100799186440724,35.28354418239058,RealEstate
2022-11,O,Equity,0.9847831439023607,0.9914012692017405,19.02826790542389,93.08090769508152,83.76319066860988,0.0,58.94803278789713,71.66941104812372,35.36881967273828,RealEstate
2022-12,O,Equity,0.9860046049108862,0.989011914899278,19.189737320781287,83.28010595746889,63.22901144084355,12.181423245508146,52.896846881273525,63.04504106008914,36.61067742696738,RealEstate
2023-01,O,Equity,0.9882211238450773,0.9928459596140785,19.039436896494045,91.33148875023869,93.05422888707375,4.567275079742861,62.984330905685106,74.49546805719004,39.6175085753082,RealEstate
2023-02,O,Equity,0.9907106008609993,0.9936910051141673,18.975699031448883,98.79105958677786,92.39691388109605,0.0,63.72932448929131,77.11460395771775,38.237594693574785,RealEstate
2023-03,O,Equity,0.9877024525455371,0.9897130839091824,19.07546115505854,85.10985759845467,76.3179326911557,4.895521142143334,55.441103810584565,66.42941283500271,35.22287074320808,RealEstate
2023-04,O,Equity,0.987622681513478,0.9918262084693752,18.93255222374523,73.15098489395407,72.84622147507146,2.60593983303084,49.534382067352134,58.950546856104644,30.76300517362361,RealEstate
2023-05,O,Equity,0.9896856981967421,0.9926642442050366,18.87966370500039,80.09564417732597,82.25352822971344,0.0,54.11639080234647,64.72388055757702,32.46983448140788,RealEstate
2023-06,O,Equity,0.9908827375259806,0.9932299155565247,19.245598684930798,95.67849047565464,84.1194945089478,5.033567164223719,61.61051738294205,74.0818070233564,38.97973729545472,RealEstate
2023-07,O,Equity,0.990763117113581,0.9943739991776088,19.269177936544637,90.47602325582554,93.78279372224924,11.168502580164583,65.14243985274645,75.60655026062045,43.5528649437137,RealEstate
2023-08,O,Equity,0.9887553136123275,0.990519893734786,19.351488816575895,79.92214049502935,71.41478321372126,9.851283764708654,53.72940249115309,63.355761964572785,36.178155000575316,RealEstate
2023-09,O,Equity,0.9914728341282893,0.9918006334016379,19.263000397918784,87.44237629828203,77.5694509027018,10.268379572027149,58.426735591003656,69.04569933435698,39.163393183413056,RealEstate
2023-10,O,Equity,0.9881577018492287,0.9894749529611356,19.123586865010772,84.58179563142706,80.00701815721742,3.4284008147672127,56.00573820113723,66.9786834258322,34.974803246589225,RealEstate
2023-11,O,Equity,0.9800149850976719,0.9868118070953684,19.394692315995847,46.32474481145522,38.7980192736449,11.095022932233904,32.07259567244467,37.02078277426786,23.681566576360368,RealEstate
2023-12,O,Equity,0.9870633849703762,0.994514434035825,19.542753830030385,63.36528468331994,73.92268162248733,13.920524213604994,50.40283017313743,56.64355167112717,35.809907789324456,RealEstate
2020-01,OXY,Equity,,,19.896456716387767,,,44.22595816882518,,,,Energy
2020-02,OXY,Equity,0.9789468246914206,0.9826576994580786,19.581905338758293,39.440790640912,37.955848123636265,32.30803340383573,36.568224056128,37.568756438314026,34.864147795211096,Energy
2020-03,OXY,Equity,0.897978998736021,0.9026823153638319,20.027317556573948,0.0,0.0,41.598635178755586,13.866211726251862,8.319727035751118,24.95918110725335,Energy
2020-04,OXY,Equity,0.9112346163566434,0.940781957082286,20.30222379436399,15.981337257056136,10.74531243837195,45.594129841586145,24.106926512338077,20.333088328356883,32.701807844037305,Energy
2020-05,OXY,Equity,0.9393089221147563,0.9586177596333221,19.900916616063125,0.0,0.0,41.61801930774169,13.872673102580563,8.323603861548339,24.970811584645013,Energy
2020-06,OXY,Equity,0.9156042378625251,0.9570712300206271,20.280924235912817,0.0,0.0,41.81874718354218,13.93958239451406,8.363749436708437,25.091248310125305,Energy
2020-07,OXY,Equity,0.9499361797185056,0.9635741907689752,19.568968396010618,0.0,0.0,31.90830843313639,10.636102811045463,6.381661686627279,19.144985059881833,Energy
2020-08,OXY,Equity,0.9626063166112689,0.971881982119604,19.44328961946846,27.044559521289802,0.0,31.89407415691431,19.646211226068036,19.901094592027764,24.545356398406547,Energy
2020-09,OXY,Equity,0.9649507539096442,0.9689225228944787,19.401134553704708,3.4844114562128445,0.0,25.667912996533037,9.717441484248626,6.87578832741303,16.09763008916239,Energy
2020-10,OXY,Equity,0.9615762504970194,0.9735827431154204,19.132660017321108,0.0,4.356078605739612,22.33911538290123,8.898397996213614,5.77464665830213,14.27468495088866,Energy
2020-11,OXY,Equity,0.9459502331288574,0.9767267903699761,19.422589943057076,0.0,3.2050248041336533,30.88867261902175,11.364565807718469,7.139241965044446,19.17420853223978,Energy
2020-12,OXY,Equity,0.9425145637835105,0.9761457805646238,19.95153777040754,0.0,0.0,45.28916957615472,15.09638985871824,9.057833915230944,27.173501745692832,Energy
2021-01,OXY,Equity,0.9520117016962931,0.9745204621775624,19.777086699964013,0.0,0.0,33.14953965039236,11.049846550130788,6.629907930078473,19.88972379023542,Energy
2021-02,OXY,Equity,0.954961564406598,0.9754933887848372,19.746049100411714,0.0,0.0,32.54531862540125,10.848439541800417,6.50906372508025,19.52719117524075,Energy
2021-03,OXY,Equity,0.9600750657368845,0.9759907179048524,19.948747855863857,0.0,14.274233040255204,33.713717933817485,15.99598365802423,11.025013498840059,23.08307736834153,Energy
2021-04,OXY,Equity,0.966413104880055,0.9733250198966049,19.668148501998484,0.0,0.0,33.03912394383886,11.013041314612954,6.607824788767772,19.823474366303316,Energy
2021-05,OXY,Equity,0.9670625278720179,0.9776051005957646,19.819557738095938,0.0,0.0,29.87229159775581,9.95743053258527,5.974458319551163,17.923374958653486,Energy
2021-06,OXY,Equity,0.9655663681474067,0.980387294777021,19.932325894699648,0.0,3.260368617027486,27.85749099176274,10.372619869596742,6.549608783460794,17.36656831846314,Energy
2021-07,OXY,Equity,0.9647809285150764,0.9730356902704355,19.729871369253466,0.0,0.0,22.959918055770892,7.653306018590297,4.591983611154179,13.775950833462534,Energy
2021-08,OXY,Equity,0.9696666832846478,0.9769371690558633,19.650404882009845,0.0,0.0,22.381500765444386,7.460500255148129,4.476300153088878,13.42890045926663,Energy
2021-09,OXY,Equity,0.9639903764353587,0.9803897931354034,19.93667665533458,0.0,0.0,31.96613109016043,10.655377030053478,6.393226218032087,19.179678654096257,Energy
2021-10,OXY,Equity,0.9698861340883876,0.9863873342886504,20.095071206562583,0.0,34.4963506366177,38.03977153764201,24.178707391419902,17.95685949851371,29.723133049908746,Energy
2021-11,OXY,Equity,0.9733957789015083,0.9806110390885087,19.893271048187245,19.387944808942663,5.568218485340146,25.152901024573232,16.70302143961868,16.395018154988023,20.0829732736005,Energy
2021-12,OXY,Equity,0.9700935628504431,0.9774954651954495,19.632773973068346,32.659271202885584,18.79965698599936,17.713510547579485,23.057479578821475,25.512234806758496,20.91989196632468,Energy
2022-01,OXY,Equity,0.9660965195598124,0.9840669973231957,20.213088800913305,0.2071727507394846,47.278587384098,28.15959348805392,25.215117874297135,19.919081288209927,26.39290811979985,Energy
2022-02,OXY,Equity,0.9706678968063315,0.9850935081409887,20.4316348483482,38.73362690192619,62.231557897979975,31.88753242044139,44.284239073449186,44.41378730444537,39.32555641224607,Energy
2022-03,OXY,Equity,0.9492316535280153,0.9836556753133132,21.56335570569734,0.0,57.419464592280654,60.56718284745597,39.32888247991221,29.339275947175388,47.824202626929704,Energy
2022-04,OXY,Equity,0.9651463034843178,0.9792366826873534,20.910123260545138,12.061154685100252,28.245650077544397,47.01453501351173,29.107113258718794,23.90717936851579,36.27008196063597,Energy
2022-05,OXY,Equity,0.9615149943551654,0.973120868867511,21.255674792301207,22.0816384128955,32.524521442254276,53.07476587401882,35.89364190972287,31.4131288139278,42.766091495441245,Energy
2022-06,OXY,Equity,0.9670079756117455,0.9755452030313786,21.28830254039472,30.009643842230773,24.843404090388407,61.449233695128655,38.76742720924928,34.74768988725764,47.84014980360103,Energy
2022-07,OXY,Equity,0.9700594266090473,0.9788851550159844,20.88865260751126,19.160103749652457,35.601696136198065,53.98619305773313,36.249330981194554,31.057799327232274,43.34407581180998,Energy
2022-08,OXY,Equity,0.9663626548260641,0.9791647436636987,21.017543458289275,0.0,22.261592358583528,55.123867163292175,25.795153173958568,17.703251140233494,37.52663876969201,Energy
2022-09,OXY,Equity,0.9706548320333608,0.9813064725029196,21.046398190450972,25.410492517325977,60.30286577217401,57.15811263456256,47.623823641354186,42.2277285172277,51.43753923863754,Energy
2022-10,OXY,Equity,0.9727046446604722,0.9823447337500933,20.82069477675723,41.224850612467016,59.926597142922965,52.34131210311585,51.16425328616861,49.058666869733564,51.6350768129475,Energy
2022-11,OXY,Equity,0.9714751240097238,0.9790589442300052,20.802195985176148,41.534012133153645,31.339143915513063,47.7049569573447,40.19270433533714,39.709740632699685,43.19760538414016,Energy
2022-12,OXY,Equity,0.9776245778928354,0.9821524599845578,20.376436155926807,52.88664779609973,22.066260591528845,42.82344264610224,39.25878367791027,41.62789060472897,40.68464726518706,Energy
2023-01,OXY,Equity,0.9814474863369785,0.9869225369628702,20.24644311809273,64.15746533834223,59.25681461544345,34.922531360216134,52.77893710466728,56.84028332584738,45.63637480688682,Energy
2023-02,OXY,Equity,0.9773346658748432,0.984493297277246,20.4636583821997,55.41923305336378,35.40419260143231,36.1948874863791,42.33943771372507,45.569851804387405,39.88161762278668,Energy
2023-03,OXY,Equity,0.9783452201027102,0.9840092824407978,20.51646400546632,49.65326866657622,51.083991011261745,38.470367556138804,46.402542411325584,47.84590514789439,43.22967246925087,Energy
2023-04,OXY,Equity,0.9798995118126342,0.9883279485899684,20.043350447665397,43.64095271580707,57.530084563701514,28.878798479420947,43.34994525297651,44.85526142289818,37.56148654355428,Energy
2023-05,OXY,Equity,0.9840690877300204,0.987422706621881,20.248272328242088,59.3049737043981,55.6396594374534,31.96160424947737,48.96874579710963,52.73670553333054,42.16588917805672,Energy
2023-06,OXY,Equity,0.9882648733894234,0.9923830520526978,20.200251070999755,89.53823204246808,78.89869596079483,25.458809792729525,64.63191259866414,73.53048676801839,48.962671476290296,Energy
2023-07,OXY,Equity,0.9864598035811127,0.991349005217752,20.01835922727785,63.962728708813756,69.31942609157294,26.73959204231153,53.34058228089941,58.125110590341066,42.700186185464254,Energy
2023-08,OXY,Equity,0.9852229371841218,0.9907544639843333,19.953197476085155,62.643116939282606,72.74152857184156,21.644044467791797,52.342896659638654,57.47282593475213,40.06335578289991,Energy
2023-09,OXY,Equity,0.983619406142965,0.9903686113985166,20.090324986693567,45.722977915239014,67.641475105868,27.225713833758135,46.863388951621715,48.59907425613153,39.00831890447628,Energy
2023-10,OXY,Equity,0.9782978506267248,0.9848824975118067,20.09251794706811,42.860126822793745,59.86754209580827,23.893669122919327,42.207112680507116,44.16905986472322,34.881735257471995,Energy
2023-11,OXY,Equity,0.9847743523205248,0.9888272463562111,19.904359540256365,69.81928942627302,53.138079481302725,21.692464039734443,48.21661098243673,55.18956136547422,37.60695220535581,Energy
2023-12,OXY,Equity,0.9874064687605193,0.9905587349871794,20.258294341600088,65.18326347876733,34.36024131272782,29.156172445389135,42.89989241229477,48.73093862227984,37.40240442553251,Energy
2020-01,PLD,Equity,,,19.214398374374476,,,23.740142543281596,,,,RealEstate
2020-02,PLD,Equity,0.9852932650314375,0.9890054366178922,19.694690756210413,68.99920344674409,68.1099680022818,35.17678858046433,57.42865334316341,61.96794984014945,48.52790743808379,RealEstate
2020-03,PLD,Equity,0.9500455054014956,0.9600762023619648,19.858873448622838,75.4350526390533,77.11837287458488,36.97743011402234,63.176951875886836,68.24852420470657,52.697143171141036,RealEstate
2020-04,PLD,Equity,0.9445030535963719,0.9637873516846662,19.438610823758403,67.34823370165607,62.815019109649064,22.94130066861755,51.03485115997423,57.10688271744626,39.79743096343155,RealEstate
2020-05,PLD,Equity,0.9751388193263596,0.983557095969049,19.188431263839867,78.88160825318089,81.35670462387493,24.568695018917488,61.602335965324436,68.76155451753641,46.78887958676166,RealEstate
2020-06,PLD,Equity,0.9758110670127537,0.9831751936373396,19.39924745919255,79.7403941849236,71.94827399931334,24.388017103073985,58.69222842910364,66.33228271287061,44.97054389869178,RealEstate
2020-07,PLD,Equity,0.9819269588810342,0.9883960670218042,19.37345406007992,86.47447778870827,82.3371481648682,27.497173181397645,65.4362663783247,73.43781798009412,50.26062909955388,RealEstate
2020-08,PLD,Equity,0.9851599372873924,0.9918237330574018,19.033782777901475,82.1427788282025,83.88987154480697,22.30281918419455,62.77848985240134,70.69891471438225,46.588221585118625,RealEstate
2020-09,PLD,Equity,0.9843059206899936,0.9887144203577181,19.11453515376737,69.29674427005149,77.83630938090201,19.61209385862752,55.58171583652702,61.92168372102185,41.19386704536721,RealEstate
2020-10,PLD,Equity,0.983636033290174,0.9886516961532895,19.01464212992896,78.71470082307584,71.58542098982873,19.391763144651065,56.56396165251855,64.71132933741676,41.69508224937156,RealEstate
2020-11,PLD,Equity,0.9821906342697474,0.986681546014292,19.055741417695675,83.8801266930066,63.99563955614378,21.957648494932112,56.611138248027494,65.53028491233286,42.74974234678935,RealEstate
2020-12,PLD,Equity,0.9862621762717996,0.9892274538510556,19.284992247194676,89.49382402312133,68.8501142578739,28.411182379874234,62.25170688695649,71.08418276489768,48.715497084123584,RealEstate
2021-01,PLD,Equity,0.9845302633945284,0.9883688620452782,19.36795751743017,81.45667873880402,67.3201245395516,22.256878459684867,57.01122724601348,65.37575242320446,43.10948773148205,RealEstate
2021-02,PLD,Equity,0.9867042094598638,0.9924371441788369,19.104005843720238,91.16231586932628,94.14158616237167,15.332819377760366,66.87890713648609,76.89019765892672,46.26047203299581,RealEstate
2021-03,PLD,Equity,0.9860322853322754,0.9895177752673083,19.421256248396197,88.16865677224047,79.71853182423705,19.673281065995404,62.520156554157644,71.93454414659043,45.38140635889275,RealEstate
2021-04,PLD,Equity,0.9874263188372657,0.9943173472357,19.261393410625182,80.1890563093205,92.2045590454589,21.296742238167113,64.56345253098216,72.01524431593135,47.25676841385615,RealEstate
2021-05,PLD,Equity,0.9896101341270912,0.9933476898072726,19.177291963555284,86.06213138675048,86.64099415087831,10.580445921324612,61.09452381965114,71.13945312290366,40.88889266032052,RealEstate
2021-06,PLD,Equity,0.988898726527271,0.993254992014473,19.415125056665026,83.53678989482977,79.60479257639633,14.473536271234613,59.20503958082025,68.54453997458072,41.31243825698599,RealEstate
2021-07,PLD,Equity,0.9889885457911954,0.9928856102527648,19.17711942014853,84.67396315617832,85.65029706307972,8.470710141351967,59.598323453536665,69.72621272528346,39.14727812866279,RealEstate
2021-08,PLD,Equity,0.9919662828820307,0.9951838667589289,19.24743120600487,94.10754015788973,90.7406759626198,12.428631408868332,65.7589491764593,76.76169914950447,44.426822069422904,RealEstate
2021-09,PLD,Equity,0.9887221274862759,0.9920080522477644,19.364008896465236,84.8344949447281,82.39720065419182,15.409511677052901,60.880402425324284,70.21831000403218,42.692046126015725,RealEstate
2021-10,PLD,Equity,0.9895792052670392,0.9938441353664854,19.341393670858576,87.3277084868635,96.63796635724418,17.666077523931513,67.21058412267973,76.1884596553913,47.39278148318044,RealEstate
2021-11,PLD,Equity,0.9892220952630348,0.9946768080015838,19.216388483268343,84.42242531176028,92.23336987544786,10.869722209853284,62.50850579902047,72.05516806048516,41.8529923633536,RealEstate
2021-12,PLD,Equity,0.987421559302732,0.9922304075927606,19.63942707753771,88.02262139401388,89.40222562812126,17.85734348908588,65.09406350374034,74.4034470832605,46.19937549787856,RealEstate
2022-01,PLD,Equity,0.9873652584163624,0.9902573912781145,20.026023591358275,79.2398528976233,73.37148373665742,23.75022030577404,58.78718564668492,66.38141563096369,44.77239951032057,RealEstate
2022-02,PLD,Equity,0.9822191148690367,0.9876434373181869,19.78809202172452,73.99100645170992,72.06372198773036,16.937436664521403,54.33072170132056,62.00210715507834,39.3734076866009,RealEstate
2022-03,PLD,Equity,0.9840890863430458,0.9902840300408549,19.66412365901688,87.14963437955721,82.31229696411702,14.936850828187994,61.46626072395407,71.2558764446513,42.85449676564765,RealEstate
2022-04,PLD,Equity,0.9839434932519096,0.9919143307048955,19.84871931438184,74.17927542678183,83.16547219392469,22.61175281613695,59.98550014561449,66.5616299347957,45.03600121382347,RealEstate
2022-05,PLD,Equity,0.9719935843909798,0.9729133068372177,20.272215759518854,51.775924430694,31.840239470582226,29.905293375475445,37.840485758917225,41.42109273161676,34.66640880554051,RealEstate
2022-06,PLD,Equity,0.9725155630796534,0.9778760119331096,19.884898390154675,46.829856699257114,35.22038290610135,26.851408302314887,36.30054930255778,39.35132488192194,32.52089290246063,RealEstate
2022-07,PLD,Equity,0.9782228230096701,0.9865658709610884,19.64220250741875,51.33297529921577,68.71230036421045,24.160430667896332,48.068568777107515,51.11226389245029,38.50531353342305,RealEstate
2022-08,PLD,Equity,0.9848529862716735,0.9924646726062486,19.344056971051355,74.57782860448401,87.06359695773837,14.782785189482626,58.808070250568335,66.36455042746005,41.19795622613405,RealEstate
2022-09,PLD,Equity,0.9824665658797181,0.9838947738006144,19.934121747738644,72.66211079139244,70.39850709490042,28.27990371434254,57.11350720021179,63.10658826703485,45.580065805864095,RealEstate
2022-10,PLD,Equity,0.9782164081460222,0.9825436258375178,20.029882304475315,62.77850809908846,60.614354094123634,32.79277219164167,52.06187812828458,56.13211471610966,44.35423575362742,RealEstate
2022-11,PLD,Equity,0.97513920937434,0.9872143407618084,19.64637238142692,55.72637336672513,65.97920484830996,16.622233877139365,46.10927069739148,50.981394913283424,34.31445596929064,RealEstate
2022-12,PLD,Equity,0.9786353440217236,0.9859746173986993,19.57089157067421,56.552588011223,45.00256023941207,22.023293460545172,41.19281390372675,46.18172076954416,33.525005726454125,RealEstate
2023-01,PLD,Equity,0.9793796957375527,0.9873904803458096,19.595044695102246,55.86204207535913,61.926770365712635,18.540373823047513,45.44306208803976,50.217126912002854,34.68198678204286,RealEstate
2023-02,PLD,Equity,0.9854036641885173,0.9917478800072975,19.434997647668368,81.58317565037079,80.35652408062866,11.172524120585248,57.7040746171949,67.13304987349105,39.09145441855104,RealEstate
2023-03,PLD,Equity,0.9826235787866723,0.9861410363387185,19.742522804582812,65.86490026675769,60.51499134221348,20.437816860091445,48.939236156354205,55.17451090806117,37.5386684378491,RealEstate
2023-04,PLD,Equity,0.9832332251356704,0.9889111109749019,19.578329917570052,56.37898531720976,60.0832953705319,17.880024452084683,44.78076837994212,49.79048616018139,34.020470808799146,RealEstate
2023-05,PLD,Equity,0.9846136090146165,0.9896684398851832,19.416371132879586,61.320595521258646,67.04235367816787,12.533919570810989,46.9656229234125,53.27978777824188,33.1929415823719,RealEstate
2023-06,PLD,Equity,0.9851611815172058,0.9888318500065238,19.654903961567726,82.25845387282645,57.006017384989086,13.790848564694727,51.01843994083675,60.989201864848894,36.12740339037994,RealEstate
2023-07,PLD,Equity,0.9874281749209001,0.9910005284629643,19.580845789410127,69.92899502172627,66.50126675762108,17.646251129776967,51.35883763637477,58.44412776410485,37.873803033735655,RealEstate
2023-08,PLD,Equity,0.9875273531118068,0.9905278209422462,19.162403105022015,73.91543117475435,71.4596200407316,6.1454329123281815,50.5068280426047,59.62468818206228,32.7622699904941,RealEstate
2023-09,PLD,Equity,0.9877839459635782,0.9906886286818045,19.510736907579172,67.84606813557093,69.8601029175397,15.346133648413424,51.01743490050802,57.95029167273006,36.748914399670184,RealEstate
2023-10,PLD,Equity,0.9844348686808547,0.9852518872720342,19.624253780724572,68.82873719519138,61.48744158433096,14.003232144712689,48.10647030807834,55.661247501837515,34.465175042732085,RealEstate
2023-11,PLD,Equity,0.9805771634514486,0.9880174682044618,19.57466785723255,49.099929787909765,47.376423609780296,14.837229823826355,37.10452774050547,41.73033794165424,28.197608573833826,RealEstate
2023-12,PLD,Equity,0.9808676539887802,0.9937481954919324,19.837750165582406,30.53450727428383,66.25924052573187,20.2017344672024,38.9984940890727,39.18537268830195,31.47979024032458,RealEstate
2020-01,PSA,Equity,,,18.777025978800598,,,10.603538673030629,,,,RealEstate
2020-02,PSA,Equity,0.9893801365597477,0.9921877061360663,18.91544243785965,88.0337218926969,83.22693553280251,15.356206295552354,62.20562124035058,72.05618286529968,43.46585526243129,RealEstate
2020-03,PSA,Equity,0.9603657108146869,0.9676299774671139,19.402678506447778,90.38718383525205,87.26814449030756,24.461881764317187,67.37240336329226,76.26641161758172,50.208194723702235,RealEstate
2020-04,PSA,Equity,0.9595746770692085,0.9710866298252454,18.873213657036015,90.61901485084357,79.33598205164957,8.110762142011685,59.355253014834936,70.73245446931898,38.85745666570564,RealEstate
2020-05,PSA,Equity,0.9768132167602038,0.9840082803021726,18.793578401796502,82.56789185194762,82.82855094836091,15.120115521330534,60.17218610721303,69.15653431474819,42.15135787286003,RealEstate
2020-06,PSA,Equity,0.9787519073291983,0.9855667035819319,18.852302360925734,83.63536373203381,78.53980221671574,13.57492479027867,58.583363579676075,68.09460748908737,40.57998806391711,RealEstate
2020-07,PSA,Equity,0.9841930369155206,0.9891674393121352,18.42043157485899,92.5999276774126,84.8958828033114,5.995368414775364,61.16372629849979,72.9678023626548,39.096383145010016,RealEstate
2020-08,PSA,Equity,0.9834031401632702,0.9906056751841334,18.44030441653974,77.85094495316048,78.76581203562196,8.402679536146092,55.00647884164284,64.23575199449604,36.364959119444144,RealEstate
2020-09,PSA,Equity,0.9878206151861009,0.9932780358932961,18.696977684244693,81.2475709687717,95.78380488417574,10.789142674278578,62.606839509075336,71.51675548449428,41.87976077515663,RealEstate
2020-10,PSA,Equity,0.9878463431948922,0.9921180817471505,18.71578838451635,93.7381164038115,87.05051822248367,11.928256765109742,64.23896379713497,75.3698650216728,43.31468098432489,RealEstate
2020-11,PSA,Equity,0.9846524604494281,0.9895061446269379,18.87128988689045,89.57814010751008,81.24458992977345,17.467127319403794,62.76328578556244,72.65587249656784,44.644822399098985,RealEstate
2020-12,PSA,Equity,0.9847497716934285,0.9898142144628129,18.645455575239552,86.39992103070688,71.93829222081179,12.21710202842122,56.851771759979954,67.22486858728122,38.99790386735646,RealEstate
2021-01,PSA,Equity,0.9830258440251249,0.9870208711179763,18.89290209050498,77.68821547160533,60.76724348679532,9.608995998073912,49.35481831882485,58.99607998145605,33.45648939052448,RealEstate
2021-02,PSA,Equity,0.9880350407438435,0.9932248433649614,18.77371975116946,94.98435595689159,98.518139593191,6.478199287468868,66.66023161251715,78.34325971389686,42.58741868249784,RealEstate
2021-03,PSA,Equity,0.9857477412221831,0.9896592693858222,18.682141735695517,87.20214832602218,80.4030845041049,0.0,55.86841094337569,67.72199951424255,33.52104656602542,RealEstate
2021-04,PSA,Equity,0.9880841401891832,0.9937036751930576,18.63937764755286,82.69938497859502,89.50912851141847,3.3401224641403613,58.516211984717955,68.87045553555112,36.445776176486916,RealEstate
2021-05,PSA,Equity,0.9896978544297828,0.9938922722560433,18.825046853957137,86.39695168342065,89.63816088912472,0.0,58.67837085751512,70.08992410844775,35.20702251450908,RealEstate
2021-06,PSA,Equity,0.9932876949600257,0.9966925627054463,18.862059355275434,99.25060364022809,100.0,0.16148230588524318,66.47069531537112,79.6575982812911,39.94701011157677,RealEstate
2021-07,PSA,Equity,0.9916092418582926,0.9956016211107162,18.982725388907046,93.84069442501057,97.36959552963135,3.375087157949016,64.86179237086365,76.8062433029845,40.2671102856978,RealEstate
2021-08,PSA,Equity,0.9916095125540327,0.9945369705341102,19.004355878503745,92.60191769939712,87.5236664153056,6.425020943762533,62.18353501948841,73.84306296304274,39.88012938919807,RealEstate
2021-09,PSA,Equity,0.9904954797603729,0.9931862337840973,18.83101781312955,90.91742228062039,90.7529155265687,0.0,60.55677926906302,72.6845857982808,36.33406756143782,RealEstate
2021-10,PSA,Equity,0.9871507613302005,0.9913618965395943,18.72302605824931,76.55892375699165,75.9521079445811,0.950132135534466,51.15372127903573,61.25512068897705,31.07228562163523,RealEstate
2021-11,PSA,Equity,0.9866653887035094,0.9917395350092699,18.701270277104115,73.91624818888332,74.13558865025493,0.0,49.35061227971275,59.19880068951814,29.61036736782765,RealEstate
2021-12,PSA,Equity,0.9872830470202326,0.992999921460094,19.03060334286556,87.58007144180787,93.08935613562723,4.69523112184011,61.78821956642508,72.65588878596013,38.95102418859109,RealEstate
2022-01,PSA,Equity,0.9879112617305266,0.9914644657692058,19.182839007642162,81.26875106495348,78.45937795069787,3.8752499679254364,54.534459661192265,64.94723891127119,34.27077578388553,RealEstate
2022-02,PSA,Equity,0.9834211719136063,0.9913238338801331,19.114243693460878,77.66000319567394,86.25480746413899,1.2833160438917395,55.06604223456822,64.96310704585702,33.55295175829763,RealEstate
2022-03,PSA,Equity,0.9843153572176687,0.9909198993902213,19.109237174932773,87.71535085382453,84.70030873699297,1.6053284657591305,58.00699601885887,69.58883374116198,35.44632899761898,RealEstate
2022-04,PSA,Equity,0.9857110413915267,0.9926172296007737,19.131568195636483,80.02040221812649,86.21044412199946,6.1237016678382235,57.45151600265472,67.09807467923072,36.92039026872813,RealEstate
2022-05,PSA,Equity,0.9770834623627587,0.9769726300643223,19.399937245251387,66.19964859330709,45.222849467079335,9.35514093016962,40.25921299685202,48.53770732281127,27.897584170179055,RealEstate
2022-06,PSA,Equity,0.980536200837941,0.9845197838380361,19.080364210752684,71.32494372776084,64.79907563490065,7.017397510242132,47.71380562430121,56.505674056399045,31.43524237867758,RealEstate
2022-07,PSA,Equity,0.9867591531414472,0.9913392328207683,18.77305346779286,84.97562100160744,89.289665352392,3.3629412735653896,59.20940920918827,69.9472983612344,36.87082203493913,RealEstate
2022-08,PSA,Equity,0.9875883233396179,0.9945245441913251,19.013317648024277,85.6103782171675,97.10002711510144,6.809979765628162,63.173461699299025,73.2971931962398,40.62806892583069,RealEstate
2022-09,PSA,Equity,0.9858268159467459,0.9881166224884194,19.0645115475764,86.10444326670202,86.8657824112872,5.702076768550995,59.55743414884674,70.25237171044736,38.01529119672844,RealEstate
2022-10,PSA,Equity,0.9845882031226042,0.9878966404345315,19.182018845948637,87.69530412277004,79.12475863887016,11.833956746226274,59.551339835955496,69.95187100229133,40.464386600063804,RealEstate
2022-11,PSA,Equity,0.9724609569568837,0.9806761489661462,19.3198196456111,45.35250867724706,38.20822384096782,7.840488786001034,30.46707376807197,35.70681924811408,21.416439775243596,RealEstate
2022-12,PSA,Equity,0.9815614404803826,0.9875271411214177,19.004680807267047,67.16522566750002,54.319065410802295,7.403037096157708,42.962442724820015,51.358939876222244,28.73868047335509,RealEstate
2023-01,PSA,Equity,0.9830195613266411,0.9882098988430025,19.115352103451535,70.46421005612078,66.60214608042997,6.476482771918249,47.84761296948967,56.508045406573025,31.299160890461103,RealEstate
2023-02,PSA,Equity,0.9879560298305317,0.9927868847574988,19.52846700951373,89.85928943156556,86.79461813475413,13.446183702555286,63.366697089624985,73.65726689672007,43.39849173479712,RealEstate
2023-03,PSA,Equity,0.9850244279665642,0.9884113966848749,19.422104369198546,74.9622399961048,70.55919447319621,12.972182941882954,52.83120580372799,61.24331492838785,36.88759665898998,RealEstate
2023-04,PSA,Equity,0.982354782957385,0.9873360508222289,19.464454624665507,53.02248041676575,53.187342018411385,15.186619466939144,40.46548063403876,45.50476670729412,30.353936167198913,RealEstate
2023-05,PSA,Equity,0.9860386773123824,0.9893526654311618,19.045871099766693,66.59568546310402,65.4390111944131,3.8815004411375003,45.30539903288487,53.70584617810344,28.735839596185922,RealEstate
2023-06,PSA,Equity,0.9864050178808108,0.9917145355491154,19.16519958200295,85.17589966937346,74.77738246039274,3.313390052240978,54.42222406066906,65.68384258325274,33.97869045729783,RealEstate
2023-07,PSA,Equity,0.9895359940897481,0.9935025658143033,19.0585745793543,82.91555295060017,86.73544254896319,6.791292742703481,58.81409608075561,68.83666778852974,38.00497474553476,RealEstate
2023-08,PSA,Equity,0.9843120696999906,0.9878039425995103,19.06762823509174,58.187504397880595,56.053178029080605,4.287960289838227,39.50954757226648,46.76729766563212,25.42091265929518,RealEstate
2023-09,PSA,Equity,0.9894173233160048,0.9915316862799377,18.963846655566783,76.52298229370236,75.7048842207318,4.1367474731635,52.12153799586588,61.80030590770342,32.92762178678493,RealEstate
2023-10,PSA,Equity,0.9866711249433338,0.9894865725688369,18.998673372113018,78.29138942481487,80.05797408128116,0.7900417046094584,53.0464684035685,63.321095277713674,32.14389772398488,RealEstate
2023-11,PSA,Equity,0.9831478269051576,0.9890893279777687,19.34206161162566,61.78997121040021,55.002817509123666,10.000679871781896,42.26448953043526,49.39596683229359,29.358965666973912,RealEstate
2023-12,PSA,Equity,0.9867253697053858,0.9964440866576215,19.14309393835383,61.57416367456121,93.22186635054112,5.410764914890833,53.40226497999772,59.8357947254211,34.205664953954965,RealEstate
2020-01,QCOM,Equity,,,20.362487807427105,,,58.2233340804253,,,,Tech
2020-02,QCOM,Equity,0.9786338218381111,0.9846449476121647,20.476031086599566,37.98298641494486,47.39601830684681,55.050582268944915,46.80986233024553,44.22041515331546,50.10615030572528,Tech
2020-03,QCOM,Equity,0.9497665994527309,0.9612205900707607,20.613172696855194,75.03096781996635,78.65605088623242,57.671365619724725,70.45279477530784,72.64657229979784,65.34022311307459,Tech
2020-04,QCOM,Equity,0.9490376200902624,0.9671615335377381,20.30849045265327,74.34966288915845,70.45203913828283,45.758506182081476,63.520069403174254,67.46214442248038,56.41544411473714,Tech
2020-05,QCOM,Equity,0.9729113419920793,0.9839436604301899,20.207207623592602,73.97768699887605,82.61774903418979,48.947369585365955,68.51426853947726,71.56364212676816,60.68750895783274,Tech
2020-06,QCOM,Equity,0.9715604688246544,0.9819773456947082,20.41988389262174,74.11072758688671,68.64674120332124,44.56597647677359,62.44114842232718,66.56258144979444,55.29107964410575,Tech
2020-07,QCOM,Equity,0.9813684805131203,0.9888804762341167,20.128689441991217,84.96485137491301,83.94399176848407,44.536565206799516,71.14846945006552,76.57293625936163,60.50370775275913,Tech
2020-08,QCOM,Equity,0.9641401322548413,0.9893917284514366,20.56103186671733,30.791652368133278,73.65904704864435,58.07324822424454,54.17464921367406,49.108189943508854,55.73408881790225,Tech
2020-09,QCOM,Equity,0.9760701996911029,0.9828061115232503,20.515042568195764,41.2932650186507,54.60049001534016,49.204687579788086,48.36614753792632,46.867717029885014,48.701563554671026,Tech
2020-10,QCOM,Equity,0.9790800265016688,0.9870627013859433,20.38917009224845,62.45775420362065,64.49620430755618,53.718916051722076,60.22429152096631,61.3215216044216,57.622141333268615,Tech
2020-11,QCOM,Equity,0.9688586441320609,0.9881114132392087,20.773224279875507,53.02260341473104,72.72739658988544,63.77022184445688,63.17340728302445,61.08356505322253,63.41213310759743,Tech
2020-12,QCOM,Equity,0.9755508493520616,0.9857788707134532,20.615778289984632,67.58182581600175,50.69988700078668,62.108790433607474,60.13016775013197,61.422637094958375,60.92161682352217,Tech
2021-01,QCOM,Equity,0.981166898654913,0.9872696395734399,20.83499803832834,73.0316898472707,61.97656178806453,61.31538621074457,65.44121261535993,67.37189070220361,63.79088205351379,Tech
2021-02,QCOM,Equity,0.9734828281911947,0.9776319967584853,21.140072279960073,53.19157545306089,11.882368585775994,69.9176026251074,44.997182221314766,44.144018827284725,54.965350382831815,Tech
2021-03,QCOM,Equity,0.9742992665858926,0.9790480727133198,20.94254332889624,48.315216423961594,29.065804940388055,60.16593518448532,45.848985516278326,44.91053673099428,51.57576538356112,Tech
2021-04,QCOM,Equity,0.978506247099077,0.9868433778899947,20.846584887609648,46.148945341367174,59.37665784573688,67.05873463630559,57.528112607803216,54.29921695166577,61.340361419204164,Tech
2021-05,QCOM,Equity,0.9776647352583385,0.9830827681488428,20.70956489122732,40.46764675366813,30.146919039199272,56.60558695575668,42.40671758287469,40.59901647974518,48.08626533202749,Tech
2021-06,QCOM,Equity,0.9868051288814986,0.990925437531768,20.519900784879674,76.04108698251187,65.78347771467863,43.06256249739383,61.62904239819478,66.36809930513829,54.20245043787439,Tech
2021-07,QCOM,Equity,0.9869332049618087,0.9926138104684098,20.5568147378932,77.48474450339636,84.47750985323658,44.63646649865367,68.86624028509554,73.01291850739989,59.17433077051879,Tech
2021-08,QCOM,Equity,0.9839740502063481,0.9921153064501507,20.52135378825283,60.37916067764698,75.4807510610405,43.892684240322815,59.91753199300342,61.6123425052002,53.50759289193118,Tech
2021-09,QCOM,Equity,0.988985940397451,0.9905671259131934,20.507525298834427,85.73942217909043,72.17808820633455,48.47015735414298,68.79588924652265,74.21716902227416,60.665596489570774,Tech
2021-10,QCOM,Equity,0.9878263161583882,0.9898692389749687,20.48733951244303,79.55462994053619,63.51297327875738,48.64371560746167,63.90377294225175,68.55995007538763,57.799750008335714,Tech
2021-11,QCOM,Equity,0.9707239110846005,0.9913692220158195,21.342621739412117,8.408539906661726,71.85393367373413,55.73624909837546,45.33290755959044,36.9076998751262,49.49424417510445,Tech
2021-12,QCOM,Equity,0.974007549101821,0.9862507189183229,20.990311971458194,45.164547971318314,60.75050995039013,47.062017611344004,50.99235851101748,50.219830493044995,49.420222151148096,Tech
2022-01,QCOM,Equity,0.9788390067305572,0.9837403953562289,21.190153561398077,47.55708473346661,45.90193973700693,51.19029578956816,48.216440086680564,47.787183445749015,49.405982367835605,Tech
2022-02,QCOM,Equity,0.9668235624687815,0.9767270952012602,21.219922074878866,26.99969943908321,29.97186002025044,50.20017461339597,35.72391135757654,32.53144264829593,41.51441665990431,Tech
2022-03,QCOM,Equity,0.9667849814986577,0.9733266551828723,21.012921072062152,43.88636773406622,18.628757510170363,47.34261919733369,36.61924814719009,37.000334959550955,40.90859656724753,Tech
2022-04,QCOM,Equity,0.9699545199331026,0.9759712443445849,21.00228931011562,27.95062399464026,14.099706550109087,49.133528486063724,30.39461967693769,28.031929659565602,37.890183200588105,Tech
2022-05,QCOM,Equity,0.9649126418639269,0.9766094245037436,20.908782853048923,31.709910591499014,44.025448300961344,44.90228183700363,40.21254690982133,38.04304615343864,42.08844088069425,Tech
2022-06,QCOM,Equity,0.9713165929652083,0.9783279655334302,20.762563465757534,43.1681931030475,37.232522525410694,48.488299595449924,42.96300507463604,42.45151322823695,45.17312288296159,Tech
2022-07,QCOM,Equity,0.9723155386401479,0.982122478651039,20.752973452903298,28.051697274681388,49.557392767136434,50.739585571167325,42.78289187099505,39.04098358171509,45.96556935106396,Tech
2022-08,QCOM,Equity,0.9772010840120572,0.9843563100550294,20.498823069365987,43.715090589507255,47.55675826669054,42.61958828765059,44.63047904794946,44.648490432290906,43.82612274382991,Tech
2022-09,QCOM,Equity,0.9781566735414366,0.9804904653089723,20.568651490188415,55.4208327351988,57.12003850465578,44.75429961530573,52.43172361838677,53.79728784205728,49.360754017154356,Tech
2022-10,QCOM,Equity,0.974438815756973,0.9805868213762275,20.507508779999515,48.00629722844907,53.84784121862112,44.599490657550106,48.81787636820676,49.077399111320894,47.1305220839441,Tech
2022-11,QCOM,Equity,0.9669630508839534,0.9775343694161898,20.62479931940547,24.057079872889037,24.863509746012255,42.934357516724425,30.618315711875237,28.07446436359308,35.544732433814914,Tech
2022-12,QCOM,Equity,0.971130845416615,0.9825763740509552,20.35888302573764,29.334577390837612,24.610117109805618,42.370199295836656,32.104964598826626,30.524363687527824,36.21105847763064,Tech
2023-01,QCOM,Equity,0.9751378902721306,0.9852488547946155,20.62476487487036,38.845052180598316,49.70724624419005,44.43702571655263,44.32977471378033,43.22210510686671,44.372675114889255,Tech
2023-02,QCOM,Equity,0.9766262434960531,0.9874390126343529,20.437779367272174,53.12215456449005,53.657037472509586,35.56537564313724,47.44818922671229,49.77126365262535,42.69506379328227,Tech
2023-03,QCOM,Equity,0.9828833667919298,0.9868456596920095,20.51381775414146,66.84929352279023,63.63228508074755,38.40871085519617,56.296763152911325,60.196074456658614,49.14154223382526,Tech
2023-04,QCOM,Equity,0.9838920980075196,0.9890309608145099,20.21587120124688,58.89652156239372,60.60802383997685,32.959299577468066,50.821281659946216,54.22252784868353,43.67648882695495,Tech
2023-05,QCOM,Equity,0.9813665569343292,0.9838791201479616,20.48494616029719,49.301177366897704,37.64712499985029,37.488732478755374,41.47901161516779,43.44247267915501,39.88289996060283,Tech
2023-06,QCOM,Equity,0.9766909082993832,0.9882789967306554,20.564161066861086,62.391240051131135,53.59775198336029,33.24483753316542,49.744609855885614,53.92391312720674,43.14470092679754,Tech
2023-07,QCOM,Equity,0.9815281282323092,0.987819210471948,20.545919229280585,33.578012339316864,40.77369420802146,37.70447342608909,37.352059991142475,36.562009117282685,37.49302536512111,Tech
2023-08,QCOM,Equity,0.9769797601670346,0.9807216203462606,20.389154287892467,22.320673182972396,15.995079475045648,30.188269778950982,22.83467414565634,21.99651438979009,25.7761123989742,Tech
2023-09,QCOM,Equity,0.9799591197374339,0.9837852441601198,20.417617486511784,26.278609540849544,22.000060056370867,33.93409455406799,27.404254717096137,26.52614169814963,30.016190651884877,Tech
2023-10,QCOM,Equity,0.9858420421539545,0.9895958357371996,20.378302602828704,74.78315012456375,80.53713016410293,29.929866915310242,61.75004906799231,67.5386874945748,49.02197620691948,Tech
2023-11,QCOM,Equity,0.9814404896192518,0.9902570146800265,20.761189123940387,53.36172641272088,63.31102998636615,39.50840475562056,52.060387051569194,53.5758531533944,47.039594133189745,Tech
2023-12,QCOM,Equity,0.9882386934933122,0.9945754454166866,20.685903372247015,69.59316846621391,74.5328794873584,38.261038859421866,60.79569560433139,64.80865585119885,51.78183290636758,Tech
2020-01,SBUX,Equity,,,20.14487890711769,,,51.687389080387334,,,,Consumer
2020-02,SBUX,Equity,0.9848437518445958,0.9879892483548882,20.229755082997247,66.90560520482045,63.28269460856204,48.78642528682899,59.658241700070484,62.19489604234463,55.30951513477389,Consumer
2020-03,SBUX,Equity,0.9528260167284656,0.9626440246692993,20.893958276350332,79.46351607450306,80.56867548571739,65.37461958241958,75.13560371421335,76.97728459945066,71.23121006149584,Consumer
2020-04,SBUX,Equity,0.9466092835862385,0.96731863469831,20.453460180670564,70.60027998800197,70.80761710119457,49.56110595281521,63.65633434733724,66.4546463149224,58.01824298952843,Consumer
2020-05,SBUX,Equity,0.973174839505797,0.9839645135307574,20.2904522063171,74.5577921420757,82.68577568576251,50.93935985117154,69.39430922633657,72.2725007470009,62.012329476270565,Consumer
2020-06,SBUX,Equity,0.9763583838783988,0.9834663182700357,20.380730691905264,80.46528309248757,72.7506776169677,43.791918577671375,65.66929309570888,70.81622854686837,56.91834328849388,Consumer
2020-07,SBUX,Equity,0.9798054946733795,0.985555081834057,20.03958255701071,80.73993445131883,72.9132586911194,42.52616264660331,65.39311859634718,70.74917736231589,56.246336216449635,Consumer
2020-08,SBUX,Equity,0.9840122480309115,0.9914286427554926,19.923917201192076,79.33898801971749,82.22782718475327,43.15108189234888,68.23929903227321,72.9680585437545,58.20401217630348,Consumer
2020-09,SBUX,Equity,0.9839444080431361,0.9922649778258273,20.13418897230758,68.06751225663632,91.79971486416756,41.15728589219186,67.00817100433191,69.8051277660068,56.667816959475886,Consumer
2020-10,SBUX,Equity,0.9871587531297009,0.9918473552168435,19.95222610205932,91.28462686685901,85.84268602918348,42.806774884555615,73.3113625935327,79.95647421909567,61.10952750994187,Consumer
2020-11,SBUX,Equity,0.9824121024098785,0.9905341674133321,20.092338985640204,84.39272520372516,87.5224072260387,47.19388973963882,73.03634072313422,77.89186271760195,62.699360329736066,Consumer
2020-12,SBUX,Equity,0.9850667877931492,0.993917516098989,19.93696081683863,87.04843603363402,93.53436638498356,44.92005804944171,75.16762015601977,80.56853954220041,63.06859531338854,Consumer
2021-01,SBUX,Equity,0.9844645960292816,0.989068592306826,20.073931628596558,81.29218667042252,70.721667591562,41.05274326385398,64.35553250861284,70.07314226545066,55.034416810709295,Consumer
2021-02,SBUX,Equity,0.9798727691009963,0.9850334381618802,19.968921035707766,71.54297026052451,53.00568613851818,38.52027900170339,54.3563118002487,59.37724677215839,48.021898680830574,Consumer
2021-03,SBUX,Equity,0.984513035905641,0.9922373367942506,20.17949062347466,83.00823576658945,92.87584995793648,39.85548249553071,71.91318940668555,77.3379693697818,59.09010664222361,Consumer
2021-04,SBUX,Equity,0.9875274416504881,0.9930185736046939,20.15199356922374,80.57495362993787,86.49995812092199,47.00697237711427,71.36062804265804,75.63885872666839,61.61916577644053,Consumer
2021-05,SBUX,Equity,0.9873359975969931,0.9901505177684891,20.098088091635084,77.3819622091166,69.04502183718151,38.23855492623855,61.55517965751222,67.05219864096046,52.22852976500275,Consumer
2021-06,SBUX,Equity,0.9915291665095981,0.99364031638993,19.87561966717254,92.95454820957674,81.89093336281064,26.39006571751371,67.07851576330036,76.32256725713431,50.80313574498571,Consumer
2021-07,SBUX,Equity,0.9896464503867426,0.9939022569269756,20.192654249675453,86.97519705492289,90.03701951495201,35.09077961948988,70.70099872978825,77.51686030584503,56.45691108566891,Consumer
2021-08,SBUX,Equity,0.9877397798348491,0.9910130308048966,19.999443335880308,76.27108513531753,69.99914344221713,31.0022478232525,59.09082546692906,65.33573516497441,47.855394409458434,Consumer
2021-09,SBUX,Equity,0.9898941570414724,0.992258156155459,20.03003196164958,88.8547737826759,84.17094848227894,34.665162514425035,69.23029492645996,76.61170393890664,55.404241961645994,Consumer
2021-10,SBUX,Equity,0.9886110013941767,0.9912980143748268,20.158746012687555,83.03426817995738,75.41974280664238,39.76105279509746,66.07168792723242,72.09526749099089,55.54743387437843,Consumer
2021-11,SBUX,Equity,0.9805162349244498,0.9854716214985243,20.37620813847143,48.647764201968826,35.51632249666976,35.34355620508599,39.83588096790819,42.04749009100254,38.03895106277931,Consumer
2021-12,SBUX,Equity,0.9847872237761234,0.9897231563532007,20.25483828870098,79.60585834341323,77.38871563459911,31.161869991745412,62.71881465658592,69.25191786043544,50.09603679064972,Consumer
2022-01,SBUX,Equity,0.9842111114690553,0.9853914294858613,20.69385090649054,67.51933253653843,52.86115149844991,39.491789038638416,53.29075769120892,57.51636952553187,47.771170230180715,Consumer
2022-02,SBUX,Equity,0.9861754243976137,0.9882130032825037,20.373255785256802,86.06671188019874,74.25988730525215,30.531332728283754,63.61931063791155,71.41758867733176,50.38411947406043,Consumer
2022-03,SBUX,Equity,0.9744470351451022,0.9802953504109305,20.389682292350667,63.042832222646275,44.79974100350652,32.368886790477774,46.73715333887685,51.435115770470645,40.98984671951722,Consumer
2022-04,SBUX,Equity,0.9778731542091942,0.9824110744184835,20.257433180927656,54.11893352139454,41.99717788145114,32.008510292324054,42.70820723172324,46.06032218359742,38.428328455963566,Consumer
2022-05,SBUX,Equity,0.9683148131323442,0.9803305212543334,20.541466792666863,41.35100222507101,56.293007149162555,36.248622583686405,44.630877319306656,44.813127774021545,41.27797542505856,Consumer
2022-06,SBUX,Equity,0.9730230343150946,0.9822845450946829,20.07239758482704,48.379677605175914,54.847584085932,31.473786252001112,44.90034931436967,46.93887127876778,39.52972408942225,Consumer
2022-07,SBUX,Equity,0.9812450524089156,0.9886167246564437,19.901911299663098,63.243924306643585,77.55327372161616,30.37488941554814,57.05736248126929,60.96292215291626,46.38437325498083,Consumer
2022-08,SBUX,Equity,0.9834347004346813,0.9910843577536851,19.802933673078734,68.85739690889703,80.33820994172675,25.844471551176003,58.34669280059993,63.69905574720174,45.34580430083036,Consumer
2022-09,SBUX,Equity,0.9793141826067898,0.9865831414606594,20.3140423609325,60.05132790350185,80.8844561857591,38.14384258744863,59.69320889223653,61.91976932496838,51.073462370321366,Consumer
2022-10,SBUX,Equity,0.977633430956134,0.9847862515866902,20.08275647051526,60.49878570056656,68.36921990054327,34.09979854914873,54.32260138341951,57.58011853027601,46.23348024971121,Consumer
2022-11,SBUX,Equity,0.9744619458092421,0.9867008820480316,20.113415380614637,53.10308045465817,63.798288069789,29.18208138605906,48.694483303502075,51.527442925477594,40.889522536524865,Consumer
2022-12,SBUX,Equity,0.9848896462429786,0.9926681751442307,20.07140970133361,79.23627059134057,85.16978244587925,34.94728547586871,66.45111283769617,72.15852712460782,53.84958189296519,Consumer
2023-01,SBUX,Equity,0.986915963002226,0.9929480707471814,20.20800660915358,86.09553225603173,93.6368468210683,33.955883418808405,71.22942083196948,77.92999685809804,56.320005866705046,Consumer
2023-02,SBUX,Equity,0.9864182966388646,0.9893633735909425,20.151602409192705,84.87314847673252,65.58115700152172,28.604068001464128,59.686124493239454,67.8317349391156,47.25330189652932,Consumer
2023-03,SBUX,Equity,0.9880646798138067,0.9902015184988645,20.04515442645973,86.4824155026669,78.47879505966493,27.489024442130983,64.15007833482093,72.28265115765913,49.48565677774495,Consumer
2023-04,SBUX,Equity,0.9899302634102751,0.9951352203731719,19.928541600852903,81.96819578869248,87.33378989680291,26.163312859526318,65.15509951500724,72.41689743529238,49.558384852814875,Consumer
2023-05,SBUX,Equity,0.9789440449961055,0.9812145100774956,20.20611742667238,40.33391005812549,24.117586830398874,30.977145830710946,31.809547573078436,33.597660244324594,31.476586876131442,Consumer
2023-06,SBUX,Equity,0.9879423210859402,0.9900986800830612,20.168640780041123,88.78167845592053,64.81585284779439,24.78249255746198,59.46000795372563,68.79209359379098,45.58900179522017,Consumer
2023-07,SBUX,Equity,0.9885531149515037,0.9923283502997691,20.09040639462524,76.85990213646076,77.23946794838761,28.23703051566499,60.778800200171126,67.24919755587966,47.76209232636867,Consumer
2023-08,SBUX,Equity,0.9892869873791695,0.9926976636855238,19.982100824062666,82.5228835720923,83.73239884814727,22.210515069186705,62.82193249647542,70.82326445432767,46.57736552555994,Consumer
2023-09,SBUX,Equity,0.9891431071172333,0.9915635214571525,20.004594279744936,75.06627639902655,75.92559233009597,25.468526541192134,58.82013175677156,65.40452120678049,45.479489670539785,Consumer
2023-10,SBUX,Equity,0.9898496459926985,0.9925036326500879,20.00580553469733,91.74120722938721,93.28880668327548,22.062173758927983,69.03072922386356,78.26968037146185,50.24330703788933,Consumer
2023-11,SBUX,Equity,0.9775347314433246,0.9934915464350899,20.409646545547638,34.081010001851936,86.32506023394426,32.19882785139379,50.86829936239666,49.377788641388,43.40051075799551,Consumer
2023-12,SBUX,Equity,0.9883177416001241,0.990879355119312,20.328182149794454,70.01203926726333,37.56688435700786,30.644258785887047,46.07439413671941,52.40493669791143,39.902339996386466,Consumer
2020-01,SHW,Equity,,,19.51160027138081,,,32.666685759015664,,,,Materials
2020-02,SHW,Equity,0.9844946648399585,0.9885438477863738,19.528437617877767,65.27973980068847,65.91724883168253,30.948054387721708,54.04834767336424,58.60465542739334,44.80823035910723,Materials
2020-03,SHW,Equity,0.9567160973338878,0.9658157485761195,19.944597113010786,85.0995468749865,84.83042180914295,39.32922880176309,69.75306582863085,75.86474574058875,57.58353101788374,Materials
2020-04,SHW,Equity,0.9450578002003374,0.9639902540325564,19.510113775702592,68.20476961747178,63.27426207940295,24.816844703833823,52.09862546690285,58.048032373323544,41.185913161675245,Materials
2020-05,SHW,Equity,0.9754994978700667,0.9892720695036953,19.35677402412904,79.67566310134328,100.0,28.59703090384468,69.42423133506266,75.55723773144058,53.09335116257546,Materials
2020-06,SHW,Equity,0.9804868756327489,0.9864760444353269,19.43156863521247,85.93322692091351,81.04614592142984,25.027006027316993,64.00212628988679,72.28585844234911,48.41207818485886,Materials
2020-07,SHW,Equity,0.9847338119542403,0.990033981107218,19.360148078792367,94.06170010992726,87.77030613239577,27.196967660216327,69.67632463417978,78.80133542672563,52.684581844594405,Materials
2020-08,SHW,Equity,0.9894116943311492,0.9956533273017772,19.196896656593022,92.5297692542953,100.0,26.12318710316131,72.88431878581888,81.48952204777991,54.179866112755846,Materials
2020-09,SHW,Equity,0.9852510282866311,0.9912748100316748,19.54744911158882,72.51034280943213,87.90564624806805,28.759526237811667,63.05850509843728,68.37877052669882,49.33891355418703,Materials
2020-10,SHW,Equity,0.9871277679044251,0.9907580085726867,19.536223441896794,91.17406400409703,80.98262320126626,32.41761779454648,68.19143499996993,76.3653425213377,53.88190811780055,Materials
2020-11,SHW,Equity,0.9816615053666858,0.9873768270475436,19.613371763141707,82.65543275948228,68.24150584829219,35.53330635697937,62.14341498825129,68.90682940562468,51.49937153574251,Materials
2020-12,SHW,Equity,0.9860810633619682,0.9890830452255941,19.45567088106456,89.12332410418057,68.09007766735921,32.73303542188255,63.31547906447412,71.53529243667455,51.08250160743749,Materials
2021-01,SHW,Equity,0.9904918994102344,0.993315282536287,19.454512984514878,96.39015194083062,91.36576495003659,24.56133244978655,70.77241644688459,80.5170719453836,52.287982848045374,Materials
2021-02,SHW,Equity,0.9873298271206851,0.9901087895210094,19.668812875121777,92.95903932175162,81.20496169280193,30.474697283555273,68.21289943270294,76.93594762542745,53.11761857304387,Materials
2021-03,SHW,Equity,0.9847851525169612,0.9899393887186154,19.600073692352584,83.93253183833731,81.75831002132435,24.43293031385361,63.37459072450508,71.38034498833667,47.797926560244505,Materials
2021-04,SHW,Equity,0.9857554004732669,0.9926949529857791,19.57271720661684,73.81262255426425,85.07851989813456,30.28417208016435,63.058438177521055,68.48670166260536,49.948731738578374,Materials
2021-05,SHW,Equity,0.9882472345427878,0.9939879524096182,19.483732306024393,80.8600695020273,90.16474666957464,19.785046306850184,63.60328749281737,71.43646801325607,46.0759910184305,Materials
2021-06,SHW,Equity,0.9925098117201254,0.9941571979043615,19.49366813846535,96.46555003714545,84.957606501472,16.506048543296878,65.97640169397144,77.0212666776737,46.18826043370162,Materials
2021-07,SHW,Equity,0.9914828958117341,0.9949665388457751,19.446251626786612,93.39875830345038,94.62928298932312,15.525434244559506,67.85115851244433,78.19325089743401,46.9208688052904,Materials
2021-08,SHW,Equity,0.9925261285491878,0.996817037264438,19.31742026008854,96.47016996091033,98.86241930729173,14.15726023294196,69.82994983371468,80.72526281923108,47.560873993405586,Materials
2021-09,SHW,Equity,0.990830078367556,0.9928852438581026,19.422285391921687,92.06515758618562,88.61828183599373,17.094366011976746,65.9259351447187,76.03693654628627,46.39330749162192,Materials
2021-10,SHW,Equity,0.9883278883395059,0.9919313737457652,19.600492579517457,81.77882081561148,80.69787403625297,24.6701364672188,62.382277106361094,70.0327999121254,47.29742085070417,Materials
2021-11,SHW,Equity,0.9892855731326464,0.9935746197142502,19.58995633255702,84.68327250951064,85.442321666674,18.752531824634538,62.959375333606395,71.72483911968443,45.27663793001766,Materials
2021-12,SHW,Equity,0.9877558367716652,0.9936813263206212,19.548181155090425,89.09064565316642,96.35431178602938,15.884705078477769,67.1098875058912,76.62855737808758,46.61981453492583,Materials
2022-01,SHW,Equity,0.9859680403646139,0.98676226399324,20.11821420995057,74.04791894591757,58.639304387915146,25.92327451636509,52.87016595006594,59.800405692606354,42.0914093765856,Materials
2022-02,SHW,Equity,0.9838919436061561,0.9854516006808149,19.632803647423316,79.09692319453616,63.61231178023306,13.329943939034594,52.01305963793461,61.29814391914491,36.5398133583746,Materials
2022-03,SHW,Equity,0.9799406467567447,0.982999235938263,19.709026779630204,76.77781511477401,54.95420194459815,16.015678613275337,49.2492318908825,58.07830386342152,35.955810579839635,Materials
2022-04,SHW,Equity,0.9802838227853659,0.9882342422084797,19.72115746685759,62.08534783833607,67.22325599451315,19.67897308314165,49.662525638663624,55.14544533415031,37.66910461645483,Materials
2022-05,SHW,Equity,0.9723952194323944,0.9856904775330988,19.861893555917774,52.91408001782658,73.96349074062445,20.238445347265916,49.03867203523898,52.69377630055381,37.51858136004976,Materials
2022-06,SHW,Equity,0.9771648111329376,0.9808529619166938,19.695050493019174,61.028694636380564,48.474042136657985,22.171128288062807,43.89128835370045,49.49078561680024,35.2032243274454,Materials
2022-07,SHW,Equity,0.9773613430307735,0.9847973688857332,19.590559953916912,47.93778494665036,61.08850946867164,22.924698463425432,43.98366429291581,46.88038500661176,35.56007796111966,Materials
2022-08,SHW,Equity,0.9738056804500809,0.9803134360122551,19.641108534683017,30.02026712823,27.85843179853132,21.94351314892476,26.607404025228693,27.756365733459347,24.741847674707124,Materials
2022-09,SHW,Equity,0.9801907243828961,0.9847942985464103,19.51647608863375,63.557842522320485,73.90709367350317,17.436503517136803,51.63381323765349,57.438350066638556,37.954889349446816,Materials
2022-10,SHW,Equity,0.9766344483695432,0.9831438988167113,19.591500736302383,56.59228126456767,62.69006217987232,21.95617074407595,47.07950472950532,51.494393435060715,37.030171135333575,Materials
2022-11,SHW,Equity,0.9762880094708731,0.9871434368030423,19.72048818538226,60.176102107384146,65.67804016030793,18.615376258673873,48.15650617545532,53.51453835351923,36.34005420874274,Materials
2022-12,SHW,Equity,0.9812496216816688,0.9895999900072253,19.370707825236046,66.03429236713936,66.7579783121285,16.854303629483606,49.88219143625049,56.41540040310495,36.67103631354374,Materials
2023-01,SHW,Equity,0.9760557635851072,0.9810832937899537,19.603662973533282,42.52731460845304,25.939705206140673,18.757116741012005,29.074712185201907,32.79699221427112,24.947674007525947,Materials
2023-02,SHW,Equity,0.9741050837855788,0.9787796304714067,19.70212870348487,44.94722684998664,0.0,17.67053665333162,20.87258783443942,26.007720755659644,19.5917673619963,Materials
2023-03,SHW,Equity,0.9861770253501992,0.9890399000829188,19.518816027870415,79.32968217360829,73.33972920599888,15.225529689553753,55.964980356386974,64.71186578651455,39.669200089653685,Materials
2023-04,SHW,Equity,0.985138904828306,0.9905760846819265,19.49006007200963,63.66053825845563,67.37290967298439,15.792245479083435,48.94189780350783,55.20059112693982,35.68203687373807,Materials
2023-05,SHW,Equity,0.9863391582677693,0.990699393927792,19.479218508957775,67.70795781381352,72.27701529902848,14.001616710970243,51.32886327460408,58.33740683880935,36.397964649150545,Materials
2023-06,SHW,Equity,0.9869534266649922,0.9942697138489971,19.49486345325813,86.46220464405862,90.52970984020291,10.36670564072075,62.45287337499409,72.46335640223434,41.61840628128476,Materials
2023-07,SHW,Equity,0.9886970684616856,0.9945147403682985,19.605342407833824,77.74681911049322,94.92097896635549,18.155392297226783,63.60773012469184,70.98078170459861,45.42679499370581,Materials
2023-08,SHW,Equity,0.9892108658298717,0.9932332551770445,19.63041227482988,82.15052630209291,86.76174091771985,15.31784560602951,61.41003760861409,70.16735454756831,42.97316080758026,Materials
2023-09,SHW,Equity,0.9895311480533794,0.9913730736761472,19.499227873254515,77.1276481253936,74.60524881843197,15.110237671524873,55.61437820511682,63.967446242531366,39.412721991680044,Materials
2023-10,SHW,Equity,0.9854007992028161,0.9885566411593129,19.6511542748813,72.91604362811627,75.9799091838638,14.571410667142137,54.4891211597074,62.1662767026457,38.5220369626813,Materials
2023-11,SHW,Equity,0.9844916902867883,0.9916700591547347,19.553552214898442,68.42393255390361,73.36498856358577,14.398175151618538,52.06236542303598,59.10109787635124,36.996689314469,Materials
2023-12,SHW,Equity,0.9888354041967695,0.996751208174282,19.8877249560426,72.75509985752025,96.29350464286331,21.26582282502065,63.4381424418014,69.51876588662324,46.5692145950891,Materials
2020-01,SLB,Equity,,,19.786584590547566,,,40.92591772696951,,,,Energy
2020-02,SLB,Equity,0.9800606411327116,0.981689900964807,19.44218532029416,44.62836736073281,33.35844419058812,28.754182779327625,35.58033144354952,38.07255349340837,32.84987197786076,Energy
2020-03,SLB,Equity,0.9314543914955066,0.934639451340167,19.649681806311527,48.49985483276632,42.93980521491767,31.2383307254615,40.892663591048496,43.37953512595075,37.0309304448137,Energy
2020-04,SLB,Equity,0.9260837716913851,0.9490350074242364,19.497160415707597,38.908624729958255,29.425014215979388,24.477074157107516,30.936904367681723,33.177231461194445,28.35297228345204,Energy
2020-05,SLB,Equity,0.9458953666069206,0.9695827609540515,19.18959670500579,14.50044166032323,35.769852158136096,24.596583289624213,24.955625702694515,22.900493135527284,24.812008737466392,Energy
2020-06,SLB,Equity,0.9522912552153109,0.969766319503684,19.490070602376257,48.58979066777784,34.99046313365215,26.183588604666525,36.587947468698836,40.02875199491787,32.426203923085914,Energy
2020-07,SLB,Equity,0.9624699013310036,0.9713229897922511,19.184274239961077,33.87998228124878,25.70369809198189,23.228955357515886,27.604211910248853,29.296891639722134,25.854109289155666,Energy
2020-08,SLB,Equity,0.9745519323130426,0.9835142639538219,18.83922874779365,56.22755249364278,48.93404956712873,17.746076489508436,40.96922618342665,46.3432064148617,31.679966305859367,Energy
2020-09,SLB,Equity,0.9726367225312342,0.978601201110379,19.178395371154643,29.618597261026242,38.06368709267296,20.96145441796298,29.547912923887395,30.420695641907606,26.113329521517628,Energy
2020-10,SLB,Equity,0.9673689079062232,0.9726063607560015,19.165725337695605,20.669618518525944,0.0,23.16488127456145,14.61149993102913,14.967785514175262,18.03285246844206,Energy
2020-11,SLB,Equity,0.9529053432721927,0.9785989327940463,19.331593969627853,16.097932186753134,14.637619729507742,28.673351641267264,19.80296785250938,18.174922340482343,23.351121368012535,Energy
2020-12,SLB,Equity,0.9639075304142127,0.9841627800869103,19.19243881992404,43.763265743772436,42.194245417155116,26.067583171652082,37.34169811085988,39.75342313136317,32.83205213517676,Energy
2021-01,SLB,Equity,0.9736975329568335,0.9850767467196958,19.585507537428484,54.32146128005439,51.31642621817088,28.048933294779037,44.5622735976681,48.16544516443427,37.95693747651248,Energy
2021-02,SLB,Equity,0.9691232523420491,0.980936493529773,19.429969291738683,40.671225307407006,30.242558536795944,24.071553949459208,31.661779264554053,34.22269100463413,28.625689138516115,Energy
2021-03,SLB,Equity,0.9744560291047857,0.9845494280175922,19.66600880329193,48.847690276649935,55.68152265360647,26.187949255218463,43.572387395158295,46.3658917854506,36.61861213918236,Energy
2021-04,SLB,Equity,0.9774932548025229,0.9841421919015693,19.385452809568836,42.28323986315278,47.51224381772697,24.878142563493714,38.22454208145782,40.37092158959322,32.88598227427218,Energy
2021-05,SLB,Equity,0.9726759729848229,0.9862684685683114,19.774460982856326,21.426001738957897,47.67975609041725,28.51771273480362,32.54115685472626,30.720470243564847,30.931779206757202,Energy
2021-06,SLB,Equity,0.971926578671903,0.9863515117798577,19.59135840378776,22.771447344570777,38.64624248768156,19.034045390092363,26.817245074114897,26.78640549660833,23.703965200505884,Energy
2021-07,SLB,Equity,0.9747960150501038,0.9795902131921667,19.48835539910601,35.03100113489592,28.28207044929177,16.629094416368833,26.64738866685217,29.325940585509258,22.640070966658836,Energy
2021-08,SLB,Equity,0.9774625251896635,0.9830979237314815,19.191875742563724,32.899581982939516,30.637381777391397,11.056491483611959,24.86448508131429,27.85230382140957,19.34128764223336,Energy
2021-09,SLB,Equity,0.9756224212484186,0.9855405637961644,19.36751267782358,39.90007197059286,36.529490309516675,15.510810857176766,30.6467910457621,34.011045249586786,24.592398970327967,Energy
2021-10,SLB,Equity,0.9759052807583437,0.9876748400770212,19.687830982428206,26.691534345512345,45.225842962333445,27.03110095435537,32.98282608740038,32.31974025232728,30.60213603418238,Energy
2021-11,SLB,Equity,0.9786752223941514,0.9830991674594035,19.540133850653543,41.082561360567475,20.89862973226299,17.701207038176552,26.56079937700234,30.351111007597943,23.016962441472025,Energy
2021-12,SLB,Equity,0.9769464110590685,0.9813515958371369,19.24889637430423,54.55428002432725,37.276331070073745,9.414490975153306,33.748367356518095,40.34293752821641,24.014816803972185,Energy
2022-01,SLB,Equity,0.9773010998839894,0.9914540896794204,20.084900451764963,41.842364141884936,78.41564208553542,25.138025392308393,48.46534387324292,49.473479775064774,39.134416480869106,Energy
2022-02,SLB,Equity,0.9755379365146596,0.9879523464770118,20.09173126521131,53.598279052630225,73.25483175091605,23.991257447822726,50.28145608378967,53.573840541154475,39.765376629402894,Energy
2022-03,SLB,Equity,0.9654886517442497,0.9788041128029519,20.260386840336103,40.64531826460326,39.19938777440915,29.262476273491334,36.36906077083458,37.93497071932265,33.52642697189728,Energy
2022-04,SLB,Equity,0.973576824819083,0.9806401012368402,19.814587520490765,39.92107144197412,34.32528700909453,21.827027325582364,32.02446192555034,34.623527288831895,27.94548808556315,Energy
2022-05,SLB,Equity,0.9644821203527594,0.9719800063004931,19.92265608552282,30.489896367664613,28.76337261526285,21.66995973850911,26.974409573812192,28.207951916112982,24.85262963969096,Energy
2022-06,SLB,Equity,0.9655523689343184,0.9740293648535625,20.161534019313383,25.564210284780213,18.094751016528676,33.67124789978728,25.776736400365394,24.944780027306166,28.934541000134146,Energy
2022-07,SLB,Equity,0.9669402994257201,0.9722548826334314,19.67004856384137,6.867269579761996,7.01942251070729,24.8267468423612,12.904479644276828,10.504810911565425,17.673386523510576,Energy
2022-08,SLB,Equity,0.9729415565202307,0.9839286697889217,19.711347427534566,26.534959873302498,45.47314213529597,23.636692601452435,31.881598203350304,31.636761097530528,28.583635962591156,Energy
2022-09,SLB,Equity,0.9703376618917181,0.9807340899578,19.784807248710322,24.14168620524902,58.070293822353804,24.403227798018147,35.53840260854032,34.37257680893428,31.084332684331457,Energy
2022-10,SLB,Equity,0.9656707246265089,0.9804918146927228,20.30942143012008,13.718825798849107,53.519313785292645,39.70285763669925,35.646999073613664,30.855778562352192,37.269342498847905,Energy
2022-11,SLB,Equity,0.9727055373703086,0.9872893656140169,20.26974092723228,46.299859307094096,66.29787303836596,33.38603055279732,48.661254299419134,49.7164976756163,42.55116480077041,Energy
2022-12,SLB,Equity,0.975543042308379,0.9821204152917475,19.909460106921976,45.337141743039986,21.873964305221747,30.765548318208896,32.65888478882355,35.383869826728294,31.90155020057768,Energy
2023-01,SLB,Equity,0.9779405169875333,0.9858347586917542,19.931933775655608,50.088441554195654,53.050252121192266,27.012868989431542,43.38385422160649,46.36187021134181,36.835460128736514,Energy
2023-02,SLB,Equity,0.9781424731012232,0.983048478424566,19.85664361122937,58.03856956563392,26.45151008200612,21.429140474033016,35.306406707224355,41.2405659022254,29.75550021394782,Energy
2023-03,SLB,Equity,0.9741888773190222,0.9789204607897972,19.878227429149298,33.903981851095125,28.570754975173713,23.599685642099296,28.691474156122712,30.243154546519534,26.654758750513345,Energy
2023-04,SLB,Equity,0.9710494274896213,0.980979702004461,19.787317418537945,9.82500883943544,25.35787476743477,22.82304556388869,19.3353097235863,17.08447596272589,20.730404059707258,Energy
2023-05,SLB,Equity,0.9774713109820091,0.9803450973037016,19.85148298588033,34.88237878979759,19.703149821985914,22.69524152487455,25.76025671221935,27.89118264646948,24.53425063728143,Energy
2023-06,SLB,Equity,0.9785764980455882,0.987440839296352,19.786906780518393,66.81393264964464,48.43062517206049,16.61511176673458,43.953223196146574,51.25917622978738,33.01797862438177,Energy
2023-07,SLB,Equity,0.9793058684624594,0.9937095589499828,20.190614391383946,19.88637044674769,88.4094125609212,30.319767633706523,46.20518354712514,42.5299625183915,39.8510171817577,Energy
2023-08,SLB,Equity,0.9857541091317389,0.9924249915867461,19.728983946976133,65.24140531017679,82.19014682752506,17.249730951790664,54.893761029830834,60.727692893704045,39.83614899861477,Energy
2023-09,SLB,Equity,0.9855268299861699,0.9910098122628958,19.900958525413095,55.85569643620677,72.08681648232007,23.344346803860464,50.42895324079577,54.222762523571504,39.59511066602165,Energy
2023-10,SLB,Equity,0.9798999597417516,0.9843655041975292,19.806702569991348,49.63940415508048,57.60035091852187,17.856822450551494,41.698859174717946,45.6711718432071,32.16204448505137,Energy
2023-11,SLB,Equity,0.9825228805675472,0.9850291273317556,19.771969414254087,58.704933027099024,26.114067125917025,18.93969419945417,34.586231450823405,40.974625491215455,28.327616550275714,Energy
2023-12,SLB,Equity,0.9838949271695563,0.9888750559070558,19.783158505448185,46.575831897581736,17.52113088267959,19.039341399660355,27.712101393307226,32.35212349352682,24.242997395848477,Energy
2020-01,SO,Equity,,,19.151517506785552,,,21.851497862243747,,,,Utilities
2020-02,SO,Equity,0.9912064544755791,0.9941297750375142,19.436894798640708,96.5397592898259,92.45248740939726,28.619615636488856,72.53728744523734,81.72954899502989,54.97021872173795,Utilities
2020-03,SO,Equity,0.9513081468432837,0.9647332899755693,19.817757770649127,77.26439418173635,83.37595600547209,35.8494358991864,65.49659536213161,70.81487107234707,53.63773157695353,Utilities
2020-04,SO,Equity,0.9379493776265281,0.960271854853086,19.213549962634918,57.22927342562548,54.85815107986753,17.03788627573682,43.04177026040994,48.47965929192036,32.640216666540695,Utilities
2020-05,SO,Equity,0.9751536505969021,0.9820535212658952,19.125128602181675,78.9142601602159,76.45176724472049,23.05390232375758,59.473309909564655,67.00344071827561,44.905546875241825,Utilities
2020-06,SO,Equity,0.9801116624139975,0.9855162980205247,19.18079734530137,85.43627914291348,78.40087338596551,20.06926325605869,61.302138594979226,70.25225423845812,44.80898845941101,Utilities
2020-07,SO,Equity,0.9840482773032107,0.9875861749538106,18.839781098954468,92.20862705244804,79.65063879222014,15.456605411703785,62.43862375212399,73.09082624623082,43.645816415955906,Utilities
2020-08,SO,Equity,0.9882420263083964,0.9916840904098181,18.78750017694328,89.67228458877811,83.30243046179908,16.534516969521363,63.16974400669951,73.13377482683306,44.51565319182825,Utilities
2020-09,SO,Equity,0.9882403465649454,0.9919182494216766,18.9261969111653,82.67476100595464,90.43612355682832,15.632523998402807,62.91446952039525,71.59472236970637,44.00169131159828,Utilities
2020-10,SO,Equity,0.989068397339294,0.9950178817727836,19.03807565769944,98.09870450516114,99.98782370606641,19.97698680905147,72.68783834009301,83.04109672621078,51.6034977276764,Utilities
2020-11,SO,Equity,0.9843386154530446,0.9913436517714246,19.031313260017036,88.8517309831664,92.46567791181145,21.36293855212927,67.56011581570237,76.43815657555248,49.08124491027313,Utilities
2020-12,SO,Equity,0.9880361125850023,0.9925668663062024,18.803789865340875,93.12273849895682,86.42576563341264,16.226376756096272,65.25829362948858,75.73437429072145,45.645526880131655,Utilities
2021-01,SO,Equity,0.9852593085172799,0.9886150961163579,19.108183607681017,83.2828847961674,68.51712263964336,15.340654181674848,55.7135538724952,65.26471002631168,39.564393996167055,Utilities
2021-02,SO,Equity,0.9875496518049328,0.9906243486150823,18.919959085393753,93.59035808134585,84.0694713453458,10.398720847468272,62.68618342471998,74.09576461377031,41.771198393819304,Utilities
2021-03,SO,Equity,0.9894539712619684,0.9937098682151438,19.114246603547127,99.79106691554719,100.0,11.50149316398573,70.4308533598443,82.19583209057075,46.85910928150088,Utilities
2021-04,SO,Equity,0.9918664145348204,0.9957490837754299,19.068742842454707,97.13301760124867,98.49317269856333,15.735222406578522,70.4538042354635,81.26150509150904,48.56637150390951,Utilities
2021-05,SO,Equity,0.9904260831392506,0.9939195129572624,19.137326634663346,89.17653343435379,89.78808295107316,9.380000579296993,62.781538988241316,73.40069171835825,41.42092362466359,Utilities
2021-06,SO,Equity,0.9905455929214638,0.9922441651344855,19.163701553429938,89.43306191829016,73.60752714100222,7.967280798482037,57.00262328592481,68.39224526114215,37.3884862909477,Utilities
2021-07,SO,Equity,0.9901554320750365,0.9927572854193967,19.05468629873562,88.75552496700891,85.09658903260235,5.261388211984818,59.70450073719869,70.95901683568212,37.92725572711315,Utilities
2021-08,SO,Equity,0.9930379394051241,0.9963979083643898,19.1245076709709,98.63008590325416,96.77809477225777,9.39259715181555,68.26692594244248,80.22699081366751,44.71719442619172,Utilities
2021-09,SO,Equity,0.9918158975450952,0.9941347395886966,19.111821944363943,95.44670027845969,97.47976008627391,8.118437014256443,67.01496579299668,78.59096556796331,43.45635428150059,Utilities
2021-10,SO,Equity,0.9916399306474023,0.9934837606206153,18.8653484918218,96.4658679773401,93.63476582399586,4.797445576002049,64.96602645911267,77.28285285106922,40.89859410586842,Utilities
2021-11,SO,Equity,0.9915986033945139,0.9939932594753108,19.11262125644682,94.18811988091358,88.0217382982461,8.680087060989589,63.629981746716425,75.23659884212854,41.650023872425685,Utilities
2021-12,SO,Equity,0.9880776752467536,0.9926856029065185,19.340556567480874,90.1189270387471,91.58329682056996,11.39608547203031,64.36610311044912,74.8136696599506,43.1780960550816,Utilities
2022-01,SO,Equity,0.9929520884026845,0.9957849622435166,19.46093642908643,100.0,96.67053987621871,10.430372190247681,69.03363735548879,81.08723640091515,45.59233128939235,Utilities
2022-02,SO,Equity,0.9886230635187656,0.9909840901852732,19.814556859946702,93.53755530354074,84.9448041173045,17.552239361744096,65.3448662608631,75.76266675931053,46.22781550121551,Utilities
2022-03,SO,Equity,0.9850968631712506,0.9916089290933193,19.566248015279466,89.6692514316874,87.2879645887788,12.58532241535199,63.18084614527273,73.53807957554774,42.94263665330443,Utilities
2022-04,SO,Equity,0.9871634853706217,0.993349115461229,19.768276911322893,84.8202202536665,89.38098815430561,20.762298187315665,64.98783553176258,73.37686621058808,47.29762059398382,Utilities
2022-05,SO,Equity,0.9870880000666076,0.9911869823975494,19.631603183872276,94.550562508115,92.08414209788462,14.81299673788969,67.14923378129645,77.86312323100081,46.21473896393374,Utilities
2022-06,SO,Equity,0.9870360917852975,0.9894809364725669,19.552472548172766,91.17565874936429,86.88659029636057,18.656184399790483,65.57281114850511,75.3850433435484,46.806160449019266,Utilities
2022-07,SO,Equity,0.9849369616096568,0.9891762128792605,19.321386055999582,77.79415740313236,79.96515735959008,16.483753318302792,58.08102269367509,66.18337657310376,41.442114943526164,Utilities
2022-08,SO,Equity,0.9890931565062943,0.9951197330831356,19.311768386553503,91.67988488409004,100.0,14.004436249123989,68.56144037773801,78.64082969186981,46.73863872629241,Utilities
2022-09,SO,Equity,0.987340987607604,0.9907962543972287,19.304226578572322,92.16173021973819,97.31765779857908,11.925835971376815,67.13507466323135,77.66132964371818,45.05137918648955,Utilities
2022-10,SO,Equity,0.97931608587837,0.9815009043215761,19.378224958310813,67.07877919214783,57.00868541196486,16.68408639494011,46.923850333017604,53.97881249865139,34.82794475778661,Utilities
2022-11,SO,Equity,0.9844049725439641,0.9901913594728239,19.35937696081492,91.6161098008008,78.62409699371409,8.90427487783055,59.71482722411515,71.17613897408074,39.39060628560131,Utilities
2022-12,SO,Equity,0.9865895798906802,0.9941157559301745,19.395170655141257,85.40174739555981,93.85653787570095,17.485963901111823,65.58141639079086,74.35502784071255,46.34323539491925,Utilities
2023-01,SO,Equity,0.9868324348101739,0.9903227591516955,19.22685662774859,85.76043947262522,78.65754366993306,9.280733778169244,57.89957230690917,68.33362959292637,38.45203689541321,Utilities
2023-02,SO,Equity,0.9877465704340062,0.9900698643432458,19.215617865941123,89.18011174258157,69.95885971252254,5.836070196358535,54.99168055048756,66.74492782431926,35.329436408835946,Utilities
2023-03,SO,Equity,0.9866188804471591,0.991670012543903,19.52077053083796,81.00396723984808,84.97549612739448,15.271068903395346,60.416844090212635,69.04884623882144,42.358534015485716,Utilities
2023-04,SO,Equity,0.9883815407214372,0.9948446158832442,19.209629991834536,76.0505663498833,86.06146070794173,9.15944782242675,57.0904916267506,65.67561095180952,37.91807410502106,Utilities
2023-05,SO,Equity,0.9906992335202284,0.993202380442137,19.421067797600685,83.84738716326501,84.98591104283612,12.6436024535278,60.492300219876306,69.94818738518892,41.35282111333691,Utilities
2023-06,SO,Equity,0.99100674046474,0.993159028279231,19.390512900301115,95.96934212063692,83.68248406664462,8.134075844086244,62.595300677122594,74.7162314491291,40.81081074390805,Utilities
2023-07,SO,Equity,0.9877417379559196,0.9922025746460923,19.264423672873285,71.8608991332444,76.2223101967638,11.069689294423291,53.05096620814383,61.011080484535995,36.25845544265562,Utilities
2023-08,SO,Equity,0.9884147420765802,0.9906950482863897,18.96170606583869,78.25619585175602,72.40546932477868,2.2120141065617194,50.95789309436548,61.29214154462396,31.459541499243976,Utilities
2023-09,SO,Equity,0.9909695948832924,0.9936221962879623,19.294821384323008,84.76904198067669,90.19805032954132,10.920601336393581,61.962564548870525,71.62805635647946,41.54577926387976,Utilities
2023-10,SO,Equity,0.9859464626834611,0.988766952474164,19.3481664008944,75.22500250657035,76.9021956899871,8.171855270392502,53.43301782231666,62.3175310143598,35.32855280154699,Utilities
2023-11,SO,Equity,0.9884157088831939,0.9939364814097639,19.531453147643646,87.79479125544395,89.4908189096239,13.938672259112176,63.74142747472667,73.53237575243158,43.82032538848088,Utilities
2023-12,SO,Equity,0.9882913657209105,0.9938994504176935,19.385149212012973,69.87227519067542,67.77199816942276,10.564727468357962,49.40300027615205,57.38068253983613,33.867691153034414,Utilities
2020-01,T,Equity,,,20.548890736855604,,,63.82199890000908,,,,Comm
2020-02,T,Equity,0.9873501355408392,0.9896480873179707,20.387762158337836,78.5790347139947,71.16279860354635,52.805416620701465,67.51574997941417,71.19944026220155,61.63161663592909,Comm
2020-03,T,Equity,0.9618719496770097,0.9716350079896315,20.998751924870742,92.56945445686941,92.64957887929847,68.24959660111678,84.48954331242822,87.72952021244761,77.99356462790365,Comm
2020-04,T,Equity,0.9574549168400985,0.9700918536557447,20.397028568964757,87.3460777004912,77.08443608842057,48.08088772608969,70.83713383833381,76.41454722198971,61.734635393436164,Comm
2020-05,T,Equity,0.9774558386776688,0.9847725500932063,20.386447747268726,83.98266147992095,85.32173965254498,53.23647249055187,74.1802912076726,78.23514713383433,65.8027637208243,Comm
2020-06,T,Equity,0.9790723456848691,0.9855590885207944,20.426392176342105,84.05976543452849,78.51881343074886,44.694645099802074,69.09107465502647,74.52445576644932,59.33250283293672,Comm
2020-07,T,Equity,0.9852353434524054,0.9891276823723618,20.344403314046303,95.41739307939444,84.76400425362549,49.40343627679887,76.5282778699396,83.01858507114464,65.67834123268331,Comm
2020-08,T,Equity,0.9924695200235414,0.9953225242987375,20.048871214920894,100.0,98.60839594686523,46.07768942093588,81.56202845593371,88.79805666824674,67.36829284193458,Comm
2020-09,T,Equity,0.9933356360935465,0.9943501126924291,20.34820657115668,100.0,100.0,45.67945820393549,81.89315273464517,89.1358916407871,67.4076749223613,Comm
2020-10,T,Equity,0.9889972194200086,0.9926706391421649,20.50531720350628,97.84472427905058,89.51572401368402,56.619547946568495,81.32666541310103,87.1009889329442,71.44381842648801,Comm
2020-11,T,Equity,0.9834161432915668,0.9914101406070553,20.302799873946356,86.71662542860278,92.87170467294519,52.3176155847621,77.3019818954367,81.68334723313737,67.30823537116686,Comm
2020-12,T,Equity,0.9858339499625877,0.9919096610249085,20.480216953975358,88.61780798981346,82.96683054787638,58.67616293286807,76.75360049018597,80.93418574584327,69.52262546725882,Comm
2021-01,T,Equity,0.9873330415412354,0.9922816436388541,20.795694954201842,88.47743818047503,86.34101841117268,60.268980338427205,78.36247897669163,82.19482068127476,71.12507952138586,Comm
2021-02,T,Equity,0.9895816390734503,0.9934915510048531,20.410526755555118,99.42606159326802,100.0,50.3592603186259,83.2617739706313,89.78488286035918,70.10076850982914,Comm
2021-03,T,Equity,0.9877049332456203,0.9915373422630099,20.609248100600706,93.85012505240613,89.48925596175692,51.29449430280894,78.211291772324,84.03073817529193,67.44457278451799,Comm
2021-04,T,Equity,0.9912609735986774,0.9948817589532309,20.43036067891862,94.82257915907596,94.68362354814096,55.04299436102108,81.516399022746,86.82497551618448,70.92703715805604,Comm
2021-05,T,Equity,0.9853274383564055,0.9903824884903987,20.64917008608489,69.7154770263434,70.32169708355418,54.791497980987344,64.94289069696164,66.91254723443542,60.88233361057192,Comm
2021-06,T,Equity,0.9875770407742315,0.9891245290948091,20.364995426346496,78.80476138484717,55.0986352999048,39.0539721160371,57.65245626692968,63.742765705602444,50.21306260657265,Comm
2021-07,T,Equity,0.9933701386734209,0.9952338198864003,20.333232245997383,100.0,95.78257229977123,38.775730563939966,78.18610095457039,86.48991780271936,62.42195279831823,Comm
2021-08,T,Equity,0.9933625524572662,0.9945101345462359,20.170026194651502,100.0,87.39021127073865,35.215398728424766,74.20186999972113,83.26014312690654,58.607281491202585,Comm
2021-09,T,Equity,0.9921492618006488,0.9943382357376571,20.285570555470912,96.59020152890834,98.92296365542285,42.053137789327394,79.18876765788619,86.38261741894651,64.33451571046267,Comm
2021-10,T,Equity,0.9893795461078689,0.9914851201497089,20.68436468575193,86.44233227049872,76.97899791355356,53.96977403939338,72.46370140781522,77.1088203171941,65.06613046044649,Comm
2021-11,T,Equity,0.9890855549083177,0.9915741089777947,20.48183219363844,83.8613452199782,73.11632890339996,37.57237305645073,64.85001572660963,71.38004589229924,53.93895865854607,Comm
2021-12,T,Equity,0.9807543111062412,0.9874183320813334,20.80260866373291,66.72060891208439,66.34513572265904,43.004074585659765,58.6899397401344,61.86466008997186,52.41559367834454,Comm
2022-01,T,Equity,0.98225574654711,0.9926827466026651,20.974773785548827,60.25337607861972,83.59450759628446,46.113511015455686,63.320464896786625,64.42774252128633,56.43768334425425,Comm
2022-02,T,Equity,0.9759893576124369,0.9798016547606128,20.589201657216304,54.97613590674858,41.82692421637853,35.54795529065138,44.117005137926164,47.14573627641813,40.68938519901626,Comm
2022-03,T,Equity,0.988209780024549,0.9916315522422042,20.36928201672298,97.4520840647876,87.37292598207526,31.87875639708908,72.23458881465065,81.31367110643419,56.09225584762602,Comm
2022-04,T,Equity,0.9827126057142003,0.9923394503981839,20.66787121476596,70.11162373883208,85.0070991188293,41.44490817032281,65.5212103426614,68.84692323912938,55.89068947372596,Comm
2022-05,T,Equity,0.9810982415427448,0.9892085806284918,20.471100068061247,77.57675189263908,85.5618284484337,34.590841388724094,65.90980724326563,71.37509275859446,53.38222090144901,Comm
2022-06,T,Equity,0.9858038144499239,0.9899959454412434,20.223088637467697,87.41227465412341,89.17945830192268,35.18874086905065,70.59349127503225,77.49772299144864,56.43159111263961,Comm
2022-07,T,Equity,0.9830450873981624,0.9871863530461052,20.04045128298218,70.33806645675901,71.38712090104609,33.68995242822726,58.47171326201079,63.32315998433879,48.55900892849738,Comm
2022-08,T,Equity,0.9846358988707464,0.9855157540796309,19.972002790319657,73.70224089389288,53.20598371287401,29.92005337981256,52.27609266219315,58.79692623677116,43.33367694924091,Comm
2022-09,T,Equity,0.9885359296739186,0.989256279812888,20.174265802298006,96.94197223260166,91.3110035255757,34.51480172369252,74.25592582728996,82.76724751871204,58.35947618585098,Comm
2022-10,T,Equity,0.9810317626503396,0.9886107296409039,20.322536044884945,73.7879040661981,81.59403643578926,40.02704520219734,65.13632856806156,69.3775720042753,55.092615221715874,Comm
2022-11,T,Equity,0.9828716068117888,0.9939458136539591,20.20776965188155,85.67681575913704,94.57114764866994,31.719482141425807,70.65581518307759,77.55364860245466,55.08128196641688,Comm
2022-12,T,Equity,0.9883784602314992,0.9917476236685199,20.080948986825753,91.88982430477078,79.64566551388565,35.19360152713726,68.90969711526456,76.87733211197853,55.42325888001365,Comm
2023-01,T,Equity,0.9853555086405171,0.9913639858183757,20.23707489010816,79.83540639196357,84.59849556153578,34.68692780136382,66.37360991828773,72.23463742471529,53.69893707151816,Comm
2023-02,T,Equity,0.9830593511022229,0.991035911142462,19.986366308181044,73.98167783926372,75.94487676666597,24.58466916386334,58.17040792326435,64.69123578240432,44.73611241950395,Comm
2023-03,T,Equity,0.9913171069911243,0.9929561493551656,19.865978079241042,98.80656948319778,90.66543843475846,23.314280209539188,70.92876270916514,81.26577231393426,51.88296970931476,Comm
2023-04,T,Equity,0.9849133660724239,0.9884309896022095,20.084727540419856,62.79876049086693,57.98122035846094,29.85745912698659,50.21247999210482,54.765238178369074,42.07047164605753,Comm
2023-05,T,Equity,0.9780502840406696,0.979445783975553,19.974862043873216,37.025528674703104,15.13689296724327,25.576556575266064,25.912992739070813,28.169143542577743,25.778418273548915,Comm
2023-06,T,Equity,0.9828936608260896,0.985845719866116,19.9213507646716,76.93993376644632,38.596930405579485,19.491604861336143,45.009489677787315,53.94736697716423,34.80233575120685,Comm
2023-07,T,Equity,0.9812436474557382,0.9864534242557783,20.267875378625615,31.82528794094795,29.7284720507346,31.925570874062974,31.159776955248507,31.21629976050695,31.466094522774295,Comm
2023-08,T,Equity,0.98163462649216,0.9875435309498239,19.853711907489654,45.09048453106564,54.58027194619668,19.69424785889182,39.78833477871805,42.858173421170186,31.750700010787558,Comm
2023-09,T,Equity,0.9874274890761802,0.994226464135294,19.784611837028628,65.95247887499221,94.3873411016369,20.959636241706544,60.43315207277855,65.48436901632849,44.64374574034975,Comm
2023-10,T,Equity,0.9835262141949161,0.9902476234922966,19.96929868371109,64.98379261455895,83.39544072056432,21.291094665322337,56.55677600014854,61.76874745651324,42.45050346621805,Comm
2023-11,T,Equity,0.9829958045596686,0.9912540830002404,19.757697451856654,61.03951519150148,70.40527490895347,18.642939231122217,50.02924311052573,55.36992791466122,37.47472155876432,Comm
2023-12,T,Equity,0.9889052753407046,0.9940004253925521,20.080162574974644,73.12534252632905,68.78188703267973,25.363301334209336,55.756843631072705,62.26989763981031,43.59942671232736,Comm
2020-01,TMUS,Equity,,,19.04676815743182,,,18.705321464163152,,,,Comm
2020-02,TMUS,Equity,0.9769394712784291,0.9920569660090387,20.029189497190593,30.091584211872973,82.60587114968678,43.68493632190453,52.127463894488095,48.56454071522343,48.75045286545467,Comm
2020-03,TMUS,Equity,0.952802775805069,0.9667761974247964,20.029175326285877,79.4298441346692,86.1209469210183,41.64960243968445,69.06679783179065,73.88112663157698,58.09991967494817,Comm
2020-04,TMUS,Equity,0.9626481019098776,0.9754520951421354,19.714978083514232,95.36442246898025,89.21664276027205,30.190497400644666,71.59052087663233,80.48530354270068,55.03051148623726,Comm
2020-05,TMUS,Equity,0.9709739764709919,0.9853593311290163,19.926101686019706,69.7124638201687,87.23592737456939,42.22068211840384,66.38969110438063,69.47114654613594,56.72208750998992,Comm
2020-06,TMUS,Equity,0.9769832415849868,0.9860838239676081,20.065897095632472,81.29287027048844,79.96509991271165,37.56766544796094,66.27521187705368,72.1494981986499,54.79219330541659,Comm
2020-07,TMUS,Equity,0.9838547028771636,0.9878573376917174,19.961549626208956,91.68537479527026,80.5501181990306,40.765607287746576,71.00036676068248,78.16084431489362,58.90646297150812,Comm
2020-08,TMUS,Equity,0.9848743769128163,0.9940266813006987,19.587451860660295,81.44515832772062,93.15711421203711,35.27056673862238,69.95761309279338,75.72382677519592,56.08279455112498,Comm
2020-09,TMUS,Equity,0.984837299688021,0.9893552343092209,19.994362037237252,71.10356370309161,80.3564615329337,38.202755528280754,63.22092692143536,67.29927141708205,53.21365836417351,Comm
2020-10,TMUS,Equity,0.9831361401341894,0.9875672007646848,19.71577156532286,76.93095976878746,66.74700178371388,36.90161234102603,60.19319129784247,65.8699028877131,50.87655971511589,Comm
2020-11,TMUS,Equity,0.9819869023986915,0.9911175476935782,19.947164659162283,83.40857961798557,91.08493021881635,43.659582464734356,72.71769743384543,77.76168536758455,61.09445144620099,Comm
2020-12,TMUS,Equity,0.9885621631924348,0.9939178709491171,19.71889141712843,94.19887220800032,93.53623399559623,39.39819583893826,75.71110068084494,83.03994547046668,61.18593874408227,Comm
2021-01,TMUS,Equity,0.9862489281622303,0.9893489989053225,20.031909521474045,85.76181145474425,72.08478588052061,39.9339460845125,65.92684780659245,72.4931307084308,55.529687117760474,Comm
2021-02,TMUS,Equity,0.9776817090983884,0.9819694462128953,20.160772802771582,65.25042268891498,35.981770521303766,43.66362154416913,48.29860491812929,52.15246680968245,46.44461156854523,Comm
2021-03,TMUS,Equity,0.9819440266170588,0.9888808908516765,20.132666929176786,74.28210478105359,76.63726641146863,38.60915911445624,63.176176768992825,67.85406413685863,53.349369707178184,Comm
2021-04,TMUS,Equity,0.9877103200681263,0.9935262367620645,19.825542906541596,81.2728405766758,88.72976603182514,37.58285361232862,69.19515340694319,74.77192082035117,56.550233489097366,Comm
2021-05,TMUS,Equity,0.9828874918609636,0.9902818922313068,20.368714701311127,60.40242651925855,69.76805499974706,46.36741216378941,58.84596456093167,60.40511219231127,53.85454360207477,Comm
2021-06,TMUS,Equity,0.9878221026486904,0.9927915106853903,19.9965986890339,79.682155859277,76.85494429882311,29.52072141575104,62.01927385795039,68.80170550243564,49.01985288107065,Comm
2021-07,TMUS,Equity,0.9924509839729652,0.9943484265242304,19.93170352761825,96.78495944671106,91.96219395290453,28.250515603366516,72.33255633432736,81.6312410299002,54.69974004194303,Comm
2021-08,TMUS,Equity,0.9909390653644361,0.9918467747914758,20.086132324924257,89.77253345224166,74.1453453551943,33.1433409863638,65.68707326459992,73.75853852995188,52.66958035330548,Comm
2021-09,TMUS,Equity,0.989796031608479,0.9906708156786795,20.430682394920602,88.51818534087508,72.91346054825947,46.248522392169406,69.22672276043464,75.38283531334926,60.03544261312855,Comm
2021-10,TMUS,Equity,0.9856952814789453,0.9885985290823873,20.161583602709097,70.10468820348838,52.92345037034727,39.837759593557706,54.288632722464456,58.89693113155991,48.50828347090176,Comm
2021-11,TMUS,Equity,0.9833443575230728,0.9897610490954976,20.05556719333359,60.26926094184463,61.94530013492972,28.577579073922514,50.26404671689895,54.43373632618573,41.58945965970838,Comm
2021-12,TMUS,Equity,0.9830626672103413,0.988646629964297,19.940097527226108,74.09586015414243,72.23053271007653,24.35751425926796,56.894635707828975,63.588592741947764,43.87978712840457,Comm
2022-01,TMUS,Equity,0.9817059625420654,0.9863444251856281,20.17133071451711,58.21042921121864,56.87808777092924,27.175300434649273,47.42127247226572,51.60370102381795,39.32288365721914,Comm
2022-02,TMUS,Equity,0.9723944254423699,0.9888243867748768,20.196996259955814,44.003449971141116,76.61729506093813,26.43666074667268,49.019135259583976,50.27424565318653,39.98614545441946,Comm
2022-03,TMUS,Equity,0.983802808696572,0.9905320306559589,20.211443635931342,86.43389055660776,83.24366500243951,28.08658274801109,65.92137943568612,73.80736132863795,50.78746076061611,Comm
2022-04,TMUS,Equity,0.9866851180826712,0.9920227107702994,20.204583809349916,83.23938411171244,83.6349767822129,30.793448195992557,65.8892696966393,72.8688747297186,51.8509410963806,Comm
2022-05,TMUS,Equity,0.9742044392568429,0.9804645871292244,20.077319874837723,58.04105709705429,56.7349900160417,25.31370929349967,46.696585468865216,51.10376741203959,38.143434998719,Comm
2022-06,TMUS,Equity,0.9828339747167317,0.9876211845715123,20.152261838618386,78.34236214622054,78.6068012216779,33.44266279218216,63.4639420533602,69.44175399805007,51.45543034888898,Comm
2022-07,TMUS,Equity,0.9839774396316251,0.9892666510892243,20.11205780676847,74.01257240674009,80.35502515298371,35.40339379571848,63.25699711848076,68.19347250840886,52.11555578937585,Comm
2022-08,TMUS,Equity,0.9856808802696947,0.9925542353295668,19.923486382781903,77.91700815725325,87.49997853792928,28.750516375193158,64.72250102345856,70.95860091504403,50.3337071641524,Comm
2022-09,TMUS,Equity,0.9849250565053088,0.9880977981997293,20.24257678274741,82.4970479887461,86.79235847608328,36.28837049599561,68.52592565360833,74.54390563639716,55.63090359056324,Comm
2022-10,TMUS,Equity,0.9826402759892171,0.9888929287662456,20.381652994117214,80.07796815543531,82.56986414512559,41.488390441451024,68.04540758067064,73.10762140954554,57.42260072498279,Comm
2022-11,TMUS,Equity,0.9815527292874229,0.9919324999204671,20.447251692435913,80.56831407699899,86.01959406902078,38.15969838643757,68.24920217748577,73.72197493649325,56.2134006610665,Comm
2022-12,TMUS,Equity,0.9876856274745475,0.9901123535952866,20.13176186134136,89.37699429051416,69.83260960307383,36.50565226873612,65.2384187207747,72.93941047992645,53.74531213995927,Comm
2023-01,TMUS,Equity,0.9873243214517254,0.9925039254420419,20.39509180581599,87.73375722066517,91.10267633240048,38.660928835598696,72.49912079622145,78.92986727717248,58.96384401197234,Comm
2023-02,TMUS,Equity,0.9873856424737673,0.9908241171038924,20.33340709893935,88.00979318924362,74.63251516278469,33.026500836444086,65.22293639615746,72.99995131074604,52.34436217227211,Comm
2023-03,TMUS,Equity,0.9886721198148407,0.9919775470846761,20.338498099994602,88.78413778530097,86.33604640415933,34.32382617945122,69.8146701229705,77.15764804978853,55.618332545562794,Comm
2023-04,TMUS,Equity,0.9902264593266661,0.9942399564828014,20.368932573342537,83.09995274371293,83.41413132671232,36.57954284640286,67.6978756389427,73.89012433915073,55.250542521926775,Comm
2023-05,TMUS,Equity,0.9865889770453413,0.9884053696831404,20.40943673162422,68.6326970160821,60.629123953247834,35.72533391808191,54.99571829580395,59.65015247763179,47.28756454471513,Comm
2023-06,TMUS,Equity,0.9809482845076922,0.9842453210503112,20.536508171746533,72.37701043595197,28.730688943687856,32.653190667418656,44.58696334901949,51.338350034566076,39.81345427637916,Comm
2023-07,TMUS,Equity,0.9891041575551407,0.9941968283092674,20.24281636828305,80.25494987071242,92.34999876688725,31.404740873763533,68.00322983712107,74.1134227401751,53.36383425177805,Comm
2023-08,TMUS,Equity,0.9906005771564389,0.9929059664074696,19.9423217659115,88.94845829928944,84.91057327546186,21.430893725273677,65.09664176667499,74.23357987733802,47.63034255011446,Comm
2023-09,TMUS,Equity,0.9889494143653101,0.992831757248673,20.159065635015295,74.03733144702719,84.71806494256246,28.63466283246482,62.46335307401815,68.1610177727753,48.931876977396826,Comm
2023-10,TMUS,Equity,0.9892202292894138,0.9924935242380585,20.128381572977627,89.07784906662583,93.24447786521038,24.651162344401133,68.99116309207912,77.44250036175626,51.255162793007926,Comm
2023-11,TMUS,Equity,0.9904085360923416,0.9943036885209428,20.056839464197786,97.63235275944552,92.10353574276901,24.862958309578637,71.5329489372644,81.41982876446919,52.86495268619009,Comm
2023-12,TMUS,Equity,0.9937649529795278,0.9971218066521119,20.226466394161648,98.87645975749992,100.0,28.478475790523273,75.78497851600773,85.1339250368546,56.862377425813946,Comm
2020-01,TTWO,Equity,,,18.73035636365924,,,9.201803554186055,,,,Comm
2020-02,TTWO,Equity,0.9704785545441054,0.9746676221971179,19.413569276311613,0.0,0.0,28.026318963560676,9.342106321186892,5.605263792712136,16.815791378136407,Comm
2020-03,TTWO,Equity,0.958824469807059,0.9711638319157273,19.525427180466014,88.15420136752351,92.01647430915303,27.829448614604424,69.33337476376032,77.24793269942855,52.73180430409796,Comm
2020-04,TTWO,Equity,0.9633301339149689,0.9775352910535913,19.224266929664115,96.41748868681846,93.93168468513818,17.318995559209593,69.2227229770554,79.8520488607926,48.46123200991708,Comm
2020-05,TTWO,Equity,0.9798916668141995,0.9858906188732653,19.354729082887218,89.34527917606275,88.96908576729028,28.548096752041204,68.95415389846475,77.0729846686267,52.791731039895325,Comm
2020-06,TTWO,Equity,0.9732719389845816,0.9804272758471817,19.417350853892266,76.37746887046771,64.37440724877544,24.7459208098323,55.16593230969181,62.45024077183294,42.99792770974801,Comm
2020-07,TTWO,Equity,0.9816193718933491,0.9884619964200841,19.05189941734784,85.64303745399383,82.55584390645143,20.242354688606955,62.81374534968407,71.63674283665372,45.78518908525322,Comm
2020-08,TTWO,Equity,0.978956445636352,0.9881490283989356,19.05872024529849,66.98772464129422,68.4313241622131,22.88689149728072,52.76864676692935,58.60063786876718,40.8159446590699,Comm
2020-09,TTWO,Equity,0.9814794523548537,0.9847025337651161,18.983371845865957,59.68605597834122,62.05861820182944,16.840625145315343,46.195099775162,51.82873847878251,34.45330992322334,Comm
2020-10,TTWO,Equity,0.9819731488333616,0.987642603114337,18.92560000494311,72.78112234006609,67.08340540569033,17.168045095000146,52.34419094691885,59.949191810740174,38.27373260615137,Comm
2020-11,TTWO,Equity,0.9733478899202828,0.9797965671986466,19.163955588884775,63.41317563848119,21.951202734971158,24.5921510392891,36.652176470913815,43.210378847589766,31.82816629826393,Comm
2020-12,TTWO,Equity,0.9840274994010099,0.9925731791727479,19.25111295003721,84.92237961169135,86.45899086182465,27.55330497506257,66.31155848285952,73.90954805940558,50.80825707974074,Comm
2021-01,TTWO,Equity,0.9828933893580843,0.9891170646371656,19.252827883642873,77.35642597363481,70.95730227472824,19.19166544777382,55.835131232045626,63.80373675879064,41.1777449183369,Comm
2021-02,TTWO,Equity,0.9781216670725307,0.9841129067524852,19.348041689364937,66.51394649862547,47.89110055949038,21.87516176011368,45.42673627274318,51.999335769182586,36.00610646769138,Comm
2021-03,TTWO,Equity,0.9766158553891046,0.9802058331294027,19.17328821138364,56.183952993462185,34.66708366348176,13.07302521429249,34.64135395707881,41.10670663863412,26.01402245996428,Comm
2021-04,TTWO,Equity,0.9863605012265556,0.9917358330863183,18.992603466227305,76.12176281605785,80.86577940619229,13.537197999618162,56.8415800739561,65.02805482981024,39.51982724422093,Comm
2021-05,TTWO,Equity,0.9853459804649084,0.9901129763233341,19.117882506364573,69.78625054261448,68.83840854845312,8.795954009602497,49.14020436689003,57.303838637763675,33.002504223975016,Comm
2021-06,TTWO,Equity,0.9796801340635135,0.9876791775266505,19.229844236655943,50.53148416304598,46.523322184153386,9.678899597776836,35.577901981658734,41.15851865632437,25.218301028105977,Comm
2021-07,TTWO,Equity,0.9854715650189247,0.9885384338772227,18.89389878442526,72.37218653209008,66.89269258496402,1.0466880582217382,46.77052239175862,56.4632386531786,28.480988658343865,Comm
2021-08,TTWO,Equity,0.9797217999976628,0.9818702003002332,18.999646964046228,42.4340489043304,24.531923361872014,6.308717539352618,24.424896601851675,29.83834496859733,17.178424976852053,Comm
2021-09,TTWO,Equity,0.9892698682775273,0.9913813651796292,18.86475171981609,86.71334748900506,77.95270861789422,0.9752940438433109,55.21378338358087,66.93754513863945,33.51838764768584,Comm
2021-10,TTWO,Equity,0.9847626559206006,0.9931610316448004,19.01050531656599,65.96901773605988,90.94528815285197,8.721379342420436,55.21189507711077,62.01237118236962,36.61568878323463,Comm
2021-11,TTWO,Equity,0.9804512349902914,0.9881180339457575,19.37249732336134,48.380662442207026,51.82198888415967,14.16383937753946,38.12216356796872,42.5696957618593,28.538833891797015,Comm
2021-12,TTWO,Equity,0.9807345179054751,0.9852769920770897,18.813421779071803,66.65736917698645,56.084891701391136,0.0,40.91408695945919,50.154152098910565,24.548452175675518,Comm
2022-01,TTWO,Equity,0.9682028466400892,0.972850416473561,19.920686704514367,8.034090723779995,0.0,21.267291250931574,9.767127324903855,8.270503612076313,14.367192895314943,Comm
2022-02,TTWO,Equity,0.9704508095162141,0.9814168364163316,19.429370740096225,38.07101894650942,48.054834864168214,8.60400913155414,31.57662098074392,35.172761758816,22.38757624106801,Comm
2022-03,TTWO,Equity,0.9783061378666966,0.9831186517572474,19.258856947154705,72.69125908772182,55.402668884994966,5.200044495886578,44.43132415620112,54.00643910853672,28.738812292075306,Comm
2022-04,TTWO,Equity,0.9789821692302271,0.9823057668582965,19.189678690422184,57.78383927765992,41.54098344657032,7.459722466293954,35.5948483968414,42.84615916605985,24.340798024622423,Comm
2022-05,TTWO,Equity,0.9664238833388732,0.9740414928642038,19.91417162452025,35.99247498667409,35.55959680134157,21.4700729315235,31.007381573179725,32.958131120044214,27.19245811651723,Comm
2022-06,TTWO,Equity,0.9706922638180441,0.9852918536110954,19.371779595339923,41.261487270532136,68.23640233866386,14.201599289184022,41.23316296612667,43.94198419470203,30.420537495349617,Comm
2022-07,TTWO,Equity,0.9815201986750388,0.9873915518553614,19.04500611296531,64.32830696343207,72.27170726121108,9.870377853336315,48.823464025993154,55.81974123074662,33.24222955693042,Comm
2022-08,TTWO,Equity,0.977879394541026,0.9855406057905418,19.241310182800415,46.45094886867651,53.32707012556867,12.305970085813652,37.36132969335294,41.684789489171585,27.339185850337227,Comm
2022-09,TTWO,Equity,0.9761782353803862,0.9840394717394086,19.04165422026318,47.506295717956995,70.96289984604785,5.108628370147943,41.19260797805093,46.06374348682244,26.759016134889734,Comm
2022-10,TTWO,Equity,0.9753154412424059,0.9829206926275662,18.963961317741674,51.4343262987455,61.91822851809392,6.443669614245359,39.93207481036159,45.581365627649994,26.536712731915102,Comm
2022-11,TTWO,Equity,0.968451436283552,0.9716806908806794,19.291926792554726,29.822148408100425,0.0,7.0903865864475115,12.30417833151598,16.329151521339714,10.218661633488592,Comm
2022-12,TTWO,Equity,0.9748639210905827,0.9811183832257917,19.020594994798042,42.87404200897862,15.860892306534103,7.813960936838534,22.182965084117086,27.758080883817247,16.435363425205665,Comm
2023-01,TTWO,Equity,0.9835323063031266,0.991328932094922,18.857829817111604,72.52120586947645,84.39848869336372,0.0,52.306564854280055,61.580149542747336,31.383938912568034,Comm
2023-02,TTWO,Equity,0.9750646315463396,0.9857131749310063,19.018721040834226,48.05858609876562,42.96304838906325,1.0465183664827176,30.68938428477053,37.12751123939833,18.83223791745541,Comm
2023-03,TTWO,Equity,0.9781048103261678,0.9877157515716941,18.865349697419244,48.742303733926455,67.4816209788863,0.0,38.74130823760425,44.61563816062912,23.244784942562553,Comm
2023-04,TTWO,Equity,0.9834040370258236,0.9896632519399386,18.881285301079718,57.03165314273754,63.37633087797566,1.3933626219574324,40.60044888089021,47.807398359152955,24.9176143773171,Comm
2023-05,TTWO,Equity,0.9787942295538818,0.9894188488647294,19.038852979414983,39.77934721110524,65.7750570949231,3.7176037789016325,36.42400269497666,40.36571148980987,23.341443128546647,Comm
2023-06,TTWO,Equity,0.9807212431318032,0.9933631578505467,19.061206852688134,71.84447984984666,84.94091516533358,1.088416062910595,52.62460369269695,61.622197687105526,32.010128640782405,Comm
2023-07,TTWO,Equity,0.9874152359213758,0.9939053100803694,18.808394796805842,69.84927610212118,89.9924675786558,1.5915209066102938,53.811088195795755,62.240682505979386,32.92326128012157,Comm
2023-08,TTWO,Equity,0.9862649089332938,0.9892959306420724,19.04823571086247,67.74004099714998,64.49196433578557,3.907890310704118,45.37996521454656,53.99918786145148,28.79113525300958,Comm
2023-09,TTWO,Equity,0.9863700522781407,0.9900139419859038,18.789417484482485,60.33510680196408,65.18260971370023,0.5615439808395086,42.02642016550127,49.83464511126001,25.44046969163657,Comm
2023-10,TTWO,Equity,0.9860325307674366,0.989265061220046,19.018860866283735,75.58919705814971,79.0865716244633,1.2164316639404633,51.96406678218449,61.76385634920194,31.665012734886883,Comm
2023-11,TTWO,Equity,0.9815788195920896,0.987904265091766,19.290287480793733,54.04459024024797,46.57097167516165,8.924147428128203,36.51323644784594,42.778416108298124,25.477600839958846,Comm
2023-12,TTWO,Equity,0.9866022122559004,0.9931528632241688,19.530964645409295,60.92156032197353,60.30509765029416,13.669502968934358,44.96538698040069,51.28621004986188,32.44703337581416,Comm
2020-01,UPS,Equity,,,19.232397261365467,,,24.28074421567527,,,,Industrials
2020-02,UPS,Equity,0.9793080615466723,0.9801035847550054,19.72223650915964,41.12324371951157,25.82285033225608,35.87742899260603,34.2745076814579,35.48396275795382,34.915676205917144,Industrials
2020-03,UPS,Equity,0.9617824065972294,0.9734829501951094,20.063784738762394,92.43972255493686,95.13260108787208,42.59909954094454,76.72380772791783,83.27946151201897,63.07392445312851,Industrials
2020-04,UPS,Equity,0.9612194386442852,0.9773145593711101,19.65900754944187,93.15854794926418,93.43208734466648,28.722373379566157,71.77100289116561,80.35337485394527,54.551551086525826,Industrials
2020-05,UPS,Equity,0.9766801930406224,0.9833175120131392,19.459523690189812,82.2750323755602,80.57513766992017,31.0557654894359,64.63531184497208,71.52121058664332,51.203493302757614,Industrials
2020-06,UPS,Equity,0.9791470303624347,0.9883542109692052,19.699491663207745,84.15868088502981,86.22278661783737,30.32383827541083,66.90176859275932,74.01094408294828,52.270596465819935,Industrials
2020-07,UPS,Equity,0.9811319107871707,0.990581621995176,19.321830319916877,84.32537825022976,89.58689680723643,26.33245398586761,66.7482430144446,74.30524896445932,50.58192740301381,Industrials
2020-08,UPS,Equity,0.9674528748869888,0.9944737304400098,19.892624268260118,38.88464207805852,95.03773617888439,42.418155190938606,58.780177815960506,56.4372729308823,52.23536876595175,Industrials
2020-09,UPS,Equity,0.9831554457570726,0.9883356093618665,19.933773342614142,65.38484622036663,76.34654570742121,36.922521946076586,59.55130462462148,62.98089121162499,50.49979155320352,Industrials
2020-10,UPS,Equity,0.9854055633877853,0.9920716397610552,19.98810940311013,85.02881703795182,86.84331974118527,43.702916393312556,71.85835105748322,77.307987719994,60.59617719181496,Industrials
2020-11,UPS,Equity,0.9750293563193079,0.9797542832316648,19.982848633518376,67.3050093417545,21.692987622634845,44.52831823381971,44.508771732736356,49.066064604431645,44.516590333169695,Industrials
2020-12,UPS,Equity,0.9841603111677066,0.9903966525628121,19.86129092736494,85.19407061837526,75.00372038546959,43.003976729857115,67.73392257790066,73.69894677079992,57.84194423868324,Industrials
2021-01,UPS,Equity,0.9851977599853492,0.9886068126757062,20.04116009824702,83.12871011160256,68.47685500860891,40.18023357244621,63.92859956421922,70.14345827287319,54.42925316751002,Industrials
2021-02,UPS,Equity,0.9857665906798458,0.9905053003485872,19.788856782954486,88.4695503721354,83.40802455405775,33.69294722500321,68.52350738373212,75.99577199728567,54.59128332024056,Industrials
2021-03,UPS,Equity,0.986248572525945,0.9914430513738225,19.760054400024874,88.90331755795395,89.03307388466179,28.691195268865233,68.87586223716032,76.89981999814856,52.801995449842295,Industrials
2021-04,UPS,Equity,0.9857272841381498,0.9935525591156003,19.81309106699704,73.70532709796186,88.84538165469512,37.22338852886449,66.59136576050716,70.95095575116237,54.844174867850086,Industrials
2021-05,UPS,Equity,0.9763594302217683,0.9938056543662507,19.944635589810794,35.48541794027392,89.16145022977557,33.62927618026499,52.75871478343816,51.216999275122625,45.106939342168886,Industrials
2021-06,UPS,Equity,0.9879451911909041,0.9905305282613454,19.916735711977395,80.12284948835467,63.44046946617246,27.45405332442968,57.005790759652264,64.58437624891502,45.185095785563234,Industrials
2021-07,UPS,Equity,0.9883683316288195,0.9918365278747074,19.82714763413336,82.50456372562121,81.12361799312664,25.509806896986547,63.0459962052448,70.69132864014591,48.0315204819415,Industrials
2021-08,UPS,Equity,0.9850321375269704,0.9860903745505145,19.679792952781327,64.84444242323053,45.51881481929067,23.1073437831078,44.49020034187634,50.69933441402403,35.93705771836892,Industrials
2021-09,UPS,Equity,0.9897186461791935,0.9921620910370499,19.73048283199521,88.25273895998603,83.48965047016961,26.004781589529035,65.91572367322823,74.3742209389497,49.95134683974855,Industrials
2021-10,UPS,Equity,0.9863444955437386,0.9915060297259559,19.830104048221546,72.98358789777805,77.15324888772598,30.877079866488415,60.33797221733082,65.81318458850451,48.55361527699385,Industrials
2021-11,UPS,Equity,0.98233820777137,0.9919990507454844,19.748831784843116,56.1347279958776,75.7345748632475,22.105028419880284,51.32477709300179,55.20874214088911,39.63687762375319,Industrials
2021-12,UPS,Equity,0.985690071748451,0.9896111297526623,19.662259203070548,82.49047853588351,76.85193947755745,18.35094941265929,59.23112247536676,67.97101099374085,42.87905325028377,Industrials
2022-01,UPS,Equity,0.987951554324545,0.9913843773181137,19.908767514382987,81.41847464362081,78.12180013762148,20.98634025290893,60.175538344717076,68.34304541367862,44.49985910799382,Industrials
2022-02,UPS,Equity,0.9667806307871077,0.9884547571729615,20.208856312258195,26.86866056618974,75.19205590882414,26.71218074356405,42.92429907285932,41.33438320445492,36.43945174114121,Industrials
2022-03,UPS,Equity,0.9804973133426992,0.9866292595668058,20.009386081933663,78.16957823441277,68.5867809789787,23.23201361201203,56.66279094180117,64.3072261333024,43.29048000988551,Industrials
2022-04,UPS,Equity,0.9826557441105772,0.9848461923877126,20.12625452617589,69.92371607800116,52.546157117774264,28.992576394185498,50.48748319665364,56.52422045316996,41.88952047566639,Industrials
2022-05,UPS,Equity,0.9789539683098725,0.9822088557712741,20.005471788648524,71.50029862367859,62.48542319411641,23.621028458260415,52.5355834253518,59.2199819617263,40.96976143851525,Industrials
2022-06,UPS,Equity,0.9811286091645964,0.9858662364912686,19.938742871058274,73.13416313837946,70.79360854087072,28.178824890295466,57.36886552318188,63.440929109510044,45.69284927002732,Industrials
2022-07,UPS,Equity,0.9857691805483784,0.9906878511453525,19.744657631916546,81.07402667599523,86.48164055233156,26.612034786396993,64.72256733824126,71.80391246097648,49.47835431750355,Industrials
2022-08,UPS,Equity,0.9851026400059691,0.9915815993345479,19.63138422329725,75.58476747205042,82.76094854049305,21.709098801546578,60.01827160469668,66.96248805848244,44.69460248343664,Industrials
2022-09,UPS,Equity,0.9851013854771312,0.9862182951626112,19.881668973955755,83.2024337835488,79.46137713143887,26.9180640658703,63.19395832695266,70.82324284438013,48.683600622519705,Industrials
2022-10,UPS,Equity,0.9800187396723701,0.9835990253857874,19.813426614034746,69.82649491820472,64.26386265434903,27.44208179163654,53.844146454730094,59.68082261373437,43.283320589492675,Industrials
2022-11,UPS,Equity,0.9812035641265133,0.9896621022807973,19.731143770730853,79.21586794087423,76.37607615138876,18.901929161360318,58.16462441787444,66.3011426481258,42.459546315268796,Industrials
2022-12,UPS,Equity,0.979481982594512,0.9862334842434357,20.008663665543242,59.623255204111395,46.55598854610836,33.32710587422355,46.50211654148111,50.44384534073291,41.23211227457808,Industrials
2023-01,UPS,Equity,0.9844878311056936,0.9893195737903133,19.72956906444375,76.35451601111868,72.93364496367512,21.92355581023048,57.07057226167476,64.44206265670798,43.011765681097046,Industrials
2023-02,UPS,Equity,0.9826511387862268,0.9904342710008605,19.77449040679109,72.65803849917202,72.21687088640596,19.430748522136923,54.76855263590497,61.88023021993518,40.63343099039775,Industrials
2023-03,UPS,Equity,0.9889780664460899,0.9926321153871547,19.853317109100416,89.94343611475631,89.23189375470344,23.019284174102197,67.39820468118732,76.34514301860962,49.646636478353265,Industrials
2023-04,UPS,Equity,0.9866903361267172,0.9905470639138984,19.91375627834518,69.58851722456542,67.24585048592728,25.81360696342234,54.21599155797168,60.13073515074536,42.85503772015195,Industrials
2023-05,UPS,Equity,0.9777449383803116,0.9801595471252469,19.88161701863109,35.895248937047164,18.76102014621239,23.398972316033284,26.01841379976428,28.255724975593957,24.97063720627188,Industrials
2023-06,UPS,Equity,0.9875670630143281,0.9925548313809868,20.029474705796442,87.90150232047455,79.95769220243339,21.80496809559054,63.221387539499496,72.29905244008539,46.65481976193591,Industrials
2023-07,UPS,Equity,0.9870252793699874,0.9924976312789717,19.92936576585425,67.44670124219284,78.608456740455,24.8899394061428,56.98169912959688,62.28387552446148,44.14499524021525,Industrials
2023-08,UPS,Equity,0.9908531867844157,0.9922498580125049,19.91173197460223,90.18412720404336,81.19957936586263,20.831370877851636,64.07169248258587,73.6182115873508,46.775563840692186,Industrials
2023-09,UPS,Equity,0.9886122542751,0.9897219331183447,19.992547583439535,72.24625166013364,63.15815969598504,25.221610326236206,53.54200722745163,60.11489580410957,42.21384846696546,Industrials
2023-10,UPS,Equity,0.9888106099472711,0.9906162547788703,19.794371356740147,87.34455693626577,85.01201404465016,17.596368851297527,63.317646610737825,72.69515645178744,45.0291355069617,Industrials
2023-11,UPS,Equity,0.9817512439463437,0.9859754820256593,19.82804150638539,54.89576046814153,32.847479316520285,20.105593566434223,35.94961111703201,41.323242742313695,29.612004096792894,Industrials
2023-12,UPS,Equity,0.9879245845827642,0.9941577972553475,19.88181673667834,67.92872568213774,70.3558224741059,21.140022048608095,53.141523401617256,59.29911399302226,40.340922860413585,Industrials
2020-01,USB,Equity,,,19.366968798269625,,,28.322638469658145,,,,Financials
2020-02,USB,Equity,0.9881696571219135,0.9898899147466133,19.26451902884605,82.39593929339219,72.31156911650908,24.23514915939577,59.647552523099016,67.73847021352798,45.48259117761772,Financials
2020-03,USB,Equity,0.9471904470120633,0.9551928206203345,19.895443892951942,71.29858384774097,70.5567253936914,37.980727436848575,59.94534555942698,64.41245502934761,51.15949831039562,Financials
2020-04,USB,Equity,0.9376183241489668,0.9591039129572037,19.209379080792058,56.71812258385389,52.214667106704326,16.928482784702293,41.95375749175351,47.4091579808787,31.94364760893302,Financials
2020-05,USB,Equity,0.9575017838702216,0.9720936449570019,19.29994084689644,40.05264613302173,43.96081784474948,27.23704888319085,37.083504286987356,38.661978196573884,33.14492212546875,Financials
2020-06,USB,Equity,0.9589044812472561,0.9742948646902089,19.370095098489738,57.34861849618726,47.47213123135686,23.81167558650435,42.87747510468282,47.67828373480156,35.25115529741143,Financials
2020-07,USB,Equity,0.9698435395357912,0.9778033016676141,19.077916911321065,53.81171041835964,47.199671788793346,20.829353510360214,40.6135785725044,45.23162744788986,32.69988854764672,Financials
2020-08,USB,Equity,0.9806254194225265,0.9881870211558502,18.726859666326654,71.0650071764874,68.59115002239673,15.114226659414687,51.590127952766274,59.13269392684565,36.99976743542564,Financials
2020-09,USB,Equity,0.9796811526544699,0.9863917417871904,19.06463035202282,53.571394207467584,68.70182754843624,18.557609956902326,46.943610570935384,51.10776735964513,35.58921032532216,Financials
2020-10,USB,Equity,0.9795701052995447,0.9870967550235016,19.083154168020965,64.20647522758756,64.64813282263448,21.10276741086527,49.985791820362444,55.71823094275718,38.432582056563575,Financials
2020-11,USB,Equity,0.9672831635316583,0.9834852182834355,19.299948746058647,49.376078867434124,44.476654394653224,27.90294032550589,40.58522452919775,43.61162381721421,35.51231084772101,Financials
2020-12,USB,Equity,0.9791022846324302,0.9898757158507062,19.16890404025774,74.8469428345795,72.2619799854239,25.471645315884313,57.526856045295894,64.19639447609377,44.70477175353127,Financials
2021-01,USB,Equity,0.982193540995686,0.989996854012535,19.521354477594762,75.60335571945893,75.23415237179358,26.340921314826698,59.05947646869307,65.64010783423288,45.97205440714652,Financials
2021-02,USB,Equity,0.9782864942703287,0.9842936054158699,19.243493406038382,66.98731691386027,48.89508452838529,19.072333088765756,44.984911510337106,51.97665043319887,34.61988014170856,Financials
2021-03,USB,Equity,0.9819709964573949,0.9899331013362381,19.71436885262381,74.37371299768323,81.72789148166395,27.475166359635892,61.19225694632769,67.20025721526798,47.70542071165097,Financials
2021-04,USB,Equity,0.9846046718504294,0.9910554274916966,19.443264518660104,69.42129800384734,77.87723521998775,26.547075957578535,57.94853639380454,63.38323475943571,45.38795221931414,Financials
2021-05,USB,Equity,0.9856705768773404,0.9913135375406803,19.525936357603598,71.02520508077545,75.44582337789099,21.052736540801185,55.841254999822546,62.35689686191525,41.925847616214,Financials
2021-06,USB,Equity,0.9873252742050759,0.9899333649405553,19.359860202006963,77.9033621071709,59.89748202295766,13.043410374318402,50.28141816814898,59.52960773533643,35.386215050616755,Financials
2021-07,USB,Equity,0.9814908526969228,0.9860005398389229,19.265317945384105,58.448358976329374,55.94194928279917,10.782645489481835,41.72431791620346,48.1632933709008,29.347648945514813,Financials
2021-08,USB,Equity,0.983937606261395,0.9888246910420208,19.01521965750773,60.225361951431985,59.11654799669347,6.693340637042021,42.011750195055825,49.186313502132435,27.884386371850304,Financials
2021-09,USB,Equity,0.985795959438911,0.9907749616715471,19.40260093606117,74.79719560791483,73.65206847468356,16.525261083352586,54.991508388650324,62.799270563033005,39.605009466531236,Financials
2021-10,USB,Equity,0.9861378089867004,0.9922723264664144,19.341504668592062,72.06704911937017,83.53922017440604,17.669078056322537,57.75844911669959,64.62910622327139,41.72270069254876,Financials
2021-11,USB,Equity,0.986587669661565,0.9890141845367812,19.082196929457787,73.59688028275959,57.34355170232986,8.038090760266567,46.326174248452,55.60912380413206,31.01094085317783,Financials
2021-12,USB,Equity,0.9820490183497868,0.9860768239536776,19.221423485895464,70.85722855629795,59.91729113983444,8.820556764484417,46.531692153538934,55.16791297299619,31.447237997917128,Financials
2022-01,USB,Equity,0.98246605715466,0.987222073510497,19.70378092069778,61.034870980132084,60.577430161990286,16.1545364606781,45.92227920093348,51.92157183079875,34.01518210483133,Financials
2022-02,USB,Equity,0.9813934942423708,0.9847972126552273,19.641915477282563,71.47099344178555,61.089084663386394,13.541620183834151,48.700566096335365,56.77054615667553,34.636987731334884,Financials
2022-03,USB,Equity,0.977754556244369,0.9836084254656658,19.70834101372065,71.31220926005906,57.242017460159985,15.999202624364353,48.18447644819447,56.02855039295039,35.310366918662424,Financials
2022-04,USB,Equity,0.9836587812558799,0.9874601826988618,19.66346141998352,73.23840211727966,63.87001487937244,18.352480873830736,51.82029929016094,59.45070169721772,38.43317192362886,Financials
2022-05,USB,Equity,0.9843114429205109,0.988253603704583,19.508364785334326,86.68233961179382,82.4134997706405,11.909603113438152,60.33514749862416,70.44714035977668,40.96492974454976,Financials
2022-06,USB,Equity,0.9830682621158198,0.9870666039577956,19.44230295729333,79.05787759565139,76.13775655831252,15.940196800500194,57.04527698482136,65.55830512541948,40.6032449110929,Financials
2022-07,USB,Equity,0.9825856316686419,0.9887172371277012,19.189591756428158,68.52729929035657,77.98657039338137,13.330104838463495,53.28132484073381,60.325641730885394,37.30083683982569,Financials
2022-08,USB,Equity,0.9839460693087858,0.9887530142898886,19.21815807073016,70.91992241628542,68.97907182033282,11.747865041036993,50.54895309255175,58.50325576244995,35.028517871945844,Financials
2022-09,USB,Equity,0.9852759784666214,0.9872902728824575,19.482547764431033,83.90087496077382,83.64261467714552,16.55561707828557,61.36636890540163,70.35434529918768,43.44206817455521,Financials
2022-10,USB,Equity,0.9782552977957637,0.9844188977270123,19.69395108980797,62.93058541381741,67.0989322092851,24.48869886502177,51.50607216270809,56.492712142698586,40.69912284363357,Financials
2022-11,USB,Equity,0.9799874015162257,0.9875778235708446,19.65498476913737,74.50521920691003,67.52309871097346,16.85384055258269,52.96071949015539,60.88030732726359,38.517967915126306,Financials
2022-12,USB,Equity,0.9841666798090604,0.9882443124484356,19.734035886283365,76.61414896642974,58.62272291964582,26.235879784841494,53.82425055697235,61.141067316076914,42.78890224812001,Financials
2023-01,USB,Equity,0.984945899379784,0.9916844115339751,19.672573469160074,78.19216350694322,86.4267562295785,20.49016145754636,61.70302706468936,69.12214091385442,45.21788082183216,Financials
2023-02,USB,Equity,0.9840568720430778,0.9914175349250547,19.193174725724976,77.2161661389591,78.30957221694833,5.290136643432792,53.60529166644674,63.1589820632506,34.27922965724116,Financials
2023-03,USB,Equity,0.9703837270456871,0.9724624164522334,20.139137003336703,19.485439842010898,0.0,29.67878456879756,16.38807480360282,15.678476834764961,21.704358709680715,Financials
2023-04,USB,Equity,0.9684780914056356,0.9751878736577135,19.967438573747856,0.0,0.0,27.083313133775068,9.02777104459169,5.416662626755014,16.24998788026504,Financials
2023-05,USB,Equity,0.969009366768153,0.976464609235446,19.813611931053497,3.5593068493521876,0.0,21.810825303662597,8.456710717671594,6.1418184854086135,13.798356552067995,Financials
2023-06,USB,Equity,0.9772060884990711,0.9880717546374007,19.79122130763347,63.59960664341136,52.32013260941021,16.707423129947752,44.20905412758977,50.8373277305183,33.20840172853297,Financials
2023-07,USB,Equity,0.9803375637749271,0.9899445322489452,19.86290076265942,26.242784288278457,57.9613410774474,23.508521418734595,35.90421559482015,35.21149875112037,30.94593792438593,Financials
2023-08,USB,Equity,0.980964272646969,0.9881412260279696,19.614479126970043,41.81137197973824,57.96087614485974,15.005575212395586,38.25927444566452,41.29506387580615,28.957794752356946,Financials
2023-09,USB,Equity,0.9845333749907675,0.9865305358469915,19.627146215719193,50.57821190253993,41.032721121008095,17.73212770212642,36.44768690855815,41.145347827997675,28.961463225985458,Financials
2023-10,USB,Equity,0.979020546069624,0.9838514831386004,19.59719644167989,45.91819121319032,55.34619408987586,13.431740824526846,38.232042042531006,42.24930199846328,28.311921555329345,Financials
2023-11,USB,Equity,0.9717304258722548,0.9857764721661572,19.38823616128029,5.428142968870082,31.431503443357368,10.960780987446686,15.940142466558044,14.335678714931587,13.948397874913503,Financials
2023-12,USB,Equity,0.9794486636838295,0.9924435488342394,19.623703037438265,23.015369502518602,53.210976518392684,15.644135426061201,30.623493815657493,30.599804791989346,24.631750459818978,Financials
2020-01,V,Equity,,,21.18899178032153,,,83.04761517127149,,,,Financials
2020-02,V,Equity,0.9841588393705945,0.9872976485493166,21.33447486886706,63.71563971901203,59.99733749307179,76.88554196371193,66.86617305859858,65.23412950016994,70.87392062064393,Financials
2020-03,V,Equity,0.9542131656600887,0.9644435705006692,21.818905475279422,81.47324669360349,82.98666899838891,90.7502218061705,85.07004583272096,83.7826684075525,87.34211622210077,Financials
2020-04,V,Equity,0.9469524766620206,0.96707827745236,21.376924972476488,71.13017452609444,70.26359986048874,73.78386648101987,71.72588028920102,71.40094051739781,72.54907476592857,Financials
2020-05,V,Equity,0.9745990318963816,0.9871907767130518,21.22299594048873,77.6932347465518,93.21043990406375,73.25454217427588,81.38607227496381,81.4606577793502,78.13346023468864,Financials
2020-06,V,Equity,0.982466326554265,0.9880848828621581,21.208693040510113,88.55489291759893,85.48045902628604,60.160715620287085,78.06535585472402,81.95372729074269,70.90349976094925,Financials
2020-07,V,Equity,0.9842392361884561,0.987762682220724,21.037649234476262,92.72480922471773,80.23613462017435,65.0442408406984,79.3350615618635,83.44209316655085,73.61873327339745,Financials
2020-08,V,Equity,0.9879730280264007,0.9919542950471147,21.076523071189733,89.0151250777879,84.43911261094092,70.14681348965051,81.20035039279311,83.86865902010632,76.77893563153607,Financials
2020-09,V,Equity,0.9850299637941311,0.9888298292557691,21.109489007279766,71.75866910293091,78.29018211901094,61.76528653097838,70.60471258430674,71.71944649336442,67.06894216297539,Financials
2020-10,V,Equity,0.9865989353095084,0.9896442496336629,20.95781534723529,89.28705995311965,76.01364620221412,67.92013505411624,77.74028040315001,81.0316508480473,73.8122222635365,Financials
2020-11,V,Equity,0.9782499880263551,0.9867368920748678,21.06685095781186,74.75931412630692,64.33362083531506,70.91864077715508,70.00385857959235,70.86347146917899,70.36977145861744,Financials
2020-12,V,Equity,0.9871229646428666,0.9930881546069535,21.177956109634522,91.25472567282958,89.16935647857122,76.34402225445572,85.58936813528551,87.6469742308773,81.89122978295359,Financials
2021-01,V,Equity,0.9871397464711555,0.9904794016089956,21.35018864933979,87.99324781032898,77.57992261242048,75.03182838586878,80.20166626953942,82.27696636606439,78.13373111607115,Financials
2021-02,V,Equity,0.9817882144587761,0.987688929452498,21.446940349541567,77.04397480640714,67.75992192190621,78.14441033899115,74.31610235576817,74.47884604757365,75.84742554905736,Financials
2021-03,V,Equity,0.9826666085709114,0.9887568192127496,21.344445252992283,76.73649247249776,76.03700419693205,70.86350555800581,74.5456674091452,75.35204860692966,73.07280266868945,Financials
2021-04,V,Equity,0.9858275044444976,0.9903559903242967,21.10778536401187,74.08778033930932,74.80509869322866,74.59918283392469,74.49735395548755,74.4052563444082,74.53808550686242,Financials
2021-05,V,Equity,0.9888204655118733,0.9923998790484765,21.01428034323838,83.04803918795734,81.42461803220499,65.75837651491642,76.74367791169291,79.10308030662344,72.34955735298232,Financials
2021-06,V,Equity,0.9915070896185397,0.9945418791874697,21.1545344142241,92.8755063664913,87.23993180217684,59.485404717733815,79.86694762880065,84.50681366744547,71.71433046437392,Financials
2021-07,V,Equity,0.9895046734319511,0.9930343485937433,21.25466129829309,86.47928634593092,86.29208721139364,62.92901874088297,78.56679743273584,81.71307308456014,72.31168595599469,Financials
2021-08,V,Equity,0.9882965787391796,0.9904730847647877,21.08161442786741,78.62085715791962,67.31399627421274,57.730315042903555,67.88838949167864,71.05069046980435,63.8251597121686,Financials
2021-09,V,Equity,0.9900769733543046,0.9919705803512932,21.137011968190375,89.48186765624924,82.13144832911641,66.66949029848107,79.42760209461558,82.71426638655575,74.32435737616177,Financials
2021-10,V,Equity,0.9839766048211164,0.9893599111646306,20.95264709161533,62.48332265839448,59.26846511292516,61.22208472584273,60.991290832387456,61.26661780824333,61.083608389769566,Financials
2021-11,V,Equity,0.978238055439816,0.9811762626129918,21.736505184645274,39.28612780529524,9.050799680958269,64.04774650132184,37.46155799585845,35.16785310719946,48.0960333980438,Financials
2021-12,V,Equity,0.979949514150348,0.9872794142656829,21.347604822717354,64.14926398917015,65.67951014024261,54.78630362134837,61.538359250253706,62.73574576092753,58.837536998691576,Financials
2022-01,V,Equity,0.9859913418298889,0.991557870037705,21.462865427980567,74.13450505073791,78.85308276408875,57.618473395968984,70.20202040359855,72.24687203378937,65.16860160054672,Financials
2022-02,V,Equity,0.9730370801859964,0.9886845426866369,21.314417273925272,45.96500260502885,76.07807615444769,52.39538558580355,58.14615478176003,56.285001266009445,55.84584710337744,Financials
2022-03,V,Equity,0.9804607893191885,0.9844017566021159,21.215049484301097,78.07826183392163,60.22137807176906,52.19889075041281,63.49951021870117,67.5453224885741,58.97926243138582,Financials
2022-04,V,Equity,0.9818315892424005,0.98825137134884,21.14091919008296,67.200173237597,67.29745976955839,52.320773812519974,62.272802273225125,64.25347931217001,58.29199088894306,Financials
2022-05,V,Equity,0.9732575080315368,0.9806766914161175,21.251890924537854,55.35763818789587,57.43424671260691,52.98562111337425,55.25916867129234,55.50621733040486,54.349749648125105,Financials
2022-06,V,Equity,0.9785066409912188,0.9848503699586931,20.789034620878184,65.12665294675041,66.27087590487534,49.140887378273334,60.179472076633026,62.27276672049248,55.76403819728915,Financials
2022-07,V,Equity,0.9830159614153976,0.9888395718630815,20.75844867209142,70.2232776536358,78.51394011196814,50.87059971006068,66.53593915855487,68.83994080242049,60.269803379157196,Financials
2022-08,V,Equity,0.9868838377442125,0.9915163607696829,20.763967536240763,82.76894694574781,82.44308294897826,49.01116345402761,71.40773111625123,75.9196310483729,62.44910405136177,Financials
2022-09,V,Equity,0.9863802528659097,0.9878597000365126,20.869614308119342,88.3184103593627,85.86365915596281,52.56824478188092,75.58343809906881,80.43195188284638,66.37736077219365,Financials
2022-10,V,Equity,0.9847656184179214,0.9899107997516394,20.967880019901607,88.38908362150589,86.08960117788294,55.97966721363338,76.8194506710074,81.2173556068445,68.48353728805779,Financials
2022-11,V,Equity,0.9790436668509657,0.9880912799107868,21.12591534451482,70.8497849183542,69.70400540662844,56.410506116737466,65.65476548057336,67.61819530451312,61.95706173503901,Financials
2022-12,V,Equity,0.9833278042554926,0.9899022192871815,20.807363441249596,73.5716374106749,68.57161929451996,53.9505136821895,65.36459012912812,68.14740723013134,60.79895955035267,Financials
2023-01,V,Equity,0.9879609425098559,0.9940632935086111,20.932838786108434,90.28771076740563,100.0,52.1848420588522,80.82418427541927,85.58082379547325,69.36844738879245,Financials
2023-02,V,Equity,0.9901769797089128,0.994918020831446,20.800880395826706,97.0607787453408,100.0,44.397875582122936,80.48621810915458,87.40996448909499,66.05088109834192,Financials
2023-03,V,Equity,0.9899127104051406,0.9929203117735229,21.056682778642895,93.48500536145482,90.5068909379472,51.057270027725025,78.34972210904235,84.10602396765658,67.43274127651542,Financials
2023-04,V,Equity,0.9903810539342321,0.9951559463867621,20.87771080177221,83.69065475086217,87.42453285836572,48.61328415967153,73.24282392296648,77.7953440648751,63.3910080176485,Financials
2023-05,V,Equity,0.9890823368007161,0.992608229118784,20.86117708454165,77.86221744510246,81.96911203842147,46.274987148577736,68.70210554403388,72.77683976379322,59.73125818585143,Financials
2023-06,V,Equity,0.988348650027403,0.991740811476336,21.128620993875685,89.73473200618854,74.93936998502306,45.32172659936955,69.99860953019372,76.4135223184751,60.12785635786405,Financials
2023-07,V,Equity,0.9904173177001914,0.9946917753359961,20.982849360749967,88.34550647330224,96.35267488236207,46.785690816287,77.16129072398377,82.43569386461714,65.01105076090506,Financials
2023-08,V,Equity,0.9924514419436347,0.9946010950009005,20.757639346148885,98.00217522512197,94.49833641717159,37.41013046851401,76.63688070360253,84.83261463141527,60.94618060956712,Financials
2023-09,V,Equity,0.9914017460563305,0.993335889904818,20.94022580943055,87.06473845658066,88.21313470943201,44.64578394410574,73.3078857033728,78.92546642994108,61.84304499966598,Financials
2023-10,V,Equity,0.9900771436608494,0.9919880417270882,20.93730816963256,92.70385688313294,91.027765467786,41.73689748976604,75.15617328022832,82.00763757985548,61.78846296404342,Financials
2023-11,V,Equity,0.9897522283113037,0.9938161111704573,20.985187585820704,94.39249928299883,88.63437212286017,44.16597423419857,75.73094854668585,82.61975612519718,63.10495882169094,Financials
2023-12,V,Equity,0.993783880919074,0.9965546645468318,20.96515226049168,98.97675768391049,94.32779758738793,44.206946549650645,79.17050060698303,86.62810742810174,65.18507898405008,Financials
2020-01,WFC,Equity,,,20.456250383897892,,,61.03951964086678,,,,Financials
2020-02,WFC,Equity,0.9864801145842211,0.9882367875982441,20.424635077011786,74.52693035191824,64.458598372517,53.743298296479324,64.24294234030486,67.34970434701009,60.043084722774644,Financials
2020-03,WFC,Equity,0.9448568679524396,0.9533619178508193,20.982695159032975,67.91764530444443,68.0965985428792,67.80908485799151,67.94110956843839,67.94961918668429,67.88829968425964,Financials
2020-04,WFC,Equity,0.9370420721135199,0.9583970073840821,20.68972858855497,55.82838200429199,50.61467864865269,55.75849768376809,54.067186112237586,54.25029413349542,54.74371074084979,Financials
2020-05,WFC,Equity,0.959992169401,0.9727062478890012,20.88162807121458,45.53537511429924,45.959241344054355,65.08582475871248,52.19348040568869,49.572624912108424,57.3504181468982,Financials
2020-06,WFC,Equity,0.9546040055985816,0.9703373544754785,20.960288644343482,51.652892143412366,36.56436130548232,55.24976628521575,47.82233991137014,47.84570772039403,50.79331046090839,Financials
2020-07,WFC,Equity,0.9662632917034112,0.9739591458814644,20.64261280828204,44.13391982481717,34.4481448168155,56.13154859738438,44.90453774633901,43.62771307693011,49.39534208675716,Financials
2020-08,WFC,Equity,0.9773243080615773,0.9849028614774318,20.38268603072499,63.00043251975964,54.77552598745018,53.89612537135178,57.224027959520534,58.712099130385226,55.89286692425303,Financials
2020-09,WFC,Equity,0.9807972694224829,0.9862679568594656,20.635301221214977,57.36646603656471,68.2150140961649,51.74574193165247,59.10907402146069,59.49688563346231,56.163741185537404,Financials
2020-10,WFC,Equity,0.9781234832697763,0.9823619116875041,20.319771976960034,59.04457398200379,43.523878007396775,51.985783092427475,51.518078360609344,52.97660701170642,51.705160253336594,Financials
2020-11,WFC,Equity,0.9712400769644111,0.9845597333427738,20.549448007822626,58.534542615178594,51.03838562657612,58.32232946943847,55.96508590373106,56.24325288944983,56.90798333001403,Financials
2020-12,WFC,Equity,0.9728773788707354,0.9885914710999292,20.57652943371042,62.112748004021476,65.50287540529479,61.11494729672504,62.9101902353471,62.93022608294418,62.192093059898276,Financials
2021-01,WFC,Equity,0.9743631867553924,0.9857457264921531,20.729069169761406,55.98887658961335,54.568484363982726,58.49513450328012,56.35083181895873,56.06401050465752,57.20855289268728,Financials
2021-02,WFC,Equity,0.9738972615020138,0.982537208142488,20.745538007189047,54.38179448881758,39.136325540045185,59.34055691601573,50.95289231495949,50.7999062896255,54.30795815538199,Financials
2021-03,WFC,Equity,0.9778762235905588,0.98812375803591,20.827863184232964,60.46503444566819,72.97423572515652,57.11345186846189,63.517574013095526,63.54747831407342,60.95592515524207,Financials
2021-04,WFC,Equity,0.979703229363888,0.988298082844948,20.75525388419239,50.71677958269948,65.76615562490505,64.4221517724829,60.30169566002915,57.97266683331784,61.94987810501065,Financials
2021-05,WFC,Equity,0.9828807325277662,0.9900694513903581,20.785810088228743,60.376626768493914,68.59886450568324,58.895776831081335,62.62375603508616,62.547128102168195,61.13256435348423,Financials
2021-06,WFC,Equity,0.9850269357084991,0.988315008223381,20.662540895503074,69.67462599014699,50.295724299451486,46.753756790831765,55.57470236014342,59.276781643075296,52.04632413241875,Financials
2021-07,WFC,Equity,0.9771732277379279,0.9839702084360181,20.698348897709185,43.34607061270811,47.18128485946149,48.34648122024283,46.29127889747081,45.49671700824107,47.11335982657962,Financials
2021-08,WFC,Equity,0.9811555959154812,0.9898013759834637,20.66240551976123,48.48487534742685,63.973594089705585,47.37645883855387,53.27830942522877,52.90980766833587,50.91756919055881,Financials
2021-09,WFC,Equity,0.9779855860221367,0.9818249008632878,20.716461986127424,48.006165616643635,10.177846635306993,54.51080685705112,37.56493970300058,37.95859817032414,44.3432865646208,Financials
2021-10,WFC,Equity,0.9820725906475731,0.9904838546085897,20.635941605056743,54.04008934076495,68.6349026586213,52.66078314799921,58.445258382461816,58.142672097568706,56.13146828867678,Financials
2021-11,WFC,Equity,0.9833007146422548,0.99072258380936,20.71317522056571,60.08992090991227,67.86972218812201,42.45403790112976,56.80456033305469,58.896684691618695,51.06435136028472,Financials
2021-12,WFC,Equity,0.9771986620933372,0.9825510574125939,20.60121529578121,55.360227924001684,43.02355870974463,38.65016722620735,45.67798461998456,48.317215020165705,42.86685766247367,Financials
2022-01,WFC,Equity,0.9782440368583816,0.9886034821216875,21.266421425340095,45.34623133393791,66.40015355808144,52.98802971740885,54.911471536476064,53.19076767787516,54.14209480884918,Financials
2022-02,WFC,Equity,0.9831653881390429,0.9900654979252956,21.095969326699898,76.87928331197807,81.40284306503787,47.320637498193776,68.5342546250699,72.32462207513915,60.04880777431946,Financials
2022-03,WFC,Equity,0.971490266967691,0.9775851927937158,21.030164022134127,55.650398391564394,34.62172518515237,47.75689271285859,46.009672096525115,47.763095293899624,46.70856034305851,Financials
2022-04,WFC,Equity,0.978805866204963,0.983594689321202,20.771360084192153,57.201219601746544,47.12462106504861,43.82422506431845,49.383355243704536,51.50284113325154,47.1597031719501,Financials
2022-05,WFC,Equity,0.9787631426091029,0.9840301912977655,20.703683101787963,70.95953570435157,68.48992730974042,40.07030319031346,59.839922068135145,64.0408066831606,51.93207451700647,Financials
2022-06,WFC,Equity,0.9751129092279608,0.9820111269368859,20.46954907104141,54.76217104423535,53.630300923342446,41.264677758336596,49.8857165753048,51.72311135078773,46.437301048517526,Financials
2022-07,WFC,Equity,0.9756730091890484,0.9871085917055307,20.338963656636434,41.28386969411439,71.05190150347863,40.83292520056463,51.05623213271921,50.12409033821371,46.96690935985738,Financials
2022-08,WFC,Equity,0.9829889896628518,0.9916573607678554,20.099234922855157,67.05969297663094,83.1300853058724,32.987112437330666,61.058963573278,65.06629456754332,49.83022311889907,Financials
2022-09,WFC,Equity,0.9829383873476814,0.9865670665449239,20.203691985536974,74.54958372192944,80.82175615013985,35.278798365774946,63.55004607928141,68.57707837916166,52.24154699387883,Financials
2022-10,WFC,Equity,0.9782804451860724,0.9865912912978023,20.31336802798619,63.028923856462235,74.61093934040002,39.80041581718368,59.14675967134864,61.85782689378786,51.40822212968266,Financials
2022-11,WFC,Equity,0.9828911799083102,0.9905657392921077,20.27798296975789,85.75262961952758,80.2142759263297,33.60767780468573,66.52486111684767,73.66213314859984,53.35798779198289,Financials
2022-12,WFC,Equity,0.9841958650748691,0.9856206011355345,20.34523927397041,76.7200007916537,42.87815189816244,42.01790089124854,53.872017860354894,59.6270261435253,49.13037107271235,Financials
2023-01,WFC,Equity,0.9876566050056146,0.9925415645281708,20.43903494627555,89.06679003530513,91.31743456621368,39.76606422475356,73.38342960875745,79.88183823246737,59.9364834551559,Financials
2023-02,WFC,Equity,0.9881548783747075,0.9935458710114567,20.40719782719168,90.50406114833474,91.49760422584119,34.821474002400116,72.27437979219202,79.66560664239975,57.29321747627526,Financials
2023-03,WFC,Equity,0.9769193807840005,0.978734884005206,20.74234689266126,44.250453366721985,27.749752739125945,43.733357315648135,38.57785447383202,39.19682396822841,40.64005561055846,Financials
2023-04,WFC,Equity,0.9779244708023432,0.9845648643235689,20.52216894026379,36.094371969241315,41.05448931919658,40.20392513376396,39.117595474067286,38.40431780713242,39.552127337945954,Financials
2023-05,WFC,Equity,0.9786813907201952,0.9853872269150301,20.55261906147419,39.361658460634104,45.30452609384686,39.06912182389193,41.2451021261243,41.0860114232495,40.37471000523135,Financials
2023-06,WFC,Equity,0.9826471872825786,0.9905266433394327,20.289889071063712,76.36182459990593,67.45418823175007,27.37665751066115,57.06422344743905,63.89250027161021,45.18919707272789,Financials
2023-07,WFC,Equity,0.9850806866745966,0.9928754629855041,20.28395189758182,55.46580361113123,81.66401191249413,32.259707508283995,56.463174343969776,58.68404688097065,46.78178760969547,Financials
2023-08,WFC,Equity,0.9872983663468211,0.9901329953464434,20.008529851010895,72.79531620780206,69.22645949497011,22.728491976266604,54.916755893012926,61.711294347645385,42.0414503263144,Financials
2023-09,WFC,Equity,0.988032813375067,0.9912841609770325,20.1913940270614,69.16811485247707,73.98883152671581,29.297284683075986,57.48474368742296,62.64016382086847,46.20976008568417,Financials
2023-10,WFC,Equity,0.9852125973305412,0.9882705599202027,20.128645187416026,72.11967297231011,74.72534583964709,24.656730274165845,57.16724969537435,63.408786292882354,44.16304192689095,Financials
2023-11,WFC,Equity,0.9847103256594023,0.9920179270621833,20.2676678023336,69.50322277794695,75.84010494840729,29.246683200713637,58.19667030902263,63.35297951363839,46.61667546569903,Financials
2023-12,WFC,Equity,0.9862627765115665,0.995253944521993,20.499636418583705,59.12291228512364,81.31880531836916,34.29494925675961,58.24555562008413,60.816087589424484,48.66531307475432,Financials
2020-01,WMT,Equity,,,20.284756801052506,,,55.88866127182421,,,,Consumer
2020-02,WMT,Equity,0.9906201979996812,0.993014998303341,20.28977111880878,93.80928204647765,87.15688199381756,50.31296406555145,77.09304270194889,83.11429843449437,66.3810112473899,Consumer
2020-03,WMT,Equity,0.9627542859345207,0.9771054195590808,21.08611820883533,93.84780183013044,100.0,70.64645998123133,88.16475393712058,91.05319291131148,81.15743635476488,Consumer
2020-04,WMT,Equity,0.9656503938689986,0.980216389091485,20.793941029985458,100.0,100.0,58.49202151188688,86.16400717062896,91.69840430237738,75.09521290713212,Consumer
2020-05,WMT,Equity,0.9847312936980062,0.988963991444207,20.668963242057174,100.0,98.99499267544742,59.99688977104154,86.33062748216298,91.69787575684254,75.79713239771439,Consumer
2020-06,WMT,Equity,0.9911077888113763,0.9933528003289873,20.55045420457899,100.0,100.0,47.14734861262089,82.3824495375403,89.42946972252417,68.28840916757252,Consumer
2020-07,WMT,Equity,0.9831440835295013,0.9937208217928318,20.422079351084818,89.76449513543302,100.0,51.15593950662548,80.30681154735284,85.11343546904162,68.64646273106189,Consumer
2020-08,WMT,Equity,0.9886257144774316,0.9940456889549494,20.59205200370238,90.60963009026342,93.23707457652219,58.7997856417242,80.88216343616995,85.03589454643321,72.04921231839165,Consumer
2020-09,WMT,Equity,0.9791196298016868,0.9897433792138496,21.097234872076143,51.662078246033595,81.8829330062936,61.506357773622966,65.01712300865005,62.69719057962947,63.61281691463922,Consumer
2020-10,WMT,Equity,0.9885427958992152,0.9922825525374002,20.339256177526806,96.22323000498545,87.78429601328875,52.472377145413475,78.8266343878959,84.94137923556205,68.28493149090292,Consumer
2020-11,WMT,Equity,0.9885937459387037,0.9925774332628514,20.547943568160285,98.70043223911506,100.0,58.28570348898955,85.66204524270154,91.00735681735544,74.71150854121674,Consumer
2020-12,WMT,Equity,0.9912159709623997,0.9937236961201147,20.68157498364114,99.6277263110671,92.51427305297848,63.77486681461634,85.30562205955397,90.32311843435036,76.69331996157891,Consumer
2021-01,WMT,Equity,0.9919329975331982,0.9945956705312168,20.793746815395806,100.0,97.59001324594013,60.2171130630713,85.93570876967048,91.3204265863963,75.6482704870308,Consumer
2021-02,WMT,Equity,0.9865030962317655,0.9883677020155383,20.878242954853718,90.58473490231371,71.53126565546478,62.89823591665975,75.00474549147941,79.33139433112825,70.16214166155154,Consumer
2021-03,WMT,Equity,0.9847585181212307,0.98712489047349,20.91179439362321,83.84206302341411,68.14168527097716,59.34747953828783,70.44374261089303,74.23303300065777,66.00523738185095,Consumer
2021-04,WMT,Equity,0.9909865375082063,0.9960658710568604,20.603018022323024,93.77529666545522,99.88459686624525,60.02734114251245,84.56241155807096,88.85849562110367,74.74838339184757,Consumer
2021-05,WMT,Equity,0.990443720774205,0.9935672727527776,20.70953152672982,89.24385465859459,87.84949196794766,56.604584780703334,77.89931046908187,82.29769187582225,69.38142019373045,Consumer
2021-06,WMT,Equity,0.9917549870656548,0.9939393657380223,20.57574024945201,93.76305303528355,83.66520188920119,44.50755796239472,73.97860429562648,80.88259867688107,62.19018576233378,Consumer
2021-07,WMT,Equity,0.9909907882146333,0.9946666170958542,20.52576497636979,91.67745297750665,93.335152484048,43.822563533437005,76.27838966499722,82.60378494065512,63.29605921237313,Consumer
2021-08,WMT,Equity,0.9928771037530485,0.9970457890429816,20.695090068783067,97.95133615618246,100.0,48.183720120774545,82.04501875898568,88.61241210224614,68.50049930370122,Consumer
2021-09,WMT,Equity,0.9931433183689796,0.9944901011799947,20.605815486727305,100.0,100.0,51.31186305134901,83.77062101711634,90.26237261026981,70.78711783080941,Consumer
2021-10,WMT,Equity,0.9920035268149292,0.9938218569549991,20.582308883024748,98.07821273741749,96.45230812779761,51.21096327671755,81.91382804731087,88.21699146239153,69.63268213907355,Consumer
2021-11,WMT,Equity,0.9916032400371483,0.9945916651059535,20.55999126333047,94.20717306032164,91.70876848428425,39.22163989572468,75.04586048011019,82.46054505459102,60.71617224635599,Consumer
2021-12,WMT,Equity,0.9868964806905676,0.989515655756373,21.096941183242016,86.34498306097441,76.39447522728783,49.36722614248854,70.7022281435836,75.96427932717125,62.168227343145574,Consumer
2022-01,WMT,Equity,0.9887075583860112,0.9915585041415917,20.783617237005288,84.22771630024151,78.85575555149352,41.60769958868095,68.23039048013867,74.092124733305,57.58131412355557,Consumer
2022-02,WMT,Equity,0.9885912538007156,0.9917886925717255,20.735360642947153,93.44046361186162,88.04723643634489,38.943363866220984,73.47702130480916,80.92307551007848,59.66355832937389,Consumer
2022-03,WMT,Equity,0.9866337358070573,0.9933237759008222,20.75092645886704,93.51169987042461,93.72808372500681,41.04802175293615,76.09593511612252,83.08387940330158,62.076769770847974,Consumer
2022-04,WMT,Equity,0.9885279282557635,0.9940631289800914,20.733998403958374,89.32922553223729,92.47410884911883,42.96524112274884,74.92285850136832,80.99989364540406,62.13981154992053,Consumer
2022-05,WMT,Equity,0.9794799004713882,0.9812698665461459,20.890550827326777,72.99068807270086,59.38980210464548,44.47275055559694,58.95108024431443,63.20683477886347,53.15974836882744,Consumer
2022-06,WMT,Equity,0.9762270551057406,0.979125292612848,20.58925918894989,58.16478079437216,40.782297114896934,44.21586595059203,47.72098128662037,50.16025272177357,46.318935152209036,Consumer
2022-07,WMT,Equity,0.9865543506430198,0.9915428313223515,20.42746867901093,84.1684711155093,90.16735298665952,42.95072339196672,72.42884916471185,77.72458613214586,60.6375988556138,Consumer
2022-08,WMT,Equity,0.978101705803544,0.9834631229299979,20.671326870830217,47.34760619911358,43.204831543306085,46.77796664847506,45.77680146363158,45.99084589224363,46.177267537568966,Consumer
2022-09,WMT,Equity,0.9856675021723367,0.9904772766852297,20.420013270556822,85.46712500740952,96.0734886699098,40.89518204774897,74.14526524168943,79.7346455142275,60.84523196411325,Consumer
2022-10,WMT,Equity,0.9859516271669226,0.9904955484204695,20.379220158397256,93.02695068875686,88.1116271262308,41.42825180196747,74.18894320565171,81.23261384264116,61.084666644178014,Consumer
2022-11,WMT,Equity,0.9849893713979225,0.9925521722446966,20.52777128083484,93.87970325305987,88.65165334240761,40.32505308296531,74.28546989281092,81.60035824584527,60.701303168872684,Consumer
2022-12,WMT,Equity,0.9865091471811521,0.9916986803029307,20.518576466553334,85.11002659482956,79.35196235692644,46.49367980049399,70.31855625074999,75.6593379645915,60.78860567064759,Consumer
2023-01,WMT,Equity,0.9888504775350961,0.9918127734482611,20.361512048924297,93.85628755833655,87.15915387352149,37.81642438479872,72.94395527221893,80.63917481818446,58.89294291725084,Consumer
2023-02,WMT,Equity,0.9893262688237251,0.9924984229843715,20.440486084410583,94.30232597320656,85.0071922100379,35.63121704010331,71.64691174111591,79.77956405763531,57.24063386071087,Consumer
2023-03,WMT,Equity,0.9906794400224989,0.9929815392697975,20.71215887047344,96.39031064596848,90.77776485927184,43.0299872923262,76.73268759918885,84.03448223923102,63.25160747644379,Consumer
2023-04,WMT,Equity,0.9923548018686142,0.99654325855469,20.34289978276491,91.23229468773985,93.49848500465278,35.9638092124371,73.56486296827657,80.85845468775318,58.52444146594078,Consumer
2023-05,WMT,Equity,0.9940953287011152,0.9960084375884815,20.450922045824136,96.41850923392693,99.23364570687599,36.694155224703785,77.44877005516891,85.31817937396703,61.14692412298285,Consumer
2023-06,WMT,Equity,0.9927251884460313,0.995282588459023,20.646974855783043,100.0,96.77394432378608,35.016678002429856,77.26354077540532,86.03551889762178,60.36479566621513,Consumer
2023-07,WMT,Equity,0.9912324237585051,0.9941952442998124,20.324484172890486,93.36748473448861,92.33718875597788,33.10213602691124,72.93560317245924,81.00532619941991,57.002216314240044,Consumer
2023-08,WMT,Equity,0.992845287607763,0.9955032717242891,20.40658741511127,99.92871636424387,99.60110960460634,30.529937950662923,76.68658797317104,85.95067865363642,58.2239279641678,Consumer
2023-09,WMT,Equity,0.9925614996786674,0.9950360401458473,20.436251635607377,93.2256434125903,100.0,34.31603109890689,75.84722483716574,83.47602792607653,59.234747341862196,Consumer
2023-10,WMT,Equity,0.9918014008079058,0.9936061459074498,20.42472137344277,100.0,98.1237015666369,30.91030052172772,76.3446673627882,85.61917057433661,58.17092062636401,Consumer
2023-11,WMT,Equity,0.9867768607555818,0.9893052438482467,20.794974508518553,79.70464215616684,56.539081410794644,40.210899650953216,58.8182077393049,64.85622543151246,51.375284503964224,Consumer
2023-12,WMT,Equity,0.9851618938165199,0.9871231841766683,20.93725151332537,53.28940614647839,0.0,43.61286981694781,32.3007586544754,35.36727703662876,36.82560311946436,Consumer
2020-01,XOM,Equity,,,20.61486745470069,,,65.8036283209811,,,,Energy
2020-02,XOM,Equity,0.9827628368490381,0.9850718160278992,20.628919017800907,57.21378724748386,49.42380254812795,58.93936553531073,55.19231844364085,55.22190749524246,56.691137280308794,Energy
2020-03,XOM,Equity,0.9539668830954273,0.9577570819920186,21.162942079785346,81.11642732124422,74.00224328684021,72.75409595523443,75.95758885443962,77.30970583772105,74.67619169475755,Energy
2020-04,XOM,Equity,0.949559312772432,0.968618185828534,20.82578685714532,75.15516312314332,73.74898139094627,59.327347180998125,69.4104972316959,71.56774541505516,65.3772372114168,Energy
2020-05,XOM,Equity,0.9631161094540082,0.9774282744689403,20.43401223952868,52.4129113241439,61.36336102545318,54.374660736307035,56.0503110286347,55.49039611696931,55.380050911703634,Energy
2020-06,XOM,Equity,0.9656656763600953,0.9777228012547422,20.639235736987835,66.30342264496086,56.92027952096781,48.90255751503243,57.37541989365369,60.00830668177726,53.986274942205185,Energy
2020-07,XOM,Equity,0.9743331231267593,0.9792449325083109,20.248602054764156,65.94753226081335,51.98173463208744,47.24199727045289,55.05708805445122,58.01668597412348,51.93105174085189,Energy
2020-08,XOM,Equity,0.9798454112072984,0.9856326950951557,20.259985687355293,69.15945665220607,57.84575029377703,51.02230213070506,59.34250302556271,62.13791384037715,56.014422667619655,Energy
2020-09,XOM,Equity,0.983575425297424,0.98620824853331,20.453907345927952,66.81288006777703,67.98019700720765,47.912905918380325,60.90199433112167,63.38308031972687,55.70635896602513,Energy
2020-10,XOM,Equity,0.9788611269332491,0.9849797475199462,20.394911200134963,61.676667000722006,55.203215055053775,53.862293191859564,56.91405841587845,58.171756655249055,55.6933523262709,Energy
2020-11,XOM,Equity,0.965430629525103,0.9848319845744831,20.650425089655485,45.08830107576831,52.700939719709304,60.780643164282964,52.85662798658686,50.51056108665354,56.0262340576653,Energy
2020-12,XOM,Equity,0.9683349294928291,0.9832215632192836,20.640646127561123,52.820328552123094,37.24052982904681,62.738483424705926,50.93311393529194,50.13001990971678,55.655261731057536,Energy
2021-01,XOM,Equity,0.9791604354513547,0.9878469760892008,20.842685296216334,68.00564256725359,64.78312186096217,61.52005187438881,64.76960543420152,65.7417682167932,63.46978401027644,Energy
2021-02,XOM,Equity,0.9768836280263204,0.986417566981314,20.884803129730486,62.95839823225427,60.69607587116842,63.07410725235858,62.24286045192709,62.302843327949375,62.57535917209969,Energy
2021-03,XOM,Equity,0.9778661875027815,0.9882728575923412,21.13987647015291,60.430944955639454,73.69558373590145,65.41842351324641,66.51498406826244,65.40783230123944,66.07635984625603,Energy
2021-04,XOM,Equity,0.9837446351301461,0.9890169803669417,20.710886414381925,66.13929016195705,68.92376782976322,63.141332486188595,66.06813015930295,66.3750419271452,64.8974110900572,Energy
2021-05,XOM,Equity,0.9821204217601313,0.9887265934214508,20.949322261299805,57.47459076348622,61.20830454973213,63.807219623375374,60.83003831219791,59.86123067133782,62.0209108366689,Energy
2021-06,XOM,Equity,0.9825298934990542,0.9891244619922062,20.850462895877627,60.73447141970556,55.098237178199604,51.61674106897346,55.816483222292874,57.220055077107354,54.13658636096511,Energy
2021-07,XOM,Equity,0.9824318283400134,0.9864852239516392,20.728130522685685,61.739725327057116,58.03330976550447,49.12714270323264,56.30005926526474,58.10528413382643,53.4308926404519,Energy
2021-08,XOM,Equity,0.9833974130997221,0.9875583181603207,20.552612174193793,57.94566856800806,52.81888618543389,44.66472134868219,51.80975870070805,53.751444409370635,48.95174375989771,Energy
2021-09,XOM,Equity,0.9827381017180824,0.9898404131676661,20.803643364710315,64.30817625682816,67.02420970077931,57.03134146503537,62.78790914088095,63.66761933165495,60.485282070542716,Energy
2021-10,XOM,Equity,0.9827253133498792,0.99162015464581,20.738647853383195,56.93454787151646,78.10431447733914,55.43717700023829,63.49201311636464,62.98600367900763,60.2700786699141,Energy
2021-11,XOM,Equity,0.9852581556393603,0.9894616019888754,20.72215421462043,68.13355882625896,60.100279859883756,42.64350736645019,56.9591153508643,60.62556484438464,51.232872157098654,Energy
2021-12,XOM,Equity,0.9831605655446212,0.9864810184435574,20.716227232240833,74.40864760067659,61.853991565736045,41.13660122187159,59.13308012942807,63.98784151443343,51.93448856640548,Energy
2022-01,XOM,Equity,0.9836797050431807,0.9939086101703319,21.370381932246676,65.54467506542986,88.76159893916964,55.43851568570031,69.91492989676661,70.48852035160589,64.12436421234008,Energy
2022-02,XOM,Equity,0.9806758791354496,0.9924103777723445,21.505253914059114,69.28064190846406,90.44436611324505,56.828697442773915,72.18456848816102,73.13937027676033,66.04222007000617,Energy
2022-03,XOM,Equity,0.9765577533147302,0.9841043672217912,21.646596015712447,68.31999413349257,59.104530181473066,62.56708748786834,63.33053726761133,64.40477361876188,63.02515735571413,Energy
2022-04,XOM,Equity,0.9798552639106808,0.9857360868352438,21.291701765500427,60.669111036359205,56.40119747645447,55.787422264668805,57.619243592494165,58.4123992140497,56.886515061364015,Energy
2022-05,XOM,Equity,0.9756513386320029,0.9820090125053242,21.561724416909087,62.14128849632936,61.826588127527884,60.28503912808644,61.41763858398124,61.67562851204033,60.96459880162331,Energy
2022-06,XOM,Equity,0.9762318966715653,0.9830691618974238,21.68911365395369,58.17956697220542,58.34077133712534,71.33034521958906,62.61689450963994,60.85808393115812,66.10227479361959,Energy
2022-07,XOM,Equity,0.9728838283523015,0.9796965150367957,21.108001183989835,30.291391516487604,39.099367541770455,59.23488975414587,42.87521627080131,38.72248397160411,49.41908566413913,Energy
2022-08,XOM,Equity,0.9783972022634708,0.9863341935881308,21.10405961270322,48.53944445287745,57.19371334835076,57.209426445597614,54.31419474894194,52.86972152006348,55.472287427604215,Energy
2022-09,XOM,Equity,0.980870607502399,0.9863104976527778,21.150620755837547,66.27764454729052,79.82101195085242,59.86405955733959,68.65423868516085,69.05793777036891,65.13816703403234,Energy
2022-10,XOM,Equity,0.9751584954984993,0.9861467234877646,21.27107262450371,50.82059263310226,73.07365042361624,63.47445635729161,62.45623313800337,60.02728271509432,62.86352242571867,Energy
2022-11,XOM,Equity,0.9828768418348788,0.9891762113356709,21.311363547892622,85.69709294467349,74.3122535180886,61.39762969910417,73.80232538728876,77.42174846758417,68.84044711201491,Energy
2022-12,XOM,Equity,0.9840502033966517,0.9876641740730585,21.0891848983104,76.1917015256634,55.14138341079846,61.22748935538287,64.18685809728157,66.88376365714782,63.00311060052209,Energy
2023-01,XOM,Equity,0.9838001299240542,0.9889567887206681,21.200280270753538,73.59564266014372,70.86369351628646,58.910784859444995,67.79004034529173,69.83908635684679,64.23833815095304,Energy
2023-02,XOM,Equity,0.9814248874413858,0.9885228190541063,21.152239921683798,68.68188575397288,60.37274080830891,52.944761287870065,60.666462616717276,63.041717377053125,57.5777820851784,Energy
2023-03,XOM,Equity,0.9830294652565096,0.9870154969350036,21.06154943778616,67.40289238162329,64.38365469074185,51.170661429579724,60.98573616731495,63.25067488395015,57.059706272220865,Energy
2023-04,XOM,Equity,0.9801527005800784,0.9903795760144124,21.20054253466359,44.60838046423617,66.51255230684527,56.24897559505321,55.78996945537822,53.50775104318231,55.973571911248214,Energy
2023-05,XOM,Equity,0.9830985262806067,0.9860774701149239,21.038249450371335,55.71230453354376,48.809230899504755,50.41022112566744,51.64391885290532,52.580965761756794,51.150439762010166,Energy
2023-06,XOM,Equity,0.9867015462272432,0.9910393472497173,20.996407501402338,85.87141348708236,70.61493824441465,42.492955936939985,66.32643588947899,72.61877940425357,56.79304390846339,Energy
2023-07,XOM,Equity,0.9859607581161594,0.9887656138065151,21.1545431162899,60.88804235263036,48.42733352355537,50.35419801297344,53.22319129638638,55.043060835976476,52.075593983021214,Energy
2023-08,XOM,Equity,0.9862757962774146,0.9912086370235708,21.016403592937685,67.79329768690158,75.31036231249935,42.48159618978624,61.86175206306239,64.98607677515784,54.109689713751926,Energy
2023-09,XOM,Equity,0.9872257117473205,0.9931047069623462,21.133025298240355,64.88058660284157,86.61038094412788,48.597516337410326,66.69616129479326,68.14291085214121,59.45670331184009,Energy
2023-10,XOM,Equity,0.981755871905825,0.9866008827068078,21.45287601753055,57.492641582300216,67.40324448439902,52.62645871210337,59.17411492626754,59.492585878890495,56.55505244060187,Energy
2023-11,XOM,Equity,0.9857649440642697,0.9901608314095617,21.33517245253222,74.7093306499748,62.62667600148952,51.44316185181135,62.92638950109188,66.43130049579652,58.333098441379676,Energy
2023-12,XOM,Equity,0.9889958934444667,0.9919921841392961,21.410763386632006,73.60552199226771,48.69670771734768,53.69512262950607,58.66578411304048,62.150797837239374,56.67751951962672,Energy
