date,Comm,Consumer,Energy,Financials,Healthcare,Industrials,Materials,RealEstate,Tech,Utilities
2020-01-02,0.23084,-0.13938,0.50932,0.28968,0.6744399999999999,0.14696,0.21949999999999997,0.02054,0.25368,0.12738
2020-01-03,0.10846,-0.17686,-0.08341999999999998,0.04314,0.21546000000000004,-0.23752000000000004,-0.08814000000000001,-0.11591999999999998,0.31586,0.14006000000000002
2020-01-06,0.37426000000000004,0.6587,0.42742,0.4405,0.55202,0.20034000000000002,0.028080000000000004,0.11839999999999999,-0.02462000000000001,0.07274
2020-01-07,0.17558,0.3867999999999999,0.17614000000000002,0.19727999999999998,0.18788,0.17421999999999999,0.07636,0.0,-0.06988000000000003,0.12738
2020-01-08,0.41839999999999994,0.21358000000000002,0.05613999999999999,0.35906,0.3764,0.10212000000000002,0.017359999999999997,-0.006319999999999992,0.28628,0.16784000000000002
2020-01-09,0.21486,0.7601799999999999,0.15411999999999998,0.30532000000000004,0.18044,0.08092,0.07636,0.0,0.34712,0.059199999999999996
2020-01-10,0.15844,0.09183999999999999,0.25576,0.32788000000000006,0.35591999999999996,0.14687999999999998,-0.08571999999999999,-0.11144000000000001,0.6517799999999999,0.13034
2020-01-13,0.0,0.32696000000000003,0.30752,0.7599400000000001,0.42412,0.20616000000000004,0.13194,0.14368,0.72114,0.02054
2020-01-14,0.09324,0.17934,0.61912,0.2509,0.39108,0.21914000000000003,0.0336,0.059199999999999996,0.40868000000000004,0.2815
2020-01-15,-0.055120000000000016,0.35468,0.07962,0.4321999999999999,0.35816,-0.20573999999999998,0.1486,0.04046,0.16198,0.21908000000000002
2020-01-16,0.40415999999999996,0.40396,0.3367,0.5780000000000001,0.25808,0.1905,0.08808,0.1486,0.49246,0.3131
2020-01-17,0.14701999999999998,0.21688000000000002,0.3024,0.3344,0.19448000000000001,0.35812,0.27793999999999996,0.1338,0.45362,0.36366
2020-01-21,-0.04502,0.41126000000000007,0.4497,0.71166,0.24708000000000002,0.26564,0.11112,0.12738,0.19470000000000004,0.30335999999999996
2020-01-22,0.15928,0.45289999999999997,0.28735999999999995,0.03062,0.23514,-0.08924,-0.059199999999999996,0.02054,0.08414000000000002,0.33968
2020-01-23,0.4084,0.47568,0.15688,0.01964000000000001,0.14274000000000003,0.03752,0.07594,0.23243999999999998,0.25026,-0.0843
2020-01-24,0.45308000000000004,0.36256,0.40506000000000003,-0.04877999999999999,0.37551999999999996,0.18096,0.23133999999999996,0.07224,0.13732000000000003,0.48714
2020-01-27,-0.21630000000000002,0.16638000000000003,0.09845999999999999,0.024440000000000007,0.70932,0.15587999999999996,0.03204,0.10212000000000002,-0.62536,0.017079999999999984
2020-01-28,0.08943999999999999,0.28876,0.25154,0.24218,0.11443999999999994,-0.12576,0.44908000000000003,0.15158,0.26705999999999996,0.04422
2020-01-29,0.46593999999999997,-0.0032600000000000016,0.0020399999999999975,0.2537,0.22949999999999998,0.04812000000000001,0.29028,0.09878,0.4231,0.3074
2020-01-30,0.14877999999999997,0.4929200000000001,0.33727999999999997,0.03958,0.29226,0.28872,-0.21788,0.07224,0.06278000000000002,0.28890000000000005
2020-01-31,-0.09008000000000001,0.17112,0.40312000000000003,0.26632,0.51108,0.20180000000000003,-0.02459999999999999,0.14476,0.43224,0.22978
2020-02-03,0.44109999999999994,0.52144,-0.04730000000000003,0.007199999999999984,0.54454,0.19203999999999993,0.37432000000000004,0.068,0.27984,0.32336
2020-02-04,0.37736000000000003,0.61922,0.15386000000000002,0.40022,0.4359,0.29644,0.11194,0.07894,0.22586,0.15674
2020-02-05,0.13657999999999998,-0.009639999999999982,0.8634400000000001,-0.17452,0.62386,0.23895999999999998,0.06952,0.0,0.4300800000000001,0.15345999999999999
2020-02-06,0.16438,0.39261999999999997,0.39554,0.45692000000000005,0.54844,-0.01544,0.20238,0.38562,0.56832,0.37493999999999994
2020-02-07,0.16624,0.09541999999999999,0.49094,0.11839999999999999,0.48762000000000005,0.01032,0.0341,0.0,0.28001999999999994,0.3466
2020-02-10,0.41574,-0.09181999999999998,-0.07936000000000001,0.27644,0.20064,0.1464,0.20534,0.28842,0.49424,0.2793
2020-02-11,0.25664,0.31344,0.20851999999999998,0.41202000000000005,0.12854000000000004,-0.06437999999999999,0.19763999999999998,0.3062,0.10107999999999999,0.51244
2020-02-12,0.3135199999999999,0.08381999999999999,0.29481999999999997,0.1341,0.27837999999999996,0.13994,0.059199999999999996,0.28628,0.012259999999999998,0.4898199999999999
2020-02-13,0.30832000000000004,-0.05264000000000004,0.31472,0.18622,0.23668,0.14531999999999998,0.16011999999999998,0.31698,-0.17964,0.54532
2020-02-14,0.12498000000000001,0.029840000000000012,0.2029,0.20536,0.37995999999999996,0.4528,0.0284,0.26139999999999997,0.1531,0.46342
2020-02-18,0.2419,0.4765,0.36960000000000004,-0.08344000000000001,0.23252,0.007639999999999999,0.49778,0.368,0.27268,0.7120200000000001
2020-02-19,0.21231999999999998,0.36967999999999995,0.36262,0.11988000000000001,0.38286000000000003,0.23174,0.059199999999999996,0.0,-0.028300000000000002,0.24434
2020-02-20,0.18572,0.12675999999999998,0.35934,0.40754,0.10849999999999997,0.23198,0.27778,0.17268,0.24842,0.4566199999999999
2020-02-21,-0.10484,0.2826,0.19308,0.5632199999999999,0.21424000000000004,0.16054,0.12854000000000002,0.05,-0.30534,0.36868
2020-02-24,0.13816,-0.08052,-0.18172000000000002,0.009299999999999992,0.30556,0.23346,0.17454000000000003,0.14701999999999998,-0.08714000000000002,0.2136
2020-02-25,0.07808000000000001,0.4168,0.009180000000000011,0.45926,0.3918,-0.02716,0.04384,0.17068,0.06624,0.41681999999999997
2020-02-26,0.2063,0.46776,0.37574,0.43705999999999995,0.29652,0.1625,0.04562,0.10185999999999999,0.64192,0.15342
2020-02-27,0.19,0.4787199999999999,0.49973999999999996,0.16278000000000004,0.35236,0.13032000000000002,-0.0889,0.35647999999999996,-0.4864,0.6435
2020-02-28,-0.08507999999999999,-0.19839999999999997,0.3586,-0.011320000000000007,-0.25251999999999997,0.10332000000000001,-0.06921999999999999,-0.06820000000000001,0.24436,-0.15772
2020-03-02,0.23542000000000005,0.12824,0.14855999999999997,0.17370000000000002,0.5887399999999999,-0.017159999999999998,0.22776000000000002,0.33596000000000004,0.31472,0.46875999999999995
2020-03-03,0.14708,0.34394,0.04167999999999998,-0.28092,0.58342,0.17068,0.2751,0.1917,0.14966,0.059739999999999994
2020-03-04,0.07864,0.16524,0.59648,0.30104,0.8851600000000002,0.2555,0.2307,0.48392,0.77044,0.71656
2020-03-05,0.29242,0.18119999999999997,0.05145999999999999,0.3304,0.2665,0.26556,0.10464,0.22342,0.39708,0.04762
2020-03-06,0.13194,0.02852,-0.35604,0.01646000000000003,0.33155999999999997,0.13957999999999998,-0.06760000000000002,0.04046,0.24897999999999998,0.28480000000000005
2020-03-09,-0.013279999999999991,0.1691,-0.55792,0.5988600000000001,0.47424,-0.09968000000000003,0.14576,-0.00414000000000001,-0.22832,-0.44176000000000004
2020-03-10,-0.28794,-0.0032999999999999917,0.16236,0.37322,0.23184,-0.23912,0.15814,0.059199999999999996,0.37172,0.30552
2020-03-11,0.16962,-0.09018,0.02248000000000001,0.32486,0.56864,0.30114,0.20773999999999998,0.35032,0.26194,0.11524000000000001
2020-03-12,-0.0036799999999999945,0.27042,0.2998,0.06574,-0.28008,-0.4958600000000001,-0.12688000000000002,0.06382,0.10877999999999999,0.047580000000000025
2020-03-13,0.2685,0.021100000000000008,0.25894000000000006,-0.4297000000000001,-0.08212,0.049659999999999996,0.10478000000000001,0.17759999999999998,0.34635999999999995,0.22248
2020-03-16,0.025239999999999995,-0.77588,-0.24394,-0.30379999999999996,0.1146,0.31444000000000005,0.04334000000000001,0.10815999999999999,0.0031799999999999884,0.5755600000000001
2020-03-17,0.17564,0.23814000000000002,-0.10651999999999999,-0.08974000000000001,0.6824600000000001,0.0843,0.34466,0.18862,0.39482000000000006,0.32118
2020-03-18,0.1105,-0.07682000000000004,0.10194,0.13389999999999996,0.35554,-0.13632,-0.059199999999999996,0.0,-0.08202000000000001,0.3545
2020-03-19,0.05402,0.10838,-0.17686000000000002,-0.2635,0.32656,0.05059999999999999,0.14406000000000002,0.2117,-0.35352,0.26911999999999997
2020-03-20,0.05464,0.45289999999999997,-0.50306,-0.13944,0.19691999999999998,0.35522,0.12738,0.1917,0.71504,0.05911999999999999
2020-03-23,0.46002,0.39525999999999994,-0.5597799999999999,-0.05922000000000001,0.22458,-0.06777999999999999,0.44606,0.15241999999999997,0.20122,-0.036840000000000005
2020-03-24,0.28812,0.6180000000000001,0.5547799999999999,0.42022000000000004,0.29344,0.3656,0.35922,0.14024,0.75576,0.21056
2020-03-25,0.41141999999999995,0.78982,0.46193999999999996,-0.005160000000000009,0.39935999999999994,0.22936,0.09878,0.12366000000000002,0.1413,0.48840000000000006
2020-03-26,0.26956,0.49634,0.42632000000000003,0.50736,0.47498000000000007,0.25854,0.20026000000000002,0.42333999999999994,0.34468,0.34686000000000006
2020-03-27,0.309,0.19457999999999998,0.5419400000000001,0.50256,0.3942,0.57476,0.2072,0.3519,0.6708999999999999,0.55364
2020-03-30,0.56802,0.28785999999999995,0.28335999999999995,-0.27042,0.6260000000000001,0.11159999999999999,0.24353999999999995,0.36766,-0.06752000000000001,0.42610000000000003
2020-03-31,0.15676,0.010220000000000007,-0.07446,-0.008740000000000003,0.09892000000000001,0.2488,0.42294,-0.15474000000000002,-0.10338,-0.42338
2020-04-01,0.29432,0.24115999999999999,0.1254,-0.31878,0.19134,0.11944000000000003,0.05847999999999999,0.10848000000000002,0.07116000000000003,-0.033319999999999975
2020-04-02,-0.22776000000000002,0.25724,-0.23284,0.19078,0.34997999999999996,-0.04764,0.24028,-0.0754,0.09894,0.04948
2020-04-03,0.47286,0.03415999999999999,0.08557999999999999,0.13118,0.28984,-0.45418000000000003,0.051539999999999996,0.13616,-0.28808,0.30064
2020-04-06,0.6025600000000001,0.79278,0.4874199999999999,0.8351200000000001,0.72062,0.32706,0.16888,0.13138,0.83194,0.6847200000000001
2020-04-07,0.34926,0.61048,0.8569800000000001,0.57982,0.33952000000000004,0.5988399999999999,0.46394,0.18975999999999998,0.38608000000000003,0.4968
2020-04-08,0.23006000000000001,0.31524,0.8452999999999999,0.35826,0.44560000000000005,0.64234,0.6208400000000001,0.5271600000000001,0.5622999999999999,0.10136
2020-04-09,-0.10399999999999998,0.7643600000000002,0.78636,0.66122,0.04683999999999999,0.16272,0.5393800000000001,0.6783000000000001,0.27988,0.6834
2020-04-13,-0.15492,-0.08095999999999996,0.4281400000000001,0.27864,0.44458000000000003,0.06776000000000001,0.31146,-0.18860000000000002,0.46390000000000003,0.06724000000000001
2020-04-14,0.57234,0.6378600000000001,-0.019080000000000007,0.58882,0.36928,0.68048,-0.0019399999999999973,0.57448,0.86822,0.3823
2020-04-15,0.4413,0.40796,0.40503999999999996,0.7294799999999999,-0.0005400000000000072,0.11903999999999999,-0.21173999999999998,-0.30256,0.5274,0.22880000000000003
2020-04-16,0.42824,0.5797399999999999,-0.11590000000000003,0.28440000000000004,0.8480399999999999,0.14034000000000002,0.21183999999999997,-0.05464,0.9139600000000001,0.5262999999999999
2020-04-17,0.14789999999999998,0.60386,-0.1609,0.34758,0.7149400000000001,0.21314000000000002,0.3093,0.58318,0.40706,0.6072
2020-04-20,0.17838,0.25612,-0.9051199999999999,0.41308,0.14394,0.23932000000000003,0.28818,0.03558,0.5909800000000001,0.013960000000000004
2020-04-21,0.26482,-0.08761999999999998,-0.91212,-0.34484000000000004,0.21958000000000003,0.1519,0.025780000000000015,0.05802000000000003,-0.75788,-0.21752000000000002
2020-04-22,0.07082000000000002,0.31398000000000004,0.00032000000000003136,0.21513999999999997,0.61422,0.30843999999999994,0.29472,0.29052,0.5551999999999999,0.25826000000000005
2020-04-23,0.28257999999999994,0.4651199999999999,0.678,0.30588000000000004,0.52706,0.40352,0.31013999999999997,0.25686,0.8609199999999999,0.36442
2020-04-24,0.136,0.01591999999999999,-0.18754,-0.08982,-0.12223999999999999,0.15968,-0.13816,0.02828,0.26017999999999997,0.04748000000000001
2020-04-27,0.36824,0.48724,0.004280000000000017,0.32976,0.06484000000000001,0.8089599999999999,0.43962,0.07004000000000002,0.51582,0.5950599999999999
2020-04-28,0.24128,0.35852,0.08334,0.51844,0.55236,0.25142,0.23915999999999998,0.31078,0.48448,0.17718000000000003
2020-04-29,0.18148000000000003,0.42089999999999994,0.8719800000000001,0.45488,0.14878,0.48247999999999996,0.44655999999999996,0.27416,0.87694,0.11216000000000001
2020-04-30,-0.09679999999999998,0.19414000000000003,0.29769999999999996,0.31498,0.57064,0.07132000000000001,0.46995999999999993,0.007700000000000007,0.36664,0.28462
2020-05-01,-0.04469999999999998,0.40451999999999994,-0.5292399999999999,-0.25037999999999994,0.49362000000000006,-0.39558,0.18724000000000002,-0.09328,-0.20046,0.02906000000000002
2020-05-04,0.20646,0.20736,-0.006679999999999997,0.19963999999999998,0.33746000000000004,-0.14898000000000003,-0.00968,0.04115999999999999,0.8417,0.3378
2020-05-05,0.39766,0.52146,0.25614000000000003,0.23700000000000002,0.4934799999999999,0.49257999999999996,0.57054,0.13555999999999999,0.54294,0.49768
2020-05-06,-0.15432,0.4034,0.47198,0.19334,0.5823,0.20622,0.012159999999999994,-0.07636,0.2535,0.35974
2020-05-07,0.25754,0.48651999999999995,0.6450600000000001,-0.15150000000000002,0.36384,-0.013839999999999986,0.08016000000000001,0.44236,0.4194800000000001,0.39824000000000004
2020-05-08,0.32276000000000005,0.3574,0.48014,-0.0772,-0.028780000000000007,-0.11749999999999998,0.3094,0.17962,0.67872,0.3089
2020-05-11,0.3874,0.53142,-0.24672,0.5354,0.36922,0.56856,0.19422,0.09847999999999998,0.4332599999999999,0.37898000000000004
2020-05-12,0.15198000000000003,0.5068400000000001,0.41248000000000007,-0.33934,0.03934,-0.11301999999999998,0.22061999999999998,-0.48390000000000005,-0.04148,0.49352
2020-05-13,-0.028880000000000006,0.30091999999999997,-0.30428,0.5203,0.63942,-0.11148,0.4413,0.28128000000000003,0.39226,0.32458
2020-05-14,0.2695,0.63354,-0.15158,0.28028,0.43162,0.05073999999999999,0.29788000000000003,0.36716000000000004,0.56162,0.31917999999999996
2020-05-15,0.32028,0.3379,0.41769999999999996,0.75176,0.05291999999999999,-0.1139,0.45944,-0.09769999999999998,-0.24786000000000002,0.36002
2020-05-18,0.16994,0.6649,0.6797600000000001,0.13499999999999998,0.52566,0.92698,0.32052,0.6049,0.26608,0.621
2020-05-19,0.15666,0.07793999999999998,0.23325999999999997,0.12714,0.5322,0.010640000000000028,0.1451,0.12455999999999998,0.21352000000000002,0.05464
2020-05-20,0.10484,0.23120000000000002,-0.09214000000000001,0.6374599999999999,0.01474000000000002,0.32599999999999996,0.44434000000000007,0.12738,0.45430000000000004,0.00411999999999999
2020-05-21,0.07276,0.19092000000000003,-0.048459999999999975,0.27584,0.44692,0.03062,0.3217,0.0,-0.024639999999999992,0.43760000000000004
2020-05-22,0.15083999999999997,-0.035820000000000005,-0.10488000000000001,0.33418000000000003,0.36269999999999997,0.12238,0.05464,0.2415,-0.011119999999999996,0.12498000000000001
2020-05-26,0.4627,0.79276,0.49992000000000003,0.51572,0.22054,0.54742,0.35872000000000004,0.15798,0.3885399999999999,0.31514
2020-05-27,0.20266,0.5746399999999999,-0.21448,0.72988,0.060860000000000004,0.65068,0.0,0.0,0.20502000000000004,0.26758000000000004
2020-05-28,0.32321999999999995,0.26514000000000004,0.35204,0.28878000000000004,-0.20547999999999997,0.7003400000000001,0.20322,0.16668,0.23478,0.264
2020-05-29,0.31584,0.19854,0.41906,0.06975999999999999,0.42704,0.24738,0.02054,0.10211999999999999,0.3928,0.42152
2020-06-01,0.35394,0.16211999999999996,-0.16641999999999998,0.36528,0.65642,0.15739999999999998,0.05464,0.039159999999999986,0.17260000000000003,0.08264
2020-06-02,0.34528,-0.28020000000000006,0.37594,0.47168,0.21478000000000003,0.66394,0.34846,0.17936000000000002,0.47241999999999995,0.23331999999999997
2020-06-03,-0.25298,0.40428,0.62334,0.8366800000000001,0.5257799999999999,0.8084,0.36456,0.1744,0.28315999999999997,0.0
2020-06-04,0.0847,0.33721999999999996,0.14500000000000002,0.57968,0.40397999999999995,0.38346,-0.0256,0.059199999999999996,0.3033,0.042920000000000014
2020-06-05,0.11318000000000002,0.43692000000000003,0.5031800000000001,0.6634800000000001,0.26959999999999995,0.85854,0.28322,0.0,0.39682,0.13879999999999998
2020-06-08,-0.046799999999999994,0.56914,0.26112,0.38948,0.33888,0.15071999999999997,0.16352,0.08452,0.32576,0.31623999999999997
2020-06-09,0.0,-0.08679999999999999,0.72604,0.31242000000000003,-0.01454000000000002,0.33714,0.15012,0.01032,0.5282,0.25846
2020-06-10,-0.06527999999999999,0.18698,-0.23628,0.45136000000000004,0.37942,0.1777,0.0,0.02054,0.12826,0.0
2020-06-11,-0.007020000000000003,0.15730000000000002,-0.08034,0.30913999999999997,0.37404000000000004,0.194,0.1721,0.16774,0.49627999999999994,0.12728
2020-06-12,0.17712,0.32936,0.04178000000000002,0.009539999999999998,0.035300000000000005,-0.04577999999999998,-0.046139999999999994,0.059199999999999996,0.10366,0.05464
2020-06-15,0.10174000000000001,0.09830000000000001,-0.12796000000000002,0.22712,0.49395999999999995,0.12296,0.05464,0.08038,0.28476,0.3168
2020-06-16,0.04957999999999999,0.37801999999999997,0.20764,0.06754,0.08004,0.47858,0.0,0.21046,0.3007,0.22296
2020-06-17,0.18818000000000001,0.24894,-0.11282,0.05804,0.016199999999999992,0.0,-0.12248,-0.02394,0.08502000000000001,0.0
2020-06-18,-0.028080000000000004,0.43772,0.07818,-0.15198,0.38151999999999997,-0.15674000000000002,0.0,0.20776,0.22762000000000002,0.14538
2020-06-19,0.25484,0.16852,0.5329200000000001,-0.22884000000000002,0.23406,0.08808,-0.04526,0.0,-0.14448,0.12854000000000002
2020-06-22,0.2866,0.38680000000000003,0.23658,-0.14506000000000002,0.41394000000000003,0.1971,0.08352,0.0,0.35682,-0.16076
2020-06-23,0.2921,0.70478,0.31210000000000004,0.17672000000000004,-0.00346,0.32364,0.09176,0.0,0.21962,0.05464
2020-06-24,0.31921999999999995,0.06834,-0.46828000000000003,0.16024,0.04562,-0.24322,0.0,-0.07224,-0.22441999999999998,-0.02054
2020-06-25,0.12735999999999997,0.5008600000000001,0.31222,-0.30300000000000005,0.28476,0.04291999999999999,0.08038,0.0,-0.36236,0.0
2020-06-26,0.19341999999999998,0.09527999999999999,0.17012,-0.08202000000000001,-0.03677999999999999,0.01538,0.068,0.007639999999999999,-0.06376,0.068
2020-06-29,0.15992,0.43431999999999993,-0.03507999999999999,0.39352000000000004,0.40766,0.29686,0.04526,0.0,0.174,0.0
2020-06-30,0.14350000000000002,0.14182,0.30238,0.023500000000000004,0.12944,0.14534000000000002,0.04046,0.14436,0.3629,0.068
2020-07-01,-0.06364,-0.1638,0.04583999999999999,-0.31945999999999997,0.49672,0.37788000000000005,0.04046,0.0,0.21719999999999998,0.20122
2020-07-02,-0.03558,0.31104000000000004,0.21268000000000004,0.38722,0.12854000000000002,0.02066,0.0,-0.0256,0.20796,0.32296
2020-07-06,0.13602,0.08196,0.3544,-0.027740000000000008,0.39371999999999996,-0.1476,-0.11143999999999998,-0.06364,0.12064,0.51688
2020-07-07,0.21094,0.35646,0.04563999999999998,0.006440000000000001,0.28158,0.12204,0.0,0.15012,0.14006000000000002,-0.14368
2020-07-08,-0.25944,0.5556,0.1645,0.35888000000000003,0.2932,0.27236000000000005,0.11438,-0.11988000000000001,-0.07156,-0.04611999999999998
2020-07-09,0.22496,0.21270000000000003,0.34672000000000003,0.45843999999999996,0.061,-0.0023599999999999845,0.0,0.0,0.284,0.10533999999999999
2020-07-10,0.0,-0.06366,0.2508,0.17842,0.39112,-0.18932000000000002,0.0,0.01544,0.0,0.14728
2020-07-13,0.13336,0.32904000000000005,0.30310000000000004,0.16356,0.16758,0.2682,0.0,0.0,0.32932,-0.007520000000000004
2020-07-14,0.1641,0.22313999999999998,-0.01032,0.18050000000000002,0.25294,0.23478,0.0,0.0,0.20796,0.10928
2020-07-15,0.15453999999999998,0.42148,-0.22344,0.76814,0.29696,0.2866,0.0,0.01714,0.12708,0.36432000000000003
2020-07-16,0.16440000000000002,0.32522,0.1936,0.010280000000000001,0.3527,0.00516,0.01032,0.0,-0.03745999999999998,0.11438
2020-07-17,-0.15158,0.17556,-0.013660000000000009,-0.12962,0.011519999999999997,-0.05007999999999999,0.0,0.0,-0.13886,0.19182
2020-07-20,0.16252,0.25326,0.3716,0.23169999999999996,0.22418,0.06592,0.0,0.0,0.35028000000000004,-0.04266000000000001
2020-07-21,0.35296000000000005,0.6891200000000001,0.7113,0.34526,0.4739,0.14356,0.0,0.08808,0.2973,0.06495999999999999
2020-07-22,0.17984,0.24925999999999998,0.30247999999999997,0.14356,0.42678000000000005,-0.06053999999999998,0.05464,0.07636,0.29322,0.0
2020-07-23,-0.16949999999999998,0.25064000000000003,0.04448,0.0,-0.03259999999999998,0.11383999999999998,-0.027119999999999995,0.059199999999999996,0.37888,0.12266000000000002
2020-07-24,0.14072,-0.08574,0.20129999999999998,-0.06948,0.32176,0.09908,0.16758,0.0,-0.022099999999999988,0.31722
2020-07-27,0.14368,0.32436000000000004,0.16924,0.28862000000000004,-0.036,0.2125,0.09878,0.0749,0.46824000000000005,0.08634
2020-07-28,0.26837999999999995,0.37751999999999997,0.08092,0.15642,0.24980000000000002,-0.014280000000000004,0.16898,0.0,0.30032000000000003,0.08808
2020-07-29,0.02090000000000001,0.22014,0.2604,0.08084000000000001,0.10555999999999999,0.34566,0.07636,0.12476000000000001,0.6308199999999999,0.1367
2020-07-30,0.27024,0.43360000000000004,0.2704,0.31484000000000006,-0.08808,0.46316000000000007,0.12589999999999998,-0.09534000000000001,0.12228000000000003,0.10533999999999999
2020-07-31,0.24577999999999997,0.19478,-0.02522,0.011819999999999997,0.11853999999999998,-0.19046,0.05464,0.11717999999999999,0.21067999999999998,0.18434
2020-08-03,0.60812,0.35394000000000003,-0.025739999999999996,0.14345999999999998,0.25895999999999997,-0.20843999999999996,0.2535,-0.01032,0.39648000000000005,0.22713999999999998
2020-08-04,0.058519999999999975,0.34928,-0.03882,0.055120000000000016,0.07088,0.018999999999999996,0.11839999999999999,-0.11988000000000001,0.2298,0.33514
2020-08-05,0.2021,0.06694000000000001,0.35334,0.2839,-0.013979999999999992,0.14278,-0.02054,0.059199999999999996,0.37774,-0.02054
2020-08-06,0.36268,0.17176,0.17182,0.06332,0.39312,0.25395999999999996,0.20776,0.0,-0.03927999999999999,0.09878
2020-08-07,0.10333999999999999,0.37256,0.10928,0.02285999999999999,0.4847200000000001,0.10289999999999999,0.0,0.35462000000000005,0.12738,0.0
2020-08-10,0.38276,0.40508,0.10154,0.42328,0.13556,0.27426,0.16294000000000003,0.0,0.21939999999999998,0.03406
2020-08-11,0.18052,0.30006000000000005,0.3743,0.3228,0.068,0.04046,0.0,0.08038,0.32821999999999996,0.14272
2020-08-12,0.2193,0.1312,0.36106,0.23224,0.04046,-0.05082,0.0,0.0,-0.28252,0.05464
2020-08-13,0.11839999999999999,0.23836,0.05464,-0.45384,-0.13394,-0.0901,0.0,0.0,-0.0044399999999999995,0.0
2020-08-14,-0.06364,0.1648,0.36846,0.12356,0.0,0.03004,0.0,0.07636,0.34762000000000004,0.25476
2020-08-17,0.27174,0.28824000000000005,-0.07963999999999999,0.055240000000000025,0.38939999999999997,0.30012,0.23089999999999997,0.12738,-0.057540000000000015,0.24242
2020-08-18,0.09981999999999999,0.32911999999999997,0.11383999999999998,0.19276000000000001,-0.12796000000000002,0.35975999999999997,0.059199999999999996,0.16148,0.06811999999999999,0.09152
2020-08-19,0.0,0.514,0.17606,0.007800000000000001,0.24874000000000002,0.38595999999999997,0.0,0.0,0.09478,0.0
2020-08-20,0.0256,0.32824,0.20776,0.48717999999999995,0.008139999999999991,0.34662,0.0,0.0,0.06378,0.28959999999999997
2020-08-21,0.11364,0.44922000000000006,0.15342,0.47058,0.18044,-0.0373,-0.0256,-0.017159999999999998,-0.017479999999999996,0.16932
2020-08-24,-0.015400000000000002,0.41411999999999993,0.22009999999999996,0.51544,0.27466,0.50478,0.04046,-0.02054,-0.07568000000000001,0.023919999999999986
2020-08-25,0.03128,0.13472,0.16255999999999998,0.22132000000000002,0.2808,0.17524,-0.03558,0.05,0.04046,0.07224
2020-08-26,0.18148,0.30622,0.30992,0.14887999999999998,0.09041999999999999,-0.036919999999999994,0.059199999999999996,0.09176,0.17470000000000002,0.37279999999999996
2020-08-27,0.04046,0.19278,-0.16340000000000002,-0.06839999999999999,0.30197999999999997,0.28054,0.0,0.24578000000000003,0.24062,0.0
2020-08-28,0.15318,0.30852,0.01032,-0.1931,-0.06495999999999999,0.03558,-0.04526,0.0,0.2972,0.0
2020-08-31,0.14401999999999998,0.17909999999999998,0.09392000000000002,0.11188000000000002,0.4507200000000001,0.5474,0.0,0.24176000000000003,0.39312,0.16706000000000001
2020-09-01,0.13616,0.38948,0.12378,0.12738,0.28132,0.07908,0.0,-0.009760000000000001,0.03924000000000001,0.0
2020-09-02,0.31442,0.54078,-0.1092,0.18252,-0.14072,0.23102,0.0,0.0,0.28536,0.35608
2020-09-03,0.18548,0.48044000000000003,0.2226,0.30962,0.11148,0.22762000000000002,0.09176,0.0,0.18834,0.15012
2020-09-04,0.22832,0.061939999999999995,0.10846,-0.28334000000000004,0.027140000000000008,0.0,0.059199999999999996,0.16784000000000002,0.25874,0.04046
2020-09-08,0.18466,0.58528,0.02014,0.18952,0.22046000000000002,0.06758,0.05,0.05464,0.36982000000000004,-0.027180000000000003
2020-09-09,0.21231999999999998,0.4214399999999999,0.09176,-0.17782000000000003,0.3127,0.13531999999999997,0.0,-0.12498000000000001,0.10628000000000001,0.1486
2020-09-10,-0.046299999999999994,0.25404,0.05464,-0.00938,0.12738,0.06654000000000002,0.06582,0.0,0.30785999999999997,0.0
2020-09-11,-0.00884,0.19704000000000002,0.14124000000000003,-0.11988000000000001,-0.09804,-0.020780000000000003,-0.059199999999999996,0.0,0.21652,0.0
2020-09-14,0.15724,0.38782,-0.04079999999999999,0.022280000000000032,0.40031999999999995,0.17582,0.0843,0.12738,0.27298,0.1564
2020-09-15,0.048780000000000004,0.2954,-0.05082000000000001,0.23856000000000002,0.17559999999999998,0.07072,0.0,0.09878,-0.29507999999999995,0.07927999999999999
2020-09-16,0.17106,0.32238,0.1981,-0.04545999999999999,0.0,0.5562400000000001,0.0,0.0,0.29858,0.1486
2020-09-17,0.22398,0.61206,0.10696000000000001,0.17174,0.15852,0.57968,0.16065999999999997,-0.12248,0.22984,0.0
2020-09-18,0.12602,-0.03306,0.1329,0.20532,-0.14614,0.29795999999999995,0.0,0.08808,0.0,0.0
2020-09-21,0.33214,0.12131999999999996,-0.09668,0.14864,-0.42796,0.03268000000000001,0.22235999999999997,0.0,0.15272,0.11148
2020-09-22,0.27314,0.62688,0.3121,0.18624000000000002,0.42038000000000003,0.3327,0.0,0.0,0.020079999999999997,0.08808
2020-09-23,0.0951,0.3987,0.06654000000000002,0.2091,0.17066,0.22542,0.0,0.0,-0.02054,0.0
2020-09-24,0.22818,0.28247999999999995,0.27388,0.36866000000000004,-0.12564,0.04416,0.12738,0.0,0.18697999999999998,0.0
2020-09-25,-0.11657999999999999,-0.07744000000000001,0.05558,0.08038,0.22366000000000003,0.029120000000000014,0.0,0.0,-0.10407999999999999,0.0
2020-09-28,0.47468000000000005,0.14387999999999998,0.27481999999999995,0.59894,0.17891999999999997,0.43138,-0.03992,0.04046,0.6119,0.18248000000000003
2020-09-29,0.03558,0.6279800000000001,0.40614,-0.01661999999999999,0.35784,0.15304,0.0,0.0,0.26632,0.05464
2020-09-30,0.17758,0.59526,0.0032999999999999948,-0.10398,0.26896,0.50692,0.0,0.07636,0.24647999999999998,0.47946
2020-10-01,0.023219999999999998,0.16784000000000002,0.29372,0.32772,0.1008,0.5678799999999999,0.0,0.0,0.0,0.17616
2020-10-02,-0.12972,0.29882,0.58108,0.47858,-0.07330000000000003,0.05432,0.0,0.0,0.23074,0.30636
2020-10-05,0.22643999999999997,0.3125,0.62514,0.39516,0.32389999999999997,0.40648,0.1648,0.11438,0.20615999999999998,0.34402
2020-10-06,0.14853999999999998,0.54268,-0.08457999999999999,0.37846,0.05367999999999999,-0.0748,0.0,0.08808,-0.1,0.31407999999999997
2020-10-07,0.21400000000000002,0.25292,-0.009839999999999998,0.31966,0.31745999999999996,-0.05125999999999999,0.0,0.0,0.3881,0.17982
2020-10-08,-0.18594,0.28168000000000004,0.49560000000000004,0.36902,-0.10838,0.20098,0.0,0.0,0.30535999999999996,0.0
2020-10-09,0.36035999999999996,0.046139999999999994,0.0,0.6089399999999999,0.02472000000000001,0.28866,0.0,0.0,0.33884,0.08092
2020-10-12,-0.16844,0.7919400000000001,0.39146000000000003,0.56852,0.27924,0.17508,0.08092,0.0,0.28853999999999996,0.19068000000000002
2020-10-13,-0.28209999999999996,0.05018,-0.12728,0.42847999999999997,-0.006399999999999994,0.41812000000000005,0.0,0.0,-0.11148,-0.008999999999999998
2020-10-14,0.36103999999999997,0.3424,0.05464,0.5441199999999999,0.18132,0.29086,0.11717999999999999,0.10533999999999999,0.01032,0.16392
2020-10-15,0.27524,0.22505999999999998,0.45671999999999996,0.47312000000000004,0.34186,0.24299999999999997,0.11988000000000001,0.0,0.32304000000000005,0.11438
2020-10-16,0.018459999999999987,0.45576000000000005,0.16570000000000004,0.68684,0.1261,0.37002,0.16026,0.0,0.05950000000000001,0.0
2020-10-19,0.48792,0.65782,0.023439999999999996,0.24712,0.38466,0.6057400000000001,0.24242,0.0,-0.030200000000000005,0.17668
2020-10-20,0.0,0.36232,0.29196,0.40778,0.45974000000000004,0.09186000000000001,0.0,0.14538,0.051160000000000004,0.0
2020-10-21,0.07054,0.55256,0.17666,0.07392,0.30598000000000003,0.10451999999999999,0.068,0.059199999999999996,0.18202000000000002,0.18084
2020-10-22,0.16876,0.10428,0.34008000000000005,-0.0021399999999999917,0.02430000000000001,-0.16962,0.26528,-0.11988000000000001,0.31486000000000003,0.10132
2020-10-23,0.25724,0.57248,0.09969999999999998,0.23818,0.21072000000000002,0.39733999999999997,0.0,0.0,0.26444,0.1341
2020-10-26,0.11146,0.31198,0.14068,0.09342,0.13534,0.49063999999999997,0.0,0.15997999999999998,-0.009139999999999992,0.00898000000000001
2020-10-27,0.0,0.14558,0.08465999999999999,0.16302,0.24323999999999998,-0.16834,0.0,0.0,-0.14128000000000002,0.03558
2020-10-28,0.28998,0.25988,-0.20970000000000005,0.22102,0.25868,-0.026139999999999986,0.0,0.09152,0.31720000000000004,0.0
2020-10-29,0.39764,0.11678000000000002,-0.39652,0.15472000000000002,0.5356,-0.20656,0.15546,0.0,0.22960000000000003,0.13194
2020-10-30,0.21071999999999996,0.45027999999999996,0.12752,0.25044,0.1679,0.12852000000000002,0.0,0.0,0.11148,0.10928
2020-11-02,0.0995,0.26555999999999996,0.15220000000000003,0.09192,0.29308,0.4486,0.1041,0.0,0.19708,0.11640000000000002
2020-11-03,-0.085,0.48111999999999994,0.21139999999999998,0.25229999999999997,0.28884,0.41274,0.09152,0.0,0.1318,0.11438
2020-11-04,-0.05389999999999999,0.16312,0.36289999999999994,0.51574,0.42298,0.39648,0.0,0.0,0.34682,0.06284000000000001
2020-11-05,0.05655999999999998,0.16276,0.17456,0.23176000000000002,-0.02247999999999999,0.23817999999999998,0.0,0.08038,0.27592,0.34914
2020-11-06,0.49078,0.23606,0.10533999999999999,0.26424,0.0,-0.06364,0.07832,0.09966,0.23922,0.17712
2020-11-09,0.49256,0.12579999999999997,0.54586,0.20374000000000003,0.34153999999999995,0.6105400000000001,0.0,0.14476,0.020920000000000005,0.09022
2020-11-10,0.00038000000000002474,0.28706,-0.08839999999999995,0.34374,0.30358,0.1989,-0.068,0.0,-0.05518000000000001,0.05464
2020-11-11,-0.11898,0.28448,0.2845,0.47994000000000003,0.0,0.13774000000000003,0.11839999999999999,0.12248,0.32442000000000004,0.10533999999999999
2020-11-12,0.12283999999999999,0.3439,0.5687,0.53416,-0.03062,0.0005999999999999894,0.08808,0.0,0.38338,0.2777
2020-11-13,0.25634,0.39798,0.27149999999999996,0.10182000000000002,0.22648000000000001,0.17600000000000002,0.14838,0.10533999999999999,-0.16632,0.0
2020-11-16,0.2512,0.5614600000000001,0.5635199999999999,0.45966000000000007,0.07511999999999999,0.48292,0.19756,0.0,0.39312,0.0037800000000000056
2020-11-17,0.27304,0.36472000000000004,0.0,-0.12078,-0.12714,0.14136,0.08808,0.0,0.4048999999999999,0.0
2020-11-18,0.016720000000000002,0.35876,0.15736,0.24762,0.35564,0.08840000000000002,0.0,0.08808,0.35785999999999996,0.24996000000000002
2020-11-19,-0.003520000000000001,0.16092,0.13194,0.33568,0.12094,0.11988000000000001,0.08252000000000001,0.0,-0.04778,-0.06364
2020-11-20,-0.10255999999999998,0.50122,0.0,0.3351,0.09966,0.21452,0.0,0.0,0.24247999999999997,0.06364
2020-11-23,0.10926,0.70692,0.0692,0.13283999999999999,0.6376,0.40852000000000005,0.04046,0.0,0.19998,0.2
2020-11-24,-0.015080000000000005,0.10874000000000002,-0.27590000000000003,0.41484,0.09534000000000001,0.16904000000000002,0.08808,0.11438,0.0,0.04046
2020-11-25,0.15504,0.44361999999999996,0.18602,-0.04054,0.08038,0.44381999999999994,0.16076,0.0,0.1796,0.2351
2020-11-27,0.17606,0.48922,0.21261999999999998,0.3405,-0.0629,0.1631,0.0,0.00506,0.24333999999999997,0.10533999999999999
2020-11-30,0.09052,0.36536,0.68694,0.004200000000000026,0.3564,0.12597999999999998,0.04046,0.15484,0.10200000000000001,0.193
2020-12-01,0.17616,0.34172,0.31082,0.3573,0.08038,0.15434,0.12248,0.068,0.11682,0.05464
2020-12-02,-0.09878,-0.004559999999999997,0.44264000000000003,0.10744000000000002,0.57118,0.08158000000000001,0.14343999999999998,0.07636,0.19504000000000002,0.31761999999999996
2020-12-03,0.15158,0.40878,-0.012199999999999989,0.30282,0.17378,0.3507,0.0,0.20356000000000002,0.16632,0.0
2020-12-04,0.2926,0.21056,0.11982,-0.04035999999999999,0.2156,0.016680000000000007,0.0,0.0,0.33938,0.09046000000000001
2020-12-07,0.1802,0.34362,0.45766,0.16821999999999998,0.031100000000000017,0.32198000000000004,0.0,0.09534000000000001,0.24711999999999995,0.05464
2020-12-08,-0.008359999999999989,0.30667999999999995,0.12688000000000002,0.08686,0.1746,-0.19354000000000002,-0.0256,0.0,0.20587999999999998,0.20324
2020-12-09,0.32386,0.15118,0.21772,0.16766,-0.09878,-0.28704,0.12816,0.00516,0.5103199999999999,0.22949999999999998
2020-12-10,0.20466,0.5004000000000001,0.5736,0.37161999999999995,0.19746000000000002,0.022360000000000005,0.059199999999999996,0.0,0.40664,0.13194
2020-12-11,0.17482,0.16048,-0.49867999999999996,0.30279999999999996,0.48251999999999995,0.03745999999999998,0.0,0.0,-0.03202000000000001,0.0843
2020-12-14,0.37664,0.18637999999999996,0.24794,0.13258,0.22508000000000003,0.348,0.0,0.07636,0.33748,0.1341
2020-12-15,0.26204,0.58,0.34456,0.41952,0.38786000000000004,0.25624,0.0,0.11383999999999998,0.07533999999999999,0.0
2020-12-16,0.0,0.42786,-0.017259999999999987,0.356,0.31316,0.30178000000000005,0.0,0.15158,0.04046,0.0
2020-12-17,0.1193,0.25364,0.11717999999999999,0.61342,0.22518000000000002,0.42268,0.08808,0.0,0.387,0.25236000000000003
2020-12-18,0.07054,0.74566,-0.013360000000000006,0.0,0.22271999999999997,0.13901999999999998,0.09069999999999999,0.09534000000000001,0.4101,0.09878
2020-12-21,0.24876,0.45334,0.32414,-0.17856,0.31738,0.56792,0.18058000000000002,0.05464,0.24964,0.22576000000000002
2020-12-22,0.00902,0.07049999999999998,-0.33952,0.17908,-0.10884,0.18536,0.0,0.0,0.26424000000000003,0.059199999999999996
2020-12-23,0.10846,0.45754,0.09534000000000001,0.2547,0.26536,0.35154,0.0,0.0,0.20373999999999998,0.05464
2020-12-24,0.10212000000000002,0.6466000000000001,0.12538,0.2529,0.21546000000000004,0.2178,0.0,0.08808,0.21848,0.0
2020-12-28,0.07193999999999999,0.74032,0.25906,0.43332,0.27886,0.34084000000000003,0.0,-0.02054,0.41322000000000003,0.31772
2020-12-29,0.16840000000000002,0.55416,0.15272,-0.33083999999999997,0.04046,0.36706000000000005,0.09534000000000001,0.0,-0.26681999999999995,0.0
2020-12-30,0.12248,0.59164,-0.04762,0.03512,0.12083999999999999,0.21627999999999997,0.06364,0.0,0.49034000000000005,0.0
2020-12-31,0.23965999999999998,0.7527,0.024660000000000005,0.59878,0.2557,0.14152,0.08038,0.12498000000000001,0.11784000000000001,0.08808
2021-01-04,0.04329999999999999,0.22916000000000003,0.23032,0.5509000000000001,0.35638,0.08152,0.08808,0.0,0.33514,0.12972
2021-01-05,0.24697999999999998,0.24853999999999998,0.22054,0.33982,0.31062,0.27005999999999997,0.12264,0.0,0.17174,0.12738
2021-01-06,0.35296,0.346,-0.10598,0.45274000000000003,0.14578000000000002,0.5792599999999999,0.0843,0.059199999999999996,0.29481999999999997,0.0
2021-01-07,0.34425999999999995,0.42458,0.12430000000000001,0.20434000000000002,-0.013180000000000015,-0.04854000000000001,-0.06824,0.0,0.020419999999999994,0.05464
2021-01-08,0.0,0.49838000000000005,0.32696,0.23058,0.0,-0.05147999999999999,0.05464,0.05464,0.08148,0.24180000000000001
2021-01-11,0.4241400000000001,0.39814,0.18563999999999997,0.10844000000000001,0.045620000000000015,0.040979999999999996,0.05129999999999999,0.17246,0.40388,0.13816
2021-01-12,-0.11717999999999999,0.41314,0.020420000000000004,0.11372,0.28806,0.28756,0.0,0.09152,-0.04384,0.301
2021-01-13,-0.014939999999999998,0.23165999999999998,0.16632,0.27759999999999996,0.30496,0.33205999999999997,0.0,0.16454,0.38001999999999997,0.15194000000000002
2021-01-14,0.16688,0.28184,0.12972,0.05706,0.23676,0.23434,0.0,0.0,0.37136,-0.07636
2021-01-15,0.16714,0.48804,0.3641,0.7120799999999999,0.16444,0.07342,0.0,0.24176000000000003,0.33194,0.08808
2021-01-19,0.16994,0.61108,0.3721,0.43572,0.19478,-0.06752,-0.17012,0.0,0.2379,0.05464
2021-01-20,-0.25994,-0.1874,-0.0903,0.33625999999999995,0.40336,0.059199999999999996,0.0,0.059739999999999994,0.35225999999999996,0.04046
2021-01-21,-0.278,-0.1146,-0.34290000000000004,0.2552,0.04046,0.015180000000000003,0.050780000000000006,0.0,0.4816,0.0
2021-01-22,0.25680000000000003,0.05159999999999999,0.20682,0.14728,0.0,-0.015900000000000004,0.07224,0.0,0.14540000000000003,0.09966
2021-01-25,0.3545,0.26183999999999996,0.17616,0.45382,0.06906000000000001,0.42898000000000003,-0.0448,0.21502,0.40178,0.23411999999999997
2021-01-26,-0.014639999999999997,0.2968,0.4962999999999999,0.45474,-0.09646,0.53166,-0.0256,0.059199999999999996,0.39283999999999997,0.17316
2021-01-27,0.02054,0.18164000000000002,0.2129,-0.01752,0.30964,0.036520000000000004,0.0,0.13770000000000002,0.34842,0.34822
2021-01-28,0.55868,0.37017999999999995,0.26874000000000003,0.1357,0.28368,0.34448,0.28428000000000003,0.0,-0.03353999999999999,0.18616
2021-01-29,0.21117999999999998,0.38244,-0.5003,0.35074000000000005,-0.15026,0.40384000000000003,0.04046,-0.051160000000000004,0.19926,0.11356
2021-02-01,0.5861799999999999,0.15845999999999996,0.35462,0.29574,0.34972000000000003,-0.07637999999999998,0.08038,0.12498000000000001,0.51222,0.16252
2021-02-02,0.24164,0.44154,0.14364,0.46102,0.17515999999999998,0.17212,0.0,0.04046,0.42357999999999996,0.05464
2021-02-03,0.05856,0.011879999999999984,0.04388000000000003,0.43654000000000004,0.24406,0.08719999999999999,0.02064,0.18250000000000002,0.38006,0.015660000000000007
2021-02-04,-0.009980000000000011,0.29202000000000006,0.19406,-0.11932000000000001,0.0118,0.2103,0.0,0.0,0.22358000000000003,0.14938
2021-02-05,0.01058,-0.45552000000000004,0.12662,0.12635999999999997,0.40148,0.009539999999999998,0.0,0.11438,0.37039999999999995,0.06764
2021-02-08,0.027639999999999998,0.4168200000000001,0.18894000000000002,0.08381999999999999,-0.03992,0.43889999999999996,0.08453999999999999,0.20939999999999998,0.17614000000000002,0.14368
2021-02-09,0.09194,0.15782000000000002,0.06364,0.009739999999999993,0.31722,0.1701,0.2807,0.0,0.068,0.05464
2021-02-10,-0.19014,0.43279999999999996,-0.11750000000000001,-0.010980000000000007,0.31264000000000003,0.09764,0.09176,0.0,-0.027460000000000002,0.15026
2021-02-11,0.30326,0.5080399999999999,0.10528,0.26,-0.02014,-0.10533999999999999,0.0,0.08808,0.12608,-0.018379999999999997
2021-02-12,0.153,0.21980000000000005,0.07342,0.0,0.0593,0.38542,0.0,0.42962000000000006,0.23736000000000002,0.22502
2021-02-16,0.49992000000000003,0.4017799999999999,0.39825999999999995,0.30938000000000004,0.05778,-0.35522,0.08116000000000001,0.11438,0.09878,0.48624
2021-02-17,-0.0256,0.30490000000000006,-0.17758,0.51718,0.35744,-0.037959999999999994,0.17738,0.0,0.327,0.40628000000000003
2021-02-18,0.11839999999999999,0.42706,0.18966,0.15608,0.18250000000000002,0.16026,0.26124,0.0,0.03654,0.19068000000000002
2021-02-19,0.1272,0.29808,0.48062000000000005,0.24956,0.17958000000000002,0.40191999999999994,0.12261999999999999,0.068,0.21168,0.2403
2021-02-22,0.23936000000000002,0.27793999999999996,0.4034,-0.05464,0.36960000000000004,0.28969999999999996,-0.05005999999999999,0.0,0.33533999999999997,0.23899999999999996
2021-02-23,0.34278,0.29853999999999997,0.45044000000000006,-0.04612000000000001,0.14518,0.08038,0.04975999999999999,0.04046,0.49049999999999994,0.15434
2021-02-24,0.0029800000000000048,0.05612,0.03724000000000001,0.14404,0.19962,-0.11850000000000001,0.0,0.068,0.09072,-0.004559999999999997
2021-02-25,0.0050000000000000044,0.41098,0.12366000000000002,0.40058,0.30652,0.04735999999999998,0.0,0.12738,-0.0011200000000000001,0.0
2021-02-26,0.20815999999999998,0.24608,0.05464,0.08058000000000001,-0.12179999999999999,-0.036799999999999986,0.059199999999999996,0.07034,0.06504,-0.059199999999999996
2021-03-01,0.10173999999999998,0.38660000000000005,0.62272,0.21456,0.17696000000000003,0.2184,0.055339999999999986,0.34388,0.21292,0.037380000000000004
2021-03-02,0.27152000000000004,0.10962000000000001,-0.18308,0.4925400000000001,0.17514,0.09644,0.0,0.0,-0.0965,-0.07003999999999999
2021-03-03,0.18672,0.25945999999999997,0.05736,0.0050000000000000044,0.30267999999999995,0.1593,0.0,0.00516,0.13616,0.04046
2021-03-04,0.20973999999999998,-0.11806000000000003,0.27544,0.15598,-0.1486,0.20373999999999998,0.059199999999999996,0.11148,0.06544,0.11126
2021-03-05,0.18041999999999997,0.40068000000000004,0.36541999999999997,0.3056,-0.11594,0.009020000000000005,0.068,0.0,0.16444,0.10533999999999999
2021-03-08,0.02659999999999999,0.3374,0.31572000000000006,0.19538000000000003,0.15996,0.40518,0.17908,0.22386,0.39337999999999995,-0.08038
2021-03-09,0.18418,0.34276,-0.13432000000000005,0.06731999999999999,0.0,0.34074,0.0,0.0,-0.0683,-0.03412
2021-03-10,0.24026,0.36463999999999996,0.28328,0.34018000000000004,0.14368,-0.23544,0.08556,0.03558,0.12498000000000001,0.15676
2021-03-11,0.30932,0.37317999999999996,0.3381,0.11988000000000001,-0.14040000000000002,0.46563999999999994,0.16846,0.0,0.19605999999999998,0.0
2021-03-12,0.19826000000000002,0.39662000000000003,0.09534000000000001,0.22552000000000003,-0.07224,0.32652000000000003,0.059199999999999996,0.08768000000000001,0.1613,0.1127
2021-03-15,0.19152,0.7262600000000001,0.30202,0.4525,0.49623999999999996,0.44932,0.0,0.3514,0.1248,0.23392
2021-03-16,0.14850000000000002,0.4355399999999999,-0.13957999999999998,0.07651999999999999,0.13764,-0.09413999999999999,0.0,0.00476,-0.16124,0.11865999999999999
2021-03-17,0.19004,0.28948,0.02054,0.30916,0.05234,-0.11396000000000002,0.05464,-0.02054,0.36774,0.0
2021-03-18,-0.05923999999999998,0.32822,-0.13734,0.05188,0.19083999999999998,0.020120000000000006,0.0,0.19480000000000003,0.16444,0.068
2021-03-19,0.23836,0.29246,0.2739,-0.021079999999999988,0.3035,-0.03992,0.068,0.0,0.059199999999999996,0.0
2021-03-22,-0.01094,0.28144,0.11556000000000002,0.49357999999999996,0.09272,0.1486,0.07636,0.0,0.24348,0.0
2021-03-23,0.13494,0.31287999999999994,-0.53796,0.326,0.09426,0.07610000000000001,-0.05,0.0,0.26558000000000004,0.05464
2021-03-24,0.31466,0.41753999999999997,-0.023619999999999995,0.2508,0.17994000000000002,-0.009060000000000012,0.05464,0.0,0.11648,0.0
2021-03-25,-0.01544,0.02345999999999997,0.23445999999999997,0.056979999999999996,0.14908000000000002,-0.068,0.18436,0.16632,-0.05646000000000001,0.26298
2021-03-26,0.011619999999999986,-0.18194,0.5284,0.52722,-0.011720000000000008,0.28936,-0.11839999999999999,0.0,0.13174000000000002,0.059199999999999996
2021-03-29,0.37714,0.88202,0.26998,0.15096000000000004,0.5454399999999999,0.50954,0.0,0.11878,0.3925,0.26864
2021-03-30,0.14892,0.3641,0.38672000000000006,0.18326,0.049339999999999995,0.1142,0.0,0.07636,0.27148,0.0
2021-03-31,0.0,0.35308,0.37192000000000003,0.29752000000000006,0.13640000000000002,0.20137999999999998,0.059199999999999996,0.0,0.20134,0.05464
2021-04-01,0.11778,0.21318,-0.4438000000000001,0.40700000000000003,0.02422,0.05815999999999999,0.0,-0.05884,0.04636,0.11148
2021-04-05,0.6818799999999999,0.43423999999999996,0.22481999999999996,0.52614,0.3458,0.47426,0.16884,-0.11148,0.44536,0.13502
2021-04-06,0.22048,0.5252,0.08629999999999997,-0.04159999999999999,0.1628,-0.030459999999999997,0.03558,0.09534000000000001,0.025479999999999992,0.0
2021-04-07,0.0843,0.03841999999999999,-0.03656,0.22271999999999997,0.19962,0.13434000000000001,-0.06364,0.08038,0.09966,0.05464
2021-04-08,0.3437,0.7994199999999999,0.07392,0.09176,0.22916000000000003,0.0573,0.13013999999999998,0.0,0.0978,0.23976000000000003
2021-04-09,0.08996,0.37661999999999995,-0.17114,0.2517,0.17915999999999999,0.49128000000000005,0.0,0.0,0.32218,0.05464
2021-04-12,-0.20148000000000002,0.58574,0.20906000000000002,0.57706,0.20766,0.27677999999999997,0.04046,0.19771999999999998,0.2375,0.20356000000000002
2021-04-13,0.3045,0.34469999999999995,0.27404,0.6489999999999999,-0.04266000000000003,0.41954,0.0,0.0,0.2354,0.10928
2021-04-14,0.22132000000000002,-0.027659999999999997,0.11256,0.52694,-0.03519999999999999,0.28724000000000005,0.11750000000000001,0.0,0.12288000000000002,0.39818
2021-04-15,-0.01544,-0.13144,0.02906000000000001,0.37618,0.17816,0.29164,0.0,0.09176,0.31872,0.12248
2021-04-16,0.17694000000000001,0.54872,0.09338,0.67038,-0.05,-0.07406,0.0,0.0,0.10175999999999999,0.0
2021-04-19,-0.09809999999999999,0.10503999999999998,0.09428,0.54722,0.06974,0.41738,0.20092,0.06364,0.15354,0.13757999999999998
2021-04-20,0.15424,0.20817999999999998,0.29147999999999996,0.50796,0.18712,0.012680000000000002,-0.00516,0.0,0.23966000000000004,0.2407
2021-04-21,0.03269999999999999,0.19998000000000002,0.14052,0.27908,0.31802,0.10921999999999998,0.19538000000000003,0.0,0.09341999999999999,0.19118
2021-04-22,0.18638000000000002,0.52156,0.08618,0.29422000000000004,0.11164,0.11280000000000001,0.2037,0.08038,0.42560000000000003,0.12752
2021-04-23,0.21416,0.38926,0.098,0.36900000000000005,0.11148,0.10462,0.08808,0.15566,0.2943,0.05464
2021-04-26,0.08612,0.5469799999999999,-0.1157,0.61674,0.55146,0.29374,0.0,0.11148,0.4479,0.11438
2021-04-27,0.17192000000000002,0.16084,0.0,0.41242,0.33494,0.65904,0.13336,0.0,0.05249999999999999,0.06548000000000001
2021-04-28,0.40062,0.47090000000000004,0.35888,0.08874000000000001,0.10802,-0.23532000000000003,0.11148,0.28979999999999995,0.21234000000000003,0.14998
2021-04-29,0.34752,0.04076000000000002,0.29303999999999997,0.21338,0.454,0.12176000000000001,0.059199999999999996,0.18070000000000003,0.22218,0.0
2021-04-30,0.29784,0.16836,0.50334,0.1759,0.4026199999999999,0.08796000000000001,-0.04526,0.25928,-0.03062,0.3587000000000001
2021-05-03,0.49555999999999994,0.31415999999999994,0.25476,0.32584,0.53762,0.03053999999999999,0.05464,0.18342,0.21467999999999998,0.175
2021-05-04,0.39076000000000005,0.44204,0.17558,0.38553999999999994,0.24118000000000003,0.017200000000000014,-0.11438,0.0,0.13944,0.26248
2021-05-05,0.20398,0.10036,0.12408,0.26846000000000003,0.22918,0.5518,0.17182,0.0,0.26582,0.12042000000000001
2021-05-06,0.012719999999999999,0.38173999999999997,0.35696000000000006,0.26254,0.0,0.30809999999999993,0.1008,-0.06364,0.18802000000000002,0.0
2021-05-07,0.10724,-0.12955999999999998,-0.16060000000000002,0.010600000000000009,0.068,-0.11294,0.0,0.0,0.33178,0.11383999999999998
2021-05-10,-0.03806,0.22676,0.40182,0.11196000000000002,0.14323999999999998,0.31548,0.1967,0.0,0.16756000000000001,0.47766000000000003
2021-05-11,0.48448,0.07636000000000001,-0.21402000000000002,0.004559999999999997,0.08038,0.09659999999999999,0.13616,0.059199999999999996,0.01032,0.0
2021-05-12,0.22848000000000002,0.0773,0.27154,0.13466,0.46421999999999997,0.17297999999999997,0.09878,0.13957999999999998,0.17616,0.17915999999999999
2021-05-13,0.0,0.466,0.0,0.13702,-0.08038,0.23032,0.0,0.0,0.0,0.07636
2021-05-14,0.0,0.007600000000000007,-0.10986,0.1519,0.18494000000000002,0.058620000000000005,0.059199999999999996,0.0,0.14289999999999997,0.10212000000000002
2021-05-17,0.058800000000000005,0.33346,0.45,0.57232,0.19477999999999998,-0.02472,0.22406,0.0,0.09152,0.09878
2021-05-18,-0.2944,0.22938,-0.11298,0.22876,0.09534000000000001,0.0528,0.14538,0.0,0.18002,0.07224
2021-05-19,0.30556,0.05668000000000004,-0.1486,0.4324,-0.068,0.11657999999999999,-0.08038,0.0,-0.01974,0.13816
2021-05-20,0.3674,0.6315999999999999,0.04046,0.17238,0.20746000000000003,0.13894,0.0,0.0,0.38611999999999996,0.25054
2021-05-21,0.41459999999999997,0.3116,0.06417999999999999,-0.00516,0.34126,0.27598,0.06364,0.0,0.25172,0.12738
2021-05-24,0.15615999999999997,0.7119199999999999,0.2068,0.11148,0.57546,0.22549999999999998,0.12854000000000002,0.09966,0.46596000000000004,0.25116
2021-05-25,0.25444,0.32038,0.21502,0.4404199999999999,0.27058,0.0,0.08038,0.31132,-0.19770000000000001,0.05464
2021-05-26,0.17188,0.3758,0.6338,0.219,0.0,0.11938,0.0,0.0,0.33846000000000004,0.1486
2021-05-27,0.36906,0.53026,0.06157999999999999,0.14794000000000002,0.22438000000000002,0.25606,0.14282,-0.02054,0.36694,0.14538
2021-05-28,0.7778,0.4315399999999999,0.12431999999999999,0.2545,0.011140000000000006,0.07224,0.14538,0.20112000000000002,0.36468,0.09878
2021-06-01,0.30494000000000004,0.72408,0.37206,0.30562,0.5807800000000001,0.31479999999999997,0.12688000000000002,0.12647999999999998,0.07144,0.18658
2021-06-02,0.21546000000000004,0.42935999999999996,0.58716,0.45389999999999997,0.15886,0.04078,0.0,0.11438,0.27249999999999996,0.26078
2021-06-03,0.01032,0.48840000000000006,0.40048000000000006,-0.00826,0.21967999999999996,0.2655,0.16076,0.10102,0.15560000000000002,0.0
2021-06-04,0.5382,0.28568,0.0,0.37825999999999993,-0.01202,0.27283999999999997,0.0,0.059199999999999996,0.24436,0.16962
2021-06-07,0.29290000000000005,0.27702,-0.51194,0.4022,0.14102,0.27466,0.24944000000000002,0.15012,0.5792200000000001,0.0
2021-06-08,0.4044,0.17146,0.18883999999999998,0.2578,0.09878,0.12083999999999999,0.07224,0.0,0.15052000000000001,0.12498000000000001
2021-06-09,0.0,0.07165999999999999,0.131,0.4038399999999999,-0.15996,0.11298000000000001,0.0,0.0,0.12238,0.05464
2021-06-10,0.08266,0.27172,0.17994,0.18485999999999997,0.33849999999999997,0.18894,0.0,0.15928,0.36491999999999997,0.0
2021-06-11,0.28057999999999994,0.09534000000000001,0.011840000000000007,0.25568,0.09128,0.4238799999999999,0.0,0.0,0.04298,0.0
2021-06-14,0.26217999999999997,0.40162,0.52874,0.0392,0.39893999999999996,0.06364,0.20373999999999998,-0.01544,0.12035999999999998,0.25882
2021-06-15,0.13555999999999999,0.45646000000000003,0.39512,0.22324000000000002,0.20932,-0.027759999999999996,0.0,-0.059199999999999996,0.0,0.12498000000000001
2021-06-16,0.50376,0.27412000000000003,0.47302,-0.003799999999999992,0.0,0.22486,0.0,0.11839999999999999,0.33104,0.0
2021-06-17,0.28602,0.19740000000000002,0.02203999999999997,0.2254,0.030920000000000003,0.0,0.11202000000000001,0.09534000000000001,-0.15648,0.08038
2021-06-18,0.0,0.5662400000000001,0.20250000000000004,0.28259999999999996,0.30334,-0.014179999999999998,0.11839999999999999,0.153,0.31924,0.0
2021-06-21,0.29618,0.22269999999999998,0.39136000000000004,0.10469999999999999,0.56908,0.41694,0.07636,0.0,0.33975999999999995,0.26328
2021-06-22,-0.09894,0.00613999999999999,0.16762,-0.30296,0.059199999999999996,-0.035580000000000014,0.0843,-0.04046,0.18962,0.0
2021-06-23,-0.012379999999999992,0.42694,0.24967999999999999,0.26765999999999995,0.18658000000000002,0.08808,0.0,0.0,0.16177999999999998,-0.036660000000000005
2021-06-24,-0.16432,0.476,0.23679999999999998,0.6594800000000001,0.17572000000000002,0.04046,0.07894,-0.07636,0.47164,0.29272
2021-06-25,0.07288000000000001,0.25193999999999994,0.2412,-0.17473999999999998,0.25556,0.10333999999999999,0.0843,0.13534,0.36362000000000005,0.14192
2021-06-28,0.3433,0.50268,-0.04140000000000001,0.10896000000000002,0.18580000000000002,0.28012000000000004,0.0,0.04046,0.19622,0.26358
2021-06-29,0.08808,-0.15336,0.6456200000000001,0.454,-0.044120000000000006,0.25018,0.00516,0.0,0.45410000000000006,0.1775
2021-06-30,0.36838,0.18568,0.20823999999999998,0.33984000000000003,0.16962,0.09152,0.0,0.0,0.29144000000000003,0.09878
2021-07-01,0.023160000000000004,0.25908,0.19380000000000003,0.1902,0.059199999999999996,0.28166,0.04046,0.42752,0.26139999999999997,0.05464
2021-07-02,0.0216,0.34354,0.45620000000000005,0.3071,0.50076,0.011380000000000001,0.059199999999999996,0.24758,-0.11118000000000001,0.05464
2021-07-06,0.14178,0.26671999999999996,-0.22996,-0.25938,0.08808,0.00516,0.002080000000000004,0.17759999999999998,0.38942,0.14538
2021-07-07,0.1318,0.34418000000000004,-0.004239999999999999,-0.10704,0.33668,0.18686,0.0,0.22866,0.26342,0.059199999999999996
2021-07-08,0.15668,0.0032199999999999785,0.26226,0.19706,0.12235999999999998,0.15674000000000002,-0.04887999999999999,0.0,0.32804,0.17316
2021-07-09,0.2757,0.12126,0.3519,0.64458,0.0,0.12498000000000001,0.0,-0.05464,0.21278000000000002,0.05464
2021-07-12,0.18372000000000002,0.25204000000000004,0.26888,0.45044000000000006,0.10207999999999999,0.20373999999999998,0.07636,0.0,0.17346,0.09878
2021-07-13,0.23346,0.47606000000000004,-0.014179999999999998,0.55968,0.059199999999999996,-0.08556,0.0,0.0,0.19756,0.04182
2021-07-14,0.068,0.020700000000000007,0.10928,0.58642,0.16252,0.08808,0.0,0.04046,0.17744,0.068
2021-07-15,0.08982,0.22494,0.01966,0.3877,-0.03062,0.0,0.08038,0.0,0.004799999999999999,-0.06364
2021-07-16,0.1645,0.30036,0.08887999999999999,0.25576,0.13194,0.15012,0.068,0.0,0.35018000000000005,0.42716000000000004
2021-07-19,0.5093,0.13918,-0.34872000000000003,0.06566,0.09111999999999998,0.11717999999999999,0.08374,-0.11438,-0.14922,0.07824
2021-07-20,0.363,0.15088,0.6980000000000001,0.5892200000000001,-0.02054,0.0,0.08084,0.0,0.15674,0.05464
2021-07-21,0.19344,0.26280000000000003,0.63142,0.57912,0.0,0.17018,-0.09878,0.0,0.3126,-0.06364
2021-07-22,0.36984000000000006,0.10494000000000003,0.3646,0.24904,0.010519999999999996,0.15811999999999998,0.27044,0.059199999999999996,0.14198,0.13616
2021-07-23,0.13574,0.39024000000000003,0.5613,0.28159999999999996,0.0,0.22876,0.0,0.0,0.010300000000000009,0.17915999999999999
2021-07-26,0.07627999999999999,0.33698,0.021060000000000013,0.19682,0.29498,-0.19182000000000002,0.12688000000000002,0.1486,0.438,0.52946
2021-07-27,0.14448,0.42288,0.0,0.52932,-0.19332,0.33663999999999994,0.20036,0.0,0.07900000000000001,0.0
2021-07-28,0.11308,0.51922,0.2481,0.29344000000000003,0.07636000000000001,0.20894,0.0,0.059199999999999996,0.44071999999999995,0.0
2021-07-29,0.39534,0.54418,0.11748,0.34236000000000005,0.46231999999999995,0.19685999999999998,0.22696,-0.068,0.17616,0.09878
2021-07-30,0.04526,0.0723,0.36764,-0.03088,0.16352,0.30998000000000003,0.059199999999999996,0.0,0.16544,0.0
2021-08-02,0.18806,0.34684,0.17628000000000002,0.62244,0.4074400000000001,0.21881999999999996,0.0,0.07194,0.26739999999999997,-0.09022
2021-08-03,0.28515999999999997,0.26242,0.36506,0.13506,0.28735999999999995,0.04046,0.34042,0.11717999999999999,0.37983999999999996,0.0
2021-08-04,0.21254,0.09036000000000001,0.0,0.07448,0.2931,0.09478,0.0,0.0,-0.003860000000000008,0.05464
2021-08-05,0.09938,0.55828,0.21993999999999997,-0.29818,0.25682,0.17714,0.0,0.0,0.31656,0.25568
2021-08-06,0.15556,0.337,0.0763,-0.013040000000000006,0.07636,0.01544,0.0,0.11839999999999999,0.25202,0.1645
2021-08-09,0.45940000000000003,0.43022,-0.0635,0.34234,0.28192000000000006,0.2439,0.02812,-0.02054,0.18238000000000001,0.21154
2021-08-10,0.05938,0.20804,-0.08318,0.3371,0.1089,0.15538000000000002,0.05464,0.23271999999999998,0.0256,0.14616
2021-08-11,0.01601999999999999,0.061,0.29038,0.21486,0.1723,0.0736,0.05369999999999999,0.17572000000000002,0.0,0.05464
2021-08-12,0.54556,0.23437999999999998,0.03048,0.46021999999999996,0.25476,0.0,0.08038,0.059199999999999996,0.23922,0.04822
2021-08-13,0.24108000000000002,0.79836,0.059199999999999996,0.20285999999999998,0.11148,-0.059199999999999996,0.0,0.0,0.06681999999999999,0.23186
2021-08-16,-0.25728,0.40031999999999995,0.21328,0.19152,0.31252,0.14508,0.04046,0.09636,0.09152,0.30898
2021-08-17,0.1275,0.29618,-0.2823,0.046639999999999994,0.3073,0.11148,0.14350000000000002,0.059199999999999996,-0.06606000000000001,0.059199999999999996
2021-08-18,-0.05578000000000003,0.17688,0.06202,0.10474000000000001,0.34914,-0.09696,0.12294000000000001,0.3291,0.5912,0.0
2021-08-19,0.13406,0.32704,0.15654,0.35831999999999997,0.028579999999999994,0.0843,-0.03062,0.05,0.27880000000000005,0.0
2021-08-20,0.15434,0.28368,-0.35882000000000003,-0.13194,0.068,-0.31379999999999997,0.008139999999999991,0.059199999999999996,-0.22454000000000002,0.30866
2021-08-23,0.35250000000000004,0.0512,0.51922,0.45038,0.016739999999999998,0.29422,0.16784000000000002,-0.02054,0.3506,-0.027879999999999995
2021-08-24,0.2307,0.14198,-0.02582000000000001,0.34171999999999997,0.20882,0.24711999999999995,0.0,0.059199999999999996,0.15702,-0.10962000000000001
2021-08-25,0.08808,0.37328,0.05464,0.21236000000000002,0.05234,0.09878,0.0,0.15095999999999998,0.05464,0.00464
2021-08-26,0.2467,0.37808,0.0516,-0.1672,0.08766000000000003,0.0,0.059199999999999996,0.0,0.49871999999999994,0.0
2021-08-27,0.5792200000000001,0.19383999999999998,-0.0386,0.25882,0.27303999999999995,0.31696,0.09878,0.04046,-0.025880000000000004,0.0
2021-08-30,0.27204,0.53316,-0.36778000000000005,0.04046,0.3111,0.09878,0.11148,-0.0256,0.6108800000000001,0.32022000000000006
2021-08-31,0.015260000000000001,0.25498,0.13772,0.3136,-0.0903,0.2532,0.068,0.0,-0.021720000000000007,-0.10928
2021-09-01,0.0,0.50208,-0.34196,0.23662,0.21284,0.0,0.0,0.05464,0.061,0.21986000000000003
2021-09-02,0.15382,0.1109,0.74786,0.48,0.3243,0.07737999999999999,0.0,0.0,0.4163200000000001,0.11827999999999998
2021-09-03,0.26756,0.45382,0.07174,0.21991999999999998,0.0,0.049399999999999986,0.0,0.01032,0.29308,0.0
2021-09-07,0.39436,0.62452,0.19267999999999996,0.050839999999999996,0.07656,0.31277999999999995,0.08038,0.2563,0.61138,0.0718
2021-09-08,0.32314,0.4284800000000001,0.31314000000000003,0.25382,-0.09278,0.2807,-0.15567999999999999,0.04046,0.25346,0.0
2021-09-09,-0.22534,0.21105999999999997,0.47874,-0.297,-0.02921999999999998,0.0,-0.030779999999999995,0.0,0.39536,0.0
2021-09-10,0.17573999999999998,0.3781,-0.15184000000000003,-0.12125999999999999,-0.06364,-0.059919999999999994,0.0,0.18697999999999998,-0.16978,0.17182
2021-09-13,0.4859,0.5415800000000001,0.3457,0.24667999999999995,0.73094,0.15674,0.08670000000000001,0.0,0.26514,0.12498000000000001
2021-09-14,0.31168,0.51098,0.017999999999999995,0.10714000000000001,0.1719,0.059199999999999996,0.07636,0.20424000000000003,0.41074,0.0
2021-09-15,-0.09648,0.15910000000000002,-0.14300000000000002,0.44308000000000003,0.41159999999999997,0.052739999999999995,0.0,0.0,0.24020000000000002,0.43908
2021-09-16,0.008000000000000007,0.2081,-0.13616,0.1272,0.36442,0.08038,0.10533999999999999,0.014099999999999991,0.31404,0.10212000000000002
2021-09-17,0.27321999999999996,0.34931999999999996,0.09152,0.27718000000000004,0.09772,0.0,0.18372000000000002,0.0,0.07526000000000001,-0.06364
2021-09-20,0.6751199999999999,0.4384,0.18456,-0.24733999999999998,0.08114000000000003,-0.029099999999999994,0.3238,0.11717999999999999,0.78798,0.09052
2021-09-21,0.08024,0.30712,0.22388,0.13232000000000002,0.09152,-0.04526,0.0,0.068,0.45538,0.16962
2021-09-22,0.25844,0.49329999999999996,0.31174,0.15134,-0.07669999999999999,0.08808,0.07315999999999999,0.08092,0.31594,0.16962
2021-09-23,0.16442,0.6055,0.34172,0.08912,0.26056,0.42736,0.0,0.0,-0.09934000000000003,0.20090000000000002
2021-09-24,0.16106,0.017399999999999992,-0.2178,0.1464,0.05478000000000001,0.0256,0.0,0.0,0.45592000000000005,0.0
2021-09-27,0.25016,0.5786800000000001,-0.08121999999999999,0.51466,0.48231999999999997,0.07771999999999998,0.08038,0.22462,0.50454,0.44374
2021-09-28,0.43222000000000005,0.2996,0.017479999999999985,0.5522,0.43439999999999995,0.14006000000000002,0.0,0.10533999999999999,0.37832,-0.02054
2021-09-29,-0.05840000000000001,0.29182,0.11422000000000002,0.03558,0.4606,0.0843,0.0,0.0,0.46979999999999994,0.10533999999999999
2021-09-30,0.03111999999999999,0.04012,0.28064,0.22222,0.12972,0.20670000000000002,0.12498000000000001,0.12083999999999999,0.39346000000000003,-0.10468
2021-10-01,0.2271,0.50966,0.26658,0.2972,0.23603999999999997,0.0843,0.0,0.0,-0.15126,0.0
2021-10-04,0.03148000000000002,0.6745,0.31479999999999997,0.16976,0.41874,0.09898,0.0,0.0,0.5644199999999999,-0.05197999999999999
2021-10-05,0.14662,-0.07121999999999999,0.3657,0.31067999999999996,0.15086,0.059199999999999996,-0.00411999999999999,0.0,0.36188000000000003,0.05464
2021-10-06,0.12796000000000002,0.65288,0.29084,0.14178,0.2324,-0.37758,0.22534,0.19884,0.26374,0.0
2021-10-07,0.41702000000000006,0.018700000000000005,0.07143999999999995,0.26890000000000003,0.31520000000000004,0.0,0.12738,0.0,-0.021320000000000016,0.09878
2021-10-08,-0.06292,0.006260000000000004,0.15488,0.14272,0.06146,0.10286,0.17759999999999998,0.20373999999999998,0.23097999999999996,0.0
2021-10-11,0.39358,0.48784,-0.03972,0.6750400000000001,0.20615999999999998,0.37551999999999996,0.22708,0.08038,0.14368,0.36236
2021-10-12,0.36336,0.37392,0.17378,0.06578,0.45074000000000003,0.0,-0.13616,0.0,0.6738200000000001,0.0
2021-10-13,-0.06648000000000001,0.1972,0.33751999999999993,0.53528,-0.047660000000000015,0.1099,0.08692,0.25932,0.39483999999999997,-0.07636
2021-10-14,-0.01086,0.54364,0.26246,0.71,0.0,0.24374,-0.10212000000000002,0.06524,0.22949999999999998,-0.02054
2021-10-15,0.31500000000000006,0.33392,0.40952,0.649,0.24178000000000002,0.1772,0.059199999999999996,0.18168,0.24272,0.16632
2021-10-18,0.27878,0.34984000000000004,0.15458000000000002,0.13667999999999997,0.63988,0.21092,0.12498000000000001,0.0,0.27196000000000004,0.11988000000000001
2021-10-19,0.14012,0.30834,0.34140000000000004,-0.15676,0.10238,0.153,0.0,0.07636,0.63956,0.07224
2021-10-20,0.12854000000000002,0.2364,0.16782000000000002,-0.027720000000000012,0.30496,-0.00020000000000000017,-0.03558,0.05,0.22686,0.29154
2021-10-21,0.14464,0.17586,0.11665999999999999,0.09708,0.39955999999999997,-0.0774,0.14496,0.0984,0.31814,0.0
2021-10-22,0.2231,0.27542,0.38998,-0.047680000000000014,0.14368,0.12498000000000001,0.08038,0.14368,0.33958,0.14152
2021-10-25,0.46118000000000003,0.38386000000000003,0.45366,0.23773999999999998,0.09716,0.09952000000000001,0.0951,0.04046,-0.10655999999999999,0.20972
2021-10-26,0.39878,0.10533999999999999,0.32058000000000003,0.40164,0.008419999999999997,0.33798,-0.03062,0.07828,0.34964000000000006,0.05464
2021-10-27,0.14350000000000002,0.39748,0.054459999999999995,0.24252,0.28196,0.033099999999999984,0.10533999999999999,0.08092,0.13912,0.08808
2021-10-28,0.20778000000000002,0.06687999999999998,0.3906,0.24725999999999998,0.31492,0.44841999999999993,0.03558,0.054759999999999996,0.49412,-0.11099999999999999
2021-10-29,0.4096,0.18925999999999998,0.6455200000000001,0.39174,0.15932000000000002,0.07028,0.0,0.18770000000000003,0.24303999999999998,0.05464
2021-11-01,-0.00633999999999999,0.2598,0.27678,0.41181999999999996,0.49128,0.12738,0.0,0.0,0.56088,0.17616
2021-11-02,0.4787,0.4461399999999999,-0.024419999999999997,0.012980000000000002,0.30772,0.10038,-0.031080000000000007,0.04046,0.3552,0.0
2021-11-03,0.43708,0.54976,0.017159999999999998,0.23129999999999998,0.29112,0.10846,0.0,0.0,0.6993,0.03062
2021-11-04,0.45118,0.26604,0.43112000000000006,0.4984,0.3257,0.031100000000000006,0.0,0.16352,0.6667,0.153
2021-11-05,0.30094,0.5106,0.31028,0.1496,0.42035999999999996,0.1786,0.09741999999999999,0.0,-0.08125999999999999,0.15689999999999998
2021-11-08,-0.2313,0.33433999999999997,0.41904,-0.08600000000000001,0.4385,0.013259999999999994,0.1187,0.02054,0.3201,0.09878
2021-11-09,0.10533999999999999,0.25568,0.15434,-0.006699999999999995,0.24619999999999997,0.28578000000000003,0.059199999999999996,0.18169999999999997,0.2077,0.014720000000000006
2021-11-10,-0.1125,0.11108,-0.07479999999999998,-0.028080000000000004,-0.12314,-0.12183999999999998,0.17221999999999998,0.0,0.33762,0.0
2021-11-11,0.20736,0.28394,0.11383999999999998,0.05109999999999998,0.2902,0.23196,-0.04046,0.22004,0.34643999999999997,-0.00516
2021-11-12,0.048839999999999995,0.023740000000000004,0.0,0.0,0.18554000000000004,0.32372,0.17250000000000001,0.09176,-0.003960000000000008,0.0843
2021-11-15,0.33262,0.25861999999999996,0.1311,0.42299999999999993,0.23027999999999996,0.3987,0.12738,0.28911999999999993,0.37039999999999995,0.37178
2021-11-16,0.08236,0.43313999999999997,0.0028999999999999916,0.33398,0.25148000000000004,0.29325999999999997,0.08954000000000001,0.0,0.38346,0.04526
2021-11-17,-0.00516,0.57218,0.09534000000000001,0.023419999999999996,0.46372,0.20140000000000002,-0.015279999999999998,0.04046,0.22736,0.12738
2021-11-18,0.25944,0.52692,0.013819999999999994,0.54108,-0.07478000000000001,0.0251,0.0,0.29122,0.33812,0.059199999999999996
2021-11-19,0.15262,0.29956,0.08886,0.36252000000000006,0.23728,-0.06622,0.0,0.0,0.29178,0.11717999999999999
2021-11-22,0.23071999999999998,0.5138,0.060939999999999994,0.60906,-0.005580000000000007,0.06816,0.40991999999999995,0.37336,0.62962,0.22224
2021-11-23,0.1539,0.29825999999999997,0.51752,0.011820000000000008,0.25778,0.09152,0.050780000000000006,0.0,0.49566,0.0
2021-11-24,0.23094,0.16076,0.05464,0.04747999999999999,-0.040619999999999976,0.0,0.0,0.059199999999999996,0.02994,0.068
2021-11-26,0.16484000000000001,0.7053800000000001,-0.21066000000000001,-0.16352000000000003,-0.15975999999999999,-0.05129999999999999,0.0,0.12738,0.03952,0.0
2021-11-29,-0.17558,0.05995999999999999,0.07482,0.07025999999999999,0.36326,0.02026,0.0,0.12498000000000001,0.49895999999999996,0.14701999999999998
2021-11-30,0.15854000000000001,0.18060000000000004,-0.006440000000000024,0.43402,0.17238,0.12398,0.12083999999999999,0.0,0.35604,0.22376000000000001
2021-12-01,0.33794,-0.36568,0.3114,-0.09176,-0.03727999999999998,-0.12913999999999998,-0.11988000000000001,0.04046,-0.009819999999999985,0.05464
2021-12-02,-0.07680000000000001,0.45946,0.49698000000000003,0.29122000000000003,-0.06664,-0.005099999999999999,-0.10578000000000001,0.28284,0.50948,0.0
2021-12-03,-0.027339999999999996,0.54522,-0.00506,0.18980000000000002,0.32178,0.12738,-0.04046,-0.05463999999999999,0.43062000000000006,0.2178
2021-12-06,0.18846000000000002,0.45411999999999997,0.20322,0.24787999999999996,0.21364,0.32283999999999996,0.09534000000000001,0.04046,0.71076,0.15674
2021-12-07,0.27058,-0.02941999999999998,0.30766,0.15442,0.0843,0.26838,0.0,0.0,0.63738,0.2435
2021-12-08,0.40684000000000003,0.09522,0.2312,0.14006,0.18096,0.05846,0.08808,0.009199999999999996,0.11176,-0.05464
2021-12-09,0.009839999999999998,0.30062,0.05732,0.5525599999999999,0.0256,0.16468,0.23471999999999998,0.12972,0.48472,0.0
2021-12-10,0.23676,0.07980000000000001,0.2695,0.06254,-0.041179999999999994,0.12940000000000002,0.068,0.14504,0.24674000000000001,0.059199999999999996
2021-12-13,0.06592,0.21448,0.22522000000000003,0.71862,0.5015,-0.02994,0.0,0.04046,0.414,0.22791999999999998
2021-12-14,0.11698,0.34492,0.23768000000000003,0.19092,0.17472000000000001,0.3036,0.24764,0.34284000000000003,0.04284,0.1089
2021-12-15,0.10212000000000002,0.75736,0.18322,0.13548,0.035660000000000004,0.0,0.22238000000000002,0.12138,0.5760799999999999,0.05464
2021-12-16,0.32358,0.45562,0.07023999999999998,-0.07096,0.12394000000000001,-0.21880000000000002,0.0341,0.12248,0.44323999999999997,0.0
2021-12-17,0.063,0.46719999999999995,0.30978000000000006,0.18306,0.36512,0.030920000000000003,0.0,0.10225999999999999,-0.26833999999999997,0.0
2021-12-20,0.3744,0.28775999999999996,-0.01197999999999999,-0.14438,0.31958,0.07070000000000001,0.03256,0.10566,0.30368000000000006,0.22271999999999997
2021-12-21,0.059199999999999996,0.45382,0.0,0.36488,0.45583999999999997,0.33208000000000004,0.0,0.27568,0.48613999999999996,0.23176000000000002
2021-12-22,0.27154,-0.030799999999999984,0.08038,0.18441999999999997,0.09148,0.39022,0.0,0.0,0.88526,0.0
2021-12-23,0.25545999999999996,0.28624,-0.09534000000000001,0.20271999999999996,0.44821999999999995,0.09176,0.24504,0.0,0.4265,0.09152
2021-12-27,0.18694,0.52504,0.44132,0.40404,0.53144,0.38024,-0.02054,0.021039999999999993,0.46392,-0.04046
2021-12-28,0.15911999999999998,0.15133999999999997,-0.0629,0.07224,0.15839999999999999,-0.17250000000000001,0.26316,0.0843,0.6982799999999999,-0.00633999999999999
2021-12-29,0.04046,0.18816000000000002,0.25764,-0.04526,0.13324,0.12738,0.12738,0.17068,0.28306,0.18214000000000002
2021-12-30,0.42514,0.32064,0.10533999999999999,0.49836,0.43142,0.0843,0.08038,0.18403999999999998,0.5276400000000001,0.22406
2021-12-31,0.12054000000000001,0.06517999999999999,0.34292,0.19856000000000001,0.1662,0.0,0.0,0.018739999999999996,0.49973999999999996,0.09878
2022-01-03,-0.033460000000000004,0.31222000000000005,0.18380000000000002,0.14896,0.59712,0.32608000000000004,0.04046,0.12738,0.62104,0.03590000000000001
2022-01-04,0.22123999999999996,0.0,0.13523999999999997,0.36948,0.1187,0.34862000000000004,0.0,0.18658000000000002,0.45566000000000006,0.20779999999999998
2022-01-05,0.32098,0.22918,0.27244,0.25461999999999996,-0.08115999999999998,0.19341999999999998,0.05464,0.08808,0.58824,0.08158000000000001
2022-01-06,0.50346,0.3927,0.056519999999999994,0.26189999999999997,0.41625999999999996,0.04046,0.16784000000000002,0.16454,0.31368,0.059199999999999996
2022-01-07,0.33912,0.14862,0.36538000000000004,0.16888,0.11008,0.23802000000000004,0.08038,0.0,-0.093,0.08928
2022-01-10,0.31908000000000003,0.38576000000000005,0.40232,0.49398,0.51868,0.47729999999999995,0.059199999999999996,0.12738,0.27696,0.52024
2022-01-11,0.23356,0.12204000000000004,0.1969,0.23432,0.1486,0.12804,0.0,-0.09946000000000002,0.50946,0.059199999999999996
2022-01-12,0.32504,0.21472000000000002,0.49158,0.62432,0.32880000000000004,0.4323,0.0,0.019600000000000006,0.6060800000000001,0.0
2022-01-13,0.44806,0.488,0.46338,0.7017200000000001,0.30486,-0.04898,0.19538000000000003,0.068,0.67004,0.20022
2022-01-14,0.136,-0.11042,0.30722,0.30466000000000004,0.41018,0.39574,0.1272,0.09878,0.5309,0.18194
2022-01-18,-0.29795999999999995,0.15718000000000001,0.7627200000000001,0.87942,0.5872200000000001,0.10033999999999998,0.12132000000000001,-0.08038,0.79728,0.60498
2022-01-19,0.29174,0.28872,0.24319999999999994,0.55332,0.20064,0.26414,0.19421999999999998,0.2644,0.6942,0.29050000000000004
2022-01-20,0.4511,0.35758,0.36578,0.38658,0.05716,0.4091,0.13194,0.41468000000000005,0.8589399999999999,0.36634
2022-01-21,0.42126,0.32322,0.37302,0.64594,-0.223,0.08808,0.05464,0.25132000000000004,0.50366,0.37995999999999996
2022-01-24,0.44514,0.42688,0.14548,0.5727,0.11732000000000001,0.50542,0.35851999999999995,0.19748,0.49383999999999995,0.11565999999999999
2022-01-25,0.009560000000000013,0.27552,0.28884,0.6335200000000001,-0.1907,0.48738000000000004,0.08038,0.27576,0.28748,0.46129999999999993
2022-01-26,0.5435399999999999,0.35518,0.63122,0.28512000000000004,0.29964,0.23102,0.04046,0.08808,0.60214,0.20044
2022-01-27,0.4126200000000001,0.13954,0.40358,0.63166,0.53,0.36550000000000005,0.44846,0.55486,0.48658,0.3337
2022-01-28,-0.15094000000000002,-0.03802,0.58428,0.5562400000000001,0.26374,0.50822,0.0,-0.04420000000000002,0.6586799999999999,0.31566000000000005
2022-01-31,0.3889,0.5835600000000001,0.44189999999999996,0.1627,0.59594,0.18416,-0.033859999999999994,0.52222,0.6411800000000001,0.29003999999999996
2022-02-01,0.18308000000000002,-0.28426,0.36042,0.22056,0.15182,0.021460000000000014,0.14368,0.11438,0.55238,0.4524800000000001
2022-02-02,0.35114,0.015119999999999977,0.5088,0.5802200000000001,0.2226,0.2578,0.08217999999999999,0.09114,0.7671,0.26604
2022-02-03,0.48694,0.32994,0.06358000000000001,0.28764,0.23508,0.17712,-0.08808,0.10533999999999999,0.26748000000000005,0.43479999999999996
2022-02-04,0.14792,0.2992,0.19202000000000002,0.35961999999999994,-0.16110000000000002,0.32430000000000003,0.068,0.0,0.24939999999999998,0.42425999999999997
2022-02-07,0.5707800000000001,0.38764,0.45334,-0.03369999999999999,0.5909000000000001,0.26682,0.06364,0.12498000000000001,0.19571999999999998,0.31548
2022-02-08,0.1877,0.69406,0.69546,0.45346000000000003,0.40806000000000003,0.12368000000000001,0.21322000000000002,0.16678,0.78888,0.32968000000000003
2022-02-09,0.28868,0.25460000000000005,0.51204,0.37808,0.58164,0.04046,0.08038,0.07099999999999998,0.40271999999999997,0.3543
2022-02-10,0.5700999999999999,0.41598000000000007,0.14216,0.08958,-0.04736,0.014860000000000002,-0.07224,0.26671999999999996,0.34778000000000003,0.44821999999999995
2022-02-11,0.06476,0.042459999999999984,0.3658,0.0073200000000000045,0.4146599999999999,0.20972,0.1915,0.04046,0.11846000000000001,0.25692
2022-02-14,0.37946,0.72956,0.492,-0.08579999999999999,-0.14656,-0.33971999999999997,0.068,0.5604799999999999,0.23322000000000004,0.4502
2022-02-15,0.26844,0.38672000000000006,0.29732000000000003,0.30908,0.16877999999999999,0.08126,0.0,0.16678,0.53334,0.35656000000000004
2022-02-16,0.08092,0.46452,0.5006,0.13538,0.42778,0.00464,-0.003920000000000002,0.24218,0.68772,0.16226000000000002
2022-02-17,0.30224,0.23796,0.13068,-0.30834,0.23567999999999997,0.23149999999999998,0.0,0.12498000000000001,0.29232,0.37176
2022-02-18,0.0,-0.0015199999999999992,-0.03740000000000001,0.24432,0.38996,0.058219999999999994,-0.23420000000000002,-0.03558,0.42942,0.043359999999999996
2022-02-22,-0.048339999999999994,0.4025,0.32520000000000004,-0.13108000000000003,0.29266,0.28666,0.45948,0.33340000000000003,0.66228,0.26082
2022-02-23,-0.13194,0.07642000000000002,0.381,-0.07188,0.05464,-0.05516,0.13616,0.20424000000000003,0.5481,0.16932
2022-02-24,-0.06422000000000001,0.10904,-0.28765999999999997,0.06577999999999998,0.25346,0.12968,-0.059199999999999996,0.31911999999999996,0.32508,0.10674000000000002
2022-02-25,0.08038,0.19664,0.36832000000000004,-0.09218000000000001,-0.06364,0.09608000000000001,0.0,0.1383,0.07508000000000001,0.06364
2022-02-28,0.32916,0.79504,0.35418,-0.16008000000000006,0.40978000000000003,0.12624,0.0,0.03026,0.54264,0.28252
2022-03-01,0.09727999999999999,-0.029059999999999996,-0.0407,-0.13723999999999997,0.13713999999999998,0.16548000000000002,0.10212000000000002,0.04046,0.19139999999999996,0.20476
2022-03-02,0.20564,0.52064,0.6085400000000001,0.3338,0.19390000000000002,0.17650000000000002,0.1341,0.13194,0.25684,0.0
2022-03-03,0.08781999999999998,0.35312,0.45192,0.36754,-0.09376000000000002,0.45214,0.0,0.24420000000000003,0.07626000000000001,-0.06364
2022-03-04,0.11148,0.38204,0.37844,0.21911999999999998,0.21231999999999998,0.28166,-0.04078,0.29708,0.17366,0.22732000000000002
2022-03-07,0.09944000000000001,0.4768800000000001,0.394,-0.09144000000000001,0.37766,0.28500000000000003,0.04526,0.15550000000000003,0.24006000000000002,0.19358
2022-03-08,0.04401999999999999,0.39058000000000004,0.6195,0.22252,-0.091,-0.08394,0.18697999999999998,0.068,0.50162,-0.013040000000000006
2022-03-09,0.23521999999999998,0.20021999999999998,0.4482799999999999,0.33921999999999997,0.22718,0.27748000000000006,0.055900000000000005,-0.033859999999999994,0.50398,0.01544
2022-03-10,0.22366000000000003,0.3146999999999999,0.26636000000000004,0.04840000000000001,0.17378,0.042720000000000015,0.13502,0.068,0.8480000000000001,0.07008
2022-03-11,0.17250000000000001,0.35438,0.5571200000000001,0.18933999999999998,0.33533999999999997,0.17732,0.16678,0.22728,0.24480000000000005,0.11148
2022-03-14,0.28218,0.3127,0.6742199999999999,0.55888,0.28874,0.40862,0.05,0.23288000000000003,0.74144,0.15514
2022-03-15,0.15872,0.36106,0.50762,-0.021820000000000006,-0.14706000000000002,0.41708,0.15608,0.40825999999999996,0.4408,0.0951
2022-03-16,0.05464,0.30848,0.3679,0.39382,0.06652,0.0874,0.19868,0.13802,0.5656,0.18318
2022-03-17,-0.008419999999999997,0.07300000000000001,0.6064,0.29202000000000006,-0.06661999999999998,0.36779999999999996,0.068,0.0,0.36644,0.10846
2022-03-18,0.29354,0.32788000000000006,0.24834,0.1888,0.26254,-0.01937999999999999,0.10618000000000002,0.14006000000000002,0.47526,0.08038
2022-03-21,0.16536,0.60472,0.21605999999999997,0.15163999999999997,0.49101999999999996,-0.15196,0.26338000000000006,0.18928,0.42782,-0.01032
2022-03-22,-0.061,0.38466,0.67286,0.17234,-0.14318,-0.24928,0.0843,-0.006319999999999992,0.4405200000000001,0.2385
2022-03-23,0.20573999999999998,0.27254,0.11084000000000001,0.5624800000000001,0.13723999999999997,0.02074,0.0,0.08808,0.37242000000000003,0.05464
2022-03-24,0.23431999999999994,-0.16150000000000003,0.6242,-0.053079999999999995,0.13216,-0.07646,0.13274000000000002,0.11148,0.74174,0.10928
2022-03-25,-0.0843,0.34263999999999994,0.7395799999999999,0.33849999999999997,0.0032599999999999964,0.40092,0.21338,0.1262,0.50674,-0.01032
2022-03-28,0.38858,0.6384199999999999,0.7700400000000001,0.03066,-0.03734,0.31326,0.09878,0.14632,0.88892,0.33802000000000004
2022-03-29,0.18834,0.23484000000000002,0.37028,-0.0108,0.23302,0.2606,-0.07432,0.27172,0.38044,0.14538
2022-03-30,0.12248,0.20112000000000002,0.5523,0.26004,0.12238,0.57362,0.068,0.38258000000000003,0.45953999999999995,0.40847999999999995
2022-03-31,0.35964000000000007,0.24738,-0.07776000000000001,0.03452,0.08326000000000003,0.3225,0.29492,-0.027339999999999996,0.5136000000000001,0.32020000000000004
2022-04-01,0.04784000000000001,0.14148,0.39344,0.32216,0.37898,0.09174000000000002,0.19083999999999998,0.16784000000000002,0.50652,0.15811999999999998
2022-04-04,0.38514,0.45784,0.45355999999999996,-0.06198,0.18965999999999997,0.37286,-0.009839999999999998,0.2057,0.5968600000000001,0.11148
2022-04-05,-0.06336,0.061980000000000014,0.02904000000000001,0.46957999999999994,0.4326,0.14548,0.23388,0.30022000000000004,0.23378000000000002,0.10846
2022-04-06,0.0256,0.23148,0.32774000000000003,0.26146,0.08092,0.41966000000000003,0.25888,0.18169999999999997,0.65742,0.29504
2022-04-07,-0.014080000000000004,0.14423999999999998,0.43260000000000004,0.24122,0.15566,0.12344,0.059199999999999996,0.09008,0.60976,0.021799999999999996
2022-04-08,0.17614000000000002,0.37421999999999994,0.5882400000000001,0.19785999999999998,0.57184,0.19214,0.03558,0.059199999999999996,0.78,0.0
2022-04-11,0.18575999999999998,0.67348,0.67958,-0.09196000000000001,0.33591999999999994,0.10546000000000003,0.25354,-0.051000000000000004,0.85584,0.20424000000000003
2022-04-12,0.34072,0.18517999999999998,0.5213599999999999,0.24623999999999996,0.32708000000000004,0.011680000000000013,0.32467999999999997,0.42694,0.22354000000000002,0.2279
2022-04-13,0.41340000000000005,0.12320000000000002,0.62234,0.59404,0.12389999999999998,0.05498000000000001,0.4109999999999999,-0.0036799999999999945,0.49849999999999994,0.0
2022-04-14,0.024440000000000007,0.21184000000000003,0.35884,0.76286,0.035740000000000015,0.11438,0.2271,0.3881200000000001,0.10944000000000001,0.09022
2022-04-18,-0.041739999999999985,0.39529999999999993,0.51546,0.6207400000000001,0.08092,0.06669999999999998,0.22313999999999998,0.15722,0.31526000000000004,0.18436
2022-04-19,0.09706000000000001,0.35506,0.43364,0.45587999999999995,0.15072,0.17608000000000001,0.20973999999999998,-0.06055999999999999,0.4672599999999999,0.15676
2022-04-20,0.25261999999999996,0.10762000000000001,0.33765999999999996,0.14186,0.5764199999999999,0.15902,0.3446,0.00746,0.46542000000000006,0.00516
2022-04-21,0.43916000000000005,0.57942,0.5426,-0.2278,0.36678,0.384,0.30541999999999997,0.20470000000000002,0.21956000000000003,0.35044
2022-04-22,0.1635,0.52016,0.05667999999999999,0.34158,0.21400000000000002,-0.15676,0.0738,0.04046,0.12364,0.32712
2022-04-25,0.21703999999999998,0.36660000000000004,0.5814,0.46086,0.78508,0.46426,0.39343999999999996,0.19712000000000002,0.6192,0.43118
2022-04-26,0.43504000000000004,0.2894,0.43752,0.59164,-0.09212000000000001,-0.26925999999999994,0.3118,0.0,0.5072,0.28776
2022-04-27,0.07375999999999999,0.26182,0.77756,0.22583999999999999,0.38481999999999994,0.26392,0.0,0.18717999999999999,0.51302,0.022899999999999997
2022-04-28,0.23556,0.31852,0.74534,0.15628000000000003,0.35578,-0.04470000000000003,-0.05464,0.22944,0.2766,0.32236000000000004
2022-04-29,0.2584,0.4615,-0.14131999999999997,0.24164000000000002,0.29678,0.54194,0.0,0.27603999999999995,0.02018000000000001,0.3438
2022-05-02,0.27376,0.31504,0.6247,0.41302000000000005,0.45233999999999996,0.19299999999999998,0.0,0.10212000000000002,0.30857999999999997,0.3694
2022-05-03,-0.02981999999999998,0.33666,0.59864,0.44758000000000003,-0.03062,0.25076,-0.11717999999999999,0.10212000000000002,0.3673,0.45242000000000004
2022-05-04,0.024040000000000006,0.31286,0.15030000000000002,0.0,0.04046,0.05304,0.13770000000000002,0.11500000000000002,-0.11478,0.001859999999999995
2022-05-05,-0.03798,0.0017600000000000116,0.8295,0.20564000000000004,0.19333999999999998,-0.12794,0.15453999999999998,0.07432,0.3858,0.28156
2022-05-06,0.4719399999999999,0.25267999999999996,0.58796,-0.23723999999999998,0.05464,0.09739999999999999,0.06608,0.05,0.19802,0.21991999999999998
2022-05-09,-0.14424,0.48697999999999997,0.45798000000000005,0.08953999999999998,0.10533999999999999,0.19262,0.0,0.27106,0.29124,0.2403
2022-05-10,0.03848,0.43065999999999993,0.18582,0.20415999999999998,0.27392000000000005,0.19090000000000001,0.27372,0.11896,0.58464,0.0
2022-05-11,0.20486,0.14496,0.68078,0.21408,-0.12426000000000001,0.08204,0.0,0.01544000000000001,0.40537999999999996,0.10533999999999999
2022-05-12,0.027219999999999994,-0.10552000000000002,0.45754,0.18504,0.06334,0.08071999999999999,0.4201,0.23584,0.27524000000000004,0.033600000000000005
2022-05-13,0.19194,0.11874,0.48050000000000004,0.29142,-0.0607,0.06764,0.12738,0.16184,0.4046200000000001,0.23564
2022-05-16,-0.0023399999999999866,0.29506,0.5987399999999999,0.09072,0.26881999999999995,0.16784000000000002,0.07224,0.16133999999999998,0.09152,0.10928
2022-05-17,0.17334,0.44566,0.44742,0.19543999999999997,-0.11565999999999999,0.12982,0.17474,0.4718,0.5216799999999999,0.31205999999999995
2022-05-18,-0.0843,0.20682,0.50332,0.11846000000000001,0.3528,-0.06591999999999999,0.059199999999999996,-0.07396,0.5677,0.0
2022-05-19,0.04363999999999999,0.31062,0.50694,0.39448,0.26654,0.22102,0.19354,0.10533999999999999,0.58572,0.16040000000000001
2022-05-20,0.18572000000000002,0.54284,0.51766,0.2915,-0.08038,0.35818,0.15674,-0.03382,0.64796,0.16863999999999998
2022-05-23,0.1367,0.20179999999999998,0.37336,0.04925999999999999,0.40646000000000004,0.16963999999999999,0.2407,0.35338,0.6256,0.2881
2022-05-24,0.2192,0.51144,0.5847200000000001,0.53906,0.04418,0.35092,-0.0568,0.23969999999999997,0.4561,0.1782
2022-05-25,0.32834,-0.00454,0.59992,0.05,-0.38689999999999997,0.35322,0.07496,0.267,0.29138,0.15342
2022-05-26,0.44719999999999993,0.40347999999999995,0.5661799999999999,0.53788,0.4471200000000001,0.22261999999999998,0.12498000000000001,0.10846,0.5370600000000001,0.0951
2022-05-27,0.18352,0.22718,0.5687,0.13572,-0.09679999999999998,0.26866,-0.07432,0.17312,0.11715999999999997,0.07636
2022-05-31,0.24091999999999997,0.43945999999999996,0.6949799999999999,0.2326,0.6886,0.43638000000000005,0.05746,0.16678,0.6256999999999999,0.32892
2022-06-01,0.14216,-0.06593999999999998,0.44279999999999997,0.27416,0.1866,0.50452,0.1711,0.09534000000000001,0.45898000000000005,0.45182
2022-06-02,-0.02918000000000002,0.16124000000000002,0.7567600000000001,0.022740000000000003,0.0502,0.24945999999999996,0.00516,0.19329999999999997,0.49783999999999995,0.26314000000000004
2022-06-03,0.16987999999999998,0.14484000000000002,0.50282,-0.17424,0.21913999999999997,0.08516,0.04046,0.31364000000000003,0.50552,0.21774
2022-06-06,-0.05969999999999999,0.56538,0.44832,0.55602,0.30206000000000005,0.24514000000000005,0.11316,0.11816,0.2671,0.1196
2022-06-07,0.11438,0.5464,0.12159999999999997,0.31100000000000005,0.27183999999999997,0.32036000000000003,0.031019999999999992,0.03414000000000001,0.23074000000000003,0.18816
2022-06-08,0.30284,0.40136000000000005,0.61338,0.11800000000000002,0.3749,0.016139999999999998,0.09878,0.19476,0.35518,0.19480000000000003
2022-06-09,0.30406,-0.05394000000000001,0.31708,-0.008160000000000011,0.04046,0.59022,0.06139999999999999,0.18942,0.19434,0.2569
2022-06-10,-0.13026,0.18653999999999998,0.24066,0.27232,-0.005840000000000017,0.11166000000000001,-0.09534000000000001,0.34722,0.16768,0.35008
2022-06-13,0.23359999999999997,0.35853999999999997,0.5643400000000001,0.16758,0.59062,0.16818,0.12248,0.24539999999999998,0.63272,0.17070000000000002
2022-06-14,0.34502000000000005,0.08055999999999999,0.46993999999999997,-0.32287999999999994,-0.061660000000000006,0.38106000000000007,0.15676,0.17357999999999998,0.45309999999999995,0.21254
2022-06-15,0.22742,-0.11909999999999998,0.5031800000000001,0.13044000000000003,0.03522000000000001,0.41900000000000004,0.31246000000000007,0.04164,0.67644,0.0
2022-06-16,-0.01694,0.13268,0.13502,0.0916,0.24372000000000002,0.22814,0.18826,0.17038,0.30332,0.15078
2022-06-17,0.23368000000000003,0.33455999999999997,0.42349999999999993,-0.04079999999999998,0.36341999999999997,0.32238,-0.020079999999999997,0.38162,0.28858,0.19654
2022-06-21,0.24783999999999998,-0.017299999999999982,0.40546,-0.019399999999999994,0.60808,0.4079400000000001,0.14736000000000002,0.47709999999999997,0.5199800000000001,0.23167999999999997
2022-06-22,0.21802000000000002,0.32802,-0.01397999999999997,0.22846000000000002,0.20232,-0.1457,0.18481999999999998,0.23346,0.42146,0.6358
2022-06-23,-0.04638000000000001,0.43957999999999997,0.3623,0.17917999999999998,-0.1914,0.45006,0.1635,0.2813,0.53198,0.153
2022-06-24,-0.07432,0.05622000000000003,-0.07128,0.6486799999999999,0.44958,0.09844,0.059199999999999996,-0.14864,0.11883999999999999,0.06364
2022-06-27,0.29932,0.7625599999999999,0.44886,0.12286,0.35266,0.38946,0.38864,0.17662,0.6845000000000001,0.19771999999999998
2022-06-28,0.16333999999999999,-0.0012399999999999967,0.6403000000000001,0.5609,-0.12558,0.18404,0.3062,0.15478,0.30052,0.23982
2022-06-29,0.05488,0.15340000000000004,0.52544,0.12586,0.5444,0.36278000000000005,0.068,0.2434,0.6588200000000001,0.21875999999999998
2022-06-30,0.44132,0.52328,0.1826,0.39846,0.1335,0.37774,0.09852,0.068,0.5416399999999999,0.17646
2022-07-01,0.47162000000000004,0.30078,0.4488,0.10167999999999999,0.12438,0.13770000000000002,0.08038,0.13106,0.38431999999999994,0.05204000000000001
2022-07-05,0.42178000000000004,0.59232,0.662,0.34452,0.58306,0.4768800000000001,0.35412,0.26012,0.55328,0.28978000000000004
2022-07-06,0.008660000000000011,0.31038,0.80446,0.12240000000000002,0.16398000000000001,0.36978000000000005,0.18658000000000002,-0.025539999999999986,0.49643999999999994,0.26692
2022-07-07,0.0,0.20908000000000002,0.64134,0.37934,0.2048,0.18064,-0.006319999999999992,0.22018,0.39456,0.31402
2022-07-08,0.14701999999999998,-0.05833999999999998,0.35700000000000004,-0.11785999999999999,0.4095000000000001,0.25476,0.13194,0.20373999999999998,0.2142,0.27296
2022-07-11,0.49736,0.4361,0.42512000000000005,0.34028,0.21574,0.23882000000000003,0.05246000000000001,0.41986,0.68782,0.21874000000000002
2022-07-12,0.28144,0.47590000000000005,0.5638,-0.08470000000000003,0.12766000000000002,-0.04318000000000001,0.0,-0.00516,0.36392,0.0
2022-07-13,-0.018980000000000007,0.42092,0.41794000000000003,-0.14034,0.19116,0.3576,0.07316,0.18686,0.18688,0.08038
2022-07-14,0.1624,0.54878,0.60656,-0.38352,-0.08335999999999999,0.24102,0.20026000000000002,0.15811999999999998,0.40786,0.11294
2022-07-15,-0.07432,0.22854000000000002,0.7718800000000001,0.35575999999999997,0.18906,0.05556,-0.0843,-0.14168000000000003,0.4471200000000001,0.29569999999999996
2022-07-18,0.2742,0.5996400000000001,0.81946,0.28062000000000004,0.27362000000000003,0.39796,0.16352,0.15932,0.28462,0.41594
2022-07-19,0.35414,0.29013999999999995,0.7337,0.008160000000000034,0.01749999999999998,0.09048,0.1464,-0.04872,0.09037999999999997,0.3
2022-07-20,-0.046919999999999996,0.028219999999999988,0.5878,0.1905,0.7205800000000001,0.1115,0.16444,0.23636,0.6636200000000001,0.0903
2022-07-21,0.3769,0.13932000000000003,0.33304,0.14336,-0.16429999999999997,0.030739999999999996,0.18748,0.26298,0.42416,0.11392
2022-07-22,0.41098,0.34032000000000007,0.57368,0.0015399999999999915,0.5249,0.0009199999999999986,-0.020139999999999998,0.30062,0.66634,0.19876
2022-07-25,-0.1389,0.32918,0.92472,0.29366000000000003,0.12300000000000004,0.14298,0.34336,0.4282,0.4111000000000001,0.29888000000000003
2022-07-26,0.0,-0.23456000000000002,0.17494,-0.018359999999999998,0.32036000000000003,0.2131,-0.06364,0.21168,0.07862,0.39228
2022-07-27,0.29028,0.32648,0.31566,0.3814,0.20796,0.0,0.0,0.5427000000000001,0.37773999999999996,0.32142
2022-07-28,0.2392,-0.06626,0.66842,0.009660000000000007,0.34662,0.18666,0.18658,0.15236,0.29066000000000003,0.42514
2022-07-29,0.09152,0.30488,0.80168,0.20526,0.18794,0.08038,0.0,0.26866,0.74264,0.5147600000000001
2022-08-01,0.26626000000000005,0.4619,0.48588000000000003,0.29416000000000003,0.36728,0.5643800000000001,0.0,0.5123800000000001,0.64168,0.22978
2022-08-02,-0.03745999999999999,0.032380000000000006,0.52938,0.24409999999999998,0.40359999999999996,-0.11117999999999999,0.25198,0.17276,-0.24714,0.23679999999999998
2022-08-03,0.17035999999999998,0.31828,0.63884,0.20928,0.29934000000000005,0.1092,0.10557999999999998,-0.02536,0.48406000000000005,0.31074
2022-08-04,0.1021,0.27233999999999997,0.49285999999999996,0.08588,-0.047639999999999995,0.0,0.10977999999999999,0.19192,0.23895999999999998,0.64968
2022-08-05,0.2699,0.11951999999999999,0.42485999999999996,0.2544,0.29118,0.13324,0.09534000000000001,0.2806,0.29856,0.20026000000000002
2022-08-08,-0.22816,0.44568,0.41303999999999996,0.28236,-0.15866,0.15455999999999998,0.16576,0.25494000000000006,0.4266,0.16551999999999997
2022-08-09,0.07252,0.27912,0.25461999999999996,0.17436000000000001,0.20787999999999998,0.07002,0.0,0.3291,0.27749999999999997,0.21810000000000002
2022-08-10,0.36454,0.43364,0.41708,0.17534,-0.007619999999999983,0.19612000000000002,0.08038,0.07224,0.5850000000000001,0.4417
2022-08-11,0.14116,0.31118,0.38868,0.08084,-0.06417999999999999,0.07722000000000001,0.0,0.45413999999999993,0.36574,-0.025759999999999998
2022-08-12,-0.015080000000000005,0.42824,0.44353999999999993,0.38884,-0.10533999999999999,0.29968000000000006,0.0,0.07224,0.6822999999999999,0.14192
2022-08-15,0.24846,0.30084,0.39542,0.16871999999999998,0.056979999999999996,0.38878,0.09878,0.024439999999999996,0.5126799999999999,0.28542
2022-08-16,0.23254000000000002,0.43865999999999994,0.54984,0.04046,0.15786,-0.12503999999999998,0.07224,0.26616,0.46676,0.29104
2022-08-17,-0.06606000000000001,0.09061999999999999,0.62294,0.01996,0.07636,0.04526,0.08808,0.3601,0.15777999999999998,0.23064
2022-08-18,0.03865999999999999,0.32716,-0.10714000000000001,0.51174,0.15272,0.10028000000000001,0.04526,0.02054,0.20918,0.33575999999999995
2022-08-19,-0.1213,0.52972,0.43488,0.025239999999999995,-0.008320000000000017,0.07636,0.0,0.3604,0.22002000000000002,0.14272
2022-08-22,0.45787999999999995,0.46821999999999997,0.5296000000000001,0.13744,0.41788,0.36058,0.09878,0.47698,0.8054399999999999,0.32126
2022-08-23,0.21638000000000002,0.33596,0.36198,0.31532,0.37986,0.10846,0.01992,0.08038,-0.025780000000000004,0.10194
2022-08-24,0.19585999999999998,0.15312,0.10352000000000001,0.13767999999999997,0.24211999999999997,0.23557999999999998,0.0,0.20986000000000002,0.2363,0.20526
2022-08-25,0.10369999999999999,0.07923999999999998,0.42466,0.21875999999999998,0.06790000000000003,0.1981,0.00516,0.28346,0.58602,0.18202000000000002
2022-08-26,-0.2697,-0.25529999999999997,0.30010000000000003,0.07465999999999998,0.3074,-0.1099,0.04746,0.1406,0.5804600000000001,0.10928
2022-08-29,0.48857999999999996,0.54948,0.5974600000000001,0.17106,0.35402,0.13802,-0.05352,0.21854,0.43515999999999994,0.31562
2022-08-30,-0.10533999999999999,0.4659000000000001,0.28522,0.006100000000000017,0.14976,0.39631999999999995,0.04556,0.10846,0.22967999999999997,0.13198
2022-08-31,0.46534,-0.12594,0.5184200000000001,0.13191999999999998,-0.35974,0.17582,0.00516,0.329,0.37822000000000006,0.19058000000000003
2022-09-01,0.11438,0.53484,0.39196,0.5107,0.28172,0.18912,0.13802,0.068,-0.11024,0.11444000000000001
2022-09-02,0.12738,0.0795,0.6586400000000001,0.11672000000000002,0.18328,0.23076,0.09152,0.11322000000000002,0.67168,0.13702
2022-09-06,0.28724,0.4687,0.48768,0.33608000000000005,0.48516000000000004,0.54818,0.0,0.34734,0.41506,0.31407999999999997
2022-09-07,0.09910000000000001,0.4593,0.60594,0.00998,0.031800000000000016,0.16984000000000002,0.05306000000000001,0.14436,0.39328,0.37235999999999997
2022-09-08,0.61706,0.40131999999999995,0.5215,0.26286,0.5875,0.12618000000000001,0.16902,0.28254,0.29213999999999996,0.38659999999999994
2022-09-09,0.14494,0.5340400000000001,0.32586,0.3317,0.17386000000000004,0.028800000000000013,0.10533999999999999,0.45736,0.44964000000000004,0.28490000000000004
2022-09-12,0.29494,0.51752,0.53948,0.09430000000000001,0.8588000000000001,0.22275999999999999,-0.033859999999999994,0.43757999999999997,0.20958000000000002,0.42783999999999994
2022-09-13,0.15488,0.5688000000000001,0.63106,0.29436,0.19388,0.4378,0.0256,0.23148,0.20776000000000003,0.00516
2022-09-14,0.21856,0.6540800000000001,0.35872,-0.08148000000000001,0.08508,0.23725999999999997,0.22254000000000002,0.26746,0.37256,0.24988000000000002
2022-09-15,0.31487999999999994,0.12214,0.6401,0.26402000000000003,6.00000000000038e-05,-0.03062,0.03232,0.32622,-0.24534000000000003,0.50704
2022-09-16,0.2831,0.39382,0.68272,0.12490000000000001,0.1801,-0.06600000000000002,0.0,0.45614,-0.00938,0.51264
2022-09-19,0.00027999999999999136,0.72172,0.29674,0.19498000000000001,0.13152,0.48694000000000004,-0.14428000000000002,0.27036000000000004,0.52766,0.24236
2022-09-20,0.15764,0.012039999999999985,0.34836,0.014140000000000008,-0.08324,0.27732,0.0,0.27518000000000004,0.39224000000000003,0.13502
2022-09-21,0.4016,0.33214,0.5225,-0.06067999999999999,-0.11324000000000001,0.1103,0.068,0.14794000000000002,0.19260000000000002,0.15608
2022-09-22,0.21633999999999998,0.39298,0.29960000000000003,-0.13484,0.43079999999999996,0.04808000000000001,0.31239999999999996,0.008939999999999998,0.49028,0.24159999999999998
2022-09-23,0.35004,-0.17262000000000002,-0.3174,0.25602,0.24722,0.17082,0.31352,0.11988000000000001,0.14576000000000006,0.21056
2022-09-26,0.28628,0.75152,0.2137,0.46836,0.24247999999999997,-0.0618,0.15975999999999999,0.2911,0.23002000000000003,0.7884
2022-09-27,0.44795999999999997,0.08479999999999999,-0.1645,0.01966000000000003,0.32334000000000007,0.009839999999999998,0.0,0.24968000000000004,0.52602,0.0951
2022-09-28,0.3868,0.10833999999999999,0.46566,0.29218,0.28204,0.006560000000000008,0.09803999999999999,-0.030439999999999995,0.051060000000000015,-0.13282
2022-09-29,0.22477999999999998,0.55946,0.45704,0.17634,0.16065999999999997,0.09152,0.0,0.0,0.26188,0.07636
2022-09-30,0.059199999999999996,0.45964,0.41112000000000004,0.3196,0.0,0.08808,0.0,0.19538000000000003,-0.29812000000000005,0.03558
2022-10-03,0.49912,0.43738,0.44596,0.35831999999999997,0.28638,0.12426,0.09022,0.26517999999999997,0.73158,0.16988
2022-10-04,0.07668,-0.017920000000000002,0.30012000000000005,0.6152,-0.09486,0.05676000000000001,0.153,0.36162,0.40752,0.2182
2022-10-05,0.23368000000000003,0.07375999999999999,0.69672,0.30526,0.14436,0.30296,0.055900000000000005,0.32961999999999997,0.29666000000000003,0.30532000000000004
2022-10-06,0.23148,0.50968,0.52722,0.27627999999999997,-0.21056,0.13502,-0.15272,0.0,-0.34482,0.19926
2022-10-07,0.17106,-0.10582,0.6574199999999999,0.34806,0.13216,0.12086000000000001,-0.04526,0.21388,0.48241999999999996,0.39237999999999995
2022-10-10,0.0,0.49526000000000003,0.22832,0.21950000000000003,0.72824,0.19538000000000003,0.13924,0.24106,0.2945599999999999,0.23818
2022-10-11,0.19354,0.39156,0.12488000000000002,-0.6683600000000001,0.48362,0.27771999999999997,0.0,-0.007940000000000003,-0.02452,0.16333999999999999
2022-10-12,0.22112000000000004,0.58862,0.24242,-0.11878,0.41614000000000007,0.26004,0.068,0.12498000000000001,-0.40176,0.05464
2022-10-13,-0.2392,0.31873999999999997,0.1376,0.12248,-0.26864,0.1341,0.08038,0.0,-0.025659999999999995,0.05464
2022-10-14,0.0,0.08688,0.51114,0.6863999999999999,0.32558,0.14350000000000002,0.0,-0.008359999999999989,0.22754000000000002,0.23079999999999998
2022-10-17,0.43335999999999997,0.32072,0.50406,0.55414,0.28537999999999997,-0.07432,0.013760000000000005,0.22169999999999995,0.22934000000000002,-0.09018
2022-10-18,0.39122,0.25782,-0.07927999999999999,0.365,0.07874,0.22413999999999995,0.16192,0.04046,0.16710000000000003,0.25529999999999997
2022-10-19,0.09372,0.43948,0.20645999999999995,0.16283999999999996,0.19724,-0.07224,0.0,0.24914,-0.18974,0.05832
2022-10-20,0.10434000000000002,0.62914,0.12722000000000003,0.12490000000000001,0.21976,0.29218,0.11800000000000002,0.16076,0.40884,0.19722
2022-10-21,0.19828,0.12918,0.43445999999999996,-0.11735999999999999,0.21262000000000003,0.2672,0.08782,0.50184,0.15974000000000002,0.28828
2022-10-24,0.3998,0.57864,0.5435399999999999,0.045179999999999984,0.10894,0.37160000000000004,0.17646,0.49172000000000005,-0.12069999999999999,0.24062
2022-10-25,0.27952,0.3418,0.08534,0.52054,0.09963999999999999,0.03124,0.14258,0.09152,-0.0848,0.18306
2022-10-26,0.05706,0.18982000000000002,0.16876,0.2239,0.2169,0.1252,0.0,0.19534,0.45219999999999994,0.24934000000000003
2022-10-27,0.58744,0.34314,0.52514,0.41494,0.5485800000000001,0.39103999999999994,0.08038,-0.0010000000000000009,0.07132000000000001,0.23484000000000002
2022-10-28,0.18328,0.26794,0.5153000000000001,0.006500000000000006,0.28925999999999996,0.19186,0.0,0.0,0.39272,0.27122
2022-10-31,0.3373,0.38161999999999996,0.64856,0.4423,0.0,0.2807,0.0,0.45762,0.36676000000000003,0.53598
2022-11-01,0.16183999999999998,0.3280600000000001,0.33098,0.17028000000000004,0.33753999999999995,0.068,-0.06364,0.08092,0.36588,0.16612
2022-11-02,-0.09434000000000001,0.73498,0.6838,0.27914,0.07126000000000002,0.07636,-0.09878,0.11682,0.5442,0.21139999999999998
2022-11-03,0.23651999999999998,0.10974000000000002,0.68696,-0.03865999999999999,-0.15566,0.07170000000000001,0.06364,-0.035899999999999994,0.1117,0.27402000000000004
2022-11-04,-0.02028000000000001,0.13591999999999999,0.29312,0.15031999999999998,0.17592000000000002,0.158,0.0,-0.05464,0.1944,0.45077999999999996
2022-11-07,-0.16621999999999998,0.34432,0.4053,-0.07483999999999999,0.06237999999999999,0.0,0.0,0.24847999999999998,0.49319999999999997,-0.028280000000000007
2022-11-08,0.14558,0.24104,0.47956000000000004,0.05464000000000001,0.07196,0.09462,0.15733999999999998,0.12476000000000001,0.24672,0.11383999999999998
2022-11-09,0.05464,0.21558000000000002,-0.11318000000000002,0.15608,0.23544,0.0843,0.0,0.04046,0.14278000000000002,0.030880000000000008
2022-11-10,0.04046,-0.09785999999999997,0.36372,0.0256,0.20112000000000002,0.12338,0.0,0.18044,0.39098,0.25568
2022-11-11,0.0,0.36158,0.29544000000000004,0.08049999999999999,0.31601999999999997,0.26058000000000003,0.153,0.31967999999999996,0.3603,0.1711
2022-11-14,0.73524,0.61244,0.59478,0.45086000000000004,0.41773999999999994,0.01541999999999999,0.029880000000000007,0.17798,0.48052,0.15016000000000002
2022-11-15,-0.06178,0.34648,0.61308,0.12902,0.43323999999999996,0.09966,0.25054,0.09878,0.46471999999999997,0.0551
2022-11-16,0.21424000000000004,0.35409999999999997,0.42772,0.12178,0.17996000000000004,0.023960000000000002,0.0,0.24478,-0.044700000000000004,0.22481999999999996
2022-11-17,-0.03062,0.65772,0.20661999999999997,0.42076,0.05738,0.23864000000000002,0.14192,0.0,0.37262,0.0
2022-11-18,0.0,0.16770000000000002,0.21448,0.21544,0.25994,-0.0256,0.20068000000000003,-0.08092,0.45008,0.16040000000000001
2022-11-21,0.27937999999999996,0.84762,0.52262,0.17464,0.49348000000000003,0.19378,0.14258,0.18888,0.6268400000000001,0.1928
2022-11-22,0.15689999999999998,0.26722,-0.06174,0.13816,0.5621799999999999,0.22471999999999998,0.0,-0.16468,-0.10972,0.0
2022-11-23,0.00516,0.55086,0.66134,0.11194,0.27186,0.0,0.059199999999999996,0.17616,0.43734,0.25002
2022-11-25,0.37844,0.65406,0.383,0.2606,0.36248,0.0,0.0,0.25868,-0.06591999999999999,0.24664000000000003
2022-11-28,0.23693999999999998,0.35716000000000003,-0.03676,0.14228000000000002,0.71472,0.041580000000000006,0.04046,0.27715999999999996,0.57812,0.10212000000000002
2022-11-29,0.25534,0.4202199999999999,0.29978,0.4827,0.53156,0.11987999999999999,0.0,0.0,-0.10976,0.13528
2022-11-30,0.09152,0.39676,0.43635999999999997,0.0909,0.53476,0.08298,0.22732000000000002,0.1387,0.15170000000000003,0.14892
2022-12-01,0.14838,0.38114,0.37956,-0.25878,0.31474,0.32524000000000003,0.06604,0.33490000000000003,0.5568200000000001,0.22686
2022-12-02,0.42024000000000006,0.44559999999999994,0.52064,0.38,-0.25186,0.06609999999999999,-0.068,0.09966,0.3266,0.17018
2022-12-05,0.27136,0.13987999999999995,0.5148,0.36567999999999995,0.12228000000000003,0.15468,0.0,0.12738,0.30878,0.33734000000000003
2022-12-06,0.28803999999999996,0.4412,0.4720000000000001,-0.27477999999999997,0.036720000000000017,-0.20134,0.16804,0.15926,0.12090000000000001,-0.03062
2022-12-07,0.07108,0.36804000000000003,0.31904000000000005,-0.25484,0.05808000000000001,0.09176,0.0,0.30404,0.7455,0.21692
2022-12-08,0.23062,0.47948,0.44015999999999994,0.23948,0.07948000000000002,0.3199,0.068,0.0,0.31596,-0.04526
2022-12-09,-0.035579999999999966,0.66006,0.24104,0.0,0.34204,0.14728,0.12738,0.29122,0.33348000000000005,0.15928
2022-12-12,0.1514,0.41262,0.58114,0.29516,0.18622,0.042859999999999995,-0.07432,0.04046,0.46026,0.31174
2022-12-13,-0.014759999999999995,0.22996,0.33548,0.15528,0.16146000000000002,0.52984,0.1358,-0.06364,0.5349600000000001,0.2162
2022-12-14,0.11427999999999998,0.19522,-0.03645999999999999,0.001960000000000006,0.13599999999999998,0.24986000000000003,0.07636,0.068,0.028579999999999994,0.0
2022-12-15,0.25736,0.35032,0.1804,0.48608,0.45127999999999996,0.36063999999999996,0.0,0.09534000000000001,-0.28026,0.37502
2022-12-16,-0.11909999999999998,0.44936,0.2869,-0.2563,0.15950000000000003,0.10840000000000001,-0.12498000000000001,0.20776,0.17082000000000003,0.28426
2022-12-19,0.278,0.48318000000000005,0.33187999999999995,0.12892,0.20034000000000002,0.39264,0.09878,0.38832,0.10768,0.27888
2022-12-20,0.21830000000000002,0.36156,0.5565599999999999,0.42466,0.49006,0.24237999999999998,0.24744000000000002,0.0843,0.46698000000000006,0.5186599999999999
2022-12-21,0.07486000000000001,0.21209999999999996,0.10846,0.12518,0.44245999999999996,0.64062,0.10184,0.05228000000000001,0.5127200000000001,0.18202000000000002
2022-12-22,0.11782,0.26986,0.62964,0.46626,0.09895999999999998,0.20692,0.0,0.0,-0.50512,0.0
2022-12-23,0.18686,0.23336,0.10212000000000002,0.36094,0.021060000000000013,0.06591999999999999,0.0,0.0,0.29234,0.24496
2022-12-27,0.41956,0.7841199999999999,0.5988399999999999,0.30623999999999996,0.38272000000000006,0.45708000000000004,0.17012,0.45782,0.0388,0.125
2022-12-28,0.27076,0.10464,0.26954,0.17456,0.28931999999999997,0.14012,0.05464,0.24964,0.19577999999999998,0.10928
2022-12-29,0.04556000000000001,0.37038,0.27696,0.0015599999999999948,0.31246,0.10798,0.09046000000000001,0.12138,0.49646,0.0060599999999999985
2022-12-30,0.07602,0.515,0.38102,0.10212000000000002,0.14192,0.18642,-0.06364,0.06364,0.14574,0.07731999999999999
2023-01-03,-0.06392,0.4016399999999999,0.90052,0.19126000000000004,0.38236,0.23612000000000002,0.10212000000000002,0.28707999999999995,0.6150599999999999,0.10846
2023-01-04,0.06208000000000001,0.29078,0.7430399999999999,0.43426,0.32292,0.23271999999999998,0.08808,0.07224,0.09468000000000001,0.31476000000000004
2023-01-05,0.23676,0.4835,0.6465799999999999,0.32337999999999995,0.32616,0.17844,0.12264,0.14892,0.69552,0.26246
2023-01-06,0.43457999999999997,0.32672,0.5673999999999999,0.22004,0.16534,0.04046,0.0,0.0,0.6157600000000001,0.05464
2023-01-09,0.41563999999999995,0.58518,0.52742,0.39958,0.3562199999999999,0.35000000000000003,0.08038,0.1492,0.13028,0.19048000000000004
2023-01-10,0.43972,0.3208,0.17334,0.38732,0.1127,0.27598,0.08038,0.068,0.4986,-0.05
2023-01-11,0.22728,0.10318000000000001,0.29614,0.02966,0.1387,-0.033859999999999994,0.30863999999999997,0.07636,0.23654000000000003,0.12400000000000003
2023-01-12,0.2857,0.31842000000000004,0.23132000000000003,0.29276,0.12498000000000001,0.35616000000000003,0.15642,0.08413999999999999,0.18624000000000002,0.24642000000000003
2023-01-13,0.13994,0.42990000000000006,0.41530000000000006,0.32136,0.37188,0.13042,0.50424,0.04046,0.2862,0.2311
2023-01-17,0.39292000000000005,0.8767799999999999,0.42512,0.7238,0.8065800000000001,0.4828,0.22240000000000001,0.25486,0.7001999999999999,0.33252
2023-01-18,0.0,0.64836,0.64804,0.6291,0.16682000000000002,-0.04514,0.16076,-0.02054,0.46302000000000004,0.16392
2023-01-19,0.12232000000000001,-0.11168,0.14892,0.28296,-0.14006000000000002,0.10146,0.22936,0.17082,0.1619,0.16392
2023-01-20,-0.2091,0.062439999999999996,0.6151599999999999,0.30579999999999996,0.04352,-0.006319999999999992,0.19034,0.15194000000000002,0.0804,0.21692
2023-01-23,0.24367999999999998,0.6449199999999999,0.29375999999999997,0.05775999999999999,0.7198399999999999,0.52958,0.15874,0.31687999999999994,0.6386200000000001,0.39974
2023-01-24,0.03014,0.51356,0.55152,0.25608,0.1287,0.027879999999999995,0.17931999999999998,0.32632,0.57508,0.46028
2023-01-25,-0.10149999999999999,0.45405999999999996,0.7620199999999999,0.20901999999999998,-0.28158000000000005,0.059199999999999996,-0.033099999999999984,0.14279999999999998,0.28864,0.33184
2023-01-26,0.54558,0.4399,0.51298,0.66268,0.32212,0.005039999999999989,0.26692,0.08553999999999999,0.21854000000000004,0.45594
2023-01-27,0.19878,0.33693999999999996,0.53282,0.56562,0.005399999999999993,0.25238,0.059199999999999996,0.12264,-0.05891999999999999,0.21596
2023-01-30,0.08168,0.20826000000000003,0.57062,0.3484,0.24596,-0.025019999999999997,0.23728,0.4314,0.51582,0.17637999999999998
2023-01-31,-0.13534,0.18672000000000002,0.4808,0.16587999999999997,0.01239999999999999,0.45133999999999996,0.08782,0.24144000000000004,-0.06562000000000001,0.3397
2023-02-01,0.15149999999999997,0.43726000000000004,-0.32961999999999997,0.0,0.32283999999999996,0.12816,0.0,0.32204,0.03834,0.08302
2023-02-02,0.28844000000000003,0.36448,0.54504,0.57636,0.59766,0.22897999999999996,0.068,0.21548000000000003,0.52652,0.4016
2023-02-03,0.23820000000000002,0.5256000000000001,0.1123,0.2612,-0.18209999999999998,0.331,0.08104000000000001,0.15484,-0.21505999999999997,0.48804
2023-02-06,-0.21014,0.18005999999999997,0.24346,-0.0742,0.07231999999999998,0.20178000000000001,-0.08646000000000001,0.27864000000000005,0.6799999999999999,0.34878000000000003
2023-02-07,0.08004000000000001,0.38986,0.23842000000000002,0.62188,0.34236,0.0,-0.08748,0.09238,0.44908000000000003,0.4386
2023-02-08,0.14368,0.34642,0.31858,0.056400000000000006,0.28188,0.21854,0.08038,0.0,0.02592000000000001,0.46286000000000005
2023-02-09,0.07224,0.32009999999999994,0.3063,-0.31856000000000007,0.40680000000000005,0.25334,0.039160000000000014,0.13224,0.5578399999999999,0.43844000000000005
2023-02-10,0.1061,0.42102000000000006,0.45602,0.17316,0.11148,0.0,0.08808,0.30696,0.0997,0.05464
2023-02-13,0.0675,0.6430800000000001,0.76738,0.23965999999999998,0.26554,0.21894,-0.00516,0.6081200000000001,0.8513999999999999,0.20802
2023-02-14,0.0,0.71262,-0.21339999999999998,0.07719999999999998,0.4688,0.21867999999999999,0.04526,0.25062,0.57836,0.21094
2023-02-15,0.24186000000000002,0.06402000000000001,-0.04414,-0.01854,0.08502000000000001,0.013759999999999994,0.15434,0.01544,0.10795999999999999,0.22361999999999999
2023-02-16,0.07608000000000001,0.05872000000000001,0.45885999999999993,0.19988,0.43166000000000004,0.35663999999999996,0.15502,0.013919999999999998,0.6328199999999999,0.42522000000000004
2023-02-17,0.31106,0.29318,0.0341,0.30284,0.29834,0.05576,-0.059199999999999996,0.0,0.40024,0.10137999999999998
2023-02-21,0.23738,0.3665400000000001,0.36936,-0.06068000000000001,0.08739999999999999,0.53774,-0.12108,0.23184,0.5062599999999999,0.17875999999999997
2023-02-22,0.29664,0.49539999999999995,0.38811999999999997,0.21554,0.33322,0.0,0.10381999999999998,0.24072,0.5408,0.2165
2023-02-23,0.23325999999999997,0.38532,0.4875,0.31454,0.07508,0.08452,-0.005120000000000001,0.22244000000000003,0.33498,0.21197999999999997
2023-02-24,-0.0373,0.06992,0.18994,0.12029999999999999,0.27176,0.00998,0.13926,0.0,-0.1197,0.20272
2023-02-27,0.23078000000000004,0.3531599999999999,-0.10917999999999999,0.1648,0.31424,0.22004,0.35044000000000003,0.24108000000000002,0.2924,0.39036
2023-02-28,0.19685999999999998,0.30946,0.35024,0.12190000000000001,0.11112,0.37032,0.10212000000000002,0.11438,0.523,0.22616
2023-03-01,0.1507,0.39777999999999997,0.24388,0.17748000000000003,0.09852,0.03308,0.24012000000000003,0.02278,0.6180199999999999,0.2122
2023-03-02,0.50958,0.6024200000000001,0.5740000000000001,0.31926,0.21440000000000006,0.24228,-0.10493999999999999,0.22432,0.336,0.05464
2023-03-03,-0.07432,0.10177999999999998,0.33904000000000006,0.14604,0.31852,0.10876000000000001,0.1034,-0.01032,0.53772,0.020780000000000003
2023-03-06,0.04046,0.020519999999999983,0.32396,0.26104,0.29394,0.37156,0.068,0.05504000000000001,0.23442000000000002,0.153
2023-03-07,0.15453999999999998,0.50614,0.50876,0.61344,0.24488,0.20932,0.09534000000000001,0.08808,0.33898,0.25072
2023-03-08,0.021039999999999993,0.37652,0.62344,0.2912,0.25648,0.25936,0.21692,0.19782,0.41414,0.07486
2023-03-09,-0.041699999999999994,0.34597999999999995,0.66496,0.14101999999999998,0.34436,0.25878,-0.03062,0.10034000000000001,0.6395,0.06364
2023-03-10,0.11438,0.41790000000000005,0.20858,0.11947999999999999,0.26609999999999995,0.30976,0.11800000000000002,0.26661999999999997,0.29328000000000004,0.36441999999999997
2023-03-13,0.12502,0.15348,0.63222,-0.2990799999999999,0.45294,0.49642,0.1782,0.09658,0.36682000000000003,0.23152
2023-03-14,0.0,0.095,0.7349,0.21378000000000003,0.04111999999999999,0.25778,0.08499999999999999,0.20270000000000002,0.49914000000000003,0.07248000000000002
2023-03-15,0.35466000000000003,0.21000000000000002,0.5912999999999999,-0.12158000000000002,0.15889999999999999,0.12212,0.22957999999999998,0.28535999999999995,0.09992000000000001,0.41848
2023-03-16,0.313,0.10748000000000002,-0.18734,-0.28138,-0.021160000000000005,0.22271999999999997,0.09580000000000002,0.31442000000000003,0.55432,0.24702000000000002
2023-03-17,0.04046,0.06552000000000001,0.12223999999999999,-0.12339999999999998,0.0393,0.09478,0.09348,0.27358000000000005,0.35482,0.4283
2023-03-20,0.37302,0.21433999999999997,0.73036,0.68414,0.32974000000000003,0.25692,0.35604,0.09046000000000001,0.7010000000000001,0.30457999999999996
2023-03-21,0.23915999999999998,0.50114,-0.14838,0.31628,0.33204,0.23534000000000002,0.12404,0.5755199999999999,0.029680000000000012,0.25
2023-03-22,0.16606,-0.20662000000000003,0.46871999999999997,0.20086000000000004,0.06364,0.18238,0.09862000000000001,0.13924,0.37207999999999997,0.10928
2023-03-23,0.31964,0.24564000000000002,0.47122,-0.0024800000000000156,0.39024000000000003,0.12972,0.15566,0.1092,0.58038,0.136
2023-03-24,0.12738,0.34235999999999994,0.35084,-0.2677,0.07008,0.13164,0.0,0.068,0.22304,0.14006000000000002
2023-03-27,0.23900000000000002,0.37864,-0.04509999999999999,0.43878000000000006,0.4593,0.44496,0.05464,0.1421,0.68084,0.13502
2023-03-28,0.25578,0.46820000000000006,0.08542000000000002,0.5312399999999999,0.45382000000000006,0.11135999999999999,0.2811,0.059199999999999996,0.31132,0.40618
2023-03-29,0.19332000000000002,0.3108800000000001,0.32326,-0.058799999999999984,0.13986,0.010319999999999985,0.18118,0.18394000000000002,0.38984,0.22952000000000003
2023-03-30,0.2325,0.41112000000000004,0.27806000000000003,0.56322,-0.004320000000000013,0.31366,0.1065,0.17214000000000002,0.6712,0.21912000000000004
2023-03-31,0.38174,0.40998,0.32460000000000006,0.34598,0.24548,-0.05256000000000001,0.06146,0.1807,0.5074400000000001,0.26617999999999997
2023-04-03,0.46221999999999996,0.54428,-0.47359999999999997,0.40164,-0.06720000000000001,0.2744,-0.10533999999999999,0.14251999999999998,0.62602,0.39186
2023-04-04,0.18596,0.21545999999999998,0.6727200000000001,-0.10832000000000001,0.33762,0.0859,0.0999,0.2352,0.47042,0.24446000000000004
2023-04-05,0.13334000000000001,0.31886,0.23168000000000005,-0.1692,0.10866000000000002,-0.054220000000000004,0.24546,0.15488,0.03876000000000002,0.10846
2023-04-06,0.238,0.40456000000000003,0.36826,0.22149999999999997,0.0905,0.17718,0.25076,0.17970000000000003,0.49524,0.35486
2023-04-10,0.12133999999999998,0.66062,0.49368,0.23026,0.3318,0.50418,0.33264,0.32239999999999996,0.8556600000000001,0.29634
2023-04-11,0.09278,0.24333999999999997,0.41506,0.26023999999999997,-0.007159999999999988,0.059739999999999994,0.17864,0.40776,0.31116,0.15342
2023-04-12,0.34615999999999997,0.18525999999999998,0.14606,0.31409999999999993,0.25372,0.18256,0.0,0.23432,0.47442,0.26542
2023-04-13,-0.019379999999999998,0.08574000000000001,0.36254,0.38761999999999996,-0.11753999999999998,0.26306,-0.02054,-0.02054,0.38715999999999995,0.30642
2023-04-14,0.09006,0.27584,0.6395,-0.0049599999999999644,0.05696000000000003,0.1042,0.06364,0.14728,0.59896,0.23435999999999998
2023-04-17,0.11717999999999999,0.22515999999999997,0.50546,0.74514,0.5163800000000001,0.32846,0.10533999999999999,0.021179999999999997,0.55118,0.13598
2023-04-18,0.12982,-0.19522,0.18302000000000002,0.56238,0.29744000000000004,0.178,0.28052,0.33680000000000004,0.7829400000000001,0.26568
2023-04-19,0.30920000000000003,0.33330000000000004,0.62254,0.74296,0.37256000000000006,0.37004000000000004,0.013360000000000006,0.14014,0.53494,0.37818
2023-04-20,0.030559999999999997,0.5227200000000001,0.37566,0.29136,0.27644,0.2645,0.45394000000000007,0.13552,0.41798000000000013,0.27904000000000007
2023-04-21,0.37076000000000003,0.61654,0.47090000000000004,0.18062000000000003,0.19586,0.26652,0.05464,0.15811999999999998,0.51574,0.0
2023-04-24,-0.03504000000000003,0.4892,0.44800000000000006,0.47478,0.5493600000000001,0.2213,0.08092,0.08168,0.72988,0.1977
2023-04-25,0.08121999999999999,0.32142,0.35275999999999996,-0.014080000000000027,0.66686,-0.09255999999999998,0.15626,0.21417999999999998,0.49935999999999997,0.30984
2023-04-26,0.18106,0.41957999999999995,0.33818000000000004,0.63932,0.05,0.05058,0.05162000000000001,-0.25556,0.4917999999999999,0.28806000000000004
2023-04-27,0.35366000000000003,0.19486000000000003,0.45922,0.56712,0.48671999999999993,0.16096,0.20542,0.05,0.39487999999999995,0.24808000000000002
2023-04-28,-0.10834000000000002,0.37256,0.62982,0.012660000000000005,-0.24732000000000004,0.11262000000000001,0.18658000000000002,0.12728,0.4880000000000001,0.2385
2023-05-01,-0.032979999999999995,0.28352000000000005,0.31866000000000005,-0.42428,0.3548,0.42382,0.15230000000000002,0.16114,0.6458600000000001,0.14434000000000005
2023-05-02,0.04034,0.27986,0.10108000000000002,0.21871999999999997,-0.031079999999999976,0.19908,0.0,0.18296,0.44088000000000005,0.32249999999999995
2023-05-03,0.19726,0.42984,0.23845999999999998,0.2514,0.010080000000000006,0.24176000000000003,-0.15058,0.011000000000000005,0.48946000000000006,0.23079999999999998
2023-05-04,-0.028979999999999995,-0.035440000000000006,0.38962,0.1486,0.18932000000000002,0.47722,-0.04526,0.11950000000000001,0.09589999999999999,0.12806
2023-05-05,0.24741999999999997,0.22237999999999997,0.21848,0.49635999999999997,0.16848,-0.17014,0.0,0.28606000000000004,0.13092,0.23925999999999997
2023-05-08,0.19805999999999999,0.26184,0.68152,0.23384,0.32461999999999996,0.20484,0.1871,0.21870000000000003,0.73992,0.22410000000000002
2023-05-09,-0.056400000000000006,0.43004,0.5711200000000001,-0.27886000000000005,0.26818,0.3215,0.0,0.04046,0.06732,0.33146000000000003
2023-05-10,0.38058,0.17712,0.27542,0.10497999999999999,0.14526,0.12589999999999998,0.04046,-0.03062,0.36454,0.29218
2023-05-11,0.53288,0.45852000000000004,0.6523,-0.04246,0.35885999999999996,0.0,0.3169,0.08808,0.26496,0.43964
2023-05-12,0.24736000000000002,0.19350000000000003,0.20778,0.05989999999999999,0.10212000000000002,0.16632,0.11839999999999999,0.13534,0.34364,0.21154
2023-05-15,0.07972,0.5665000000000001,0.51946,-0.30884,0.15224000000000001,0.42252,0.17568,0.26842,0.6760999999999999,0.31252
2023-05-16,0.14767999999999998,-0.024439999999999996,0.16392,0.05519999999999997,-0.13328,0.09534000000000001,0.15342,0.0843,0.38128,0.24108000000000002
2023-05-17,0.02054,0.26526,0.14554,0.25132,-0.42844,0.13488,0.059199999999999996,0.068,0.5640400000000001,0.14638
2023-05-18,0.20876,0.42425999999999997,0.06268000000000001,0.2611,0.26258,0.059199999999999996,0.11438,0.25176,0.422,0.10533999999999999
2023-05-19,0.44934,0.0859,0.25768,0.18178,0.004760000000000009,0.09084,0.0,0.0,0.6106,0.1248
2023-05-22,-0.041179999999999994,0.40747999999999995,0.6413200000000001,0.26142000000000004,0.25706,0.48238000000000003,0.21223999999999998,0.27924,0.2414,0.3132400000000001
2023-05-23,0.12248,-0.031240000000000025,0.1353,0.3487,0.23914,0.0843,0.20992000000000002,0.06436,0.67368,-0.07224
2023-05-24,0.14850000000000002,0.21596,-0.047660000000000015,0.08757999999999999,-0.14566,0.13376,-0.059199999999999996,0.11588000000000001,0.033559999999999965,0.17436000000000001
2023-05-25,0.16798,0.15386,0.19448000000000001,0.2472,0.11760000000000001,0.28524000000000005,0.19298,0.136,0.6828000000000001,0.059199999999999996
2023-05-26,0.46152000000000004,0.2539,0.5347000000000001,0.19108,0.26964,0.12498000000000001,0.03896000000000001,0.0,0.54168,0.13502
2023-05-30,-0.008359999999999989,0.45076,0.5247999999999999,-0.034440000000000005,0.6405799999999999,0.32439999999999997,0.23066000000000003,0.2958,0.73664,0.29984
2023-05-31,0.12722,0.43923999999999996,0.34946,0.2767,0.38778,0.23702,0.131,0.22030000000000002,0.54386,0.16804
2023-06-01,0.24862,0.41956,0.54528,0.3482,0.054220000000000004,0.17002,0.12582,0.15846,0.6479,0.34240000000000004
2023-06-02,0.00424000000000001,-0.10122,0.014440000000000008,-0.11552,0.12854000000000002,0.34574,0.30060000000000003,0.04128,0.3236,0.14616
2023-06-05,0.32526,-0.07032000000000001,0.44206,0.26676,0.13006,0.32106,0.23035999999999998,0.17662,0.5815,0.15342
2023-06-06,0.25804,0.41032,-0.15104,0.42386,0.37532000000000004,0.25882,0.048160000000000015,0.0784,0.119,0.0
2023-06-07,0.4263,0.41874,0.19114,0.37923999999999997,0.59654,0.13012,0.06437999999999999,0.0843,0.68282,0.30460000000000004
2023-06-08,-0.08924,0.44347999999999993,0.20380000000000004,0.19964000000000004,0.57008,0.11688000000000001,0.068,0.15164000000000002,0.59556,0.2915
2023-06-09,0.43238000000000004,0.34215999999999996,0.34812000000000004,-0.023600000000000003,0.031000000000000028,0.10935999999999998,0.068,0.17038,0.38952,0.22748
2023-06-12,0.07636,0.30218,0.33899999999999997,0.34424,0.45987999999999996,0.33211999999999997,0.01544,0.26871999999999996,0.8103200000000002,0.21678000000000003
2023-06-13,0.29368,0.13224,0.29013999999999995,0.62804,0.07083999999999999,0.16352,0.35546,0.0,0.7538,0.07264
2023-06-14,0.32944,0.19532000000000002,0.19616,0.5014000000000001,0.26254,0.38906,0.22366000000000003,0.1341,0.82514,0.33072
2023-06-15,0.24416000000000002,0.30482,0.26,0.33246000000000003,-0.08668,0.039479999999999994,0.21306000000000003,0.11988000000000001,0.6429400000000001,-0.05
2023-06-16,0.37154,0.01544,0.12434,0.25342000000000003,0.13763999999999998,0.371,0.17958000000000002,-0.11735999999999999,0.48600000000000004,0.23714
2023-06-20,0.42042,0.14479999999999998,0.52316,0.51768,0.2676,0.44593999999999995,0.11194,0.0,0.3992,-0.018379999999999997
2023-06-21,0.20402,0.45827999999999997,0.11213999999999999,0.09436000000000001,0.31036,-0.22302,0.23693999999999998,0.0,0.29164,0.26878
2023-06-22,0.39198000000000005,0.312,0.1574,0.2887,0.11896,0.08808,0.08808,0.04426000000000001,0.6315799999999999,0.4314
2023-06-23,0.12958,0.06426000000000001,0.30988,-0.04562,0.4282,0.08669999999999999,0.059199999999999996,0.16208,0.6538999999999999,0.20412
2023-06-26,0.3345,0.6693999999999999,0.28008,0.51532,0.48914,0.34732,0.07224,0.28765999999999997,0.7339600000000001,0.37954000000000004
2023-06-27,0.28776,0.3604,0.37002,0.52968,0.36014,0.10290000000000002,0.12264,0.41825999999999997,0.66952,0.40536000000000005
2023-06-28,0.15326,0.31850000000000006,0.19078,-0.20318,0.12248,0.10212000000000002,0.29298,0.29004,0.60764,0.05464
2023-06-29,0.17572000000000002,0.009079999999999987,0.28620000000000007,0.36338000000000004,0.37906000000000006,0.09534000000000001,-0.030779999999999995,0.23426,0.4726,0.22602000000000003
2023-06-30,-0.10196000000000001,0.53338,0.11376,0.06439999999999999,0.11954000000000001,0.126,-0.07432,0.01544,0.38011999999999996,0.34585999999999995
2023-07-03,0.34722000000000003,0.29768,0.4112,0.48051999999999995,0.55932,0.31808,0.068,0.34334,0.87712,0.11364
2023-07-05,0.4258,0.3468,0.3566,0.6574800000000001,0.52394,0.36970000000000003,0.16962,0.30794,0.44444,0.21546000000000004
2023-07-06,0.244,0.23658,0.25916000000000006,0.45912,0.46807999999999994,0.16252,0.11839999999999999,0.2652,0.008680000000000002,0.37592000000000003
2023-07-07,0.2699,0.23216,0.08008,0.27998,0.24964000000000003,-0.019319999999999993,0.16252,0.04046,0.10676000000000001,0.25220000000000004
2023-07-10,0.12738,0.11866000000000003,0.20894000000000004,-0.10175999999999999,0.33776,0.2673,0.19685999999999998,0.23258,0.6021399999999999,0.22645999999999997
2023-07-11,0.29504,0.49298000000000003,-0.18204,0.46769999999999995,-0.11627999999999998,0.2264,0.11488000000000001,0.07636,0.65728,0.34792000000000006
2023-07-12,0.39164,0.29219999999999996,0.36476,0.16628000000000004,0.6088199999999999,-0.01032,0.1676,0.19272,0.61006,0.10928
2023-07-13,0.13698,0.66532,0.5605,0.07110000000000001,0.17914,0.16678,0.0,0.3782,0.6996,0.13932
2023-07-14,0.17208,0.53138,0.49268,0.15852000000000002,0.25252,0.05532,0.0,0.06670000000000001,0.62668,0.25199999999999995
2023-07-17,0.21032,0.2414,0.67382,0.17043999999999998,0.30508,0.05464,0.06376000000000001,0.5997399999999999,0.6658000000000001,0.12738
2023-07-18,0.17436,0.1742,-0.11163999999999996,0.8393,0.22254000000000002,0.43316,0.07652,0.21164,0.8328599999999999,0.25932
2023-07-19,0.4734,0.51106,0.0936,0.834,0.017140000000000023,0.45682,0.0,0.32276000000000005,0.55952,0.08158000000000001
2023-07-20,0.015559999999999996,0.44720000000000004,0.44448,0.52486,0.36104,0.028979999999999995,0.18522,-0.08412,0.38617999999999997,0.32238
2023-07-21,0.16155999999999998,0.1343,0.24209999999999998,0.5234,0.05007999999999999,0.2189,-0.08808,0.12854000000000002,0.4359,0.1903
2023-07-24,0.37005999999999994,0.42324,0.78454,0.48923999999999995,0.26578,0.51742,0.37772,0.44482,0.9197200000000001,0.13604
2023-07-25,-0.04672,0.37776,0.17673999999999998,0.3141,0.15592,0.27668,0.12946,0.14909999999999998,-0.001100000000000012,0.39126000000000005
2023-07-26,0.66496,0.4716,0.1855,0.35557999999999995,0.12613999999999997,-0.3468,0.09688000000000001,0.12286000000000001,0.58104,0.28086
2023-07-27,0.18996,0.51404,0.008799999999999997,0.40506000000000003,0.48034,0.41314,0.08038,0.3524,0.57758,0.24138
2023-07-28,0.36945999999999996,0.28384000000000004,0.61926,0.25092,-0.13644,0.06889999999999999,0.05464,0.33568000000000003,0.8568,0.07636
2023-07-31,0.48112000000000005,0.6628000000000001,0.9275,0.46548,0.4154,0.36154000000000003,0.0,0.24134000000000003,0.9575400000000001,0.38952
2023-08-01,0.59398,0.39370000000000005,0.54812,0.18832,0.34517999999999993,0.0844,0.21261999999999998,0.25512,0.8910399999999999,0.16182000000000002
2023-08-02,0.16006,0.037939999999999995,0.18907999999999997,0.0032400000000000094,0.36976,0.34556000000000003,-0.0003200000000000036,0.25398,0.20221999999999998,0.0256
2023-08-03,0.18929999999999997,0.044399999999999995,0.31828,0.22514000000000003,0.49413999999999997,0.11440000000000002,0.03558,0.19054,0.6194599999999999,0.29779999999999995
2023-08-04,-0.008379999999999999,0.30352,0.06732000000000002,0.15316000000000002,-0.060860000000000004,0.27359999999999995,0.0,-0.007060000000000022,0.46559999999999996,0.39906
2023-08-07,0.23746,0.3295,0.44139999999999996,-0.08138000000000001,0.31682,0.10969999999999999,0.0,0.039639999999999995,0.51372,0.17962
2023-08-08,0.1635,0.57942,0.3668,-0.34743999999999997,0.39212,0.18922,0.01032,0.0,0.6103999999999999,0.06606000000000001
2023-08-09,-0.16787999999999997,0.02582,0.05103999999999999,0.25476,0.61298,0.2779,0.21246,-0.03062,0.38476,0.131
2023-08-10,-0.004239999999999999,0.38598,0.46288,0.24162,0.36151999999999995,-0.07224,0.08808,0.49238,0.46848,0.20898000000000003
2023-08-11,0.41045999999999994,0.49593999999999994,0.6834,0.3421,0.15298,0.20901999999999998,0.14192,0.15367999999999998,0.57942,0.17182
2023-08-14,0.1236,0.3945,0.6885,0.23689999999999997,0.52942,0.0951,0.2532,0.16754,0.66332,0.20324
2023-08-15,0.12214,0.4525799999999999,0.33712,-0.32852,0.13626,0.24579999999999996,0.08446000000000001,0.07116,0.67964,0.05464
2023-08-16,0.16048,0.51826,0.24176000000000003,0.019159999999999976,-0.02045999999999999,0.36772,0.0,0.18003999999999998,0.64202,0.07636
2023-08-17,0.19104000000000002,0.1807,0.305,0.3432,0.11554000000000002,0.12248,0.30028,0.22576000000000002,0.29682,0.40936000000000006
2023-08-18,0.3011,-0.1058,0.67056,0.34686,0.25154,-0.056220000000000006,0.05228000000000001,0.2271,0.6303,0.15794000000000002
2023-08-21,0.15244,0.51028,0.23457999999999996,0.63608,0.24318,0.22264,-0.03217999999999997,0.2122,0.3153,-0.08688
2023-08-22,-0.11122000000000001,0.15758,0.01956,0.03998,-0.06628,0.41096000000000005,0.04526,0.13816,0.42546,0.0
2023-08-23,0.396,0.48022,0.5416000000000001,0.45600000000000007,0.49190000000000006,0.20207999999999998,0.0,0.0,0.7163,0.13035999999999998
2023-08-24,0.3444,0.4224399999999999,0.28866,-0.05848,0.12374,0.27674,0.07636,0.13808,0.7996,0.25684
2023-08-25,-0.1341,0.5654999999999999,-0.03648,0.03979999999999999,0.09508000000000001,0.1486,0.21846000000000002,0.13424,0.2832,0.25451999999999997
2023-08-28,0.3005,0.16520000000000004,0.5159,0.28758000000000006,0.14412,0.10819999999999999,0.22218,0.2226,0.80906,0.15012
2023-08-29,0.30832,0.62226,-0.06824000000000001,-0.12553999999999998,0.3942,0.18519999999999998,0.0,0.17601999999999998,0.58002,0.31978
2023-08-30,0.19363999999999998,0.32442000000000004,0.25248,0.03380000000000002,0.10484,0.25668,0.33456,0.24052,0.6710800000000001,0.2037
2023-08-31,0.41274,0.68912,0.24499999999999997,0.41286000000000006,0.39688,0.15655999999999998,0.34659999999999996,0.41326,0.23914,0.25536
2023-09-01,-0.01227999999999999,0.46362,0.09800000000000002,0.08286,0.08848,0.42366000000000004,0.26754,0.42134,0.54384,0.27872
2023-09-05,0.5887800000000001,0.37198000000000003,-0.08029999999999997,0.49338,0.01157999999999998,0.44670000000000004,0.16132,0.27274000000000004,0.9527000000000001,0.2778
2023-09-06,0.294,0.29156000000000004,0.37174,0.68514,0.33765999999999996,0.29508,0.16096,0.19218000000000002,0.64098,0.22096
2023-09-07,0.14629999999999999,0.34662,0.21374000000000004,0.6862800000000001,-0.10747999999999999,0.34703999999999996,0.04110000000000001,0.068,0.56832,0.45906
2023-09-08,0.34436,0.4462,0.5363800000000001,0.27447999999999995,0.5283599999999999,0.18462,0.0736,0.20400000000000001,0.61026,0.37142000000000003
2023-09-11,0.21858,0.35947999999999997,0.34252000000000005,0.4678800000000001,0.50152,0.28525999999999996,0.16076,0.46146000000000004,0.9712,-0.003739999999999999
2023-09-12,0.153,0.20356000000000002,0.55818,0.52124,0.10244,0.42922000000000005,0.08038,-0.11438,0.5381199999999999,-0.04948
2023-09-13,0.08553999999999999,0.47753999999999996,0.26542000000000004,0.23066,0.22834000000000004,0.27565999999999996,0.07224,0.13194,0.88598,0.26644
2023-09-14,0.3347,0.14876,0.3889,0.6871599999999999,0.162,0.28872,0.054779999999999995,0.08038,0.9013200000000001,0.24211999999999997
2023-09-15,-0.028579999999999994,0.7506200000000001,0.13876,0.21768,0.016079999999999994,0.30328,-0.17558,0.43308,0.02312000000000001,0.26836000000000004
2023-09-18,0.2949,0.3227,-0.11384000000000001,0.6580600000000001,0.15780000000000002,0.38466,0.23686,0.20992000000000002,0.80386,0.13776
2023-09-19,0.11438,0.44692,-0.022559999999999983,0.13835999999999998,0.055940000000000004,0.31056,0.0,0.25722,0.63792,0.27524000000000004
2023-09-20,0.16065999999999997,-0.44420000000000004,-0.03208,0.2343,-0.329,0.1981,0.04046,0.41251999999999994,0.5109199999999999,0.15372
2023-09-21,0.15811999999999998,0.10338,0.5258,0.08472,0.28738,0.32618,0.16468,0.42424,0.6851800000000001,0.19120000000000004
2023-09-22,0.08465999999999999,0.32762,0.5684400000000001,-0.02734000000000001,-0.25348000000000004,0.2883,0.10212000000000002,0.09368000000000001,0.49244000000000004,-0.02054
2023-09-25,0.20134,0.56064,0.43827999999999995,0.29602000000000006,0.20476,0.34312,-0.08259999999999999,0.18532,0.42458,0.25982000000000005
2023-09-26,0.2902,0.60292,0.42086000000000007,0.21235999999999997,0.29476,0.3943,0.05464,0.24718,0.37752,0.36124
2023-09-27,0.06364,-0.018440000000000005,0.35453999999999997,0.3344,0.29872,0.44588,0.049819999999999996,0.27028,0.6255399999999999,0.21176
2023-09-28,0.22569999999999996,0.24484,0.4226,0.5073000000000001,0.21884,0.19815999999999998,0.19824,0.42732000000000003,0.29374,0.257
2023-09-29,0.50414,0.65096,0.5949599999999999,0.30992,0.08110000000000002,0.21196,0.0,0.12738,0.41563999999999995,0.6603600000000001
2023-10-02,0.45262,0.69152,0.58238,0.28284000000000004,0.25488,0.5483800000000001,0.2496,0.41362,0.8752599999999999,0.60366
2023-10-03,0.0,0.61692,0.4854,0.57984,0.25251999999999997,0.47234,0.21223999999999998,0.28036,0.7205,0.38346
2023-10-04,0.2862,0.38645999999999997,0.78906,0.25808,0.32784,0.10921999999999998,0.06983999999999999,0.21790000000000004,0.39208,0.18436
2023-10-05,0.09008,0.40499999999999997,0.59504,0.19716,-0.05464,0.15066000000000002,0.10478000000000001,0.21942000000000003,0.8084199999999999,0.36685999999999996
2023-10-06,0.18386,0.29525999999999997,0.22498,0.41612,0.10788,0.20483999999999997,0.13144,0.20090000000000002,0.29662,0.37706
2023-10-09,0.5088,0.18349999999999997,0.09920000000000001,0.37464000000000003,0.6521,0.08230000000000003,0.03062,0.01925999999999999,0.33812,0.020300000000000002
2023-10-10,0.29242,0.70666,0.32088,-0.06976,-0.052860000000000004,0.47653999999999996,0.0,0.22096,0.59436,0.20215999999999998
2023-10-11,0.17668,0.10252000000000003,0.30756,0.036619999999999986,0.13134,0.40072,0.2681,0.0,0.73614,0.13735999999999998
2023-10-12,0.28566,0.32752,0.48832,0.43432000000000004,0.09860000000000002,0.38896000000000003,0.2467,0.49734,0.49794,0.17486
2023-10-13,0.05,0.12028000000000001,-0.53664,0.01632,0.10135999999999998,0.1275,0.17476,0.10533999999999999,0.71804,0.5574600000000001
2023-10-16,-0.032400000000000005,0.6289399999999999,0.3336,0.37872000000000006,0.06056000000000002,0.02465999999999998,0.19341999999999998,0.42838000000000004,0.64364,0.22993999999999998
2023-10-17,-0.0256,0.3704,0.46787999999999996,0.60466,0.5079,0.06348,0.18208000000000002,-0.0013800000000000034,0.5750599999999999,0.35364
2023-10-18,0.19656,0.42554,-0.24062,0.005160000000000009,0.20299999999999999,0.2468,-0.15762,0.31629999999999997,0.20007999999999998,0.15318
2023-10-19,0.49094,0.227,0.5308200000000001,0.19998,0.5660200000000001,0.4107799999999999,0.15484,-0.004480000000000017,0.35561999999999994,0.08502
2023-10-20,0.052379999999999996,0.24488,0.16558,0.28653999999999996,0.14311999999999997,-0.1719,-0.08038,0.37234,0.5210600000000001,0.12738
2023-10-23,0.11202000000000001,0.6387599999999999,0.0824,0.16786,0.13060000000000002,0.6373800000000001,0.29901999999999995,0.37732,0.5835199999999999,-0.07396
2023-10-24,0.2895,0.42135999999999996,0.54206,0.11994,0.34784000000000004,0.61152,0.31802,0.23471999999999998,0.8419000000000001,0.01606000000000001
2023-10-25,0.41269999999999996,0.11206,0.44938,0.55698,0.22564,-0.012680000000000025,0.16065999999999997,0.36134000000000005,0.6335999999999999,0.27598
2023-10-26,0.5161800000000001,0.22342000000000004,0.46502,0.43624,0.6603200000000001,0.38614,0.35209999999999997,0.08092,0.5742999999999999,0.41581999999999997
2023-10-27,-0.30388000000000004,0.47631999999999997,0.488,0.20113999999999996,0.48536,-0.2824,0.01544,0.19746000000000002,0.67994,0.38594
2023-10-30,0.22812000000000002,0.5591800000000001,0.38164,0.24388,0.20111999999999997,0.39304,0.16892000000000001,0.48735999999999996,0.4803,0.11717999999999999
2023-10-31,0.19064,0.41008000000000006,0.4744,0.26042,0.36966,0.33378,0.0,0.22666,0.57742,0.16626000000000002
2023-11-01,0.30154,0.66474,0.6672800000000001,0.2305,0.1528,0.30586,0.36738000000000004,0.13106,0.7416,0.09614
2023-11-02,0.13908,0.52812,0.48922,0.42482,0.31406000000000006,0.5036400000000001,0.15674,0.32480000000000003,0.8898399999999999,0.6500600000000001
2023-11-03,0.21752,0.36166,0.37304000000000004,0.31538000000000005,0.21642,-0.0996,0.16352,0.07150000000000001,0.5868200000000001,0.28422000000000003
2023-11-06,0.18404,0.363,0.60194,0.11617999999999999,0.42126,0.44256,0.19158,0.28254,0.64604,0.41156000000000004
2023-11-07,0.37188,0.7386800000000001,0.6171200000000001,0.13642,0.39638,0.09766,0.10189999999999999,0.17112,0.8859400000000001,0.22798
2023-11-08,0.31911999999999996,0.030379999999999983,0.45404,0.08606,0.23432,0.24299999999999997,0.00516,0.04213999999999999,0.30014,0.1947
2023-11-09,0.4647,0.38915999999999995,0.39728,0.23688000000000003,0.45586000000000004,0.2745,0.00516,0.22388,0.8069600000000001,0.29208
2023-11-10,0.22645999999999997,0.43978,0.34936,0.17064,0.17812,0.10596000000000001,-0.010600000000000009,-0.06604,0.7983800000000001,0.1997
2023-11-13,0.26786,0.7869599999999999,0.67648,-0.11332,0.3163,0.1255,0.09508,0.25836000000000003,0.59794,0.20412
2023-11-14,0.0,0.45533999999999997,0.52758,0.35308,0.1465,0.31484,0.26983999999999997,0.14448,0.8714400000000001,0.25918
2023-11-15,0.20534,0.63892,0.24404000000000003,0.24918,0.24629999999999996,0.33394,0.31988,0.1358,0.49104000000000003,0.0
2023-11-16,0.033600000000000005,0.2217,0.006820000000000004,0.10324,0.008640000000000004,0.35779999999999995,0.08038,0.18516,0.6645200000000001,0.38788
2023-11-17,0.0,0.32089999999999996,0.36504000000000003,0.27522,0.251,0.5119,0.19308,-0.01544,0.51992,0.18202
2023-11-20,0.1597,0.29922,0.13106,0.15446,0.38542000000000004,0.12482000000000001,0.37995999999999996,0.23156,0.7491200000000001,0.05464
2023-11-21,0.17648000000000003,0.2787,0.50948,0.12955999999999998,0.18064,0.32154,0.0,0.15144000000000002,0.73368,0.044320000000000005
2023-11-22,0.14352,0.14606000000000002,0.21949999999999997,0.05704,0.25236000000000003,0.6367999999999999,0.25027999999999995,-0.1051,0.5412,0.21139999999999998
2023-11-24,0.28822000000000003,0.33462000000000003,0.42202,0.21400000000000002,0.16798,0.44702000000000003,0.10533999999999999,0.04046,0.45628,0.20268000000000003
2023-11-27,0.03848,0.7010400000000001,0.39592,0.38286000000000003,0.41108,0.10832000000000001,0.06514,0.15492,0.7944,0.24834
2023-11-28,0.21854,0.3659,-0.060540000000000004,0.29598,0.19634000000000001,0.17922,0.20454,0.19186,0.49828,0.05464
2023-11-29,0.1572,0.47546,0.35222,0.19066,0.31986,0.2632,0.15095999999999998,0.297,0.8027599999999999,0.26588
2023-11-30,0.50824,0.2784,0.48020000000000007,0.43088,0.36866000000000004,0.18348,0.08038,0.14068,0.41418,0.34604
2023-12-01,0.18062,0.2839,0.0,0.12161999999999998,0.0,-0.015059999999999985,0.16884,0.2237,0.26846,0.21558000000000002
2023-12-04,0.20542000000000002,0.33544,0.11183999999999998,0.40738,0.22271999999999997,0.40404,0.0,0.28412,0.8090400000000001,0.33306
2023-12-05,0.36341999999999997,0.35588,0.02066,0.34149999999999997,0.16519999999999999,-0.03260000000000003,0.0,0.18924000000000002,0.5597399999999999,0.12248
2023-12-06,0.14426,0.34124,0.5387600000000001,-0.07584,0.47383999999999993,0.31104000000000004,0.08038,0.31117999999999996,0.7399,0.20724
2023-12-07,0.17862,0.71802,0.10264000000000002,0.15374,0.10006000000000001,0.00010000000000001119,0.08606,0.22275999999999999,0.61954,0.41624
2023-12-08,0.25115999999999994,-0.11750000000000002,0.46364,0.19466,-0.04794,0.08038,0.17374,0.059199999999999996,0.8901199999999999,0.05464
2023-12-11,0.35802,0.69464,0.74638,0.24172000000000002,0.6848400000000001,0.06248,0.2726,0.10073999999999998,0.9104199999999999,0.29047999999999996
2023-12-12,0.50934,0.23728000000000002,0.27443999999999996,0.6146999999999999,0.33378,0.72118,-0.04887999999999999,0.3675,0.6167,0.12143999999999999
2023-12-13,0.4354,0.24528000000000003,0.56708,0.23020000000000002,0.15576,0.54956,0.40092,0.56398,0.72394,0.18324000000000001
2023-12-14,0.34362,0.30823999999999996,0.31546,-0.0003199999999999981,0.11574,0.12824,0.0,0.16449999999999998,0.46562000000000003,0.34126
2023-12-15,-0.03062,0.32504,0.1491,0.46518000000000004,0.0,0.059199999999999996,-0.05464,0.11080000000000001,0.48334,0.14368
2023-12-18,0.58294,0.22750000000000004,0.50232,0.20858,0.69818,0.66202,-0.07972,0.3961,0.7462199999999999,0.10928
2023-12-19,0.0,0.0,0.0,0.0,0.0,0.0,0.0,0.0,0.15244,0.0
2023-12-20,0.0,0.0,0.0,0.0,0.0,0.0,0.0,0.0,0.07472,0.0
2023-12-21,0.0,0.0,0.0,0.0,0.0,0.0,0.0,0.0,0.1486,0.0
2023-12-22,0.0,0.0,0.0,0.0,0.0,0.0,0.0,0.0,0.09534000000000001,0.0
2023-12-26,0.0,0.0,0.0,0.0,0.0,0.0,0.0,0.0,0.19246000000000002,0.0
2023-12-27,0.0,0.0,0.0,0.0,0.0,0.0,0.0,0.0,0.12498000000000001,0.0
2023-12-28,0.0,0.0,0.0,0.0,0.0,0.0,0.0,0.0,0.14006000000000002,0.0
2023-12-29,0.0,0.0,0.0,0.0,0.0,0.0,0.0,0.0,0.15556,0.0
